text_res_address_nbr,Count
,2756
0,33
001,2
002,3
003,4
007,2
008,1
01,1
01009,1
011,2
01202,2
01306,1
01308,1
01406,1
01506,2
01806,4
01904,2
02005,2
02204,1
023,3
02401,2
025,1
03,1
03002,3
03003,2
03006,1
03402,1
03408,1
03605,1
03801,1
04,1
04101,1
04105,2
04505,1
04514,1
04604,1
04605,1
05105,2
05305,1
05403,2
05405,1
05408,1
05535,1
06160,1
06505,1
06514,2
06705,2
06706,1
06904,2
07206,2
07216,1
07306,2
075,2
07505,1
07544,3
07805,2
08005,2
08206,2
08401,1
08402,2
08505,1
09205,1
09305,4
09505,3
09507,2
09705,1
09707,2
1,860
10,791
100,2363
1000,1477
10000,152
10001,207
10002,117
10003,57
10004,83
10005,130
10006,123
10007,69
10008,93
100082,2
10009,128
100095,2
1001,2039
10010,146
10011,92
100112,2
100116,1
100118,3
100119,2
10012,100
10013,95
10014,119
10015,105
10016,82
10017,96
10018,85
100187,3
10019,74
100199,1
1002,1273
10020,123
100206,1
10021,94
10022,62
100227,2
100228,1
10023,33
100232,2
10024,75
100245,6
10025,67
10026,53
100262,2
100268,2
10027,43
100270,2
10028,45
100280,1
10029,47
1003,956
10030,81
10031,65
10032,34
100323,2
10033,36
100334,2
10034,40
10035,29
10036,26
10037,43
10038,25
10039,20
1004,1172
10040,38
10041,35
10042,15
10043,19
100431,1
10044,26
10045,13
10046,25
100462,2
10047,18
10048,21
100480,1
100486,2
10049,17
100497,1
100498,2
1005,1343
10050,56
10051,40
10052,11
10053,12
10054,15
10055,22
10056,2
10057,10
10058,8
10059,7
1006,1102
10060,18
10061,20
10062,17
10063,10
10064,19
10065,25
10066,6
10067,7
10068,10
10069,8
1007,1020
10070,12
10071,17
10072,16
10073,8
10074,11
10075,17
10076,5
10077,12
10078,4
10079,4
1008,1183
10080,17
10081,15
10082,7
10083,5
10084,5
10085,8
10086,5
10087,14
10088,6
10089,3
1009,1318
10090,9
10091,16
10092,9
10093,3
10094,1
10095,3
10096,3
10097,7
10098,5
10099,3
101,3209
1010,1975
10100,156
10101,170
10102,94
10103,65
10104,85
10105,150
10106,93
10107,73
10108,97
10109,110
1011,1103
10110,141
10111,95
10112,91
10113,90
10114,121
10115,96
10116,96
10117,59
10118,84
10119,66
1012,1171
10120,97
10121,73
10122,76
10123,51
10124,82
10125,68
10126,58
10127,48
10128,50
10129,31
1013,942
10130,98
10131,55
10132,44
10133,38
10134,40
10135,42
10136,54
10137,35
10138,30
10139,28
1014,891
10140,49
10141,43
10142,30
10143,26
10144,30
10145,33
10146,21
10147,20
10148,26
10149,16
1015,1279
10150,52
10151,42
10152,9
10153,9
10154,3
10155,13
10156,13
10157,15
10158,7
10159,10
1016,953
10160,21
10161,15
10162,7
10163,6
10164,11
10165,9
10166,15
10167,6
10168,24
10169,17
1017,1001
10170,8
10171,15
10172,20
10173,11
10174,11
10175,17
10176,13
10177,13
10178,1
10179,6
1018,836
10180,19
10181,28
10182,8
10183,10
10184,5
10185,21
10186,15
10187,4
10188,2
10189,3
1019,856
10190,10
10191,11
10192,5
10193,6
10194,3
10195,18
10196,9
10197,8
10198,20
10199,6
102,2732
1020,1362
10200,439
10201,223
10202,77
10203,74
10204,124
10205,165
10206,139
10207,89
10208,127
10209,148
1021,1071
10210,163
10211,135
10212,112
10213,107
10214,86
10215,145
10216,125
10217,78
10218,134
10219,82
1022,582
10220,123
10221,117
10222,75
10223,68
10224,92
10225,107
10226,64
10227,61
10228,73
10229,104
1023,593
10230,123
10231,69
10232,74
10233,89
10234,59
10235,59
10236,76
10237,208
10238,45
10239,28
1024,739
10240,92
10241,125
10242,51
10243,39
10244,35
10245,83
10246,41
10247,32
10248,28
10249,43
1025,803
10250,54
10251,52
10252,16
10253,37
10254,22
10255,45
10256,18
10257,27
10258,9
10259,24
1026,573
10260,33
10261,19
10262,11
10263,23
10264,18
10265,14
10266,21
10267,14
10268,4
10269,9
1027,539
10270,19
10271,10
10272,16
10273,24
10274,3
10275,30
10276,17
10277,15
10278,27
10279,13
1028,525
10280,25
10281,17
10282,4
10283,17
10284,15
10285,15
10286,6
10287,6
10288,11
10289,6
1029,473
10290,21
10291,8
10292,16
10293,4
10294,3
10295,6
10296,8
10297,5
10298,13
10299,7
103,2397
1030,636
10300,231
10301,157
10302,132
10303,95
10304,98
10305,132
10306,102
10307,96
10308,145
10309,120
1031,519
10310,119
10311,137
10312,110
10313,90
10314,79
10315,101
10316,107
10317,95
10318,84
10319,82
1032,425
10320,96
10321,65
10322,43
10323,57
10324,85
10325,77
10326,50
10327,45
10328,51
10329,44
1033,422
10330,106
10331,85
10332,50
10333,52
10334,39
10335,51
10336,43
10337,45
10338,40
10339,32
1034,339
10340,53
10341,48
10342,57
10343,36
10344,37
10345,24
10346,42
10347,24
10348,23
10349,29
1035,403
10350,42
10351,18
10352,16
10353,10
10354,25
10355,25
10356,11
10357,14
10358,16
10359,14
1036,359
10360,30
10361,15
10362,5
10363,7
10364,18
10365,24
10366,11
10367,2
10368,5
10369,15
1037,378
10370,40
10371,8
10372,12
10373,6
10374,3
10375,22
10376,10
10377,5
10378,9
10379,3
1038,268
10380,17
10381,10
10382,17
10383,15
10384,9
10385,21
10386,5
10387,6
10388,1
10389,3
1039,257
10390,21
10391,3
10392,4
10393,6
10394,9
10395,10
10396,7
10397,6
10398,15
10399,11
104,2601
1040,447
10400,180
10401,503
10402,70
10403,83
10404,110
10405,144
10406,101
10407,79
10408,133
10409,140
1041,304
10410,107
10411,89
10412,121
10413,93
10414,97
10415,116
10416,92
10417,95
10418,87
10419,59
1042,212
10420,105
10421,76
10422,42
10423,39
10424,63
10425,92
10426,77
10427,39
10428,56
10429,36
1043,259
10430,61
10431,35
10432,36
10433,34
10434,41
10435,21
10436,40
10437,25
10438,31
10439,18
1044,260
10440,39
10441,16
10442,18
10443,15
10444,13
10445,30
10446,19
10447,11
10448,27
10449,20
1045,304
10450,37
10451,16
10452,11
10453,13
10454,11
10455,12
10456,12
10457,8
10458,1
10459,12
1046,217
10460,30
10461,9
10462,13
10463,8
10464,12
10465,11
10466,5
10467,17
10468,15
10469,14
1047,176
10470,24
10471,3
10472,7
10473,14
10474,8
10475,15
10476,5
10477,3
10478,6
10479,3
1048,211
10480,29
10481,7
10482,23
10483,3
10484,7
10485,20
10486,16
10487,6
10488,16
10489,1
1049,186
10490,13
10491,4
10492,6
10493,3
10494,5
10495,12
10497,2
10498,20
10499,21
105,2890
1050,243
10500,127
10501,340
10502,121
10503,83
10504,89
10505,198
10506,120
10507,125
10508,117
10509,160
1051,257
10510,156
10511,168
10512,110
10513,89
10514,101
10515,127
10516,80
10517,95
10518,81
10519,74
1052,178
10520,109
10521,150
10522,66
10523,41
10524,72
10525,110
10526,37
10527,36
10528,56
10529,53
1053,141
10530,59
10531,104
10532,68
10533,47
10534,33
10535,38
10536,37
10537,56
10538,32
10539,27
1054,104
10540,50
10541,69
10542,29
10543,32
10544,27
10545,52
10546,14
10547,20
10548,13
10549,35
1055,128
10550,109
10551,30
10552,13
10553,33
10554,25
10555,33
10556,23
10557,27
10558,18
10559,21
1056,163
10560,24
10561,38
10562,14
10563,13
10564,15
10565,43
10566,8
10567,17
10568,8
10569,29
1057,137
10570,31
10571,28
10572,15
10573,29
10574,21
10575,29
10576,13
10577,26
10578,17
10579,23
1058,95
10580,36
10581,23
10582,10
10583,8
10584,12
10585,30
10586,13
10587,19
10588,17
10589,18
1059,103
10590,32
10591,17
10592,12
10593,14
10594,13
10595,34
10596,15
10597,21
10598,15
10599,5
106,2451
1060,190
10600,172
10601,161
10602,98
10603,80
10604,97
10605,143
10606,121
10607,109
10608,54
10609,112
1061,138
10610,125
10611,105
10612,79
10613,78
10614,86
10615,89
10616,63
10617,53
10618,71
10619,63
1062,104
10620,78
10621,70
10622,47
10623,44
10624,46
10625,88
10626,32
10627,30
10628,27
10629,44
1063,108
10630,37
10631,34
10632,10
10633,17
10634,18
10635,27
10636,16
10637,21
10638,13
10639,17
1064,81
10640,33
10641,18
10642,26
10643,23
10644,8
10645,33
10646,27
10647,19
10648,15
10649,2
1065,118
10650,21
10651,20
10652,9
10653,12
10654,10
10655,34
10656,5
10657,14
10658,8
10659,5
1066,82
10660,15
10661,16
10662,15
10663,9
10664,8
10665,100
10666,15
10667,4
10668,16
10669,2
1067,58
10670,31
10671,19
10672,10
10673,3
10674,7
10675,11
10676,8
10677,9
10678,3
10679,12
1068,81
10680,11
10681,6
10682,2
10683,7
10684,3
10685,12
10686,8
10687,12
10688,9
1069,78
10690,16
10691,2
10692,4
10694,4
10695,17
10696,12
10697,11
10698,8
10699,5
107,2561
1070,109
10700,140
10701,152
10702,95
10703,92
10704,90
10705,98
10706,87
10707,99
10708,92
10709,85
1071,126
10710,122
10711,173
10712,91
10713,78
10714,94
10715,115
10716,65
10717,58
10718,67
10719,54
1072,80
10720,86
10721,83
10722,44
10723,37
10724,33
10725,55
10726,32
10727,39
10728,20
10729,32
1073,61
10730,73
10731,31
10732,15
10733,20
10734,30
10735,37
10736,30
10737,20
10738,23
10739,16
1074,57
10740,44
10741,30
10742,20
10743,23
10744,32
10745,21
10746,28
10747,26
10748,20
10749,33
1075,118
10750,92
10751,28
10752,19
10753,17
10754,25
10755,42
10756,16
10757,20
10758,26
10759,12
1076,81
10760,24
10761,19
10762,14
10763,17
10764,14
10765,20
10766,11
10767,14
10768,22
10769,6
1077,65
10770,32
10771,13
10772,14
10773,10
10774,21
10775,27
10776,21
10777,13
10778,18
10779,12
1078,83
10780,14
10781,20
10782,9
10783,18
10784,9
10785,16
10786,6
10787,23
10788,16
10789,10
1079,73
10790,50
10791,13
10792,13
10793,13
10794,10
10795,10
10796,6
10797,6
10798,5
10799,17
108,2864
1080,113
10800,170
10801,168
10802,114
10803,99
10804,118
10805,171
10806,99
10807,86
10808,127
10809,149
1081,81
10810,125
10811,88
10812,108
10813,89
10814,106
10815,120
10816,91
10817,84
10818,53
10819,51
1082,55
10820,121
10821,62
10822,52
10823,42
10824,76
10825,55
10826,48
10827,37
10828,46
10829,27
1083,77
10830,50
10831,22
10832,37
10833,36
10834,30
10835,20
10836,30
10837,23
10838,20
10839,26
1084,66
10840,33
10841,31
10842,31
10843,23
10844,33
10845,19
10846,18
10847,11
10848,22
10849,22
1085,122
10850,309
10851,26
10852,29
10853,17
10854,7
10855,31
10856,14
10857,11
10858,7
10859,19
1086,63
10860,22
10861,12
10862,16
10863,9
10864,13
10865,33
10866,23
10867,21
10868,25
10869,14
1087,58
10870,28
10871,19
10872,12
10873,16
10874,23
10875,27
10876,14
10877,31
10878,14
10879,6
1088,72
10880,18
10881,8
10882,18
10883,14
10884,15
10885,13
10886,18
10887,15
10888,16
10889,11
1089,53
10890,18
10891,13
10892,12
10893,13
10894,14
10895,14
10896,10
10897,17
10898,15
10899,7
109,2698
1090,91
10900,137
10901,142
10902,127
10903,111
10904,78
10905,114
10906,115
10907,86
10908,95
10909,120
1091,76
10910,147
10911,106
10912,81
10913,126
10914,114
10915,93
10916,59
10917,69
10918,75
10919,57
1092,56
10920,88
10921,85
10922,40
10923,26
10924,54
10925,48
10926,50
10927,42
10928,25
10929,26
1093,48
10930,66
10931,34
10932,34
10933,40
10934,27
10935,29
10936,17
10937,24
10938,16
10939,29
1094,49
10940,32
10941,22
10942,20
10943,10
10944,23
10945,31
10946,21
10947,18
10948,10
10949,11
1095,68
10950,44
10951,19
10952,22
10953,17
10954,7
10955,31
10956,9
10957,18
10958,5
10959,11
1096,43
10960,22
10961,21
10962,16
10963,26
10964,3
10965,25
10966,13
10967,8
10968,5
10969,4
1097,49
10970,15
10971,7
10972,11
10973,5
10974,13
10975,29
10976,8
10977,5
10978,9
10979,8
1098,58
10980,13
10981,13
10982,4
10983,5
10984,3
10985,17
10986,3
10987,8
10988,4
10989,4
1099,39
10990,9
10991,20
10992,8
10993,8
10994,3
10995,8
10996,1
10997,9
10998,12
10999,20
11,679
110,3509
1100,1255
11000,130
11001,165
11002,85
110026,4
11003,79
11004,86
110042,1
110044,2
11005,125
110050,1
11006,70
11007,64
11008,85
110085,1
11009,87
1101,1712
11010,151
11011,110
11012,70
11013,90
110130,2
11014,91
11015,93
11016,62
110160,2
11017,67
11018,51
11019,32
110194,3
1102,1016
11020,113
110204,3
11021,64
110215,1
11022,50
110221,4
11023,33
110231,2
11024,46
11025,56
11026,37
110262,1
11027,28
110275,2
110279,1
11028,38
110280,2
11029,25
1103,931
11030,48
11031,35
110316,4
11032,31
11033,19
110338,2
11034,12
11035,40
110359,5
11036,44
11037,17
110376,2
11038,18
11039,16
110396,2
1104,1065
11040,34
110409,1
11041,43
11042,32
110422,3
110423,2
11043,7
11044,21
110445,2
11045,30
11046,28
110467,1
11047,21
11048,29
11049,15
1105,1133
11050,42
11051,20
11052,19
110526,2
11053,19
11054,16
11055,13
110553,1
11056,5
11057,16
11058,19
11059,7
1106,1072
11060,28
11061,18
11062,12
11063,6
11064,4
11065,18
11066,7
11067,6
11068,8
11069,9
1107,987
11070,22
11071,20
11072,11
11073,8
11074,10
11075,8
11076,11
11077,19
11078,11
11079,1
1108,1102
11080,32
11081,18
11082,8
11083,9
11084,10
11085,12
11086,8
11087,8
11088,9
11089,12
1109,1127
11090,4
11091,26
11092,10
11093,5
11094,8
11095,24
11096,15
11097,1
11098,8
11099,2
111,2841
1110,1277
11100,135
11101,93
11102,71
11103,57
11104,57
11105,91
11106,63
11107,77
11108,81
11109,75
1111,1055
11110,135
11111,77
11112,71
11113,64
11114,69
11115,63
11116,89
11117,52
11118,56
11119,40
1112,990
11120,72
11121,98
11122,39
11123,30
11124,76
11125,53
11126,30
11127,36
11128,41
11129,28
1113,875
11130,90
11131,34
11132,40
11133,17
11134,24
11135,17
11136,23
11137,44
11138,20
11139,25
1114,786
11140,52
11141,18
11142,26
11143,13
11144,10
11145,60
11146,11
11147,11
11148,34
11149,15
1115,1020
11150,121
11151,54
11152,22
11153,16
11154,11
11155,16
11156,3
11157,21
11158,25
11159,12
1116,855
11160,19
11161,14
11162,10
11163,21
11164,17
11165,25
11166,11
11167,7
11168,5
11169,10
1117,824
11170,20
11171,13
11172,18
11173,18
11174,60
11175,23
11176,19
11177,12
11178,11
11179,21
1118,719
11180,33
11181,20
11182,4
11183,1
11184,7
11185,13
11186,13
11187,23
11188,6
11189,17
1119,767
11190,16
11191,27
11192,6
11193,9
11194,18
11195,29
11196,9
11197,11
11198,7
11199,8
112,2282
1120,997
11200,221
11201,398
11202,63
11203,87
11204,118
11205,135
11206,87
11207,66
11208,167
11209,93
1121,945
11210,115
11211,95
11212,123
11213,70
11214,66
11215,95
11216,142
11217,89
11218,37
11219,35
1122,700
11220,91
11221,63
11222,31
11223,59
11224,111
11225,86
11226,18
11227,30
11228,69
11229,44
1123,536
11230,32
11231,30
11232,94
11233,22
11234,17
11235,37
11236,32
11237,18
11238,18
11239,31
1124,684
11240,45
11241,18
11242,13
11243,17
11244,16
11245,27
11246,13
11247,21
11248,13
11249,24
1125,823
11250,82
11251,27
11252,24
11253,32
11254,15
11255,28
11256,8
11257,10
11258,13
11259,12
1126,486
11260,19
11261,19
11262,15
11263,16
11264,14
11265,17
11266,21
11267,11
11268,10
11269,10
1127,467
11270,29
11271,17
11272,14
11273,11
11274,14
11275,19
11276,17
11277,22
11278,21
11279,6
1128,412
11280,13
11281,23
11282,20
11283,8
11284,15
11285,18
11286,20
11287,21
11288,14
11289,13
1129,399
11290,27
11291,23
11292,14
11293,16
11294,22
11295,15
11296,13
11297,9
11298,10
11299,12
113,1689
1130,569
11300,167
11301,131
11302,79
11303,95
11304,136
11305,174
11306,80
11307,80
11308,113
11309,159
1131,527
11310,113
11311,109
11312,106
11313,136
11314,96
11315,121
11316,101
11317,103
11318,69
11319,94
1132,383
11320,105
11321,95
11322,58
11323,81
11324,67
11325,86
11326,67
11327,48
11328,40
11329,40
1133,391
11330,65
11331,31
11332,32
11333,59
11334,34
11335,26
11336,36
11337,30
11338,22
11339,20
1134,285
11340,79
11341,35
11342,17
11343,29
11344,22
11345,43
11346,21
11347,16
11348,8
11349,14
1135,375
11350,40
11351,19
11352,9
11353,37
11354,16
11355,25
11356,16
11357,11
11358,15
11359,10
1136,340
11360,37
11361,16
11362,10
11363,15
11364,14
11365,16
11366,16
11367,21
11368,24
11369,12
1137,376
11370,20
11371,13
11372,22
11373,16
11374,14
11375,15
11376,16
11377,7
11378,14
11379,12
1138,265
11380,31
11381,7
11382,16
11383,20
11384,17
11385,20
11386,9
11387,15
11388,10
11389,10
1139,300
11390,24
11391,22
11392,11
11393,13
11394,18
11395,19
11396,4
11397,8
11398,12
11399,11
114,1803
1140,373
11400,220
11401,196
11402,93
11403,180
11404,141
11405,235
11406,118
11407,110
11408,132
11409,166
1141,296
11410,124
11411,82
11412,109
11413,144
11414,83
11415,88
11416,108
11417,94
11418,84
11419,58
1142,231
11420,92
11421,123
11422,67
11423,69
11424,72
11425,80
11426,58
11427,56
11428,37
11429,68
1143,194
11430,61
11431,37
11432,46
11433,61
11434,31
11435,62
11436,41
11437,48
11438,26
11439,35
1144,228
11440,37
11441,54
11442,34
11443,34
11444,37
11445,67
11446,20
11447,26
11448,45
11449,40
1145,327
11450,276
11451,36
11452,18
11453,31
11454,23
11455,48
11456,39
11457,21
11458,15
11459,13
1146,188
11460,31
11461,31
11462,21
11463,25
11464,18
11465,17
11466,26
11467,21
11468,22
11469,11
1147,196
11470,22
11471,18
11472,10
11473,17
11474,30
11475,24
11476,12
11477,8
11478,17
11479,7
1148,213
11480,34
11481,18
11482,17
11483,19
11484,24
11485,24
11486,11
11487,19
11488,7
11489,6
1149,263
11490,28
11491,20
11493,17
11494,15
11495,12
11496,14
11497,9
11498,12
11499,7
115,2515
1150,390
11500,131
11501,431
11502,103
11503,82
11504,125
11505,179
11506,122
11507,81
11508,97
11509,150
1151,263
11510,146
11511,106
11512,110
11513,103
11514,93
11515,132
11516,109
11517,113
11518,87
11519,64
1152,185
11520,91
11521,100
11522,74
11523,56
11524,66
11525,88
11526,54
11527,48
11528,47
11529,41
1153,163
11530,70
11531,68
11532,61
11533,32
11534,60
11535,60
11536,35
11537,38
11538,29
11539,49
1154,138
11540,24
11541,35
11542,27
11543,49
11544,25
11545,60
11546,48
11547,20
11548,29
11549,22
1155,210
11550,43
11551,34
11552,13
11553,15
11554,23
11555,60
11556,13
11557,9
11558,21
11559,47
1156,143
11560,30
11561,28
11562,33
11563,53
11564,26
11565,45
11566,17
11567,27
11568,35
11569,19
1157,342
11570,20
11571,26
11572,14
11573,36
11574,15
11575,41
11576,17
11577,14
11578,19
11579,23
1158,133
11580,21
11581,25
11582,18
11583,26
11584,35
11585,43
11586,19
11587,18
11588,19
11589,13
1159,119
11590,37
11591,16
11592,7
11593,13
11594,15
11595,18
11596,3
11597,17
11598,16
11599,7
116,1952
1160,193
11600,147
11601,174
11602,101
11603,77
11604,114
11605,148
11606,113
11607,85
11608,105
11609,120
1161,153
11610,107
11611,101
11612,122
11613,105
11614,70
11615,103
11616,89
11617,95
11618,87
11619,55
1162,119
11620,118
11621,115
11622,38
11623,47
11624,94
11625,134
11626,47
11627,49
11628,63
11629,66
1163,78
11630,143
11631,47
11632,41
11633,55
11634,23
11635,42
11636,43
11637,33
11638,26
11639,41
1164,92
11640,87
11641,76
11642,46
11643,30
11644,19
11645,40
11646,34
11647,26
11648,29
11649,17
1165,169
11650,110
11651,40
11652,19
11653,18
11654,13
11655,21
11656,26
11657,8
11658,15
11659,20
1166,95
11660,60
11661,55
11662,8
11663,21
11664,3
11665,49
11666,4
11667,8
11668,28
11669,13
1167,81
11670,35
11671,20
11672,8
11673,18
11674,14
11675,23
11676,7
11677,13
11678,20
11679,9
1168,94
11680,40
11681,25
11682,8
11683,13
11684,12
11685,27
11687,12
11688,27
11689,8
1169,84
11690,43
11691,178
11692,21
11693,10
11694,8
11695,30
11696,19
11697,8
11699,3
117,1730
1170,147
11700,438
11701,189
11702,82
11703,93
11704,104
11705,136
11706,93
11707,91
11708,106
11709,117
1171,118
11710,124
11711,101
11712,85
11713,93
11714,82
11715,118
11716,103
11717,80
11718,61
11719,45
1172,91
11720,124
11721,86
11722,32
11723,44
11724,93
11725,155
11726,26
11727,29
11728,46
11729,43
1173,90
11730,66
11731,74
11732,51
11733,34
11734,23
11735,53
11736,33
11737,15
11738,25
11739,25
1174,79
11740,112
11741,37
11742,10
11743,13
11744,7
11745,26
11746,17
11747,12
11748,19
11749,18
1175,139
11750,55
11751,87
11752,13
11753,14
11754,11
11755,118
11756,12
11757,15
11758,13
11759,8
1176,121
11760,54
11761,8
11762,12
11763,13
11764,9
11765,16
11766,13
11767,13
11768,11
11769,6
1177,88
11770,57
11771,12
11772,8
11773,12
11774,12
11775,69
11776,6
11777,19
11778,8
11779,3
1178,72
11780,91
11781,11
11782,4
11783,8
11784,16
11785,10
11786,5
11787,12
11788,14
11789,15
1179,70
11790,16
11791,6
11792,11
11793,16
11794,7
11795,56
11796,14
11797,10
11798,10
11799,8
118,1550
1180,152
11800,93
11801,150
11802,83
11803,64
11804,57
11805,113
11806,99
11807,93
11808,61
11809,103
1181,115
11810,119
11811,85
11812,51
11813,79
11814,100
11815,144
11816,40
11817,73
11818,46
11819,48
1182,87
11820,154
11821,84
11822,52
11823,34
11824,32
11825,119
11826,49
11827,33
11828,39
11829,20
1183,66
11830,51
11831,50
11832,10
11833,22
11834,21
11835,28
11836,7
11837,11
11838,19
11839,26
1184,74
11840,23
11841,27
11842,21
11843,10
11844,9
11845,59
11846,17
11847,8
11848,15
11849,10
1185,105
11850,29
11851,18
11852,12
11853,12
11854,14
11855,17
11856,7
11857,15
11858,8
11859,5
1186,83
11860,105
11861,9
11862,11
11863,5
11864,7
11865,13
11866,8
11867,6
11868,9
11869,6
1187,53
11870,19
11871,8
11872,9
11873,10
11874,13
11875,52
11876,14
11877,2
11878,1
11879,3
1188,95
11880,15
11881,11
11882,3
11883,8
11884,2
11885,8
11887,5
11888,1
11889,7
1189,70
11890,17
11891,5
11892,10
11893,10
11895,9
11896,3
11897,4
11898,6
11899,3
119,1640
1190,65
11900,90
11901,264
11902,79
11903,76
11904,99
11905,136
11906,64
11907,55
11908,97
11909,161
1191,77
11910,117
11911,133
11912,86
11913,74
11914,121
11915,108
11916,180
11917,160
11918,57
11919,64
1192,61
11920,121
11921,99
11922,49
11923,49
11924,52
11925,161
11926,66
11927,62
11928,50
11929,45
1193,43
11930,60
11931,79
11932,45
11933,35
11934,42
11935,38
11936,19
11937,27
11938,31
11939,31
1194,67
11940,25
11941,60
11942,18
11943,18
11944,18
11945,38
11946,22
11947,27
11948,17
11949,24
1195,79
11950,67
11951,55
11952,6
11953,21
11954,9
11955,15
11956,9
11957,17
11958,6
11959,2
1196,101
11960,40
11961,48
11962,14
11963,10
11964,10
11965,6
11966,12
11967,10
11968,3
11969,15
1197,76
11970,51
11971,11
11972,12
11974,9
11975,9
11976,4
11978,5
11979,3
1198,47
11980,38
11981,14
11982,4
11983,1
11984,4
11985,13
11986,13
11987,5
11988,7
11989,1
1199,524
11990,43
11991,16
11992,4
11993,4
11994,4
11995,4
11996,2
11997,15
11998,8
11999,7
12,613
120,2383
1200,1576
12000,170
12001,222
12002,91
12003,55
12004,84
12005,158
120054,2
12006,117
12007,88
12008,142
12009,132
1201,1897
12010,127
12011,117
12012,115
12013,99
12014,103
12015,110
12016,78
12017,74
12018,35
120182,2
12019,92
1202,1020
12020,97
12021,104
12022,37
12023,47
12024,52
12025,81
12026,31
12027,62
12028,24
12029,59
1203,880
12030,57
12031,49
12032,33
12033,57
12034,20
12035,24
12036,27
120368,3
12037,33
12038,41
12039,20
1204,1054
12040,56
12041,51
12042,32
120429,3
12043,20
12044,7
12045,42
12046,19
120460,2
12047,6
12048,21
12049,27
1205,1291
12050,42
120508,1
12051,51
12052,21
12053,18
12054,14
12055,31
12056,21
12057,28
12058,20
12059,13
1206,994
12060,57
12061,33
12062,9
12063,12
12064,14
12065,23
12066,2
12067,17
12068,18
12069,12
1207,1000
12070,10
12071,22
12072,16
12073,14
12074,12
12075,8
12076,7
12077,14
12078,16
12079,5
1208,1094
12080,41
12081,26
12082,9
12083,15
12084,16
12085,23
12086,7
12087,12
12088,12
12089,12
1209,1194
12090,28
12091,8
12093,12
12094,5
12095,9
12096,5
12097,9
12098,6
12099,9
121,1735
1210,1088
12100,196
12101,206
12102,99
12103,86
12104,102
12105,192
12106,91
12107,77
12108,104
12109,175
1211,964
12110,142
12111,112
12112,117
12113,142
12114,105
12115,123
12116,87
12117,141
12118,92
12119,56
1212,1074
12120,128
12121,142
12122,83
12123,52
12124,55
12125,137
12126,61
12127,47
12128,45
12129,62
1213,830
12130,105
12131,68
12132,40
12133,33
12134,30
12135,59
12136,39
12137,30
12138,31
12139,27
1214,793
12140,47
12141,68
12142,18
12143,19
12144,22
12145,59
12146,32
12147,24
12148,27
12149,12
1215,1105
12150,86
12151,55
12152,12
12153,18
12154,17
12155,38
12156,35
12157,23
12158,5
12159,3
1216,844
12160,80
12161,27
12162,14
12163,16
12164,13
12165,49
12166,4
12167,4
12168,17
12169,12
1217,798
12170,12
12171,12
12172,11
12173,14
12174,19
12175,60
12176,11
12177,8
12178,8
12179,11
1218,709
12180,35
12181,26
12182,17
12183,10
12184,21
12185,31
12186,17
12187,12
12188,9
12189,6
1219,783
12190,22
12191,29
12192,12
12193,19
12194,17
12195,48
12196,11
12197,7
12198,4
12199,8
122,1269
1220,1081
12200,187
12201,216
12202,84
12203,54
12204,116
12205,227
12206,93
12207,69
12208,121
12209,137
1221,935
12210,139
12211,89
12212,118
12213,123
12214,80
12215,112
12216,91
12217,105
12218,57
12219,49
1222,603
12220,131
12221,160
12222,60
12223,58
12224,78
12225,144
12226,43
12227,24
12228,50
12229,59
1223,529
12230,51
12231,45
12232,42
12233,69
12234,20
12235,46
12236,22
12237,41
12238,29
12239,17
1224,738
12240,64
12241,40
12242,13
12243,26
12244,21
12245,30
12246,7
12247,11
12248,17
12249,16
1225,729
12250,26
12251,29
12252,26
12253,33
12254,9
12255,36
12256,9
12257,27
12258,12
12259,24
1226,595
12260,45
12261,17
12262,13
12263,29
12264,10
12265,38
12266,4
12267,26
12268,16
12269,26
1227,458
12270,17
12271,21
12272,13
12273,23
12274,10
12275,33
12276,7
12277,29
12278,9
12279,31
1228,472
12280,40
12281,11
12282,13
12283,20
12284,14
12285,35
12286,8
12287,21
12288,12
12289,34
1229,452
12290,19
12291,16
12292,8
12293,14
12294,5
12295,5
12296,10
12297,7
12298,25
12299,3
123,1283
1230,565
12300,157
12301,180
12302,97
12303,60
12304,154
12305,148
12306,90
12307,77
12308,148
12309,155
1231,434
12310,135
12311,76
12312,139
12313,124
12314,120
12315,72
12316,109
12317,131
12318,61
12319,44
1232,329
12320,122
12321,123
12322,49
12323,50
12324,85
12325,87
12326,59
12327,51
12328,75
12329,47
1233,368
12330,73
12331,63
12332,52
12333,60
12334,39
12335,25
12336,49
12337,65
12338,34
12339,28
1234,304
12340,77
12341,46
12342,43
12343,42
12344,31
12345,48
12346,32
12347,19
12348,31
12349,35
1235,335
12350,65
12351,41
12352,32
12353,36
12354,16
12355,25
12356,23
12357,24
12358,17
12359,31
1236,296
12360,25
12361,36
12362,24
12363,20
12364,17
12365,16
12366,18
12367,11
12368,32
12369,9
1237,295
12370,21
12371,24
12372,20
12373,30
12374,21
12375,20
12376,25
12377,19
12378,19
12379,9
1238,224
12380,20
12381,14
12382,17
12383,6
12384,10
12385,36
12386,10
12387,13
12388,8
12389,12
1239,231
12390,20
12391,7
12392,9
12393,11
12394,15
12395,11
12396,10
12397,14
12398,15
12399,7
124,1471
1240,423
12400,219
12401,145
12402,86
12403,71
12404,107
12405,121
12406,87
12407,71
12408,112
12409,133
1241,252
12410,120
12411,113
12412,105
12413,98
12414,56
12415,59
12416,101
12417,117
12418,64
12419,47
1242,156
12420,110
12421,106
12422,64
12423,60
12424,68
12425,87
12426,52
12427,37
12428,48
12429,61
1243,193
12430,63
12431,33
12432,30
12433,39
12434,38
12435,44
12436,43
12437,20
12438,43
12439,22
1244,246
12440,37
12441,46
12442,27
12443,40
12444,37
12445,27
12446,24
12447,21
12448,27
12449,18
1245,230
12450,63
12451,26
12452,25
12453,20
12454,36
12455,24
12456,29
12457,21
12458,18
12459,21
1246,180
12460,41
12461,30
12462,30
12463,26
12464,28
12465,29
12466,17
12467,38
12468,30
12469,15
1247,189
12470,40
12471,19
12472,25
12473,24
12474,20
12475,29
12476,18
12477,19
12478,17
12479,22
1248,166
12480,17
12481,18
12482,12
12483,14
12484,28
12485,19
12486,21
12487,15
12488,19
12489,12
1249,186
12490,468
12491,16
12492,12
12493,35
12494,24
12495,10
12496,13
12497,12
12498,21
12499,18
125,1325
1250,308
12500,286
12501,183
12502,105
12503,47
12504,133
12505,202
12506,83
12507,52
12508,107
12509,151
1251,246
12510,124
12511,58
12512,102
12513,106
12514,89
12515,106
12516,112
12517,95
12518,37
12519,34
1252,160
12520,108
12521,86
12522,56
12523,28
12524,76
12525,152
12526,320
12527,46
12528,66
12529,61
1253,135
12530,101
12531,74
12532,38
12533,40
12534,64
12535,38
12536,27
12537,40
12538,28
12539,17
1254,157
12540,64
12541,60
12542,26
12543,16
12544,40
12545,47
12546,28
12547,18
12548,39
12549,30
1255,221
12550,68
12551,21
12552,21
12553,35
12554,20
12555,25
12556,25
12557,28
12558,16
12559,19
1256,129
12560,31
12561,25
12562,6
12563,21
12564,10
12565,27
12566,10
12567,10
12568,15
12569,12
1257,140
12570,17
12571,8
12572,10
12573,13
12574,16
12575,24
12576,11
12577,19
12578,10
12579,9
1258,134
12580,29
12581,10
12582,12
12583,11
12584,6
12585,21
12586,15
12587,9
12588,3
12589,6
1259,124
12590,8
12591,12
12592,1
12593,8
12594,6
12595,14
12596,14
12597,5
12598,15
12599,8
126,913
1260,206
12600,256
12601,232
12602,94
12603,77
12604,168
12605,198
12606,83
12607,61
12608,140
12609,141
1261,98
12610,121
12611,84
12612,119
12613,125
12614,62
12615,62
12616,89
12617,100
12618,52
12619,47
1262,141
12620,97
12621,132
12622,52
12623,39
12624,68
12625,81
12626,45
12627,38
12628,37
12629,32
1263,82
12630,68
12631,43
12632,42
12633,39
12634,15
12635,51
12636,29
12637,25
12638,17
12639,19
1264,79
12640,45
12641,38
12642,29
12643,15
12644,29
12645,29
12646,18
12647,15
12648,28
12649,19
1265,118
12650,41
12651,28
12652,16
12653,20
12654,11
12655,23
12656,13
12657,14
12658,13
12659,15
1266,111
12660,33
12661,9
12662,3
12663,13
12664,12
12665,14
12666,5
12667,12
12668,21
12669,16
1267,72
12670,36
12671,21
12672,13
12673,9
12674,4
12675,14
12676,7
12677,6
12678,3
12679,6
1268,123
12680,25
12681,14
12682,10
12683,17
12684,7
12685,15
12686,2
12687,7
12688,2
12689,10
1269,115
12690,15
12691,20
12692,6
12693,10
12694,2
12695,19
12696,2
12697,3
12698,1
12699,17
127,967
1270,149
12700,197
12701,174
12702,86
12703,84
12704,143
12705,184
12706,91
12707,95
12708,164
12709,158
1271,97
12710,150
12711,130
12712,125
12713,132
12714,101
12715,117
12716,107
12717,148
12718,97
12719,62
1272,99
12720,158
12721,121
12722,107
12723,74
12724,94
12725,89
12726,60
12727,78
12728,49
12729,58
1273,91
12730,58
12731,63
12732,51
12733,38
12734,56
12735,49
12736,44
12737,45
12738,46
12739,23
1274,77
12740,52
12741,58
12742,36
12743,25
12744,25
12745,35
12746,32
12747,31
12748,41
12749,29
1275,150
12750,52
12751,28
12752,33
12753,46
12754,26
12755,28
12756,25
12757,49
12758,22
12759,11
1276,77
12760,35
12761,29
12762,32
12763,25
12764,20
12765,25
12766,13
12767,19
12768,15
12769,5
1277,96
12770,19
12771,10
12772,19
12773,13
12774,11
12775,13
12776,20
12777,11
12778,22
12779,5
1278,83
12780,16
12781,15
12782,14
12783,8
12784,22
12785,9
12786,8
12787,3
12788,16
1279,55
12790,12
12791,1
12792,6
12793,1
12794,23
12795,15
12796,13
12797,2
12798,4
12799,7
128,765
1280,131
12800,192
12801,175
12802,115
12803,96
12804,117
12805,148
12806,111
12807,88
12808,130
12809,135
1281,69
12810,143
12811,143
12812,118
12813,104
12814,103
12815,103
12816,100
12817,100
12818,74
12819,72
1282,111
12820,126
12821,133
12822,78
12823,51
12824,94
12825,88
12826,69
12827,36
12828,57
12829,59
1283,71
12830,194
12831,76
12832,58
12833,40
12834,47
12835,51
12836,52
12837,31
12838,54
12839,41
1284,43
12840,90
12841,56
12842,50
12843,39
12844,32
12845,42
12846,33
12847,37
12848,31
12849,24
1285,89
12850,81
12851,34
12852,33
12853,24
12854,21
12855,39
12856,20
12857,17
12858,19
12859,17
1286,88
12860,84
12861,17
12862,25
12863,17
12864,23
12865,25
12866,28
12867,22
12868,12
12869,6
1287,62
12870,52
12871,21
12872,13
12873,5
12874,7
12875,28
12876,6
12878,9
12879,6
1288,52
12880,62
12881,7
12882,11
12883,7
12884,11
12885,7
12886,3
12887,4
12888,8
12889,4
1289,63
12890,44
12891,13
12892,9
12893,16
12894,5
12895,10
12896,11
12897,1
12898,5
12899,6
129,853
1290,90
12900,198
12901,214
12902,75
12903,77
12904,152
12905,160
12906,101
12907,69
12908,172
12909,142
1291,69
12910,144
12911,141
12912,99
12913,116
12914,93
12915,103
12916,79
12917,72
12918,67
12919,73
1292,61
12920,134
12921,114
12922,40
12923,61
12924,52
12925,66
12926,45
12927,48
12928,18
12929,23
1293,52
12930,46
12931,34
12932,12
12933,15
12934,24
12935,31
12936,15
12937,8
12938,27
12939,18
1294,49
12940,27
12941,16
12942,14
12943,12
12944,19
12945,41
12946,21
12947,11
12948,26
12949,13
1295,76
12950,34
12951,8
12952,19
12953,14
12954,13
12955,21
12956,9
12957,5
12958,5
12959,6
1296,42
12960,22
12961,8
12962,9
12963,11
12964,17
12965,14
12966,4
12967,5
12968,13
12969,5
1297,52
12970,14
12971,7
12972,10
12973,7
12974,6
12975,15
12976,16
12977,5
12978,24
12979,8
1298,61
12980,6
12981,6
12982,4
12983,4
12984,9
12985,16
12987,13
12988,11
12989,5
1299,43
12990,12
12991,7
12992,5
12993,7
12994,2
12995,13
12996,2
12997,3
12998,12
12999,10
13,453
130,1081
1300,1938
13000,187
13001,161
13002,88
13003,82
13004,138
13005,165
13006,88
13007,83
13008,134
13009,164
1301,1866
13010,107
13011,88
13012,132
13013,113
130135,1
13014,54
13015,76
130159,2
13016,94
13017,86
130177,1
13018,46
13019,43
1302,1066
13020,117
13021,112
130210,3
13022,51
13023,35
13024,61
13025,57
13026,30
13027,31
13028,50
13029,43
1303,923
13030,54
13031,32
13032,29
13033,32
130337,2
13034,20
13035,23
13036,33
13037,23
13038,19
13039,12
1304,966
13040,20
130405,2
13041,22
13042,11
13043,7
13044,7
13045,27
13046,14
13047,10
13048,10
13049,15
1305,1146
13050,24
13051,2
13052,9
13053,9
13054,7
13055,8
13056,2
13057,13
13058,1
13059,2
1306,944
13060,144
13061,9
13062,12
13063,8
13064,2
13065,11
13066,6
13067,9
13068,18
1307,1015
13070,16
13071,6
13072,4
13073,2
13074,6
13075,15
13076,4
13077,4
13078,6
1308,1000
13080,25
13081,9
13082,6
13083,8
13084,11
13085,15
13086,5
13087,7
13088,9
13089,9
1309,1086
13090,6
13091,6
13092,3
13093,8
13094,5
13095,6
13096,7
13097,9
13098,11
13099,2
131,750
1310,1176
13100,215
13101,202
13102,91
13103,103
13104,157
13105,180
13106,86
13107,99
13108,149
13109,173
1311,1056
13110,128
13111,120
13112,119
13113,112
13114,80
13115,76
13116,105
13117,104
13118,77
13119,40
1312,947
13120,106
13121,129
13122,77
13123,46
13124,67
13125,75
13126,38
13127,38
13128,42
13129,42
1313,1058
13130,56
13131,39
13132,62
13133,50
13134,25
13135,17
13136,40
13137,51
13138,29
13139,23
1314,792
13140,51
13141,53
13142,24
13143,16
13144,29
13145,31
13146,13
13147,11
13148,29
13149,34
1315,1154
13150,37
13151,20
13152,25
13153,30
13154,18
13155,26
13156,33
13157,29
13158,25
13159,14
1316,889
13160,35
13161,38
13162,25
13163,16
13164,21
13165,16
13166,17
13167,9
13168,23
13169,16
1317,803
13170,38
13171,10
13172,9
13173,8
13174,9
13175,5
13176,12
13177,11
13178,10
13179,5
1318,716
13180,14
13181,22
13182,8
13183,8
13184,6
13185,20
13186,14
13187,3
13188,11
13189,17
1319,687
13190,38
13191,18
13192,14
13193,5
13194,2
13195,6
13196,3
13197,7
13198,14
13199,7
132,580
1320,1051
13200,205
13201,174
13202,87
13203,69
13204,127
13205,160
13206,71
13207,75
13208,120
13209,141
1321,822
13210,173
13211,77
13212,109
13213,121
13214,67
13215,80
13216,91
13217,111
13218,76
13219,65
1322,705
13220,147
13221,107
13222,43
13223,53
13224,80
13225,78
13226,41
13227,38
13228,41
13229,34
1323,432
13230,77
13231,41
13232,52
13233,27
13234,20
13235,37
13236,25
13237,39
13238,11
13239,17
1324,640
13240,84
13241,59
13242,17
13243,16
13244,23
13245,20
13246,4
13247,13
13248,28
13249,21
1325,832
13250,71
13251,14
13252,10
13253,24
13254,14
13255,20
13256,8
13257,14
13258,11
13259,11
1326,465
13260,68
13261,33
13262,2
13263,7
13264,5
13265,7
13266,8
13267,3
13268,6
13269,3
1327,420
13270,11
13271,7
13272,3
13273,8
13274,15
13275,17
13276,6
13277,5
13278,5
13279,7
1328,420
13280,23
13281,43
13282,13
13283,14
13284,17
13285,11
13286,13
13287,11
13288,12
13289,11
1329,437
13290,16
13291,21
13292,8
13293,14
13294,14
13295,16
13296,9
13297,6
13298,15
13299,2
133,655
1330,541
13300,132
13301,175
13302,94
13303,82
13304,85
13305,106
13306,102
13307,82
13308,58
13309,75
1331,420
13310,108
13311,96
13312,75
13313,55
13314,68
13315,84
13316,56
13317,30
13318,45
13319,46
1332,323
13320,82
13321,101
13322,42
13323,26
13324,30
13325,43
13326,24
13327,33
13328,12
13329,21
1333,417
13330,33
13331,104
13332,21
13333,20
13334,17
13335,24
13336,10
13337,12
13338,14
13339,14
1334,278
13340,22
13341,22
13342,12
13343,10
13344,11
13345,23
13346,11
13347,20
13348,3
13349,4
1335,327
13350,155
13351,2
13352,9
13353,18
13354,9
13355,10
13356,4
13357,6
13358,5
13359,4
1336,278
13360,17
13361,13
13362,1
13363,5
13364,4
13365,10
13366,2
13367,4
13368,10
13369,2
1337,265
13370,12
13371,4
13372,9
13373,5
13374,6
13375,12
13376,10
13378,6
13379,2
1338,195
13380,7
13381,10
13382,3
13383,4
13384,5
13385,6
13387,5
13388,5
13389,6
1339,248
13390,15
13391,10
13392,6
13393,5
13395,12
13396,4
13397,3
13398,3
13399,1
134,567
1340,314
13400,224
13401,149
13402,62
13403,77
13404,80
13405,104
13406,69
13407,70
13408,90
13409,69
1341,286
13410,124
13411,113
13412,70
13413,59
13414,51
13415,66
13416,42
13417,40
13418,36
13419,41
1342,183
13420,76
13421,64
13422,21
13423,16
13424,39
13425,48
13426,20
13427,17
13428,19
13429,9
1343,189
13430,60
13431,17
13432,5
13433,27
13434,16
13435,23
13436,21
13437,9
13438,9
13439,6
1344,212
13440,19
13441,20
13442,15
13443,11
13444,10
13445,24
13446,14
13447,8
13448,13
13449,16
1345,276
13450,20
13451,15
13452,6
13453,25
13454,11
13455,13
13456,11
13457,23
13458,6
13459,12
1346,185
13460,24
13461,6
13462,9
13463,2
13464,11
13465,19
13467,10
13468,4
13469,7
1347,121
13470,2
13471,9
13472,3
13473,7
13474,6
13475,12
13476,11
13477,7
13478,11
13479,6
1348,141
13480,26
13481,6
13482,12
13484,3
13485,18
13486,8
13487,2
13488,4
13489,11
1349,199
13490,7
13492,4
13493,5
13494,4
13495,9
13496,7
13497,5
13498,5
13499,12
135,610
1350,278
13500,31
13501,52
13502,46
13503,29
13504,31
13505,75
13506,49
13507,30
13508,50
13509,40
1351,171
13510,57
13511,36
13512,22
13513,29
13514,30
13515,21
13516,12
13517,28
13518,26
13519,12
1352,123
13520,26
13521,41
13522,11
13523,7
13524,18
13525,36
13526,9
13527,12
13528,12
13529,18
1353,135
13530,34
13531,22
13532,10
13533,15
13534,15
13535,6
13536,6
13537,21
13538,25
13539,18
1354,159
13540,5
13541,18
13542,14
13543,6
13544,3
13545,19
13546,15
13547,2
13548,13
13549,14
1355,133
13550,42
13551,31
13552,4
13553,15
13554,4
13555,49
13556,5
13557,5
13558,2
13559,6
1356,138
13560,15
13561,25
13562,3
13563,7
13564,3
13565,7
13566,7
13567,3
13568,4
13569,9
1357,116
13570,13
13571,17
13572,9
13573,6
13574,7
13575,11
13576,6
13577,4
13578,5
13579,5
1358,75
13580,7
13581,13
13582,2
13583,3
13584,5
13585,9
13586,7
13587,4
13588,2
13589,2
1359,120
13590,5
13591,5
13593,2
13594,7
13595,15
13596,2
13597,6
13598,7
136,507
1360,203
13600,181
13601,80
13602,25
13603,18
13604,47
13605,53
13606,26
13607,40
13608,42
13609,101
1361,107
13610,89
13611,115
13612,39
13613,36
13614,28
13615,29
13616,37
13617,22
13618,17
13619,17
1362,103
13620,105
13621,118
13622,22
13623,22
13624,23
13625,27
13626,19
13627,18
13628,18
13629,17
1363,57
13630,63
13631,61
13632,13
13633,8
13634,4
13635,26
13636,15
13637,13
13638,2
13639,12
1364,82
13640,62
13641,54
13642,7
13643,10
13644,19
13645,23
13646,10
13647,14
13648,14
13649,17
1365,116
13650,121
13651,81
13652,10
13653,18
13654,11
13655,30
13656,19
13657,15
13658,10
13659,5
1366,67
13660,78
13661,53
13662,15
13663,8
13664,14
13665,7
13666,3
13667,8
13668,8
13669,12
1367,83
13670,8
13671,8
13672,3
13673,5
13674,2
13675,6
13676,4
13677,4
13678,15
1368,67
13680,28
13681,3
13682,3
13683,14
13684,3
13685,10
13686,5
13687,7
13688,3
13689,4
1369,88
13690,3
13692,2
13694,4
13695,7
13696,1
13697,9
13698,6
13699,5
137,492
1370,90
13700,104
13701,113
13702,53
13703,52
13704,71
13705,110
13706,81
13707,47
13708,63
13709,82
1371,103
13710,76
13711,49
13712,65
13713,96
13714,72
13715,47
13716,57
13717,51
13718,43
13719,28
1372,62
13720,92
13721,77
13722,62
13723,47
13724,62
13725,60
13726,29
13727,33
13728,47
13729,53
1373,67
13730,35
13731,35
13732,32
13733,22
13734,12
13735,44
13736,29
13737,15
13738,26
13739,16
1374,71
13740,42
13741,52
13742,17
13743,11
13744,41
13745,61
13746,13
13747,15
13748,34
13749,35
1375,140
13750,42
13751,50
13752,9
13753,18
13754,8
13755,16
13756,13
13757,29
13758,9
13759,8
1376,75
13760,76
13761,17
13762,6
13763,4
13764,10
13765,21
13766,12
13767,7
13768,4
13769,9
1377,77
13770,21
13771,5
13772,8
13773,5
13774,7
13775,11
13776,7
13777,15
13778,7
13779,2
1378,59
13780,12
13781,3
13782,7
13783,5
13784,85
13785,12
13786,4
13787,8
13788,12
13789,6
1379,64
13790,12
13791,7
13792,10
13793,7
13794,6
13795,10
13796,4
13797,4
13798,3
13799,7
138,374
1380,102
13800,291
13801,141
13802,71
13803,83
13804,108
13805,105
13806,103
13807,60
13808,95
13809,81
1381,77
13810,248
13811,80
13812,87
13813,95
13814,100
13815,42
13816,86
13817,56
13818,85
13819,29
1382,46
13820,160
13821,108
13822,41
13823,27
13824,54
13825,105
13826,29
13827,33
13828,35
13829,63
1383,63
13830,160
13831,50
13832,38
13833,33
13834,13
13835,30
13836,43
13837,38
13838,23
13839,6
1384,49
13840,197
13841,75
13842,25
13843,24
13844,58
13845,36
13846,23
13847,34
13848,42
13849,40
1385,75
13850,232
13851,27
13852,16
13853,33
13854,29
13855,20
13856,22
13857,13
13858,19
13859,16
1386,46
13860,163
13861,46
13862,31
13863,14
13864,18
13865,25
13866,18
13867,9
13868,17
13869,16
1387,35
13870,22
13871,11
13872,15
13873,37
13874,13
13875,68
13876,12
13877,18
13878,14
13879,9
1388,21
13880,168
13881,45
13882,11
13883,15
13884,16
13885,24
13886,13
13887,6
13888,10
13889,10
1389,39
13890,159
13891,38
13892,8
13893,2
13894,4
13895,18
13896,5
13897,5
13898,13
13899,6
139,355
1390,81
13900,126
13901,194
13902,84
13903,48
13904,100
13905,135
13906,99
13907,47
13908,96
13909,131
1391,49
13910,133
13911,135
13912,62
13913,105
13914,69
13915,52
13916,68
13917,92
13918,49
13919,50
1392,90
13920,140
13921,90
13922,40
13923,37
13924,57
13925,78
13926,49
13927,32
13928,38
13929,48
1393,46
13930,61
13931,56
13932,52
13933,34
13934,22
13935,29
13936,39
13937,23
13938,18
13939,25
1394,56
13940,27
13941,50
13942,16
13943,17
13944,38
13945,34
13946,18
13947,28
13948,16
13949,16
1395,57
13950,34
13951,20
13952,16
13953,20
13954,24
13955,30
13956,10
13957,45
13958,13
13959,14
1396,60
13960,30
13961,30
13962,14
13963,14
13964,14
13965,12
13966,8
13967,7
13968,13
13969,8
1397,37
13970,18
13971,20
13972,10
13973,9
13974,4
13975,20
13976,17
13977,10
13978,8
13979,11
1398,57
13980,15
13981,10
13982,5
13983,11
13984,10
13985,11
13986,16
13987,15
13988,9
13989,13
1399,42
13990,22
13991,21
13992,16
13993,3
13994,7
13995,17
13996,10
13997,7
13998,15
13999,15
14,633
140,629
1400,1238
14000,241
14001,339
14002,64
14003,76
14004,100
14005,123
14006,82
14007,64
14008,121
14009,122
1401,1867
14010,127
14011,104
14012,121
14013,116
140131,2
14014,65
14015,65
14016,77
14017,62
14018,46
14019,36
1402,821
14020,178
14021,77
14022,48
14023,18
140236,2
14024,66
14025,72
14026,31
14027,21
14028,46
14029,58
140290,1
1403,662
14030,59
14031,44
14032,40
14033,40
14034,29
14035,45
14036,23
14037,21
14038,16
14039,17
1404,803
14040,45
14041,37
14042,28
14043,26
14044,29
14045,48
14046,23
14047,62
14048,36
14049,22
1405,987
14050,59
14051,42
14052,33
14053,13
14054,15
14055,33
14056,25
14057,16
14058,18
14059,30
1406,811
14060,37
14061,35
14062,20
14063,31
14064,25
14065,20
14066,14
14067,18
14068,22
14069,16
1407,918
14070,63
14071,54
14072,29
14073,14
14074,21
14075,35
14076,18
14077,9
14078,17
14079,19
1408,914
14080,28
14081,77
14082,27
14083,18
14084,10
14085,18
14086,5
14087,28
14088,11
14089,9
1409,943
14090,34
14091,33
14092,13
14093,15
14094,12
14095,26
14096,19
14097,13
14098,10
14099,9
141,529
1410,902
14100,259
14101,179
14102,73
14103,68
14104,135
14105,176
14106,81
14107,80
14108,107
14109,153
1411,858
14110,123
14111,98
14112,100
14113,138
14114,78
14115,113
14116,86
14117,105
14118,50
14119,58
1412,843
14120,118
14121,114
14122,49
14123,47
14124,71
14125,97
14126,56
14127,29
14128,35
14129,37
1413,646
14130,82
14131,57
14132,30
14133,46
14134,34
14135,61
14136,15
14137,20
14138,32
14139,23
1414,719
14140,44
14141,46
14142,20
14143,22
14144,23
14145,30
14146,25
14147,11
14148,6
14149,20
1415,894
14150,45
14151,41
14152,11
14153,13
14154,23
14155,27
14156,11
14157,19
14158,12
14159,9
1416,734
14160,43
14161,25
14162,11
14163,15
14164,23
14165,29
14166,20
14167,18
14168,27
14169,15
1417,657
14170,35
14171,28
14172,25
14173,22
14174,20
14175,36
14176,15
14177,21
14178,28
14179,6
1418,561
14180,33
14181,29
14182,11
14183,15
14184,33
14185,12
14186,7
14187,17
14188,10
14189,11
1419,659
14190,18
14191,18
14192,7
14193,12
14194,22
14195,19
14196,15
14197,11
14198,15
14199,2
142,344
1420,1076
14200,265
14201,167
14202,84
14203,42
14204,111
14205,126
14206,82
14207,43
14208,81
14209,107
1421,834
14210,118
14211,59
14212,86
14213,85
14214,86
14215,58
14216,66
14217,81
14218,40
14219,34
1422,517
14220,106
14221,79
14222,42
14223,46
14224,48
14225,69
14226,14
14227,28
14228,46
14229,27
1423,467
14230,46
14231,34
14232,29
14233,41
14234,19
14235,35
14236,43
14237,19
14238,21
14239,28
1424,668
14240,41
14241,39
14242,28
14243,19
14244,28
14245,34
14246,18
14247,16
14248,32
14249,9
1425,873
14250,29
14251,38
14252,23
14253,21
14254,16
14255,24
14256,14
14257,20
14258,9
14259,6
1426,487
14260,13
14261,18
14262,5
14263,11
14264,22
14265,13
14266,12
14267,4
14268,8
14269,2
1427,431
14270,16
14271,8
14272,3
14273,13
14274,22
14275,18
14276,11
14277,15
14278,23
14279,10
1428,464
14280,29
14281,14
14282,26
14283,15
14284,7
14285,23
14286,12
14287,12
14288,14
14289,17
1429,425
14290,18
14291,19
14292,3
14293,10
14294,17
14295,11
14296,22
14297,8
14298,14
14299,7
143,360
1430,639
14300,143
14301,165
14302,74
14303,36
14304,104
14305,140
14306,56
14307,46
14308,108
14309,94
1431,494
14310,128
14311,89
14312,85
14313,102
14314,79
14315,85
14316,77
14317,84
14318,80
14319,30
1432,396
14320,101
14321,116
14322,30
14323,47
14324,61
14325,89
14326,43
14327,26
14328,69
14329,28
1433,328
14330,90
14331,58
14332,43
14333,50
14334,41
14335,35
14336,43
14337,22
14338,46
14339,21
1434,258
14340,60
14341,27
14342,22
14343,46
14344,22
14345,46
14346,16
14347,10
14348,16
14349,21
1435,318
14350,130
14351,16
14352,16
14353,12
14354,18
14355,26
14356,19
14357,7
14358,8
14359,11
1436,396
14360,48
14361,11
14362,10
14363,10
14364,10
14365,14
14366,9
14367,8
14368,1
14369,3
1437,301
14370,26
14371,16
14372,19
14373,12
14374,3
14375,29
14376,5
14377,4
14378,10
14379,8
1438,193
14380,15
14381,9
14382,8
14383,10
14384,11
14385,14
14386,7
14387,8
14388,5
14389,5
1439,193
14390,13
14391,28
14392,5
14393,4
14394,11
14395,17
14396,6
14397,9
14398,14
14399,8
144,396
1440,462
14400,103
14401,139
14402,56
14403,35
14404,120
14405,131
14406,61
14407,42
14408,97
14409,98
1441,394
14410,60
14411,44
14412,80
14413,89
14414,49
14415,63
14416,64
14417,77
14418,59
14419,26
1442,185
14420,71
14421,75
14422,29
14423,15
14424,42
14425,74
14426,35
14427,11
14428,25
14429,39
1443,228
14430,71
14431,37
14432,23
14433,36
14434,15
14435,40
14436,29
14437,19
14438,16
14439,27
1444,194
14440,33
14441,24
14442,11
14443,19
14444,23
14445,50
14446,19
14447,25
14448,13
14449,15
1445,263
14450,37
14451,22
14452,29
14453,21
14454,19
14455,37
14456,15
14457,16
14458,20
14459,13
1446,199
14460,25
14461,16
14462,16
14463,24
14464,9
14465,32
14466,6
14467,13
14468,23
14469,10
1447,175
14470,25
14471,22
14472,7
14473,6
14474,6
14475,35
14476,6
14477,7
14478,14
14479,5
1448,205
14480,40
14481,9
14482,1
14483,18
14484,15
14485,28
14486,11
14487,7
14488,13
14489,17
1449,149
14490,24
14491,10
14492,12
14493,12
14494,10
14495,29
14496,10
14497,6
14498,9
14499,5
145,482
1450,312
14500,151
14501,136
14502,47
14503,54
14504,88
14505,132
14506,53
14507,44
14508,79
14509,103
1451,209
14510,80
14511,41
14512,87
14513,91
14514,38
14515,57
14516,76
14517,76
14518,37
14519,42
1452,161
14520,84
14521,77
14522,43
14523,27
14524,38
14525,63
14526,27
14527,23
14528,22
14529,32
1453,87
14530,33
14531,31
14532,22
14533,39
14534,35
14535,51
14536,20
14537,28
14538,15
14539,25
1454,131
14540,28
14541,25
14542,26
14543,8
14544,27
14545,58
14546,21
14547,31
14548,37
14549,21
1455,230
14550,34
14551,35
14552,29
14553,28
14554,16
14555,44
14556,21
14557,20
14558,13
14559,15
1456,159
14560,27
14561,19
14562,13
14563,14
14564,16
14565,28
14566,22
14567,6
14568,10
14569,15
1457,125
14570,11
14571,20
14572,12
14573,14
14574,8
14575,24
14576,17
14577,10
14578,10
14579,15
1458,101
14580,30
14581,11
14582,12
14583,18
14584,10
14585,27
14586,10
14587,10
14588,3
14589,4
1459,100
14590,23
14591,6
14592,11
14593,14
14594,8
14595,7
14596,3
14597,2
14598,14
14599,11
146,291
1460,129
14600,115
14601,135
14602,88
14603,65
14604,112
14605,120
14606,77
14607,62
14608,115
14609,109
1461,109
14610,100
14611,78
14612,86
14613,106
14614,59
14615,50
14616,67
14617,85
14618,52
14619,49
1462,56
14620,89
14621,61
14622,72
14623,51
14624,73
14625,82
14626,37
14627,22
14628,42
14629,44
1463,91
14630,67
14631,50
14632,48
14633,38
14634,44
14635,53
14636,42
14637,29
14638,26
14639,26
1464,56
14640,52
14641,48
14642,23
14643,19
14644,28
14645,52
14646,11
14647,7
14648,18
14649,25
1465,90
14650,42
14651,49
14652,15
14653,20
14654,26
14655,43
14656,4
14657,11
14658,9
14659,7
1466,65
14660,38
14661,52
14662,21
14663,2
14664,13
14665,32
14666,5
14667,5
14668,9
14669,6
1467,73
14670,54
14671,32
14672,17
14673,8
14674,11
14675,29
14676,12
14677,2
14678,9
14679,6
1468,61
14680,36
14681,29
14682,11
14683,12
14684,13
14685,24
14686,9
14687,9
14688,7
14689,6
1469,60
14690,49
14691,6
14692,6
14693,7
14694,9
14695,29
14696,4
14697,8
14698,21
14699,9
147,216
1470,83
14700,131
14701,125
14702,64
14703,46
14704,108
14705,117
14706,70
14707,38
14708,88
14709,113
1471,136
14710,90
14711,56
14712,100
14713,104
14714,62
14715,66
14716,74
14717,89
14718,57
14719,56
1472,57
14720,104
14721,95
14722,45
14723,35
14724,54
14725,82
14726,42
14727,35
14728,44
14729,32
1473,82
14730,57
14731,40
14732,25
14733,32
14734,25
14735,59
14736,26
14737,20
14738,20
14739,15
1474,57
14740,48
14741,35
14742,18
14743,17
14744,21
14745,32
14746,7
14747,17
14748,29
14749,10
1475,94
14750,38
14751,28
14752,30
14753,11
14754,3
14755,20
14756,13
14757,12
14758,6
14759,23
1476,70
14760,31
14761,18
14762,8
14763,14
14764,8
14765,21
14766,14
14767,12
14768,11
14769,6
1477,64
14770,34
14771,4
14772,10
14773,4
14774,10
14775,23
14776,10
14777,4
14778,3
14779,6
1478,59
14780,14
14781,10
14782,9
14783,5
14784,5
14785,14
14786,4
14787,11
14788,2
14789,7
1479,72
14790,16
14791,5
14793,1
14794,4
14795,3
14796,13
14797,2
14798,6
14799,3
148,298
1480,78
14800,124
14801,128
14802,43
14803,43
14804,90
14805,96
14806,48
14807,40
14808,73
14809,80
1481,73
14810,83
14811,71
14812,74
14813,63
14814,67
14815,68
14816,59
14817,74
14818,58
14819,54
1482,65
14820,93
14821,70
14822,37
14823,38
14824,49
14825,76
14826,29
14827,29
14828,43
14829,40
1483,47
14830,46
14831,45
14832,51
14833,40
14834,7
14835,19
14836,26
14837,13
14838,24
14839,6
1484,49
14840,18
14841,22
14842,16
14843,21
14844,13
14845,11
14846,16
14847,20
14848,16
14849,15
1485,122
14850,17
14851,13
14852,16
14853,11
14854,15
14855,26
14856,17
14857,8
14858,3
14859,12
1486,41
14860,16
14861,7
14862,15
14863,5
14864,6
14865,14
14866,15
14867,12
14868,9
14869,10
1487,44
14870,11
14871,10
14872,2
14873,17
14874,8
14875,16
14876,11
14877,6
14878,7
14879,9
1488,87
14880,25
14882,4
14883,11
14884,22
14885,13
14886,8
14887,9
14888,7
14889,10
1489,78
14890,9
14891,5
14892,10
14893,8
14894,3
14895,10
14896,6
14897,3
14898,10
14899,15
149,255
1490,89
14900,94
14901,97
14902,66
14903,55
14904,89
14905,106
14906,60
14907,47
14908,72
14909,102
1491,61
14910,70
14911,65
14912,61
14913,82
14914,61
14915,71
14916,49
14917,60
14918,64
14919,60
1492,101
14920,75
14921,52
14922,45
14923,50
14924,55
14925,60
14926,14
14927,29
14928,30
14929,37
1493,58
14930,50
14931,32
14932,21
14933,41
14934,24
14935,21
14936,15
14937,14
14938,13
14939,13
1494,63
14940,75
14941,33
14942,11
14943,12
14944,16
14945,37
14946,17
14947,9
14948,15
14949,10
1495,87
14950,26
14951,11
14952,9
14953,15
14954,12
14955,33
14956,13
14957,22
14958,10
14959,12
1496,51
14960,28
14961,6
14962,14
14963,7
14964,5
14965,12
14966,13
14967,6
14968,5
14969,10
1497,29
14970,47
14971,21
14972,13
14973,14
14974,15
14975,16
14976,6
14977,12
14978,4
14979,2
1498,35
14980,41
14981,6
14982,15
14983,13
14984,12
14985,16
14986,5
14987,2
14988,10
14989,9
1499,50
14990,41
14991,9
14992,2
14993,4
14994,12
14995,6
14996,2
14997,4
14998,11
14999,5
15,762
150,622
1500,1931
15000,71
15001,127
15002,39
15003,28
15004,57
15005,73
15006,25
15007,46
15008,70
15009,76
1501,2648
15010,45
15011,49
15012,61
15013,78
15014,35
15015,58
15016,60
15017,68
15018,39
15019,32
1502,916
15020,57
15021,47
15022,27
15023,37
15024,43
15025,73
15026,38
15027,17
15028,28
15029,16
1503,720
15030,31
15031,45
15032,29
15033,31
15034,18
15035,22
15036,25
15037,17
15038,8
15039,4
1504,725
15040,24
15041,43
15042,17
15043,12
15044,5
15045,21
15046,13
15047,13
15048,11
15049,21
1505,962
15050,32
15051,43
15052,15
15053,21
15054,16
15055,48
15056,10
15057,8
15058,15
15059,15
1506,777
15060,21
15061,22
15062,7
15063,10
15064,10
15065,13
15066,4
15067,12
15068,11
15069,11
1507,725
15070,20
15071,8
15072,8
15073,8
15074,3
15075,17
15076,17
15077,11
15078,11
15079,4
1508,908
15080,19
15081,13
15082,8
15083,2
15084,3
15085,14
15086,1
15087,9
15088,4
15089,3
1509,915
15090,2
15091,15
15092,10
15093,2
15094,2
15095,5
15096,8
15097,3
15098,12
151,435
1510,1049
15100,64
15101,75
15102,38
15103,25
15104,50
15105,64
15106,45
15107,36
15108,51
15109,46
1511,758
15110,52
15111,59
15112,61
15113,55
15114,33
15115,70
15116,48
15117,59
15118,37
15119,29
1512,725
15120,69
15121,67
15122,46
15123,29
15124,43
15125,77
15126,31
15127,21
15128,28
15129,42
1513,549
15130,35
15131,25
15132,25
15133,20
15134,17
15135,26
15136,16
15137,10
15138,17
15139,12
1514,622
15140,52
15141,28
15142,22
15143,39
15144,47
15145,23
15146,6
15147,22
15148,9
15149,20
1515,976
15150,32
15151,23
15152,27
15153,15
15154,16
15155,26
15156,19
15157,13
15158,14
15159,10
1516,673
15160,23
15161,9
15162,32
15163,14
15164,11
15165,29
15166,8
15167,13
15168,8
15169,8
1517,678
15170,24
15171,15
15172,16
15173,13
15174,14
15175,14
15176,10
15177,21
15178,2
15179,2
1518,528
15180,13
15181,2
15182,12
15183,17
15184,7
15185,23
15186,11
15187,10
15188,2
15189,17
1519,432
15190,16
15191,13
15192,15
15193,9
15194,5
15195,9
15196,9
15197,6
15198,4
152,241
1520,820
15200,130
15201,91
15202,40
15203,46
15204,98
15205,97
15206,37
15207,40
15208,95
15209,77
1521,782
15210,47
15211,46
15212,85
15213,84
15214,45
15215,53
15216,65
15217,69
15218,47
15219,40
1522,403
15220,78
15221,61
15222,52
15223,25
15224,45
15225,69
15226,23
15227,32
15228,48
15229,30
1523,389
15230,50
15231,49
15232,42
15233,43
15234,33
15235,43
15236,34
15237,16
15238,31
15239,18
1524,549
15240,34
15241,34
15242,46
15243,28
15244,14
15245,22
15246,11
15247,15
15248,24
15249,18
1525,574
15250,31
15251,28
15252,25
15253,16
15254,21
15255,34
15256,25
15257,14
15258,4
15259,30
1526,392
15260,32
15261,33
15262,29
15263,14
15264,20
15265,21
15266,12
15267,4
15268,19
15269,22
1527,375
15270,18
15271,16
15272,29
15273,8
15274,15
15275,36
15276,10
15277,14
15278,16
15279,6
1528,316
15280,31
15281,30
15282,31
15283,12
15284,8
15285,17
15286,5
15287,17
15288,18
15289,2
1529,349
15290,23
15291,20
15292,16
15293,11
15294,28
15295,10
15296,12
15297,15
15298,12
15299,6
153,254
1530,615
15300,91
15301,146
15302,86
15303,63
15304,79
15305,111
15306,50
15307,56
15308,84
15309,93
1531,477
15310,88
15311,53
15312,74
15313,79
15314,66
15315,93
15316,53
15317,55
15318,53
15319,54
1532,315
15320,89
15321,70
15322,40
15323,22
15324,55
15325,128
15326,41
15327,43
15328,34
15329,114
1533,356
15330,43
15331,41
15332,31
15333,41
15334,33
15335,53
15336,21
15337,64
15338,31
15339,17
1534,287
15340,35
15341,47
15342,19
15343,21
15344,22
15345,35
15346,12
15347,10
15348,30
15349,28
1535,318
15350,34
15351,20
15352,23
15353,25
15354,25
15355,23
15356,5
15357,15
15358,19
15359,11
1536,254
15360,34
15361,10
15362,24
15363,22
15364,14
15365,21
15366,9
15367,13
15368,17
15369,17
1537,252
15370,9
15371,20
15372,13
15373,22
15374,11
15375,28
15376,8
15377,13
15378,14
15379,13
1538,202
15380,30
15381,16
15382,15
15383,18
15384,9
15385,10
15386,4
15387,15
15388,5
15389,10
1539,212
15390,26
15391,10
15392,6
15393,18
15394,7
15395,20
15396,6
15397,14
15398,7
15399,8
154,167
1540,299
15400,108
15401,86
15402,56
15403,39
15404,69
15405,101
15406,46
15407,21
15408,71
15409,93
1541,251
15410,162
15411,57
15412,76
15413,67
15414,64
15415,52
15416,60
15417,64
15418,49
15419,30
1542,171
15420,73
15421,47
15422,55
15423,43
15424,68
15425,58
15426,34
15427,40
15428,25
15429,36
1543,144
15430,62
15431,27
15432,38
15433,29
15434,40
15435,40
15436,32
15437,21
15438,20
15439,25
1544,135
15440,57
15441,29
15442,37
15443,38
15444,28
15445,23
15446,44
15447,34
15448,16
15449,13
1545,304
15450,94
15451,29
15452,32
15453,20
15454,28
15455,27
15456,13
15457,27
15458,18
15459,24
1546,181
15460,34
15461,13
15462,31
15463,19
15464,23
15465,22
15466,8
15467,10
15468,18
15469,6
1547,131
15470,19
15471,21
15472,7
15473,10
15474,36
15475,17
15476,9
15477,18
15478,8
15479,7
1548,121
15480,23
15481,10
15482,14
15483,16
15484,10
15485,17
15486,19
15487,13
15488,2
15489,14
1549,160
15490,22
15491,9
15492,9
15493,1
15494,15
15495,11
15496,5
15497,8
15498,12
15499,16
155,289
1550,273
15500,65
15501,73
15502,52
15503,41
15504,82
15505,80
15506,74
15507,38
15508,99
15509,71
1551,188
15510,129
15511,45
15512,85
15513,80
15514,50
15515,70
15516,61
15517,55
15518,57
15519,45
1552,120
15520,127
15521,80
15522,55
15523,49
15524,87
15525,73
15526,33
15527,33
15528,43
15529,35
1553,121
15530,48
15531,44
15532,54
15533,45
15534,30
15535,30
15536,18
15537,44
15538,13
15539,19
1554,111
15540,40
15541,40
15542,12
15543,32
15544,27
15545,24
15546,7
15547,25
15548,11
15549,32
1555,228
15550,43
15551,25
15552,24
15553,18
15554,29
15555,27
15556,10
15557,15
15558,19
15559,7
1556,138
15560,29
15561,45
15562,17
15563,21
15564,21
15565,48
15566,23
15567,24
15568,22
15569,16
1557,123
15570,27
15571,23
15572,18
15573,12
15574,23
15575,30
15576,17
15577,19
15578,22
15579,17
1558,82
15580,41
15581,29
15582,4
15583,21
15584,19
15585,28
15586,16
15587,14
15588,2
15589,9
1559,57
15590,23
15591,22
15592,11
15593,2
15594,16
15595,24
15596,21
15597,12
15598,14
15599,5
156,226
1560,153
15600,127
15601,141
15602,46
15603,50
15604,80
15605,94
15606,58
15607,62
15608,105
15609,115
1561,131
15610,93
15611,68
15612,69
15613,78
15614,65
15615,64
15616,65
15617,34
15618,48
15619,38
1562,74
15620,99
15621,78
15622,44
15623,56
15624,47
15625,64
15626,36
15627,40
15628,64
15629,43
1563,78
15630,100
15631,41
15632,35
15633,33
15634,22
15635,34
15636,30
15637,35
15638,22
15639,30
1564,114
15640,33
15641,53
15642,14
15643,18
15644,24
15645,61
15646,17
15647,17
15648,16
15649,20
1565,111
15650,51
15651,33
15652,11
15653,7
15654,19
15655,20
15656,11
15657,5
15658,10
15659,15
1566,78
15660,37
15661,21
15662,16
15663,7
15664,16
15665,21
15666,5
15667,8
15668,14
15669,12
1567,75
15670,24
15671,28
15672,4
15673,16
15674,23
15675,25
15676,6
15677,6
15678,14
15679,10
1568,70
15680,40
15681,18
15682,16
15683,13
15684,12
15685,12
15686,15
15687,13
15688,10
15689,11
1569,73
15690,34
15691,19
15692,16
15693,14
15694,14
15695,25
15696,5
15697,3
15698,24
15699,12
157,176
1570,111
15700,130
15701,101
15702,47
15703,50
15704,81
15705,103
15706,53
15707,50
15708,76
15709,89
1571,95
15710,92
15711,68
15712,88
15713,89
15714,48
15715,55
15716,60
15717,59
15718,30
15719,41
1572,73
15720,102
15721,74
15722,44
15723,28
15724,51
15725,54
15726,38
15727,30
15728,36
15729,50
1573,62
15730,84
15731,34
15732,48
15733,51
15734,47
15735,33
15736,25
15737,40
15738,25
15739,25
1574,73
15740,70
15741,39
15742,22
15743,19
15744,28
15745,52
15746,31
15747,12
15748,27
15749,31
1575,167
15750,53
15751,32
15752,20
15753,33
15754,23
15755,18
15756,23
15757,22
15758,35
15759,23
1576,67
15760,36
15761,24
15762,14
15763,11
15764,32
15765,28
15766,17
15767,18
15768,13
15769,16
1577,71
15770,24
15771,7
15772,9
15773,10
15774,9
15775,21
15776,14
15777,13
15778,14
15779,10
1578,53
15780,31
15781,7
15782,3
15783,12
15784,7
15785,22
15786,14
15787,18
15788,4
15789,7
1579,70
15790,7
15791,3
15792,2
15793,7
15794,13
15795,10
15796,6
15797,7
15798,16
15799,12
158,167
1580,110
15800,126
15801,77
15802,75
15803,33
15804,75
15805,83
15806,44
15807,38
15808,77
15809,68
1581,85
15810,80
15811,58
15812,76
15813,53
15814,29
15815,40
15816,64
15817,51
15818,32
15819,34
1582,83
15820,75
15821,65
15822,31
15823,33
15824,53
15825,68
15826,24
15827,15
15828,39
15829,38
1583,74
15830,38
15831,34
15832,63
15833,49
15834,8
15835,27
15836,43
15837,33
15838,13
15839,24
1584,48
15840,35
15841,25
15842,25
15843,13
15844,36
15845,32
15846,7
15847,16
15848,33
15849,21
1585,73
15850,25
15851,17
15852,18
15853,21
15854,9
15855,26
15856,19
15857,21
15858,4
15859,11
1586,49
15860,33
15861,20
15862,13
15863,13
15864,16
15865,4
15866,9
15867,8
15868,16
15869,8
1587,51
15870,22
15871,12
15872,22
15873,4
15874,4
15875,21
15876,10
15877,22
15878,5
15879,8
1588,32
15880,21
15881,15
15882,19
15883,6
15884,3
15885,16
15886,9
15887,10
15888,2
15889,12
1589,75
15890,20
15891,8
15892,16
15893,11
15894,7
15895,13
15896,14
15897,14
15898,4
15899,11
159,128
1590,107
15900,73
15901,114
15902,43
15903,45
15904,70
15905,103
15906,39
15907,57
15908,82
15909,67
1591,62
15910,56
15911,75
15912,74
15913,54
15914,35
15915,39
15916,81
15917,77
15918,28
15919,40
1592,35
15920,43
15921,44
15922,27
15923,31
15924,42
15925,49
15926,18
15927,21
15928,40
15929,23
1593,38
15930,25
15931,14
15932,23
15933,24
15934,18
15935,17
15936,13
15937,14
15938,22
15939,7
1594,36
15940,22
15941,18
15942,13
15943,18
15944,17
15945,20
15946,14
15947,9
15948,16
15949,14
1595,60
15950,27
15951,12
15952,10
15953,13
15954,16
15955,20
15956,18
15957,18
15958,13
15959,6
1596,35
15960,41
15961,12
15962,10
15963,3
15964,23
15965,20
15966,11
15967,29
15968,11
15969,10
1597,44
15970,15
15971,26
15972,13
15973,15
15974,8
15975,19
15976,29
15977,17
15978,28
15979,7
1598,47
15980,27
15981,38
15982,4
15983,10
15984,15
15985,23
15986,9
15987,13
15988,25
15989,12
1599,43
15990,19
15991,30
15992,18
15993,18
15994,10
15995,19
15996,19
15997,20
15998,19
15999,7
16,503
160,208
1600,1016
16000,101
16001,110
16002,43
16003,27
16004,67
16005,98
16006,77
16007,50
16008,62
16009,71
1601,1252
16010,76
16011,76
16012,107
16013,67
16014,36
16015,43
16016,53
16017,69
16018,41
16019,49
1602,722
16020,69
16021,44
16022,29
16023,28
16024,44
16025,66
16026,29
16027,27
16028,20
16029,19
1603,600
16030,44
16031,24
16032,25
16033,37
16034,15
16035,19
16036,24
16037,33
16038,23
16039,23
1604,689
16040,33
16041,14
16042,24
16043,24
16044,18
16045,44
16046,22
16047,8
16048,25
16049,25
1605,850
16050,29
16051,24
16052,13
16053,12
16054,4
16055,7
16056,17
16057,8
16058,15
16059,20
1606,648
16060,28
16061,33
16062,12
16063,9
16064,5
16065,12
16066,7
16067,7
16068,4
16069,14
1607,726
16070,11
16071,8
16072,29
16073,10
16074,16
16075,36
16076,8
16077,6
16078,21
16079,15
1608,920
16080,12
16081,7
16082,29
16083,23
16084,6
16085,32
16086,5
16087,5
16088,3
16089,5
1609,800
16090,20
16091,24
16092,15
16093,9
16094,3
16095,28
16096,12
16097,6
16098,6
16099,7
161,159
1610,818
16100,89
16101,98
16102,48
16103,45
16104,75
16105,87
16106,30
16107,43
16108,59
16109,65
1611,730
16110,159
16111,32
16112,50
16113,46
16114,26
16115,48
16116,47
16117,38
16118,45
16119,47
1612,636
16120,59
16121,42
16122,20
16123,26
16124,65
16125,51
16126,23
16127,23
16128,47
16129,28
1613,550
16130,19
16131,32
16132,22
16133,28
16134,18
16135,19
16136,22
16137,22
16138,6
16139,11
1614,571
16140,51
16141,28
16142,14
16143,16
16144,19
16145,18
16146,11
16147,12
16148,17
16149,14
1615,727
16150,37
16151,23
16152,34
16153,25
16154,16
16155,24
16156,16
16157,9
16158,9
16159,9
1616,664
16160,40
16161,19
16162,26
16163,20
16164,13
16165,14
16166,6
16167,23
16168,22
16169,4
1617,602
16170,15
16171,112
16172,7
16173,8
16174,18
16175,9
16176,18
16177,26
16178,10
16179,5
1618,497
16180,34
16181,55
16182,9
16183,11
16184,9
16185,18
16186,20
16187,9
16188,11
16189,7
1619,488
16190,21
16191,13
16192,7
16193,11
16194,13
16195,24
16196,5
16197,13
16198,12
16199,9
162,145
1620,806
16200,109
16201,93
16202,21
16203,23
16204,94
16205,74
16206,24
16207,48
16208,74
16209,92
1621,608
16210,38
16211,88
16212,82
16213,78
16214,20
16215,26
16216,53
16217,44
16218,22
16219,31
1622,400
16220,80
16221,55
16222,13
16223,23
16224,45
16225,60
16226,21
16227,12
16228,32
16229,26
1623,308
16230,22
16231,22
16232,30
16233,33
16234,17
16235,11
16236,27
16237,35
16238,2
16239,6
1624,403
16240,37
16241,40
16242,16
16243,18
16244,6
16245,43
16246,14
16247,5
16248,10
16249,23
1625,582
16250,30
16251,22
16252,29
16253,13
16254,17
16255,30
16256,10
16257,9
16258,22
16259,15
1626,405
16260,37
16261,48
16262,18
16263,12
16264,15
16265,15
16266,10
16267,10
16268,16
16269,10
1627,343
16270,28
16271,20
16272,22
16273,14
16274,21
16275,16
16276,10
16277,18
16278,11
16279,13
1628,352
16280,15
16281,27
16282,17
16283,30
16284,12
16285,18
16286,8
16287,10
16288,14
16289,15
1629,306
16290,18
16291,29
16292,23
16293,7
16294,12
16295,21
16296,11
16297,21
16298,14
16299,6
163,108
1630,449
16300,77
16301,70
16302,15
16303,20
16304,56
16305,65
16306,47
16307,31
16308,42
16309,69
1631,379
16310,30
16311,41
16312,71
16313,56
16314,17
16315,45
16316,58
16317,67
16318,24
16319,27
1632,368
16320,89
16321,57
16322,29
16323,20
16324,59
16325,65
16326,24
16327,25
16328,30
16329,28
1633,299
16330,50
16331,19
16332,46
16333,29
16334,16
16335,28
16336,30
16337,34
16338,15
16339,23
1634,235
16340,29
16341,26
16342,26
16343,13
16344,20
16345,38
16346,4
16347,14
16348,17
16349,40
1635,272
16350,27
16351,19
16352,22
16353,26
16354,23
16355,26
16356,21
16357,21
16358,17
16359,24
1636,247
16360,27
16361,34
16362,19
16363,12
16364,22
16365,37
16366,25
16367,24
16368,24
16369,10
1637,297
16370,21
16371,24
16372,17
16373,21
16374,16
16375,22
16376,18
16377,19
16378,16
16379,30
1638,231
16380,32
16381,32
16382,12
16383,17
16384,30
16385,23
16386,15
16387,20
16388,10
16389,22
1639,255
16390,24
16391,21
16392,29
16393,12
16394,18
16395,18
16396,24
16397,11
16398,21
16399,9
164,110
1640,314
16400,88
16401,70
16402,28
16403,14
16404,58
16405,65
16406,21
16407,16
16408,60
16409,70
1641,258
16410,16
16411,21
16412,70
16413,65
16414,10
16415,38
16416,46
16417,54
16418,14
16419,12
1642,186
16420,54
16421,61
16422,14
16423,9
16424,52
16425,55
16426,19
16427,12
16428,28
16429,34
1643,179
16430,31
16431,28
16432,44
16433,30
16434,15
16435,17
16436,25
16437,33
16438,14
16439,9
1644,146
16440,52
16441,24
16442,13
16443,22
16444,27
16445,30
16446,15
16447,10
16448,31
16449,30
1645,221
16450,29
16451,15
16452,39
16453,19
16454,14
16455,13
16456,23
16457,22
16458,17
16459,27
1646,162
16460,44
16461,25
16462,14
16463,13
16464,20
16465,27
16466,9
16467,17
16468,4
16469,5
1647,154
16470,36
16471,12
16472,9
16473,11
16474,16
16475,34
16476,13
16477,18
16478,19
16479,7
1648,175
16480,25
16481,16
16482,6
16483,11
16484,23
16485,10
16486,21
16487,9
16488,13
16489,5
1649,193
16490,31
16491,32
16492,11
16493,24
16494,34
16495,15
16496,7
16497,49
16498,8
16499,23
165,145
1650,296
16500,69
16501,49
16502,27
16503,25
16504,36
16505,43
16506,27
16507,13
16508,33
16509,26
1651,177
16510,22
16511,54
16512,44
16513,36
16514,28
16515,30
16516,26
16517,23
16518,15
16519,34
1652,138
16520,42
16521,67
16522,17
16523,33
16524,44
16525,47
16526,22
16527,4
16528,32
16529,31
1653,141
16530,27
16531,41
16532,28
16533,23
16534,18
16535,24
16536,14
16537,14
16538,12
16539,18
1654,147
16540,30
16541,49
16542,13
16543,16
16544,20
16545,32
16546,4
16547,17
16548,26
16549,16
1655,220
16550,38
16551,44
16552,17
16553,10
16554,12
16555,30
16556,16
16557,7
16558,3
16559,8
1656,112
16560,29
16561,82
16562,18
16563,10
16564,9
16565,13
16566,3
16567,5
16568,17
16569,16
1657,151
16570,28
16571,12
16572,18
16573,10
16574,14
16575,26
16576,26
16577,3
16578,15
16579,21
1658,133
16580,34
16581,6
16582,10
16583,19
16584,17
16585,15
16586,3
16587,8
16588,8
16589,1
1659,87
16590,28
16591,19
16592,6
16593,8
16594,15
16595,21
16596,12
16597,2
16598,1
16599,15
166,133
1660,154
16600,96
16601,116
16602,11
16603,13
16604,46
16605,65
16606,2
16607,18
16608,57
16609,64
1661,251
16610,27
16611,69
16612,52
16613,46
16614,6
16615,26
16616,60
16617,45
16618,1
16619,25
1662,99
16620,46
16621,82
16622,17
16623,7
16624,55
16625,62
16626,6
16627,13
16628,36
16629,40
1663,90
16630,23
16631,26
16632,32
16633,41
16634,5
16635,5
16636,30
16637,26
16638,6
16639,8
1664,89
16640,34
16641,28
16642,10
16643,16
16644,29
16645,37
16646,7
16647,9
16648,24
16649,22
1665,101
16650,28
16651,31
16652,20
16653,19
16654,6
16655,18
16656,10
16657,36
16658,8
16659,10
1666,50
16660,21
16661,13
16662,7
16663,12
16664,22
16665,14
16666,5
16667,10
16668,9
16669,5
1667,79
16670,43
16671,13
16672,19
16673,12
16674,19
16675,33
16676,11
16677,11
16678,7
16679,8
1668,69
16680,16
16681,15
16682,11
16683,5
16684,8
16685,13
16686,17
16687,24
16688,14
1669,65
16690,19
16691,9
16692,6
16693,7
16694,5
16695,11
16696,10
16697,6
16698,8
16699,12
167,95
1670,102
16700,30
16701,33
16702,5
16703,10
16704,23
16705,30
16706,18
16707,8
16708,20
16709,26
1671,69
16710,35
16711,8
16712,14
16713,12
16714,11
16715,14
16716,10
16717,2
16718,12
16719,14
1672,60
16720,34
16721,20
16722,10
16723,5
16724,4
16725,24
16726,7
16727,11
16728,19
16729,6
1673,63
16730,22
16731,18
16732,2
16733,5
16734,13
16735,25
16736,8
16737,14
16738,9
16739,20
1674,67
16740,41
16741,10
16742,16
16743,14
16744,19
16745,9
16746,11
16747,17
16748,3
16749,13
1675,137
16750,41
16751,25
16752,12
16753,14
16754,11
16755,32
16756,18
16757,15
16758,10
16759,16
1676,82
16760,33
16761,16
16762,13
16763,4
16764,10
16765,10
16766,2
16767,8
16768,7
16769,2
1677,82
16770,22
16771,12
16772,7
16773,3
16774,16
16775,18
16776,11
16777,8
16778,2
16779,10
1678,30
16780,30
16781,9
16782,1
16783,6
16784,10
16785,4
16786,12
16787,7
16788,8
16789,6
1679,64
16790,12
16791,5
16792,5
16793,6
16794,2
16795,7
16796,1
16797,7
16798,10
16799,4
168,88
1680,115
16800,41
16801,39
16802,14
16803,23
16804,24
16805,25
16806,8
16807,12
16808,23
16809,29
1681,62
16810,22
16811,18
16812,14
16813,21
16814,14
16815,26
16816,24
16817,15
16818,16
16819,7
1682,51
16820,52
16821,33
16822,13
16823,2
16824,23
16825,27
16826,10
16827,8
16828,17
16829,17
1683,37
16830,27
16832,17
16833,16
16834,7
16835,14
16836,27
16837,4
16838,5
16839,6
1684,45
16840,25
16841,8
16842,10
16843,4
16844,11
16845,27
16846,6
16847,29
16848,4
16849,4
1685,85
16850,24
16851,22
16852,3
16853,7
16854,7
16855,6
16856,17
16857,12
16858,2
16859,3
1686,53
16860,27
16861,24
16862,3
16863,6
16864,7
16865,8
16866,16
16867,9
16868,3
16869,1
1687,31
16870,43
16871,13
16872,10
16873,5
16874,5
16875,33
16876,10
16877,13
16878,8
16879,6
1688,39
16880,17
16881,5
16882,6
16883,1
16884,4
16885,22
16888,8
16889,6
1689,50
16890,13
16891,7
16892,5
16893,7
16894,9
16895,7
16896,3
16897,1
16898,5
16899,2
169,106
1690,60
16900,38
16901,36
16902,6
16903,8
16904,46
16905,48
16906,13
16907,25
16908,26
16909,55
1691,60
16910,59
16911,11
16912,37
16913,19
16914,11
16915,27
16916,13
16917,12
16918,10
16919,9
1692,60
16920,42
16921,18
16922,2
16923,2
16924,11
16925,9
16926,2
16927,11
16928,8
16929,11
1693,23
16930,31
16931,12
16932,4
16933,5
16934,7
16935,18
16936,8
16937,1
16938,8
16939,23
1694,31
16940,56
16941,17
16942,6
16943,29
16944,7
16945,37
16946,8
16947,6
16948,9
16949,3
1695,48
16950,65
16951,27
16952,8
16953,2
16954,2
16955,18
16956,7
16957,3
16958,10
16959,19
1696,52
16960,27
16962,7
16963,7
16964,14
16965,11
16966,4
16967,12
16968,6
16969,5
1697,43
16970,62
16971,14
16972,6
16973,8
16974,13
16975,23
16976,2
16977,9
16978,10
16979,6
1698,67
16980,46
16981,12
16982,11
16983,13
16984,9
16985,12
16986,9
16987,5
16988,9
16989,2
1699,22
16990,26
16991,7
16992,11
16993,2
16994,8
16995,7
16996,8
16997,5
16998,2
16999,3
17,523
170,166
1700,789
17000,110
17001,23
17002,4
17003,5
17004,23
17005,29
17006,5
17007,10
17008,7
17009,23
1701,1270
17010,10
17011,17
17012,25
17013,14
17014,2
17015,11
17016,7
17017,13
17018,2
17019,6
1702,683
17020,30
17021,14
17022,6
17023,4
17024,20
17025,27
17026,7
17027,9
17028,12
17029,15
1703,551
17030,5
17031,24
17032,16
17033,10
17034,5
17035,14
17036,4
17037,8
17038,8
1704,624
17040,27
17041,24
17042,8
17043,5
17044,10
17045,23
17046,10
17047,7
17048,20
17049,16
1705,830
17050,20
17051,4
17052,15
17053,21
17054,1
17055,20
17056,26
17057,12
17058,4
17059,1
1706,672
17060,13
17061,26
17062,7
17063,3
17064,10
17065,9
17066,8
17067,5
17068,6
17069,10
1707,775
17070,28
17071,28
17072,10
17073,4
17074,5
17075,25
17076,1
17077,2
17078,2
17079,1
1708,654
17080,9
17081,9
17082,1
17083,2
17085,17
17086,10
17087,8
17088,6
17089,5
1709,822
17090,18
17091,6
17092,3
17093,7
17094,2
17095,5
17096,11
17098,12
17099,3
171,135
1710,789
17100,33
17101,57
17102,9
17103,14
17104,20
17105,37
17106,2
17107,10
17108,18
17109,24
1711,702
17110,19
17111,17
17112,22
17113,18
17114,4
17115,13
17116,14
17117,16
17118,7
17119,8
1712,703
17120,24
17121,22
17122,13
17123,6
17124,24
17125,20
17126,15
17127,18
17128,9
17129,13
1713,573
17130,15
17131,13
17132,12
17133,12
17134,2
17135,12
17136,15
17137,4
17138,2
17139,8
1714,605
17140,18
17141,8
17142,8
17143,16
17144,13
17145,21
17146,10
17147,3
17148,12
17149,10
1715,699
17150,15
17151,18
17152,4
17153,3
17154,5
17155,9
17156,14
17157,9
17158,13
17159,9
1716,608
17160,20
17161,8
17162,16
17163,11
17164,14
17165,16
17166,3
17167,12
17168,3
17169,6
1717,834
17170,25
17171,19
17172,22
17173,12
17174,15
17175,11
17176,15
17177,5
17178,1
17179,9
1718,534
17180,10
17181,16
17182,3
17183,6
17184,6
17185,14
17186,14
17187,11
17188,8
17189,6
1719,469
17190,16
17191,13
17192,8
17193,8
17194,15
17195,15
17196,11
17197,5
17198,4
17199,3
172,65
1720,720
17200,53
17201,48
17202,9
17203,17
17204,22
17205,29
17206,14
17207,13
17208,39
17209,31
1721,634
17210,36
17211,25
17212,27
17213,20
17214,15
17215,27
17216,24
17217,24
17218,18
17219,22
1722,430
17220,46
17221,23
17222,10
17223,12
17224,17
17225,25
17226,10
17227,17
17228,13
17229,12
1723,390
17230,27
17231,11
17232,20
17233,8
17234,9
17235,21
17236,14
17237,12
17238,17
17239,9
1724,451
17240,19
17241,13
17242,7
17243,5
17244,4
17245,17
17246,10
17247,2
17248,12
17249,13
1725,625
17250,54
17251,10
17252,16
17253,2
17254,8
17255,26
17256,10
17257,8
17258,5
17259,12
1726,419
17260,23
17261,6
17262,3
17263,10
17264,4
17265,18
17266,4
17267,5
17268,6
17269,1
1727,363
17270,40
17271,13
17272,16
17273,14
17274,12
17275,24
17276,14
17277,14
17278,9
17279,8
1728,359
17280,18
17281,11
17282,11
17283,6
17284,3
17285,13
17286,9
17287,13
17288,6
17289,8
1729,377
17290,4
17291,11
17292,7
17293,9
17294,11
17295,16
17296,18
17297,12
17298,6
17299,1
173,78
1730,475
17300,59
17301,44
17302,10
17303,4
17304,22
17305,27
17306,10
17307,5
17308,23
17309,26
1731,359
17310,19
17311,20
17312,29
17313,23
17314,1
17315,24
17316,21
17317,22
17318,7
17319,5
1732,291
17320,38
17321,25
17322,8
17323,12
17324,15
17325,43
17326,9
17327,7
17328,32
17329,19
1733,288
17330,29
17331,37
17332,18
17333,11
17334,5
17335,20
17336,20
17337,17
17338,4
17339,8
1734,343
17340,28
17341,24
17342,3
17343,5
17344,23
17345,19
17346,4
17347,3
17348,13
17349,14
1735,401
17350,54
17351,19
17352,9
17353,8
17354,15
17355,34
17356,7
17357,6
17358,8
17359,6
1736,261
17360,31
17361,19
17362,2
17363,12
17364,10
17365,19
17366,10
17367,9
17368,9
17369,7
1737,256
17370,30
17371,25
17372,8
17373,8
17374,16
17375,19
17376,16
17377,8
17378,7
17379,5
1738,225
17380,17
17381,21
17382,11
17383,14
17384,11
17385,8
17386,1
17387,1
17388,2
17389,5
1739,209
17390,29
17391,11
17392,11
17393,3
17394,2
17395,14
17396,5
17397,4
17398,2
17399,1
174,135
1740,334
17400,31
17401,30
17402,12
17403,9
17404,25
17405,24
17406,13
17407,11
17408,18
17409,10
1741,298
17410,62
17411,23
17412,18
17413,7
17414,13
17415,17
17416,6
17417,13
17418,23
17419,10
1742,280
17420,18
17421,59
17422,7
17423,11
17424,5
17425,29
17426,10
17427,6
17428,4
17429,7
1743,213
17430,25
17431,12
17432,7
17433,20
17434,2
17435,16
17436,9
17437,24
17438,7
17439,3
1744,180
17440,26
17441,9
17442,8
17443,12
17444,5
17445,9
17446,9
17447,5
17448,7
17449,3
1745,240
17450,32
17451,13
17452,14
17453,2
17454,8
17455,7
17457,9
17458,4
17459,4
1746,171
17460,19
17461,9
17462,6
17463,8
17464,3
17465,11
17466,6
17467,3
17468,11
17469,2
1747,141
17470,14
17471,8
17472,4
17473,16
17474,6
17475,10
17476,2
17477,1
17478,2
17479,1
1748,177
17480,24
17481,12
17482,13
17483,5
17484,5
17485,8
17486,2
17487,14
17488,16
17489,2
1749,151
17490,12
17491,6
17492,11
17493,9
17494,2
17495,9
17496,8
17497,12
17498,7
17499,5
175,170
1750,258
17500,108
17501,40
17502,18
17503,19
17504,24
17505,48
17506,16
17507,20
17508,18
17509,15
1751,168
17510,32
17511,17
17512,30
17513,14
17514,18
17515,28
17516,17
17517,20
17518,18
17519,18
1752,103
17520,47
17521,16
17522,23
17523,24
17524,22
17525,36
17526,23
17527,10
17528,10
17529,10
1753,187
17530,41
17531,21
17532,7
17533,15
17534,15
17535,13
17536,9
17537,15
17538,6
17539,4
1754,118
17540,15
17541,18
17542,11
17543,13
17544,14
17545,18
17546,10
17547,7
17548,9
17549,5
1755,124
17550,22
17551,10
17552,6
17553,9
17554,25
17555,26
17556,5
17557,12
17558,11
17559,13
1756,87
17560,15
17561,8
17562,7
17563,5
17564,8
17565,14
17566,10
17567,15
17568,7
17569,4
1757,110
17570,22
17571,5
17572,2
17573,2
17574,9
17575,17
17576,6
17577,15
17578,6
17579,3
1758,93
17580,19
17581,11
17582,8
17583,9
17584,6
17585,26
17586,20
17587,15
17589,12
1759,76
17590,16
17591,6
17592,6
17593,5
17594,12
17595,9
17596,2
17597,11
17598,19
17599,6
176,78
1760,140
17600,53
17601,29
17602,9
17603,19
17604,25
17605,34
17606,11
17607,10
17608,12
17609,20
1761,119
17610,17
17611,16
17612,19
17613,10
17614,18
17615,20
17616,11
17617,25
17618,14
17619,12
1762,101
17620,26
17621,8
17622,11
17623,11
17624,15
17625,28
17626,14
17627,9
17628,9
17629,16
1763,70
17630,12
17631,6
17632,18
17633,11
17634,19
17635,19
17636,8
17637,6
17638,10
17639,10
1764,56
17640,13
17641,8
17642,6
17643,9
17644,12
17645,21
17646,9
17647,9
17648,6
17649,12
1765,94
17650,21
17651,5
17652,12
17653,9
17654,11
17655,18
17657,15
17658,4
17659,9
1766,62
17660,16
17661,10
17662,4
17663,11
17664,12
17665,11
17666,1
17667,2
1767,57
17670,28
17671,6
17672,5
17673,6
17674,7
17675,16
17676,2
17677,4
17678,5
17679,12
1768,67
17680,18
17681,10
17682,8
17683,7
17684,8
17685,18
17686,2
17687,2
17688,13
17689,2
1769,46
17690,15
17691,5
17692,9
17693,2
17694,3
17695,16
17696,6
17697,2
17698,2
17699,5
177,75
1770,309
17700,49
17701,30
17702,10
17703,21
17704,14
17705,29
17706,13
17707,17
17708,11
17709,15
1771,80
17710,22
17711,23
17712,20
17713,24
17714,14
17715,35
17716,9
17717,7
17718,13
17719,19
1772,76
17720,30
17721,20
17722,6
17723,5
17724,15
17725,25
17726,9
17727,8
17728,11
17729,17
1773,46
17730,13
17731,2
17732,10
17733,17
17734,13
17735,27
17736,15
17737,11
17738,8
17739,9
1774,48
17740,24
17741,10
17742,6
17743,17
17744,11
17745,24
17746,19
17747,14
17748,2
17749,9
1775,157
17750,12
17751,19
17752,8
17753,9
17754,16
17755,27
17756,12
17757,4
17758,12
17759,4
1776,63
17760,12
17761,5
17762,9
17763,11
17764,13
17765,20
17766,14
17767,4
17768,5
17769,6
1777,46
17770,11
17771,5
17772,8
17773,3
17774,8
17775,16
17776,3
17777,13
17778,12
17779,7
1778,45
17780,8
17781,3
17782,5
17783,6
17784,4
17785,14
17786,2
17787,7
17788,6
17789,2
1779,63
17790,8
17791,8
17792,5
17793,9
17794,10
17795,7
17796,9
17797,2
17798,6
17799,6
178,111
1780,117
17800,63
17801,20
17802,4
17803,11
17804,22
17805,29
17806,6
17807,16
17808,28
17809,22
1781,73
17810,13
17811,15
17812,19
17813,22
17814,16
17815,20
17816,16
17817,15
17818,16
17819,15
1782,43
17820,28
17821,34
17822,14
17823,6
17824,14
17825,19
17826,7
17827,18
17828,11
17829,10
1783,48
17830,13
17831,16
17832,17
17833,10
17834,13
17835,21
17836,7
17837,3
17838,10
17839,11
1784,30
17840,17
17841,11
17842,1
17843,3
17844,5
17845,15
17846,2
17847,7
17848,1
17849,3
1785,63
17850,22
17851,14
17853,10
17854,10
17855,13
17856,14
17857,17
17858,10
17859,1
1786,46
17860,18
17861,2
17862,2
17863,11
17864,5
17865,11
17866,7
17868,1
17869,5
1787,34
17870,11
17871,8
17872,7
17873,6
17874,2
17875,12
17876,11
17877,6
17878,3
17879,4
1788,55
17880,8
17881,4
17882,4
17883,2
17884,9
17885,16
17887,3
17888,5
17889,1
1789,23
17890,17
17891,2
17892,6
17893,5
17894,1
17895,13
17896,2
17897,8
17898,2
179,67
1790,103
17900,24
17901,21
17902,12
17903,13
17904,10
17905,29
17906,8
17907,2
17908,6
17909,11
1791,44
17910,9
17911,2
17912,12
17913,9
17914,7
17915,15
17916,10
17917,3
17918,9
17919,7
1792,66
17920,15
17921,13
17922,13
17923,5
17924,3
17925,24
17926,10
17927,9
17928,15
17929,9
1793,45
17930,14
17931,11
17932,8
17933,14
17934,3
17935,6
17936,10
17937,5
17938,6
17939,14
1794,36
17940,26
17941,11
17942,3
17943,2
17944,3
17945,11
17946,8
17947,16
17948,4
17949,12
1795,70
17950,21
17951,8
17952,1
17953,11
17954,4
17955,16
17956,16
17957,1
17958,3
17959,3
1796,47
17960,16
17961,7
17962,5
17963,9
17964,2
17965,10
17966,6
17967,7
17968,2
17969,2
1797,46
17970,23
17971,11
17972,4
17974,6
17975,22
17976,3
17977,7
17979,13
1798,37
17980,16
17981,2
17983,2
17985,17
17986,10
17987,5
17988,5
17989,2
1799,33
17990,11
17991,4
17992,3
17993,2
17995,5
17996,3
17997,5
17998,6
17999,6
18,506
180,129
1800,628
18000,63
18001,28
18002,10
18003,9
18004,6
18005,14
18006,8
18007,7
18008,8
18009,4
1801,1459
18010,15
18011,12
18012,4
18013,7
18014,1
18015,14
18016,3
18017,5
18018,8
1802,503
18020,18
18021,10
18022,6
18023,5
18024,12
18025,15
18026,2
18027,5
18028,7
18029,8
1803,445
18030,4
18031,4
18032,9
18033,8
18034,3
18035,3
18036,6
18037,4
18038,5
18039,4
1804,668
18040,4
18041,6
18042,7
18043,10
18044,17
18045,15
18046,4
18047,2
18048,4
18049,4
1805,617
18050,24
18051,15
18052,9
18053,6
18054,8
18055,7
18056,3
18057,9
18058,5
18059,10
1806,479
18060,6
18061,2
18062,9
18063,4
18064,5
18065,19
18066,4
18067,2
18068,4
18069,7
1807,538
18070,13
18071,20
18072,13
18073,7
18074,5
18075,8
18076,7
18077,6
1808,631
18080,15
18081,11
18082,3
18084,6
18085,7
18086,5
18088,2
18089,6
1809,644
18090,17
18091,7
18092,5
18093,1
18094,2
18095,4
18096,10
18097,9
18098,5
18099,4
181,107
1810,934
18100,32
18101,28
18102,8
18103,6
18104,22
18105,20
18106,3
18108,7
18109,9
1811,488
18110,7
18111,8
18112,11
18113,10
18114,5
18115,5
18116,8
18117,5
18118,4
18119,7
1812,566
18120,27
18121,17
18122,4
18123,9
18124,14
18125,16
18126,8
18128,1
18129,8
1813,421
18130,10
18131,11
18132,7
18133,1
18134,10
18135,13
18136,9
18137,3
18138,6
18139,2
1814,480
18140,16
18141,9
18142,1
18143,5
18144,7
18145,13
18146,4
18147,5
18148,9
18149,13
1815,624
18150,18
18151,10
18152,11
18153,14
18154,1
18155,8
18156,8
18157,10
18159,2
1816,491
18160,16
18161,9
18162,13
18163,2
18164,5
18165,18
18166,5
18167,3
18168,7
18169,6
1817,487
18170,22
18171,7
18172,10
18173,2
18174,7
18175,16
18176,10
18177,9
18178,6
18179,5
1818,498
18180,12
18181,1
18182,5
18183,4
18184,8
18185,6
18187,4
1819,444
18190,32
18191,4
18192,10
18193,2
18194,3
18195,3
18196,3
18197,3
18198,16
18199,10
182,95
1820,657
18200,17
18201,17
18202,8
18203,5
18204,5
18205,17
18206,7
18207,4
18208,5
18209,15
1821,561
18210,23
18211,14
18212,8
18213,10
18214,11
18215,17
18216,7
18217,6
18218,13
18219,3
1822,354
18220,11
18221,14
18222,21
18223,8
18224,12
18225,35
18226,5
18227,9
18228,11
18229,10
1823,353
18230,28
18231,12
18232,10
18233,13
18234,9
18235,21
18236,9
18237,11
18238,5
18239,11
1824,473
18240,30
18241,8
18242,6
18243,1
18244,20
18245,20
18246,9
18247,7
18248,2
18249,6
1825,539
18250,19
18251,13
18252,8
18253,7
18254,10
18255,28
18256,6
18257,2
18258,5
18259,13
1826,334
18260,18
18261,2
18262,3
18263,6
18264,15
18265,19
18266,11
18267,5
18268,3
18269,4
1827,348
18270,6
18271,8
18272,6
18273,6
18274,5
18275,13
18277,3
18278,5
18279,2
1828,352
18280,13
18281,7
18282,9
18283,6
18285,6
18286,8
18287,8
18288,6
18289,2
1829,351
18290,17
18291,12
18292,6
18293,2
18294,4
18295,2
18296,2
18297,5
18298,6
18299,2
183,70
1830,408
18300,24
18301,11
18302,18
18303,10
18304,16
18305,16
18306,9
18307,11
18308,14
18309,20
1831,337
18310,39
18311,5
18312,7
18313,8
18314,3
18315,20
18316,10
18317,9
18318,13
18319,1
1832,316
18320,38
18321,20
18322,9
18323,10
18324,7
18325,24
18326,7
18327,12
18328,7
18329,22
1833,291
18330,17
18331,7
18332,8
18333,17
18334,6
18335,22
18336,4
18337,13
18338,2
18339,7
1834,254
18340,11
18341,12
18342,12
18343,7
18344,8
18345,51
18346,4
18347,3
18348,2
18349,2
1835,358
18350,16
18351,16
18352,7
18353,6
18354,11
18355,22
18356,5
18357,4
18359,4
1836,306
18360,11
18361,7
18362,2
18363,9
18364,10
18365,15
18366,2
18367,8
18368,1
18369,7
1837,259
18370,21
18371,12
18372,9
18373,14
18374,8
18375,13
18376,9
18377,4
18378,4
1838,269
18380,12
18381,3
18382,7
18383,15
18384,3
18385,4
18386,4
18387,10
18388,4
18389,9
1839,241
18390,15
18391,9
18392,10
18393,12
18394,6
18395,23
18396,12
18397,5
18398,3
18399,5
184,52
1840,267
18400,51
18401,58
18402,30
18403,12
18404,35
18405,41
18406,11
18407,26
18408,18
18409,40
1841,219
18410,31
18411,22
18412,38
18413,34
18414,9
18415,8
18416,19
18417,28
18418,2
18419,16
1842,194
18420,50
18421,40
18422,9
18423,15
18424,23
18425,28
18426,14
18427,4
18428,16
18429,18
1843,204
18430,25
18431,14
18432,13
18433,15
18434,4
18435,8
18436,13
18437,22
18438,10
1844,211
18440,33
18441,11
18442,6
18443,10
18444,7
18445,13
18446,11
18447,3
18448,13
18449,3
1845,288
18450,24
18451,13
18452,17
18453,7
18454,2
18455,17
18456,7
18457,5
18458,7
18459,3
1846,166
18460,13
18461,24
18462,7
18463,7
18464,7
18465,15
18466,4
18467,2
18468,9
18469,5
1847,182
18470,12
18471,15
18472,5
18473,9
18474,15
18475,16
18476,7
18477,8
18478,6
18479,4
1848,201
18480,26
18481,9
18482,14
18483,9
18484,10
18485,7
18486,8
18487,5
18488,3
18489,3
1849,183
18490,13
18491,12
18492,1
18493,2
18494,5
18495,14
18496,2
18497,7
18498,5
18499,6
185,88
1850,261
18500,42
18501,25
18502,12
18503,18
18504,20
18505,43
18506,12
18507,10
18508,22
18509,28
1851,195
18510,19
18511,48
18512,18
18513,26
18514,13
18515,18
18516,34
18517,24
18518,19
18519,16
1852,158
18520,42
18521,17
18522,8
18523,24
18524,20
18525,42
18526,19
18527,24
18528,8
18529,21
1853,118
18530,25
18531,9
18532,14
18533,8
18534,5
18535,7
18536,9
18537,11
18538,5
18539,1
1854,125
18540,16
18541,4
18542,2
18543,7
18544,5
18545,6
18546,8
18547,7
18548,5
18549,7
1855,159
18550,21
18551,9
18552,7
18553,4
18554,3
18555,7
18556,6
18557,9
18558,5
18559,8
1856,129
18560,16
18561,8
18562,4
18563,4
18564,9
18565,24
18567,12
18568,4
18569,7
1857,124
18570,19
18571,9
18572,5
18573,5
18574,3
18575,9
18576,3
18577,2
1858,114
18580,8
18581,8
18582,3
18584,2
18585,15
18586,4
18587,6
18588,7
18589,44
1859,95
18590,9
18591,4
18592,1
18593,6
18594,2
18595,14
18596,10
18597,1
18598,7
18599,1
186,61
1860,149
18600,35
18601,19
18602,5
18603,10
18604,16
18605,36
18606,4
18607,7
18608,10
18609,5
1861,96
18610,19
18611,7
18612,11
18613,9
18614,6
18615,21
18616,7
18617,8
18618,5
18619,7
1862,69
18620,15
18621,16
18622,10
18623,4
18624,16
18625,25
18626,25
18627,9
18628,2
18629,12
1863,98
18630,14
18631,5
18632,4
18633,5
18634,6
18635,22
18636,3
18637,5
18638,2
18639,3
1864,57
18640,7
18641,24
18642,11
18643,8
18644,8
18645,23
18646,3
18647,17
18648,8
18649,3
1865,89
18650,17
18651,14
18652,4
18653,5
18654,6
18655,24
18656,10
18657,2
18658,3
18659,11
1866,60
18660,12
18661,6
18662,2
18663,9
18664,3
18665,31
18666,7
18667,9
18668,10
18669,6
1867,65
18670,27
18672,10
18673,4
18674,2
18675,13
18676,8
18677,1
18678,6
18679,2
1868,61
18680,3
18681,7
18682,2
18683,4
18684,3
18685,4
18686,2
18687,10
18688,7
18689,3
1869,78
18690,13
18691,9
18692,2
18693,8
18694,2
18695,10
18696,1
18697,2
18698,6
18699,6
187,67
1870,110
18700,26
18701,23
18702,18
18703,2
18704,6
18705,15
18706,11
18707,8
18708,2
18709,6
1871,69
18710,16
18711,16
18712,9
18713,9
18714,13
18715,21
18716,17
18717,3
18718,4
18719,15
1872,83
18720,21
18721,14
18722,10
18723,14
18724,6
18725,68
18726,7
18727,7
18728,14
18729,2
1873,68
18730,20
18731,24
18732,8
18733,27
18734,13
18735,25
18736,8
18737,3
18738,6
18739,10
1874,57
18740,18
18741,4
18742,13
18743,13
18744,6
18745,9
18746,10
18747,12
18748,5
18749,11
1875,105
18750,29
18751,1
18752,15
18753,3
18754,4
18755,14
18756,4
18757,7
18758,2
18759,5
1876,74
18760,10
18761,6
18762,5
18765,14
18766,2
18767,12
18768,7
18769,8
1877,61
18770,15
18771,1
18772,7
18773,9
18774,9
18775,21
18776,2
18777,2
18778,4
18779,1
1878,66
18780,7
18781,8
18782,2
18783,4
18784,6
18785,11
18786,4
18787,10
18788,1
18789,1
1879,152
18790,20
18791,4
18792,4
18793,9
18794,6
18795,5
18796,7
18797,6
18798,8
18799,2
188,53
1880,85
18800,54
18801,19
18802,14
18803,9
18804,30
18805,27
18806,5
18807,9
18808,19
18809,6
1881,68
18810,29
18811,9
18812,21
18813,16
18814,6
18815,27
18816,12
18817,12
18818,13
18819,4
1882,46
18820,41
18821,18
18822,5
18823,18
18824,11
18825,23
18826,9
18827,2
18828,6
18829,5
1883,55
18830,30
18831,8
18832,9
18833,6
18834,5
18835,16
18836,8
18837,8
18838,8
18839,8
1884,38
18840,31
18841,14
18842,10
18843,3
18844,2
18845,11
18846,5
18847,7
18848,13
18849,5
1885,82
18850,26
18851,4
18852,2
18853,6
18854,9
18855,14
18856,2
18857,8
18858,6
18859,8
1886,72
18860,31
18861,9
18862,13
18863,4
18864,6
18865,26
18866,5
18867,11
18868,1
1887,43
18870,18
18871,11
18872,3
18873,7
18874,5
18875,9
18876,12
18877,6
18878,4
18879,10
1888,49
18880,21
18881,10
18882,7
18883,2
18884,5
18885,11
18886,3
18887,4
18888,2
18889,2
1889,49
18890,29
18891,7
18892,6
18893,6
18894,2
18895,6
18896,4
18897,2
18898,5
18899,20
189,78
1890,88
18900,20
18901,25
18902,36
18903,16
18904,22
18905,19
18906,16
18907,23
18908,17
18909,24
1891,57
18910,30
18911,26
18912,24
18913,15
18914,20
18915,18
18916,10
18917,15
18918,19
18919,21
1892,40
18920,41
18921,24
18922,11
18923,9
18924,6
18925,23
18926,12
18927,4
18928,9
18929,3
1893,37
18930,12
18931,5
18932,13
18933,17
18934,11
18935,26
18936,15
18937,8
18938,5
18939,8
1894,31
18940,19
18941,14
18942,10
18943,6
18944,9
18945,12
18946,11
18947,6
18948,2
18949,2
1895,81
18950,19
18951,5
18952,4
18953,10
18954,4
18955,29
18956,12
18957,5
18958,9
18959,12
1896,48
18960,26
18961,18
18962,5
18963,6
18964,10
18965,21
18966,8
18967,8
18968,4
18969,14
1897,50
18970,20
18971,7
18972,21
18973,9
18974,12
18975,20
18976,7
18977,10
18978,2
18979,8
1898,61
18980,16
18981,10
18982,5
18983,6
18984,9
18985,15
18986,12
18987,9
18988,9
18989,2
1899,23
18990,20
18991,12
18992,8
18993,10
18994,13
18995,8
18996,9
18997,8
18998,9
18999,9
19,439
190,101
1900,1260
19000,42
19001,45
19002,23
19003,13
19004,38
19005,45
19006,27
19007,20
19008,30
19009,32
1901,871
19010,23
19011,17
19012,22
19013,16
19014,16
19015,20
19016,14
19017,27
19018,8
19019,6
1902,642
19020,21
19021,13
19022,19
19023,10
19024,15
19025,17
19026,13
19027,11
19028,14
19029,8
1903,505
19030,16
19031,27
19032,7
19033,5
19034,4
19035,10
19036,13
19037,7
19038,5
19039,10
1904,545
19040,12
19042,2
19043,11
19044,3
19045,16
19046,21
19048,6
19049,7
1905,639
19050,23
19051,9
19052,12
19053,3
19054,1
19055,19
19056,2
19057,2
19058,4
19059,8
1906,554
19060,20
19061,3
19062,3
19063,3
19064,10
19065,19
19066,13
19067,4
19068,3
19069,2
1907,540
19070,12
19071,6
19072,7
19073,2
19074,4
19075,21
19076,2
19077,1
19079,5
1908,884
19080,25
19081,7
19082,2
19083,3
19084,4
19085,17
19086,4
19087,3
19088,3
19089,3
1909,732
19090,16
19091,6
19092,4
19094,1
19095,11
19096,2
19097,2
19098,8
19099,8
191,128
1910,611
19100,14
19101,10
19102,12
19103,10
19104,4
19105,13
19106,4
19107,4
19108,1
19109,18
1911,496
19110,18
19111,20
19112,8
19113,3
19114,5
19115,7
19117,5
19118,2
19119,7
1912,631
19120,17
19121,23
19122,2
19123,9
19124,4
19125,8
19126,8
19127,6
19129,4
1913,466
19130,9
19131,10
19132,5
19133,10
19134,4
19135,9
19136,4
19137,7
19139,4
1914,507
19140,6
19141,4
19142,6
19144,1
19145,7
19146,5
19147,3
19148,4
19149,7
1915,853
19150,29
19151,16
19152,7
19153,2
19154,9
19155,10
19157,4
19158,2
19159,3
1916,435
19160,11
19161,1
19162,5
19163,2
19164,2
19165,8
19166,3
19167,5
19168,3
19169,2
1917,460
19170,11
19171,15
19172,1
19173,5
19174,8
19175,5
19176,3
19178,13
19179,2
1918,374
19180,6
19182,6
19184,2
19185,11
19187,4
19188,4
1919,494
19190,16
19191,3
19192,3
19193,3
19194,4
19195,7
19196,7
19198,2
19199,10
192,52
1920,635
19200,36
19201,33
19202,6
19203,4
19204,9
19205,11
19206,4
19207,3
19208,18
19209,8
1921,532
19210,19
19211,10
19212,14
19213,3
19214,1
19215,5
19216,4
19217,8
19219,11
1922,314
19220,13
19221,13
19222,7
19223,4
19224,6
19225,9
19226,8
19227,11
19228,3
19229,12
1923,339
19230,16
19231,7
19232,3
19233,6
19234,1
19235,12
19238,5
19239,7
1924,401
19240,9
19241,10
19242,3
19243,2
19245,7
1925,470
19250,19
19251,2
19252,6
19253,9
19254,2
19255,23
19256,10
19257,2
19258,3
19259,10
1926,392
19260,15
19261,4
19262,7
19263,1
19264,1
19265,18
19266,8
19267,2
19269,6
1927,344
19270,8
19271,1
19273,1
19274,2
19275,9
19276,3
19278,2
19279,2
1928,357
19280,22
19281,5
19283,2
19284,2
19285,7
19286,5
19287,7
19289,4
1929,287
19290,10
19291,2
19292,2
19293,5
192932,1
19294,3
19295,6
19296,3
19297,2
19298,2
19299,6
193,79
1930,376
19300,36
19301,12
19302,5
19303,16
19304,13
19305,20
19306,8
19307,16
19308,21
19309,16
1931,370
19310,22
19311,13
19312,17
19313,13
19314,11
19315,11
19316,4
19317,10
19318,11
19319,16
1932,361
19320,17
19321,19
19322,14
19323,8
19324,16
19325,16
19326,7
19327,2
19328,7
19329,7
1933,307
19330,20
19331,9
19332,6
19333,2
19334,5
19335,9
19336,2
19337,4
19339,14
1934,285
19340,14
19341,6
19343,6
19345,10
19347,4
19348,3
19349,2
1935,244
19350,24
19351,9
19352,1
19353,2
19354,1
19355,17
19356,8
19357,3
19358,5
19359,9
1936,265
19360,12
19361,1
19362,4
19363,2
19364,7
19365,10
19366,4
19367,5
19368,9
19369,9
1937,270
19370,13
19371,8
19372,5
19373,8
19374,5
19375,12
19376,4
19378,7
19379,7
1938,230
19380,15
19381,1
19382,4
19383,6
19384,2
19385,6
19386,3
19387,2
19388,2
19389,2
1939,180
19390,3
19391,5
19393,5
19394,1
19395,9
19396,2
19398,3
19399,1
194,71
1940,437
19400,31
19401,22
19402,12
19403,18
19404,9
19405,35
19406,7
19407,17
19408,22
19409,18
1941,263
19410,16
19411,15
19412,20
19413,15
19414,15
19415,14
19416,8
19417,10
19418,6
19419,10
1942,296
19420,28
19421,12
19422,11
19423,11
19424,15
19425,29
19426,5
19427,15
19428,8
19429,5
1943,179
19430,10
19431,8
19432,14
19434,1
19435,18
19436,8
19437,2
19439,9
1944,253
19440,10
19441,3
19442,1
19444,7
19445,3
19447,4
19448,6
19449,7
1945,726
19450,17
19451,2
19452,2
19453,1
19454,4
19455,15
19456,8
19457,4
19458,3
19459,5
1946,189
19460,11
19461,6
19462,4
19464,3
19465,15
19466,4
19467,4
19468,1
19469,10
1947,172
19470,9
19471,1
19472,6
19473,1
19474,1
19475,15
19476,5
19477,3
19478,4
19479,8
1948,194
19480,14
19482,5
19483,3
19485,16
19486,1
19487,2
19488,3
19489,3
1949,188
19490,8
19491,5
19492,5
19493,1
19494,4
19495,9
19496,6
19497,1
19498,8
195,69
1950,292
19500,28
19501,26
19502,5
19503,16
19504,25
19505,27
19506,10
19507,9
19508,13
19509,15
1951,190
19510,20
19511,18
19512,19
19513,6
19514,12
19515,7
19516,5
19517,18
19518,10
19519,10
1952,157
19520,24
19521,11
19522,6
19523,13
19524,11
19525,20
19526,6
19527,7
19528,5
19529,7
1953,122
19530,12
19531,6
19532,6
19534,2
19535,5
19536,7
19537,7
19538,7
19539,2
1954,118
19540,7
19541,8
19542,2
19543,16
19544,4
19545,11
19546,5
19547,3
19548,5
19549,3
1955,157
19550,17
19551,14
19552,7
19553,2
19554,2
19555,15
19556,7
19557,3
19558,3
19559,1
1956,129
19560,11
19561,5
19562,7
19563,2
19564,6
19565,11
19567,2
19568,5
1957,110
19570,28
19571,19
19572,6
19573,2
19574,2
19575,13
19576,6
19577,6
19578,2
19579,2
1958,108
19580,22
19581,4
19582,8
19583,4
19584,8
19585,6
19586,1
19587,6
19588,6
19589,4
1959,79
19590,13
19591,4
19592,10
19593,6
19594,3
19595,15
19596,7
19597,7
19598,7
19599,1
196,55
1960,159
19600,42
19601,33
19602,28
19603,18
19604,27
19605,27
19606,19
19607,11
19608,18
19609,17
1961,108
19610,32
19611,17
19612,17
19613,16
19614,19
19615,28
19616,16
19617,17
19618,15
19619,14
1962,90
19620,27
19621,18
19622,14
19623,21
19624,23
19625,28
19626,15
19627,18
19628,8
19629,21
1963,83
19630,20
19631,11
19632,11
19633,17
19634,15
19635,18
19636,10
19637,14
19638,13
19639,6
1964,86
19640,31
19641,11
19642,18
19643,5
19644,13
19645,4
19646,2
19647,4
19648,7
19649,7
1965,105
19650,22
19651,15
19652,9
19653,2
19654,4
19655,28
19656,8
19657,7
19658,3
19659,5
1966,58
19660,8
19661,6
19662,7
19663,8
19664,8
19665,6
19666,1
19667,1
19669,2
1967,55
19670,16
19671,4
19672,8
19673,1
19675,20
19676,4
19677,6
19678,2
19679,4
1968,71
19680,8
19681,3
19682,6
19683,4
19685,4
19686,15
19689,3
1969,53
19690,18
19691,8
19693,6
19694,2
19696,1
19697,2
19698,3
197,86
1970,115
19700,24
19701,22
19702,24
19703,16
19704,20
19705,24
19706,15
19707,18
19708,23
19709,15
1971,77
19710,30
19711,12
19712,18
19713,12
19714,19
19715,13
19716,10
19717,18
19718,21
19719,5
1972,87
19720,33
19721,17
19722,16
19723,10
19724,13
19725,19
19726,11
19727,5
19728,5
19729,10
1973,100
19730,18
19731,7
19732,7
19733,9
19734,3
19735,9
19736,6
19737,7
19738,3
19739,7
1974,68
19740,8
19741,12
19742,8
19743,2
19744,8
19745,13
19746,12
19747,6
19748,11
19749,17
1975,101
19750,13
19751,10
19752,2
19753,5
19754,7
19755,16
19756,6
19757,6
19758,2
19759,1
1976,82
19760,6
19761,2
19762,1
19763,9
19764,1
19765,7
19766,7
19767,2
19768,1
19769,4
1977,65
19770,20
19771,3
19772,2
19773,1
19774,5
19775,13
19776,1
19777,18
19778,10
1978,43
19780,12
19781,16
19783,4
19784,7
19785,11
19786,7
19787,5
19788,11
19789,3
1979,54
19790,16
19791,2
19793,5
19794,2
19795,18
19797,13
19798,8
19799,5
198,75
1980,83
19800,31
19801,29
19802,10
19803,3
19804,4
19805,9
19806,8
19807,7
19808,13
19809,6
1981,52
19810,11
19811,6
19812,16
19813,7
19814,11
19815,13
19816,2
19817,7
19818,9
19819,6
1982,53
19820,18
19821,14
19822,7
19823,4
19824,2
19825,15
19826,9
19827,3
19828,11
19829,3
1983,36
19830,10
19831,3
19832,3
19833,5
19834,2
19835,11
19836,8
19837,4
19838,4
19839,6
1984,46
19840,12
19841,8
19842,6
19843,3
19844,7
19845,10
19846,5
19847,2
19849,2
1985,187
19850,2
19851,2
19854,6
19855,25
19856,3
19857,3
19858,3
19859,2
1986,32
19860,15
19861,2
19862,1
19863,5
19864,5
19865,8
19866,2
1987,14
19870,7
19871,3
19872,7
19873,2
19875,7
19876,1
19877,2
1988,21
19880,15
19881,5
19882,2
19883,2
19884,3
19885,16
19886,1
19887,2
19889,4
1989,34
19890,9
19891,7
19892,1
19893,1
19894,4
19895,10
19897,13
19898,2
199,38
1990,53
19900,20
19901,8
19902,6
19903,14
19904,10
19905,23
19906,4
19907,8
19908,11
19909,11
1991,24
19910,25
19911,13
19912,7
19913,13
19914,9
19915,18
19916,4
19917,2
19918,9
19919,5
1992,43
19920,15
19921,10
19922,9
19923,5
19924,9
19925,27
19926,7
19927,5
19928,3
19929,4
1993,44
19930,19
19931,2
19932,7
19933,3
19934,7
19935,12
19936,1
19938,2
19939,6
1994,31
19940,5
19941,6
19942,2
19943,8
19944,5
19945,14
19947,6
19949,5
1995,45
19950,28
19951,8
19952,6
19953,9
19954,6
19955,21
19956,4
19957,3
19959,2
1996,26
19960,20
19961,8
19962,12
19963,4
19964,2
19965,12
19966,5
19967,4
19968,2
1997,21
19970,16
19971,10
19972,4
19973,11
19974,10
19975,11
19977,2
19978,1
19979,5
1998,37
19980,12
19981,6
19982,4
19983,2
19984,5
19985,15
19986,3
19987,4
19988,6
19989,5
1999,51
19990,14
19991,9
19992,11
19993,5
19994,5
19995,11
19996,1
19997,5
19998,12
19999,9
2,773
20,530
200,3344
2000,785
20000,27
20001,29
20002,16
20003,13
20004,5
20005,17
20006,7
20007,13
20008,4
20009,14
2001,978
20010,12
20011,12
20012,14
20013,3
20014,8
20015,14
20017,10
20018,12
20019,7
2002,542
20020,17
20021,16
20022,3
20023,4
20024,18
20025,21
20026,8
20027,6
20028,6
20029,7
2003,458
20030,21
20031,16
20032,12
20033,7
20034,4
20035,32
20036,7
20037,11
20038,1
20039,10
2004,503
20040,16
20041,16
20042,10
20043,4
20044,3
20045,9
20046,1
20047,1
20048,16
20049,1
2005,647
20050,25
20051,13
20052,15
20053,6
20054,8
20055,22
20056,15
20057,7
20058,4
20059,12
2006,513
20060,16
20061,14
20062,6
20063,13
20064,10
20065,12
20066,5
20067,7
20068,10
20069,19
2007,552
20070,13
20071,8
20072,9
20073,8
20074,7
20075,23
20076,14
20077,11
20078,13
20079,5
2008,585
20080,28
20081,13
20082,7
20083,16
20084,7
20085,24
20086,6
20087,5
20088,7
20089,14
2009,584
20090,18
20091,6
20092,9
20093,1
20094,7
20095,20
20096,8
20097,10
20098,2
20099,3
201,4509
2010,622
20100,41
20101,23
20102,15
20103,13
20104,21
20105,20
20106,5
20107,7
20108,18
20109,23
2011,664
20110,28
20111,18
20112,15
20113,18
20114,7
20115,12
20116,11
20117,10
20118,6
20119,13
2012,523
20120,23
20121,15
20122,11
20123,6
20124,8
20125,29
20126,9
20127,7
20128,17
20129,14
2013,439
20130,13
20131,14
20132,7
20133,6
20134,1
20135,12
20136,8
20137,15
20138,7
20139,9
2014,543
20140,13
20141,2
20142,5
20143,2
20144,6
20145,14
20146,9
20147,7
20148,3
20149,6
2015,659
20150,18
20151,8
20152,3
20153,4
20154,4
20155,10
20156,6
20157,6
20158,5
20159,8
2016,527
20160,19
20161,17
20162,6
20163,3
20164,10
20165,13
20166,4
20167,2
20169,1
2017,452
20170,14
20171,15
20172,5
20174,3
20175,14
20176,11
20177,6
20178,2
20179,11
2018,440
20180,10
20181,8
20182,8
20183,6
20184,4
20185,18
20186,5
20187,3
20188,6
20189,13
2019,413
20190,18
20191,7
20192,12
20193,2
20194,5
20195,14
20196,8
20197,4
20198,4
20199,15
202,3502
2020,783
20200,26
20201,15
20202,15
20203,13
20204,5
20205,15
20206,10
20207,10
20208,10
20209,10
2021,589
20210,26
20211,7
20212,13
20213,21
20214,6
20215,19
20216,18
20217,7
20218,3
20219,11
2022,423
20220,21
20221,8
20222,6
20223,6
20224,7
20225,22
20226,5
20227,7
20228,3
20229,11
2023,426
20230,25
20231,4
20232,6
20233,6
20234,8
20235,9
20236,9
20237,6
20238,7
20239,6
2024,365
20240,9
20241,3
20242,12
20243,7
20244,7
20245,17
20246,3
20247,3
20248,3
20249,6
2025,514
20250,23
20251,17
20252,2
20253,8
20254,8
20255,14
20256,4
20257,3
20258,11
20259,9
2026,311
20260,43
20261,11
20262,3
20263,5
20265,9
20266,5
20267,11
20268,15
20269,6
2027,312
20270,17
20272,2
20274,3
20275,22
20276,8
20277,2
20278,6
20279,13
2028,283
20280,14
20282,5
20283,4
20284,7
20285,5
20286,1
20287,2
20288,8
20289,4
2029,405
20290,6
20291,9
20292,2
202931,1
20294,2
20295,16
20296,3
20297,4
20298,6
20299,3
203,2793
2030,374
20300,30
20301,15
20302,7
20303,14
20304,15
20305,23
20306,14
20307,5
20308,13
20309,14
2031,253
20310,11
20311,21
20312,18
20313,10
20314,17
20315,23
20316,10
20317,18
20318,12
20319,8
2032,280
20320,20
20321,11
20322,10
20323,4
20324,11
20325,12
20326,12
20327,8
20328,4
20329,3
2033,282
20330,12
20331,4
20332,11
20333,4
20334,8
20335,16
20336,16
20337,2
20338,3
20339,5
2034,203
20340,21
20341,10
20342,11
20343,7
20344,4
20345,14
20346,1
20347,5
20348,4
20349,10
2035,259
20350,19
20351,8
20352,7
20353,8
20354,3
20355,13
20356,4
20357,14
20358,8
20359,9
2036,217
20360,3
20361,10
20362,1
20363,2
20364,7
20365,10
20366,4
20367,9
20368,5
20369,2
2037,225
20370,11
20371,8
20373,3
20374,4
20375,12
20376,4
20377,4
20378,6
20379,9
2038,194
20380,5
20381,2
20382,5
20383,2
20384,1
20385,8
20386,3
20387,8
20388,3
20389,12
2039,182
20390,13
20391,13
20392,3
20393,2
20394,2
20395,12
20396,5
20397,6
20398,3
20399,6
204,3335
2040,300
20400,9
20401,15
20402,10
20403,11
20404,14
20405,18
20406,10
20407,13
20408,10
20409,8
2041,201
20410,24
20411,18
20412,16
20413,5
20414,15
20415,7
20416,11
20417,7
20418,7
20419,13
2042,159
20420,16
20421,10
20422,7
20423,9
20424,1
20425,12
20426,10
20428,3
2043,158
20430,3
20432,3
20433,8
20434,2
20435,2
20436,4
20437,2
20438,6
20439,5
2044,193
20440,20
20441,10
20442,2
20443,5
20444,5
20445,19
20446,3
20448,3
20449,2
2045,296
20450,19
20451,11
20452,7
20453,2
20454,2
20455,10
20456,7
20457,3
20458,1
20459,6
2046,138
20460,6
20461,6
20463,14
20464,2
20465,19
20466,3
20467,4
20468,5
20469,2
2047,105
20470,6
20471,7
20472,2
20473,1
20474,4
20475,10
20476,18
20477,5
20478,2
20479,2
2048,178
20480,10
20481,4
20482,2
20483,5
20485,13
20486,2
20487,6
20488,2
20489,2
2049,173
20490,15
20491,9
20492,10
20493,5
20494,7
20495,7
20496,6
20497,2
20498,8
20499,6
205,3477
2050,279
20500,31
20501,21
20502,14
20503,20
20504,8
20505,22
20506,17
20507,11
20508,6
20509,14
2051,156
20510,14
20511,14
20512,9
20513,11
20514,12
20515,11
20516,2
20517,5
20518,16
20519,17
2052,153
20520,14
20521,19
20522,13
20523,2
20524,5
20525,15
20526,12
20527,6
20528,4
2053,109
20530,9
20531,4
20532,5
20533,7
20534,2
20535,4
20536,8
20537,4
20538,5
20539,1
2054,137
20540,27
20541,11
20542,10
20543,4
20544,5
20545,15
20547,2
20548,14
20549,7
2055,169
20550,18
20551,2
20552,4
20553,3
20554,2
20555,8
20556,3
20559,3
2056,93
20560,14
20561,9
20562,11
20563,7
20564,5
20565,7
20566,4
20567,5
20568,3
20569,15
2057,80
20570,8
20571,17
20572,9
20573,4
20575,9
20576,9
20578,3
20579,2
2058,88
20580,5
20581,14
20582,2
20583,6
20584,4
20585,15
20586,1
20587,7
20589,3
2059,76
20590,9
20591,5
20593,7
20594,4
20595,11
20596,6
20597,4
20599,1
206,3125
2060,120
20600,30
20601,14
20602,19
20603,18
20604,12
20605,8
20606,9
20607,12
20608,9
20609,12
2061,90
20610,15
20611,14
20612,10
20613,7
20614,15
20615,11
20616,9
20617,9
20618,9
20619,8
2062,78
20620,21
20621,8
20622,5
20623,10
20624,6
20625,10
20626,4
20627,3
20628,5
20629,6
2063,91
20630,9
20631,7
20632,1
20633,9
20634,7
20635,3
20636,6
20637,2
20638,8
20639,7
2064,84
20640,6
20641,6
20642,4
20643,13
20644,6
20645,4
20646,2
20648,6
20649,4
2065,124
20650,11
20651,5
20653,5
20654,2
20655,2
20656,11
20657,6
20658,2
20659,5
2066,59
20660,16
20661,8
20662,3
20663,6
20665,16
20667,2
20668,1
20669,3
2067,61
20670,5
20671,8
20672,2
20673,2
20674,2
20675,2
20676,4
20677,5
20678,3
20679,2
2068,47
20680,5
20681,4
20682,9
20683,6
20684,2
20685,6
20687,5
20688,4
20689,9
2069,45
20690,9
20691,3
20692,7
20694,3
20695,10
20696,3
20697,1
20698,4
20699,12
207,3037
2070,92
20700,27
20701,30
20702,31
20703,17
20704,23
20705,61
20706,8
20707,16
20708,16
20709,8
2071,74
20710,26
20711,20
20712,14
20713,2
20714,15
20715,19
20716,14
20717,12
20718,6
20719,8
2072,62
20720,14
20721,7
20722,4
20723,5
20724,5
20725,15
20726,4
20727,6
20728,2
20729,5
2073,52
20730,21
20731,10
20732,4
20733,5
20734,11
20735,14
20736,6
20738,6
20739,1
2074,68
20740,9
20741,7
20742,4
20743,7
20744,4
20745,16
20746,12
20747,3
20748,8
20749,10
2075,97
20750,16
20751,8
20752,2
20754,2
20755,14
20756,5
20757,5
20758,4
20759,8
2076,51
20760,12
20761,8
20762,1
20763,3
20764,11
20765,15
20766,9
20767,13
20768,4
20769,6
2077,53
20770,8
20771,11
20772,9
20773,6
20774,7
20775,14
20776,9
20777,7
20778,9
20779,7
2078,41
20780,12
20781,2
20782,5
20783,7
20784,5
20785,11
20786,9
20787,8
20788,3
20789,10
2079,40
20790,14
20791,4
20792,14
20793,9
20794,9
20795,7
20797,3
20798,2
20799,3
208,3090
2080,71
20800,34
20801,22
20802,22
20803,33
20804,26
20805,23
20806,38
20807,37
20808,19
20809,31
2081,65
20810,35
20811,32
20812,23
20813,24
20814,22
20815,41
20816,34
20817,32
20818,21
20819,20
2082,47
20820,22
20821,20
20822,21
20823,13
20824,19
20825,32
20826,11
20827,8
20828,15
20829,16
2083,66
20830,24
20831,24
20832,5
20833,24
20834,5
20835,24
20836,10
20837,6
20839,8
2084,37
20840,32
20841,7
20842,3
20843,6
20844,5
20845,5
20847,6
20848,15
20849,12
2085,84
20850,16
20851,12
20852,1
20853,7
20854,6
20855,18
20856,2
20857,5
20858,3
20859,2
2086,32
20860,16
20861,8
20862,8
20863,4
20864,7
20865,27
20866,5
20867,6
20868,2
20869,5
2087,51
20870,14
20871,11
20873,6
20874,7
20875,10
20876,4
20877,2
20878,2
20879,10
2088,42
20880,6
20881,3
20882,3
20883,5
20884,7
20885,13
20886,8
20887,1
20888,7
20889,14
2089,41
20890,19
20891,2
20893,6
20895,6
20896,3
20897,4
20898,12
20899,11
209,3130
2090,85
20900,34
20901,47
20902,43
20903,20
20904,22
20905,32
20906,20
20907,20
20908,30
20909,46
2091,34
20910,32
20911,14
20912,25
20913,31
20914,26
20915,26
20916,18
20917,25
20918,17
20919,15
2092,32
20920,22
20921,28
20922,18
20923,18
20924,9
20925,28
20926,9
20927,9
20928,12
20929,17
2093,36
20930,19
20931,14
20932,15
20933,10
20934,5
20935,7
20936,13
20937,10
20938,9
20939,29
2094,35
20940,17
20941,21
20942,13
20943,21
20944,18
20945,16
20946,4
20947,8
20948,4
20949,12
2095,71
20950,27
20951,14
20952,6
20953,6
20954,4
20955,17
20956,2
20957,20
20958,4
20959,2
2096,48
20960,10
20961,5
20962,17
20963,1
20965,7
20966,5
20967,9
20968,5
20969,7
2097,53
20970,17
20971,11
20972,2
20973,10
20974,6
20975,17
20977,10
20978,3
20979,9
2098,48
20980,17
20981,23
20982,8
20983,6
20984,3
20985,11
20986,6
20987,9
20988,8
20989,2
2099,37
20990,16
20991,6
20992,2
20993,8
20995,13
20996,6
20997,5
20998,12
20999,5
21,484
210,3383
2100,751
21000,36
21001,20
21002,18
21003,19
21004,32
21005,41
21006,26
21007,29
21008,25
21009,19
2101,1271
21010,41
21011,38
21012,22
21013,24
21014,24
21015,29
21016,16
21017,14
21018,20
21019,30
2102,486
21020,19
21021,23
21022,18
21023,28
21024,9
21025,23
21026,6
21027,17
21028,15
21029,18
2103,418
21030,17
21031,15
21032,12
21033,16
21034,21
21035,21
21036,6
21037,5
21038,12
2104,556
21040,15
21041,13
21042,10
21043,1
21044,10
21045,6
21046,8
21047,12
21048,4
21049,4
2105,604
21050,29
21051,19
21052,2
21053,7
21054,10
21055,23
21056,10
21057,1
21058,4
21059,10
2106,467
21060,29
21061,10
21062,12
21063,10
21064,2
21065,12
21066,9
21067,7
21068,2
21069,1
2107,458
21070,20
21071,4
21072,12
21073,8
21074,9
21075,7
21076,8
21077,6
21078,22
21079,8
2108,670
21080,10
21081,3
21082,7
21083,5
21084,4
21085,13
21086,2
21087,14
21088,13
21089,4
2109,580
21090,9
21091,8
21092,9
21093,6
21094,6
21095,17
21096,3
21097,5
21098,13
21099,3
211,3061
2110,601
21100,24
21101,20
21102,17
21103,23
21104,18
21105,43
21106,27
21107,33
21108,18
21109,24
2111,578
21110,25
21111,35
21112,39
21113,19
21114,8
21115,22
21116,17
21117,13
21118,13
21119,17
2112,591
21120,20
21121,15
21122,12
21123,17
21124,6
21125,25
21126,4
21127,6
21128,4
21129,4
2113,511
21130,24
21131,22
21132,1
21133,9
21134,11
21135,11
21136,7
21137,8
21138,7
21139,5
2114,426
21140,18
21141,6
21142,10
21143,13
21144,3
21145,24
21146,2
21147,3
21148,7
21149,8
2115,474
21150,27
21151,13
21152,3
21153,13
21154,3
21155,18
21156,5
21157,7
21158,4
21159,10
2116,475
21160,14
21161,6
21162,9
21163,4
21164,8
21165,18
21167,3
21168,2
21169,8
2117,459
21170,9
21171,12
21172,6
21173,3
21174,2
21175,30
21176,10
21177,7
21178,4
21179,4
2118,346
21180,20
21181,6
21182,12
21183,6
21184,4
21185,16
21187,5
21189,5
2119,384
21190,25
21191,10
21192,14
21193,7
21194,2
21195,3
21196,6
21197,2
21198,5
21199,2
212,2585
2120,494
21200,31
21201,32
21202,29
21203,34
21204,27
21205,39
21206,29
21207,24
21208,24
21209,34
2121,737
21210,54
21211,26
21212,27
21213,26
21214,30
21215,49
21216,25
21217,22
21218,26
21219,27
2122,332
21220,31
21221,34
21222,26
21223,15
21224,10
21225,30
21226,24
21227,23
21228,12
21229,13
2123,280
21230,47
21231,22
21232,13
21233,10
21234,10
21235,21
21236,8
21237,6
21238,5
21239,2
2124,401
21240,18
21241,12
21242,11
21243,15
21244,8
21245,11
21246,5
21247,4
21248,2
21249,13
2125,504
21250,63
21251,11
21252,13
21253,11
21254,14
21255,17
21256,9
21257,8
21258,4
21259,7
2126,300
21260,29
21261,9
21262,9
21263,16
21264,2
21265,6
21266,5
21267,3
2127,239
21270,19
21271,7
21272,3
21273,6
21274,2
21275,15
21276,4
21277,3
21278,5
21279,5
2128,260
21280,20
21281,6
21282,6
21283,6
21285,19
21286,1
21287,2
21288,5
21289,2
2129,250
21290,21
21291,8
21293,11
21294,7
21295,25
21296,3
21297,3
21299,3
213,1781
2130,523
21300,21
21301,31
21302,29
21303,36
21304,14
21305,22
21306,31
21307,36
21308,35
21309,32
2131,263
21310,38
21311,35
21312,36
21313,37
21314,15
21315,43
21316,26
21317,24
21318,27
21319,20
2132,268
21320,29
21321,33
21322,30
21323,8
21324,19
21325,24
21326,8
21327,6
21328,15
21329,6
2133,266
21330,19
21331,10
21332,5
21333,3
21334,11
21335,17
21336,5
21337,7
21338,6
21339,3
2134,181
21340,20
21341,14
21342,5
21343,7
21344,2
21345,5
21347,6
21348,9
21349,1
2135,336
21350,25
21351,22
21352,7
21353,5
21354,3
21355,11
21356,4
21357,2
21358,3
21359,5
2136,234
21360,20
21361,12
21362,7
21363,2
21364,4
21365,9
21366,2
21368,6
21369,9
2137,168
21370,24
21371,5
21372,9
21373,3
21374,4
21375,8
21376,7
21377,11
21378,5
21379,3
2138,198
21380,15
21381,7
21382,2
21383,5
21384,8
21385,19
21386,4
21387,6
21388,5
21389,4
2139,161
21390,10
21391,8
21392,3
21393,1
21394,5
21395,13
21396,2
21397,1
21398,9
21399,3
214,1937
2140,294
21400,29
21401,30
21402,16
21403,17
21404,29
21405,46
21406,26
21407,25
21408,30
21409,28
2141,210
21410,59
21411,29
21412,26
21413,31
21414,27
21415,48
21416,26
21417,21
21418,10
21419,11
2142,148
21420,30
21421,14
21422,17
21423,12
21424,16
21425,20
21426,10
21427,2
21428,6
21429,7
2143,126
21430,21
21431,23
21432,12
21433,2
21434,6
21435,15
21436,8
21437,15
21438,4
21439,7
2144,149
21440,9
21441,4
21442,5
21443,10
21444,3
21445,2
21446,6
21447,4
21448,3
21449,7
2145,280
21450,10
21451,4
21452,6
21453,9
21454,6
21455,15
21456,3
21457,13
21458,4
21459,2
2146,119
21460,13
21461,6
21462,7
21463,8
21464,7
21465,11
21466,2
21467,7
21468,4
21469,8
2147,112
21470,11
21471,4
21472,4
21473,5
21474,2
21475,14
21476,4
21477,4
21478,7
21479,2
2148,141
21480,13
21481,8
21482,7
21483,5
21484,4
21485,5
21486,2
21487,7
21488,1
2149,136
21490,8
21491,9
21493,3
21494,9
21495,10
21497,8
21498,6
21499,2
215,2592
2150,270
21500,26
21501,31
21502,36
21503,50
21504,25
21505,46
21506,38
21507,28
21508,32
21509,34
2151,134
21510,52
21511,38
21512,32
21513,26
21514,34
21515,31
21516,14
21517,24
21518,20
21519,15
2152,145
21520,23
21521,26
21522,17
21523,17
21524,17
21525,11
21526,7
21527,10
21528,11
21529,7
2153,139
21530,17
21531,16
21532,15
21533,10
21534,8
21535,15
21536,2
21537,4
21538,6
21539,8
2154,98
21540,11
21541,8
21542,4
21543,4
21544,4
21545,8
21546,4
21547,7
21548,6
21549,10
2155,125
21550,15
21551,12
21552,2
21553,2
21554,3
21555,8
21556,1
21557,6
21558,3
21559,2
2156,151
21560,9
21561,8
21562,6
21563,15
21564,2
21565,2
21566,7
21567,2
21569,10
2157,106
21570,24
21571,10
21573,2
21574,2
21575,16
21576,5
21578,3
21579,1
2158,87
21580,22
21581,12
21582,6
21584,3
21585,11
21586,9
21587,10
21588,5
21589,9
2159,57
21590,9
21591,14
21592,3
21593,8
21594,4
21595,7
21596,2
21597,6
21599,8
216,2073
2160,135
21600,41
21601,37
21602,25
21603,36
21604,31
21605,48
21606,34
21607,36
21608,32
21609,37
2161,106
21610,47
21611,43
21612,31
21613,38
21614,27
21615,41
21616,35
21617,31
21618,22
21619,24
2162,44
21620,45
21621,44
21622,16
21623,30
21624,25
21625,30
21626,9
21627,18
21628,14
21629,19
2163,69
21630,20
21631,16
21632,13
21633,12
21634,15
21635,14
21636,6
21637,8
21638,2
21639,8
2164,73
21640,32
21641,15
21642,12
21643,9
21644,2
21645,22
21646,2
21647,6
21648,10
21649,10
2165,97
21650,26
21651,2
21652,20
21653,6
21654,2
21655,11
21656,6
21657,8
21658,2
21659,5
2166,60
21660,22
21661,5
21662,12
21663,4
21664,12
21665,16
21667,5
21669,5
2167,59
21670,17
21671,11
21672,3
21673,4
21674,3
21675,5
21676,5
21677,1
21678,6
2168,53
21680,16
21681,3
21682,16
21683,1
21684,8
21685,8
21686,11
21687,2
21688,3
21689,6
2169,40
21690,13
21691,10
21692,5
21693,3
21695,9
21696,2
21698,2
21699,7
217,2140
2170,90
21700,27
21701,46
21702,37
21703,45
21704,41
21705,39
21706,41
21707,58
21708,34
21709,30
2171,64
21710,42
21711,55
21712,37
21713,32
21714,26
21715,50
21716,23
21717,24
21718,37
21719,19
2172,42
21720,37
21721,23
21722,35
21723,24
21724,13
21725,20
21726,20
21727,15
21728,10
21729,12
2173,59
21730,24
21731,19
21732,12
21733,14
21734,20
21735,7
21736,14
21737,6
21738,6
21739,3
2174,60
21740,15
21741,12
21742,3
21743,4
21744,4
21745,1
21746,7
21747,4
21748,7
21749,11
2175,76
21750,30
21751,8
21752,7
21753,8
21755,22
21756,8
21757,2
21758,5
21759,4
2176,46
21760,8
21761,7
21762,2
21763,5
21764,2
21765,4
21766,13
21767,4
21768,2
2177,36
21770,9
21771,15
21772,7
21773,6
21774,3
21775,13
21776,5
21777,8
21778,3
21779,5
2178,58
21780,8
21781,12
21782,5
21783,5
21784,5
21785,8
21786,8
21787,5
21788,7
21789,4
2179,42
21790,8
21791,8
21792,8
21793,5
21794,10
21795,13
21796,6
21797,4
21798,15
21799,5
218,1699
2180,89
21800,31
21801,15
21802,36
21803,30
21804,12
21805,24
21806,29
21807,20
21808,25
21809,21
2181,46
21810,164
21811,24
21812,13
21813,14
21814,22
21815,16
21816,14
21817,16
21818,19
21819,19
2182,36
21820,22
21821,10
21822,6
21823,12
21824,10
21825,23
21826,15
21827,9
21828,7
21829,7
2183,47
21830,27
21831,14
21832,4
21833,11
21834,7
21835,14
21836,12
21837,8
21838,6
21839,5
2184,41
21840,14
21841,11
21842,6
21843,14
21844,10
21845,13
21846,1
21847,13
21848,10
21849,8
2185,66
21850,22
21851,9
21852,16
21853,2
21854,5
21855,17
21856,3
21858,4
2186,35
21860,14
21861,2
21862,15
21864,3
21865,14
21866,6
21867,9
21868,6
21869,1
2187,24
21870,8
21871,6
21872,10
21873,4
21874,5
21875,21
21876,14
21877,12
21878,11
21879,8
2188,45
21880,6
21881,12
21882,8
21883,6
21884,8
21885,2
21886,1
21887,2
21889,2
2189,37
21890,10
21891,6
21892,4
21893,3
21894,18
21895,6
21896,16
21897,7
21898,14
21899,9
219,1608
2190,57
21900,29
21901,28
21902,12
21903,19
21904,13
21905,23
21906,17
21907,18
21908,22
21909,13
2191,112
21910,27
21911,30
21912,23
21913,11
21914,26
21915,23
21916,18
21917,12
21918,26
21919,15
2192,27
21920,12
21921,15
21922,17
21923,9
21924,2
21925,23
21926,8
21927,5
21928,5
21929,12
2193,34
21930,18
21931,8
21932,4
21933,8
21934,3
21935,7
21936,3
21937,2
21938,4
21939,10
2194,37
21940,19
21941,3
21942,11
21943,10
21944,1
21945,3
21946,6
21947,11
21948,8
21949,3
2195,40
21950,6
21951,4
21952,6
21953,14
21954,12
21955,13
21956,5
21957,3
21958,12
21959,3
2196,29
21960,11
21961,3
21962,3
21963,4
21964,2
21965,7
21966,3
21967,1
21968,5
21969,7
2197,25
21970,10
21971,8
21972,3
21973,6
21974,2
21975,13
21976,5
21978,4
21979,3
2198,33
21980,13
21981,1
21982,3
21983,4
21984,4
21985,6
21986,6
21987,5
21988,7
21989,8
2199,18
21990,2
21991,5
21993,8
21994,9
21995,6
21996,9
21998,8
21999,5
22,458
220,2212
2200,1169
22000,32
22001,37
22002,26
22003,25
22004,15
22005,21
22006,14
22007,26
22008,15
22009,17
2201,1155
22010,37
22011,26
22012,19
22013,29
22014,18
22015,23
22016,17
22017,12
22018,15
22019,10
2202,484
22020,11
22021,17
22022,6
22023,8
22024,7
22025,15
22026,4
22027,13
22028,11
22029,18
2203,449
22030,14
22031,13
22032,9
22033,9
22034,3
22035,9
22036,9
22037,7
22038,2
22039,9
2204,549
22040,14
22041,10
22042,11
22043,5
22044,4
22045,9
22046,8
22047,9
22048,4
22049,17
2205,615
22050,7
22051,13
22052,13
22053,8
22054,1
22055,8
22056,1
22057,11
22058,4
22059,13
2206,638
22060,3
22061,10
22062,7
22063,2
22064,8
22065,3
22066,3
22067,6
22068,2
22069,5
2207,505
22070,12
22071,12
22072,10
22073,8
22074,14
22075,17
22076,10
22077,2
22078,5
22079,2
2208,578
22080,24
22081,18
22082,10
22084,5
22085,4
22086,1
22087,7
22088,31
22089,4
2209,579
22090,8
22091,25
22092,4
22093,11
22094,10
22095,8
22096,5
22097,6
22098,11
22099,13
221,1920
2210,621
22100,20
22101,45
22102,28
22103,17
22104,24
22105,29
22106,24
22107,18
22108,29
22109,24
2211,459
22110,27
22111,24
22112,19
22113,29
22114,27
22115,11
22116,28
22117,16
22118,13
22119,18
2212,500
22120,10
22121,24
22122,12
22123,9
22124,12
22125,10
22126,3
22127,8
22128,1
22129,6
2213,475
22130,6
22131,6
22132,5
22133,5
22134,13
22135,3
22136,8
22137,1
22139,5
2214,420
22140,7
22141,8
22142,65
22143,5
22144,8
22145,11
22146,4
22147,2
22148,3
22149,3
2215,704
22150,12
22151,5
22152,9
22153,8
22154,5
22155,6
22156,9
22157,10
22158,1
22159,8
2216,515
22160,9
22161,11
22162,7
22163,2
22164,6
22165,11
22166,5
22167,5
22168,2
22169,8
2217,341
22170,11
22172,3
22174,5
22175,6
22176,11
22177,3
22178,9
22179,11
2218,398
22180,3
22181,4
22182,1
22183,3
22184,5
22185,2
22186,5
22187,1
22188,3
22189,1
2219,424
22190,5
22191,10
22192,6
22193,3
22194,1
22195,14
22196,5
22197,4
22198,4
222,1360
2220,620
22200,16
22201,21
22202,26
22203,16
22204,37
22205,33
22206,20
22207,34
22208,26
22209,19
2221,550
22210,25
22211,15
22212,9
22213,19
22214,18
22215,31
22216,7
22217,13
22218,2
22219,8
2222,393
22220,21
22221,13
22222,4
22223,7
22224,17
22225,12
22226,4
22227,2
22228,6
22229,9
2223,292
22230,12
22231,17
22232,11
22234,1
22235,11
22236,32
22237,6
22238,13
22239,2
2224,428
22240,11
22241,15
22242,5
22243,8
22244,10
22245,13
22247,3
22248,4
22249,20
2225,508
22250,15
22251,18
22252,2
22253,7
22254,8
22255,22
22256,12
22257,2
22258,3
22259,8
2226,279
22260,2
22261,9
22262,4
22263,4
22264,4
22265,3
22266,2
22267,16
22268,15
22269,2
2227,267
22270,5
22271,6
22272,2
22273,22
22274,6
22275,6
22276,3
22277,4
22278,2
22279,2
2228,251
22280,3
22281,5
22283,6
22284,15
22285,5
22286,4
22287,6
22288,2
22289,3
2229,265
22290,4
22291,10
22292,1
22293,6
22294,7
22295,11
22296,23
22297,6
22299,4
223,1257
2230,379
22300,23
22301,27
22302,17
22303,28
22304,12
22305,27
22306,27
22307,24
22308,13
22309,19
2231,325
22310,26
22311,30
22312,19
22313,9
22314,10
22315,13
22316,5
22317,5
22318,6
22319,11
2232,232
22320,8
22321,15
22322,8
22323,12
22324,2
22325,5
22326,7
22327,1
22328,5
22329,8
2233,264
22330,9
22331,7
22332,6
22334,5
22335,3
22336,7
22337,4
2234,170
22341,5
22343,11
22345,3
22346,5
22347,5
22348,11
22349,3
2235,249
22350,11
22351,19
22352,3
22353,3
22354,2
22355,4
22356,1
22359,4
2236,201
22360,8
22361,10
22362,2
22363,1
22364,4
22365,15
22366,5
22367,4
22369,2
2237,206
22371,4
22372,3
22373,8
22374,7
22375,14
22376,10
22377,4
22378,5
22379,2
2238,141
22380,10
22381,6
22382,6
22384,1
22385,11
22387,12
22388,5
22389,5
2239,144
22390,8
22391,2
22392,4
22393,10
22394,2
22395,6
22396,7
22398,3
22399,2
224,1302
2240,224
22400,18
22401,21
22402,21
22403,17
22404,28
22405,27
22406,20
22407,18
22408,18
22409,13
2241,187
22410,23
22411,29
22412,22
22413,13
22414,17
22415,22
22416,16
22417,7
22418,8
22419,19
2242,216
22420,14
22421,23
22422,6
22423,1
22424,1
22425,10
22426,3
22427,5
22428,7
22429,7
2243,203
22430,9
22431,8
22432,2
22433,11
22434,8
22435,14
22436,1
22437,10
22438,12
2244,164
22440,3
22441,2
22442,6
22443,1
22444,1
22445,10
22446,6
22447,7
22448,5
22449,9
2245,262
22450,9
22451,12
22452,4
22454,8
22456,11
22457,4
22458,7
22459,8
2246,102
22460,10
22461,9
22462,8
22463,6
22464,7
22465,14
22466,7
22467,5
22468,5
22469,1
2247,106
22470,18
22471,12
22472,4
22473,6
22474,4
22475,25
22476,4
22478,3
22479,5
2248,122
22480,14
22481,20
22482,3
22483,4
22484,7
22485,14
22486,4
22487,4
22488,2
2249,161
22490,3
22491,14
22492,3
22493,3
22494,4
22495,10
22496,7
22497,8
22498,10
22499,8
225,1531
2250,357
22500,22
22501,26
22502,14
22503,17
22504,20
22505,33
22506,17
22507,19
22508,13
22509,33
2251,169
22510,14
22511,27
22512,34
22513,19
22514,12
22515,30
22516,14
22517,16
22518,24
22519,18
2252,108
22520,13
22521,12
22522,8
22523,13
22524,24
22525,20
22526,17
22527,20
22528,13
22529,5
2253,111
22530,11
22531,14
22532,17
22533,8
22534,7
22535,22
22536,2
22537,5
22538,5
22539,2
2254,96
22540,8
22541,8
22542,8
22543,5
22544,2
22545,1
22547,4
22548,4
22549,9
2255,153
22550,20
22551,9
22552,13
22553,7
22554,13
22555,11
22556,5
22557,14
22558,1
22559,4
2256,98
22560,1
22561,11
22562,10
22563,8
22564,1
22565,6
22566,10
22567,4
22568,6
22569,3
2257,102
22571,11
22572,7
22573,4
22574,8
22575,7
22577,3
22578,5
22579,5
2258,66
22580,5
22581,6
22582,3
22584,3
22585,4
22586,7
22587,2
22588,4
22589,1
2259,52
22590,7
22591,9
22592,3
22593,6
22594,5
22595,10
22597,2
22599,3
226,928
2260,128
22600,29
22601,30
22602,20
22603,20
22604,19
22605,39
22606,17
22607,14
22608,23
22609,37
2261,122
22610,52
22611,22
22612,25
22613,21
22614,21
22615,23
22616,17
22617,12
22618,6
22619,8
2262,78
22620,51
22621,16
22622,7
22623,8
22624,13
22625,26
22626,15
22627,2
22628,15
22629,3
2263,55
22630,49
22631,8
22632,2
22633,4
22634,3
22635,2
22636,8
22637,6
22638,15
22639,2
2264,60
22640,23
22641,7
22642,10
22643,11
22644,7
22645,2
22646,7
22647,2
22648,5
2265,108
22650,10
22651,12
22652,8
22653,6
22654,6
22655,6
22656,2
22657,5
22658,1
22659,9
2266,60
22660,27
22661,10
22662,1
22663,9
22664,4
22665,6
22666,9
22667,5
22668,6
22669,2
2267,58
22670,41
22672,4
22673,2
22674,8
22675,13
22676,4
22677,2
22678,2
2268,64
22680,36
22681,2
22682,2
22683,11
22684,7
22685,2
22686,3
22688,2
22689,6
2269,63
22690,7
22691,3
22692,7
22694,5
22695,5
22696,1
22697,10
22699,3
227,961
2270,68
22700,3
22701,4
22702,18
22703,11
22704,10
22705,24
22706,15
22707,8
22708,9
22709,11
2271,90
22710,16
22711,11
22712,12
22713,14
22714,18
22715,12
22716,6
22717,10
22718,12
22719,3
2272,70
22720,7
22721,12
22722,8
22723,4
22725,10
22726,2
22727,11
22728,2
22729,1
2273,48
22730,6
22732,2
22733,4
22734,1
22736,2
22737,2
22739,5
2274,76
22740,8
22741,3
22742,3
22743,4
22745,2
22747,4
22748,5
22749,2
2275,93
22750,16
22752,1
22753,4
22754,14
22755,7
22756,2
2276,51
22760,6
22761,3
22762,5
22765,10
22769,2
2277,55
22770,3
22772,6
22774,3
22775,7
22776,1
22777,1
22778,4
22779,1
2278,45
22780,7
22782,4
22783,3
22785,4
22786,2
22787,4
22789,8
2279,42
22791,2
22792,5
22796,4
228,829
2280,127
22800,25
22801,17
22802,7
22803,3
22804,11
22805,6
22806,9
22807,15
22808,6
22809,13
2281,55
22810,16
22811,2
22812,6
22813,6
22814,10
22815,12
22816,6
22817,3
22818,4
22819,2
2282,45
22820,8
22821,5
22822,6
22823,1
22824,3
22825,14
22826,6
22828,8
22829,5
2283,55
22830,4
22831,4
22832,6
22833,5
22834,4
22835,3
22837,5
22838,7
2284,50
22840,1
22842,4
22843,3
22847,1
22848,1
22849,4
2285,55
22850,1
22851,11
22852,2
22854,5
22855,4
22856,3
22858,4
22859,1
2286,47
22860,3
22861,4
22863,4
22866,2
22867,2
2287,34
22870,8
22872,1
22873,3
22874,2
22875,6
22876,6
22877,3
22879,3
2288,59
22880,11
22881,2
22882,6
22884,3
22885,3
22886,2
22887,10
22888,4
22889,4
2289,38
22890,1
22891,7
22892,5
22893,1
22895,3
22896,2
22897,2
22898,4
22899,3
229,817
2290,53
22900,28
22901,11
22902,16
22903,8
22904,10
22905,14
22906,23
22907,19
22908,3
22909,6
2291,40
22910,18
22911,10
22912,10
22913,6
22914,16
22915,9
22916,4
22917,4
22918,4
22919,5
2292,26
22920,5
22922,13
22923,3
22924,5
22925,8
22926,5
22927,3
22928,8
22929,6
2293,48
22930,10
22932,5
22933,5
22934,3
22935,9
22936,3
22939,5
2294,37
22940,2
22942,2
22943,3
22944,3
22945,12
22946,4
22947,4
22948,9
2295,52
22950,1
22951,7
22952,3
22953,5
22955,5
22957,4
22958,7
2296,43
22960,4
22961,2
22963,1
22964,8
22965,9
22966,7
22967,1
22969,3
2297,44
22970,9
22971,6
22972,3
22974,5
22975,23
22976,2
22979,8
2298,55
22980,6
22982,2
22983,10
22985,5
22986,2
22987,2
22988,7
22989,4
2299,37
22990,10
22991,2
22994,2
22995,6
22998,4
22999,5
23,336
230,1008
2300,951
23000,47
23001,16
23003,3
23004,3
23005,14
23006,7
23007,1
23008,2
23009,4
2301,757
23010,1
23011,2
23012,6
23013,8
23014,1
23015,7
23016,10
23017,2
23018,5
23019,6
2302,458
23020,6
23021,9
23022,11
23024,3
23025,6
23026,6
23027,4
23028,5
23029,2
2303,412
23030,16
23031,12
23032,1
23033,2
23034,4
23035,7
23036,2
23039,9
2304,512
23040,10
23041,10
23042,4
23043,7
23045,3
23046,3
23047,3
23048,1
23049,3
2305,563
23050,10
23051,8
23052,5
23053,7
23054,5
23055,2
23056,4
23057,1
23058,7
23059,6
2306,463
23060,8
23061,5
23062,15
23063,2
23065,7
23066,4
23068,8
23069,3
2307,481
23070,2
23071,4
23072,7
23073,1
23074,7
23075,6
23076,7
23077,2
23078,6
23079,6
2308,530
23081,6
23082,10
23083,1
23085,5
23087,3
23088,9
23089,3
2309,546
23090,7
23091,8
23092,8
23094,10
23095,6
23096,6
23098,5
23099,4
231,640
2310,616
23100,6
23101,15
23102,8
23103,8
23104,12
23105,4
23106,9
23107,14
23108,4
23109,7
2311,498
23110,17
23111,4
23112,7
23113,5
23114,6
23115,8
23116,8
23117,5
23118,4
23119,12
2312,448
23120,11
23121,4
23122,7
23123,5
23124,2
23125,12
23126,3
23127,4
23128,2
23129,1
2313,401
23130,8
23131,2
23132,7
23133,14
23134,5
23135,2
23136,3
23137,5
23138,3
23139,2
2314,544
23140,12
23141,11
23142,4
23143,7
23144,2
23145,12
23146,10
23147,3
23148,2
23149,5
2315,543
23150,14
23151,5
23152,6
23153,11
23154,3
23155,3
23156,4
23157,2
23158,5
2316,427
23160,10
23161,3
23162,2
23163,4
23165,4
23167,5
23169,4
2317,410
23170,15
23171,5
23172,5
23173,10
23175,6
23176,2
23177,6
23178,5
23179,1
2318,404
23180,6
23181,6
23182,5
23183,6
23184,9
23185,3
23188,3
23189,4
2319,378
23191,4
23192,4
23193,7
23197,2
23199,5
232,538
2320,710
23200,10
23201,7
23202,14
23203,12
23204,17
23205,13
23206,14
23207,11
23208,12
23209,9
2321,462
23210,14
23211,14
23212,15
23213,6
23214,7
23215,12
23216,3
23217,12
23218,7
23219,9
2322,327
23220,10
23221,10
23222,11
23223,10
23224,6
23225,7
23226,3
23227,4
23228,10
23229,2
2323,505
23230,9
23231,3
23232,2
23233,4
23234,1
23235,8
23236,3
23237,6
23238,3
23239,1
2324,368
23240,10
23241,2
23242,11
23243,1
23244,4
23245,7
23246,4
23247,2
23248,2
2325,470
23250,12
23251,4
23252,8
23253,17
23254,4
23255,6
23256,2
23257,3
23258,13
2326,301
23260,6
23261,1
23262,11
23263,8
23265,3
23266,4
23268,9
2327,255
23270,12
23271,7
23272,9
23273,7
23274,7
23275,9
23276,9
23277,2
23278,1
23279,3
2328,238
23280,10
23281,12
23282,7
23283,7
23284,2
23285,1
23286,6
23287,1
23288,2
23289,6
2329,210
23290,6
23291,1
23292,5
23293,5
23295,1
23296,4
23299,11
233,596
2330,513
23300,25
23301,10
23302,9
23303,19
233032,1
23304,11
23305,15
23306,13
23307,7
23308,6
23309,18
2331,304
23310,19
23311,9
23312,7
23313,23
23314,10
23315,9
23316,8
23317,8
23318,6
23319,3
2332,270
23320,9
23321,9
23322,10
23323,3
23324,9
23325,11
23326,8
23327,3
23328,2
2333,285
23330,1
23331,4
23332,3
23333,11
23334,3
23335,18
23336,1
23337,4
23338,5
23339,5
2334,218
23340,4
23341,1
23342,4
23343,7
23344,1
23345,1
23346,4
23347,6
23348,3
23349,4
2335,214
23350,12
23351,6
23352,1
23353,3
23354,1
23355,20
23356,2
23357,2
23358,5
2336,166
23360,7
23361,5
23362,2
23363,6
23364,6
23365,11
23367,6
23369,3
2337,188
23370,1
23371,2
23372,3
23374,1
23375,15
23376,4
23378,3
2338,202
23380,9
23381,7
23382,5
23383,1
23384,2
23385,1
23386,1
23387,6
23388,2
23389,4
2339,203
23390,10
23391,5
23392,7
23393,5
23394,8
23395,3
23396,4
23397,15
23399,2
234,544
2340,210
23400,22
23401,14
23402,17
23403,10
23404,19
23405,16
23406,15
23407,17
23408,11
23409,13
2341,218
23410,5
23411,7
23412,13
23413,7
23414,4
23415,31
23416,8
23417,18
23418,6
23419,10
2342,151
23420,13
23421,11
23422,9
23423,5
23424,10
23425,15
23426,9
23427,5
23428,1
2343,133
23430,9
23431,5
23432,7
23433,6
23435,1
23436,9
23437,3
23438,5
23439,8
2344,128
23440,4
23441,3
23443,2
23444,2
23445,12
23447,4
23448,4
23449,12
2345,207
23450,2
23451,2
23452,3
23453,4
23454,1
23455,10
23457,3
23458,4
2346,97
23460,5
23461,10
23462,4
23463,4
23464,5
23465,5
23466,2
23467,2
23469,1
2347,126
23470,6
23471,7
23472,7
23473,1
23474,5
23475,10
23476,12
23477,1
23478,1
23479,4
2348,100
23480,8
23484,4
23485,11
23486,3
23488,4
2349,146
23491,4
23493,3
23494,4
23495,4
23496,4
23497,6
23499,4
235,779
2350,166
23500,39
23501,33
23502,13
23503,6
23504,17
23505,16
23506,16
23507,9
23508,24
23509,18
2351,118
23510,12
23511,19
23512,17
23513,16
23514,11
23515,19
23516,17
23517,9
23518,7
23519,8
2352,58
23520,15
23521,15
23522,6
23523,6
23524,8
23525,27
23526,8
23527,4
23528,6
23529,10
2353,116
23530,17
23531,18
23532,9
23533,5
23534,3
23535,15
23536,9
23537,7
23539,9
2354,85
23540,7
23541,2
23543,4
23544,6
23545,2
23546,3
2355,158
23550,2
23552,2
23553,4
23554,2
23555,3
23557,3
2356,72
23560,9
23561,5
23562,2
23564,1
23565,3
23567,2
23568,1
23569,3
2357,97
23570,2
23571,3
23572,1
23573,1
23574,4
23575,4
23577,4
23579,2
2358,88
23580,6
23584,4
23585,4
23586,11
23588,1
23589,5
2359,75
23590,5
23593,1
23594,3
23595,5
23596,3
23597,6
23598,5
23599,2
236,480
2360,86
23600,47
23601,22
23602,20
23603,18
23604,28
23605,29
23606,13
23607,15
23608,22
23609,22
2361,78
23610,20
23611,14
23612,15
23613,14
23614,13
23615,15
23616,28
23617,15
23618,13
23619,12
2362,73
23620,25
23621,19
23622,4
23623,10
23624,9
23625,21
23626,8
23627,7
23628,5
23629,6
2363,336
23630,7
23631,4
23632,10
23633,7
23634,5
23635,15
23636,3
23637,1
23638,11
23639,3
2364,62
23640,3
23641,2
23644,5
23645,9
23646,5
23649,2
2365,75
23650,17
23651,2
23653,3
23654,4
23655,14
23657,1
23658,2
23659,3
2366,43
23660,9
23662,5
23664,3
23666,2
23667,2
23669,1
2367,77
23671,2
23672,4
23673,4
23675,5
23676,3
23679,9
2368,61
23680,9
23681,2
23682,4
23684,5
23687,1
23688,2
23689,4
2369,47
23690,9
23691,2
23693,2
23694,6
23695,6
23697,2
23698,4
237,492
2370,61
23700,34
23701,9
23702,25
23703,23
23704,18
23705,38
23706,28
23707,20
23708,24
23709,25
2371,55
23710,26
23711,29
23712,20
23713,16
23714,15
23715,25
23716,13
23717,11
23718,9
23719,15
2372,29
23720,31
23721,7
23722,9
23723,12
23724,20
23725,16
23726,5
23727,6
23728,7
23729,5
2373,44
23730,11
23731,6
23732,6
23733,13
23734,10
23735,10
23736,7
23737,3
23739,4
2374,60
23740,6
23741,4
23743,2
23744,6
23745,10
23746,3
23747,5
23748,6
23749,7
2375,89
23750,8
23751,6
23752,8
23753,7
23754,2
23755,9
23756,10
23757,2
2376,34
23760,7
23762,1
23763,1
23764,7
23765,8
23766,5
23767,1
23768,8
23769,4
2377,35
23771,2
23772,7
23773,4
23774,8
23775,15
23776,1
23778,2
23779,4
2378,34
23780,6
23783,8
23785,7
23787,1
23789,2
2379,58
23790,8
23791,11
23794,8
23795,4
23797,3
23798,4
23799,30
238,563
2380,81
23800,16
23801,7
23802,16
23803,15
23804,4
23805,10
23806,11
23807,11
23808,7
23809,10
2381,36
23810,28
23811,16
23812,21
23813,12
23814,13
23815,18
23816,16
23817,10
23818,12
23819,11
2382,44
23820,14
23821,4
23822,7
23823,13
23824,6
23825,15
23826,7
23827,6
23828,11
23829,4
2383,45
23830,13
23831,6
23832,5
23833,2
23834,4
23835,3
23836,7
23837,2
23838,2
23839,7
2384,31
23840,18
23841,8
23844,4
23845,5
23848,3
23849,2
2385,69
23850,8
23852,8
23853,4
23854,6
23855,9
23856,6
23857,2
23858,1
23859,2
2386,13
23860,10
23861,3
23862,2
23864,4
23865,7
23866,5
23867,2
23868,12
23869,1
2387,28
23870,11
23871,12
23872,4
23873,6
23875,13
23876,2
23877,10
23878,10
23879,3
2388,16
23880,9
23881,5
23884,2
23885,4
23887,4
23888,2
23889,3
2389,35
23891,2
23892,1
23893,4
23894,8
23895,13
23896,5
23897,1
23898,9
23899,2
239,388
2390,58
23900,20
23901,15
23902,12
23903,13
23904,9
23905,20
23906,7
23907,5
23908,4
23909,9
2391,33
23910,17
23911,16
23912,5
23913,4
23914,3
23915,7
23916,10
23917,4
23918,14
23919,6
2392,22
23920,7
23921,9
23922,4
23923,12
23924,3
23925,12
23926,1
23927,6
23928,4
23929,11
2393,32
23930,7
23932,11
23933,10
23935,3
23937,2
23939,4
2394,54
23940,18
23941,12
23945,9
23946,9
23947,1
23949,5
2395,201
23950,9
23951,8
23952,3
23953,3
23954,2
23955,9
23956,2
23957,5
23958,6
2396,11
23960,6
23961,15
23962,3
23964,2
23965,7
23966,10
23967,1
23968,4
23969,3
2397,12
23970,8
23971,3
23972,7
23973,2
23974,2
23975,8
23976,7
23978,3
2398,22
23980,9
23981,5
23982,8
23984,3
23985,9
23987,4
23988,4
2399,20
23990,20
23991,13
23992,4
23995,12
23996,6
23997,3
23998,8
23999,4
24,406
240,596
2400,740
24000,26
24001,12
24002,13
24003,15
24004,9
24005,33
24006,10
24007,14
24008,11
24009,15
2401,1005
24010,12
24011,10
24012,12
24013,8
24014,13
24015,23
24016,4
24017,7
24018,8
24019,1
2402,397
24020,29
24021,17
24022,7
24023,8
24024,23
24025,23
24026,5
24027,5
24028,10
24029,7
2403,346
24030,12
24031,4
24032,12
24033,11
24034,2
24035,7
24036,6
24037,7
24038,20
24039,11
2404,468
24040,8
24041,7
24042,10
24044,7
24045,11
24047,6
24048,5
24049,2
2405,589
24050,14
24051,6
24052,28
24053,11
24054,4
24055,18
24056,8
24057,7
24059,4
2406,504
24060,10
24061,10
24062,8
24063,7
24064,12
24065,14
24066,10
24067,3
24068,6
24069,2
2407,375
24070,9
24071,3
24072,12
24073,6
24074,5
24075,9
24076,8
24077,1
24078,8
24079,3
2408,519
24080,14
24081,17
24082,9
24083,12
24084,3
24085,19
24086,8
24087,3
24088,7
2409,574
24090,11
24091,8
24092,13
24093,4
24094,7
24095,9
24096,11
24097,11
24098,3
24099,4
241,471
2410,569
24100,17
24101,21
24102,12
24103,16
24104,13
24105,14
24106,12
24107,17
24108,23
24109,19
2411,536
24110,31
24111,15
24112,24
24113,9
24114,10
24115,21
24116,12
24117,2
24118,11
24119,19
2412,479
24120,25
24121,8
24122,5
24123,17
24124,13
24125,16
24126,11
24127,15
24128,15
24129,15
2413,420
24130,17
24131,16
24132,10
24133,1
24134,1
24135,14
24136,8
24137,10
24138,7
24139,4
2414,337
24140,16
24142,1
24143,3
24144,4
24145,6
24146,3
24147,4
24148,7
2415,597
24150,8
24151,9
24152,6
24153,8
24154,2
24155,10
24156,4
24157,4
24159,6
2416,408
24160,2
24161,9
24162,2
24164,3
24165,17
24166,12
24167,6
24168,8
24169,2
2417,368
24170,28
24171,6
24172,5
24173,6
24174,6
24175,13
24176,7
24179,6
2418,476
24180,10
24181,10
24182,9
24184,1
24185,8
24186,12
24187,4
24188,4
24189,2
2419,299
24190,8
24191,5
24192,1
24194,2
24195,10
24196,3
24197,7
24198,5
24199,2
242,374
2420,530
24200,18
24201,8
24202,20
24203,12
24204,7
24205,22
24206,24
24207,11
24208,18
24209,10
2421,575
24210,28
24211,18
24212,12
24213,10
24214,8
24215,13
24216,10
24217,6
24218,9
24219,5
2422,252
24220,16
24221,9
24222,6
24223,7
24224,11
24225,15
24226,8
24227,6
24228,6
24229,17
2423,215
24230,19
24231,6
24232,21
24233,9
24234,3
24235,16
24236,10
24237,7
24238,4
24239,5
2424,381
24240,9
24241,7
24242,7
24243,8
24244,5
24245,21
24246,8
24247,4
24248,5
24249,5
2425,490
24250,16
24251,8
24252,5
24253,12
24254,10
24255,16
24257,4
24258,2
24259,8
2426,251
24260,6
24261,2
24262,7
24264,2
24265,8
24266,3
24267,9
24268,3
24269,5
2427,256
24270,3
24272,2
24273,7
24274,1
24275,9
24276,7
24277,3
24278,11
24279,2
2428,270
24280,13
24281,6
24282,8
24283,5
24284,2
24285,17
24287,6
24288,6
2429,248
24290,7
24291,3
24292,6
24293,2
24294,2
24295,7
24296,5
24297,2
24298,13
24299,3
243,264
2430,355
24300,23
24301,21
24302,9
24303,30
24304,16
24305,20
24306,9
24307,14
24308,22
24309,19
2431,263
24310,17
24311,22
24312,35
24313,12
24314,7
24315,25
24316,17
24317,9
24318,9
24319,13
2432,214
24320,17
24321,14
24322,9
24323,6
24324,11
24325,11
24326,1
24327,15
24328,6
24329,12
2433,253
24330,12
24331,6
24332,13
24333,6
24334,8
24335,14
24336,4
24337,6
24338,8
24339,8
2434,248
24340,13
24341,10
24344,8
24345,10
24346,1
24347,4
24348,3
24349,4
2435,198
24350,21
24351,2
24352,1
24355,11
24356,3
2436,173
24360,10
24361,1
24362,4
24363,2
24364,5
24365,17
24368,1
24369,5
2437,163
24370,7
24371,3
24372,3
24375,15
24377,6
24378,3
24379,2
2438,148
24380,4
24381,3
24382,3
24383,2
24385,11
24386,4
24387,1
24388,2
24389,4
2439,151
24390,6
24391,6
24393,5
24394,7
24395,5
24396,2
24398,2
244,317
2440,276
24400,17
24401,21
24402,10
24403,7
24404,8
24405,12
24406,8
24407,11
24408,19
24409,11
2441,175
24410,20
24411,17
24412,10
24413,1
24414,9
24415,12
24416,2
24417,4
24418,3
24419,5
2442,122
24420,13
24421,7
24423,2
24425,7
24426,7
24427,13
24428,11
24429,4
2443,120
24430,11
24431,16
24432,9
24433,2
24435,1
24436,8
24437,7
2444,150
24440,7
24441,10
24444,2
24445,9
24447,6
24448,3
24449,9
2445,148
24450,16
24451,14
24452,2
24453,2
24455,5
24457,6
24458,6
24459,3
2446,122
24460,17
24461,2
24462,11
24463,10
24464,2
24465,7
24466,6
24468,2
2447,108
24470,8
24471,4
24472,1
24473,4
24475,11
24476,1
24478,4
24479,3
2448,133
24480,6
24483,2
24485,5
24487,2
24488,1
2449,152
24490,13
24491,3
24492,6
24495,3
24496,2
24498,3
24499,2
245,588
2450,159
24500,19
24501,5
24502,13
24503,10
24504,16
24505,27
24506,29
24507,12
24508,10
24509,10
2451,187
24510,22
24511,17
24512,11
24513,9
24514,8
24515,14
24516,4
24517,7
24518,6
24519,5
2452,110
24520,11
24521,4
24522,2
24523,5
24524,6
24525,19
24526,4
24527,6
24528,6
24529,1
2453,74
24530,6
24531,14
24532,4
24533,1
24535,2
24536,2
24537,2
24538,1
24539,2
2454,81
24540,11
24541,5
24542,2
24543,8
24544,2
24545,14
24546,5
24547,2
24548,4
24549,2
2455,207
24550,4
24551,11
24552,2
24553,2
24554,1
24555,4
24556,8
24559,7
2456,75
24560,6
24561,4
24562,2
24563,10
24564,2
24565,2
24566,12
24567,1
24569,1
2457,68
24570,5
24571,2
24574,2
24575,12
24576,4
24577,11
24578,1
24579,2
2458,91
24580,14
24581,5
24582,2
24583,2
24584,4
24585,11
24586,4
24588,4
2459,56
24590,4
24591,2
24592,4
24593,1
24595,6
24596,6
24597,5
246,273
2460,106
24600,34
24601,15
24602,8
24603,4
24604,11
24605,19
24606,8
24607,5
24608,15
24609,10
2461,70
24610,11
24611,5
24612,4
24613,4
24614,2
24615,9
24616,7
24617,11
24619,3
2462,55
24620,17
24621,10
24622,2
24623,6
24624,6
24625,25
24626,1
24627,5
24628,7
24629,5
2463,58
24630,12
24631,2
24632,5
24633,4
24635,6
24636,7
24637,4
24639,3
2464,51
24640,17
24641,9
24642,7
24643,13
24644,3
24645,10
24646,7
24647,6
24648,2
24649,3
2465,55
24650,32
24651,6
24652,3
24653,2
24654,3
24655,7
24657,4
24659,2
2466,54
24660,6
24661,3
24662,3
24664,9
24665,8
24667,2
24668,3
24669,4
2467,57
24670,9
24671,2
24672,1
24673,1
24674,3
24675,6
24676,2
24677,4
24678,8
24679,4
2468,53
24680,9
24682,2
24683,2
24684,3
24685,9
24686,3
24687,2
24688,9
24689,2
2469,51
24690,4
24693,1
24694,1
24695,9
24696,5
24697,1
24698,7
24699,8
247,193
2470,73
24700,22
24701,5
24702,6
24703,8
24704,11
24705,22
24706,2
24707,14
24708,8
24709,7
2471,59
24710,7
24711,11
24712,7
24713,6
24714,5
24715,7
24716,4
24719,2
2472,29
24720,9
24721,11
24722,6
24723,4
24724,3
24725,9
24726,2
24727,3
24728,8
24729,2
2473,57
24730,15
24731,16
24732,7
24733,6
24734,4
24735,8
24736,3
24738,6
24739,8
2474,27
24740,7
24741,5
24742,2
24743,2
24744,6
24745,9
24746,2
24747,7
24748,1
24749,9
2475,57
24750,17
24751,8
24752,8
24753,9
24754,4
24755,12
24756,6
24757,9
24758,5
24759,7
2476,55
24760,12
24761,20
24763,2
24764,4
24765,5
24766,2
24768,2
24769,4
2477,33
24770,5
24771,6
24773,6
24774,7
24775,9
24776,10
24777,2
24779,7
2478,28
24780,7
24781,3
24782,8
24784,2
24785,10
24787,6
24788,4
24789,5
2479,22
24790,3
24791,9
24792,2
24793,7
24794,3
24795,17
24796,1
24798,2
24799,6
248,249
2480,42
24800,32
24801,33
24802,6
24803,17
24804,20
24805,31
24806,14
24807,11
24808,13
24809,12
2481,54
24810,11
24811,16
24812,11
24813,4
24814,9
24815,7
24816,6
24817,2
24818,5
24819,3
2482,36
24820,20
24821,15
24822,9
24823,6
24824,5
24825,13
24826,3
24828,3
2483,28
24830,11
24831,6
24833,6
24834,3
24835,8
24836,26
24838,7
24839,3
2484,31
24840,9
24841,4
24842,4
24844,5
24845,7
24847,4
24849,5
2485,44
24850,15
24851,3
24852,2
24853,11
24854,3
24855,15
24856,1
24857,1
24858,4
24859,6
2486,28
24860,6
24861,2
24863,2
24864,2
24865,6
24869,9
2487,27
24870,2
24871,3
24872,4
24873,2
24874,3
24876,8
24877,1
24878,2
24879,2
2488,31
24880,9
24881,4
24882,3
24883,3
24885,10
24886,1
24887,3
24888,5
24889,3
2489,28
24890,2
24891,2
24892,5
24893,3
24895,2
24896,4
24897,2
24899,2
249,326
2490,47
24900,17
24901,18
24902,16
24903,11
24904,12
24905,22
24906,12
24907,5
24908,10
24909,15
2491,38
24910,9
24911,5
24912,15
24913,15
24914,2
24915,4
24916,13
24917,8
24918,8
24919,21
2492,17
24920,17
24921,11
24922,4
24923,5
24924,3
24925,12
24926,2
24927,8
24928,6
24929,3
2493,20
24930,15
24931,11
24933,10
24934,6
24935,13
24938,3
24939,5
2494,24
24940,15
24941,2
24942,3
24943,3
24944,6
24945,12
24946,2
24948,2
24949,4
2495,45
24950,6
24951,9
24952,7
24953,11
24954,2
24955,9
24956,8
24957,6
24958,2
24959,6
2496,24
24960,9
24961,2
24962,2
24963,3
24964,5
24965,2
24966,2
24967,7
24968,3
24969,3
2497,11
24970,14
24971,8
24972,2
24973,3
24974,1
24975,5
24976,10
24977,7
24978,4
24979,14
2498,38
24980,14
24981,5
24982,2
24983,1
24984,2
24985,14
24986,2
24987,8
24988,1
24989,6
2499,18
24990,11
24991,7
24992,5
24993,6
24994,2
24996,2
24997,9
24998,8
24999,16
25,355
250,546
2500,1290
25000,23
25001,15
25002,6
25003,11
25004,12
25005,19
25006,9
25007,18
25008,12
25009,12
2501,781
25010,12
25011,21
25012,15
25013,15
25014,11
25015,22
25016,16
25017,10
25018,9
25019,10
2502,511
25020,18
25021,9
25022,11
25023,1
25024,3
25025,19
25026,11
25027,4
25029,5
2503,363
25030,11
25031,14
25032,4
25033,6
25034,10
25035,11
25036,10
25037,13
25038,1
25039,10
2504,478
25040,13
25041,16
25042,5
25043,6
25044,5
25045,9
25046,4
25047,2
25048,13
25049,12
2505,680
25050,12
25051,5
25052,7
25053,19
25054,7
25055,20
25056,3
25057,7
25058,1
25059,4
2506,416
25060,16
25061,6
25062,9
25063,5
25064,8
25065,5
25066,3
25067,6
25068,6
25069,10
2507,404
25070,14
25071,11
25072,10
25073,5
25074,4
25075,15
25076,7
25077,7
25078,5
25079,11
2508,567
25080,19
25081,11
25082,14
25083,5
25084,2
25085,8
25087,4
25088,8
25089,5
2509,551
25090,6
25091,3
25092,6
25094,5
25095,12
25096,11
25097,15
25098,3
25099,5
251,346
2510,661
25100,15
25101,12
25102,7
25103,11
25104,12
25105,9
25106,9
25107,10
25108,5
25109,8
2511,629
25110,16
25111,12
25112,12
25113,8
25114,2
25115,11
25116,7
25117,8
25118,18
25119,13
2512,454
25120,14
25121,3
25122,6
25123,7
25124,10
25125,9
25126,15
25127,4
25128,6
25129,8
2513,443
25130,9
25131,6
25132,3
25133,4
25134,10
25135,5
25136,8
25137,11
25138,4
25139,2
2514,420
25140,7
25141,11
25142,5
25143,4
25144,5
25145,6
25146,6
25147,6
25149,4
2515,602
25150,17
25151,3
25154,12
25155,27
25156,6
25157,9
25158,2
25159,2
2516,373
25160,7
25161,6
25162,8
25165,8
25166,9
25167,3
25168,5
25169,3
2517,448
25170,11
25171,8
25172,5
25173,4
25174,22
25175,6
25176,5
25177,1
25178,14
25179,12
2518,407
25180,9
25181,1
25182,6
25183,1
25185,10
25186,4
25187,2
25188,2
25189,5
2519,366
25190,8
25191,6
25192,9
25193,2
25194,2
25195,11
25196,2
25197,8
25198,7
252,163
2520,526
25200,16
25201,19
25202,7
25203,8
25204,12
25205,13
25206,11
25207,11
25208,16
25209,5
2521,482
25210,14
25211,6
25212,7
25213,9
25214,14
25215,15
25216,10
25217,4
25218,5
25219,5
2522,298
25220,9
25221,4
25223,3
25224,2
25225,10
25226,4
25227,7
25228,3
25229,9
2523,268
25230,6
25231,4
25232,12
25233,2
25234,8
25235,11
25236,3
25237,4
25238,3
25239,2
2524,334
25241,2
25244,3
25245,7
25246,7
25247,4
25248,9
25249,3
2525,541
25250,6
25251,10
25252,4
25253,2
25254,4
25255,9
25256,2
25258,5
25259,15
2526,400
25260,7
25261,9
25262,10
25263,1
25264,2
25265,2
25266,5
25267,2
2527,198
25270,7
25272,7
25273,3
25274,6
25275,14
25276,10
25277,5
25278,6
25279,2
2528,216
25280,9
25281,5
25282,4
25283,5
25285,4
25286,8
25287,6
25288,2
25289,5
2529,250
25290,15
25291,7
25292,7
25293,4
25294,8
25295,6
25296,3
25297,2
25298,5
25299,10
253,184
2530,329
25300,19
25301,12
25302,3
25303,10
25304,15
25305,2
25306,6
25307,6
25308,7
25309,8
2531,322
25310,32
25311,4
25312,8
25313,11
25314,4
25315,5
25316,9
25317,3
25319,6
2532,244
25320,17
25321,7
25322,6
25323,4
25324,7
25325,5
25326,3
25327,2
25328,7
25329,7
2533,238
25330,13
25331,4
25332,9
25333,4
25334,1
25335,4
25336,4
25337,5
25338,3
25339,2
2534,207
25340,22
25341,13
25342,2
25343,9
25344,6
25345,22
25346,6
25347,6
25348,4
25349,13
2535,211
25350,12
25351,6
25352,8
25353,8
25354,4
25355,4
25356,11
25357,9
25359,7
2536,171
25360,17
25361,9
25362,5
25363,2
25364,3
25365,3
25367,3
25368,1
25369,4
2537,207
25370,14
25371,5
25372,23
25373,2
25374,3
25376,13
25377,6
25379,4
2538,191
25380,8
25381,7
25382,6
25383,2
25384,2
25385,5
25386,6
25387,1
25388,15
25389,8
2539,126
25390,14
25392,7
25393,6
25394,2
25395,11
25396,9
25398,5
25399,2
254,194
2540,227
25400,25
25401,20
25402,5
25403,2
25404,4
25405,10
25406,18
25407,15
25408,6
25409,4
2541,257
25410,8
25411,13
25412,16
25413,18
25414,5
25415,8
25416,6
25417,2
25418,27
25419,2
2542,167
25420,9
25421,3
25423,5
25425,11
25426,5
25427,6
25428,7
25429,2
2543,135
25430,11
25431,6
25433,2
25434,2
25436,8
25437,5
25438,1
25439,7
2544,125
25440,8
25441,4
25442,1
25443,3
25444,2
25445,2
25446,3
25447,5
25448,1
25449,8
2545,215
25450,19
25451,6
25452,6
25453,5
25454,5
25455,10
25456,7
25457,5
25458,1
25459,16
2546,124
25460,5
25461,3
25462,6
25463,4
25464,6
25465,9
25466,2
25467,7
25468,9
25469,6
2547,105
25470,11
25471,5
25472,1
25473,1
25474,3
25475,12
25476,7
25477,3
25479,5
2548,98
25480,7
25481,6
25482,1
25483,2
25484,6
25485,10
25487,1
25488,11
25489,5
2549,143
25491,6
25492,5
25493,9
25494,9
25495,5
25496,2
25497,7
25499,2
255,434
2550,320
25500,9
25501,16
25502,4
25503,16
25504,10
25505,18
25506,4
25507,4
25509,17
2551,184
25510,8
25511,9
25512,4
25513,8
25514,4
25515,20
25516,3
25517,1
25518,4
25519,7
2552,122
25520,4
25521,17
25523,3
25525,1
25526,2
25527,18
25529,3
2553,99
25530,11
25531,7
25532,4
25533,15
25534,2
25535,11
25536,3
25539,21
2554,76
25540,6
25541,2
25543,4
25544,3
25545,23
25546,4
25547,5
25548,2
25549,6
2555,101
25550,11
25551,13
25553,2
25555,5
25557,4
25558,3
2556,75
25560,11
25561,2
25562,4
25563,8
25565,2
25567,3
25569,2
2557,82
25570,2
25571,2
25572,4
25573,3
25574,2
25576,9
25577,6
25579,6
2558,128
25580,1
25581,3
25582,4
25585,13
25587,2
25588,8
25589,6
2559,51
25590,3
25591,6
25593,2
25594,3
25595,11
256,219
2560,111
25600,10
25601,9
25602,4
25603,6
25604,3
25605,10
25607,1
25608,4
25609,5
2561,61
25610,4
25611,11
25613,4
25614,3
25615,7
25616,8
25617,1
25618,3
25619,4
2562,49
25620,15
25621,2
25623,2
25624,6
25625,9
25626,1
25628,5
2563,62
25630,5
25631,3
25633,1
25635,10
25636,2
25637,4
25638,3
2564,70
25640,4
25642,3
25643,1
25645,5
25647,2
25648,2
25649,1
2565,67
25650,2
25651,3
25652,2
25654,1
25655,12
25656,4
25659,4
2566,34
25660,2
25661,4
25662,2
25663,1
25664,4
25665,7
2567,20
25670,3
25673,1
25674,6
25675,8
25676,3
25677,2
25679,2
2568,33
25680,6
25681,11
25683,4
25685,2
25687,1
25688,2
2569,24
25690,1
25691,2
25693,1
25695,5
25699,2
257,178
2570,61
25700,17
25701,22
25702,3
25703,6
25704,5
25705,15
25706,2
25707,5
25708,6
25709,2
2571,35
25710,8
25711,3
25712,2
25714,3
25715,7
25717,8
25718,4
25719,15
2572,39
25720,11
25721,2
25722,3
25723,4
25724,4
25725,7
25726,2
25727,4
25729,2
2573,19
25730,2
25731,3
25732,1
25733,2
25734,3
25735,2
25736,2
25737,3
25738,2
25739,1
2574,33
25740,4
25741,1
25742,1
25745,6
25746,4
25747,2
25749,6
2575,48
25750,8
25751,5
25752,3
25753,1
25754,4
25756,1
25757,3
25759,5
2576,37
25760,13
25761,7
25762,2
25764,2
25765,4
25768,3
25769,3
2577,22
25770,8
25771,3
25773,2
25775,3
25776,4
25777,3
25778,2
2578,37
25780,5
25781,1
25782,1
25784,3
25785,5
25789,1
2579,24
25790,2
25791,5
25795,3
25797,4
25799,6
258,159
2580,38
25800,14
25801,4
25802,9
25803,3
25804,1
25805,12
25806,2
25808,5
25809,5
2581,25
25810,9
25811,12
25812,5
25813,2
25815,6
25816,3
25817,6
25818,2
2582,16
25820,9
25821,10
25822,3
25823,1
25824,4
25825,5
25826,2
25827,2
25828,1
25829,3
2583,29
25830,4
25831,3
25833,4
25834,7
25835,7
25836,1
25838,5
25839,3
2584,24
25840,9
25841,7
25842,1
25843,6
25845,4
25846,10
25848,3
25849,6
2585,36
25850,15
25851,5
25852,4
25853,1
25854,2
25855,2
25856,6
2586,14
25860,6
25862,5
25864,4
25865,4
25866,2
25869,1
2587,27
25870,9
25871,7
25873,2
25875,17
25876,1
2588,20
25880,5
25881,8
25885,1
25886,2
25888,2
2589,29
25891,2
25892,2
25893,4
25895,6
25896,2
25897,3
25899,2
259,133
2590,33
25900,8
25901,11
25902,10
25903,2
25904,2
25905,11
25907,3
25908,1
25909,4
2591,30
25910,12
25911,1
25913,9
25914,3
25915,22
25916,1
25917,5
25918,1
2592,28
25920,10
25921,53
25923,6
25925,13
25927,4
25928,2
25929,9
2593,19
25930,13
25932,2
25933,11
25938,2
25939,7
2594,30
25940,8
25941,24
25944,1
25945,8
25946,2
25947,1
25948,3
25949,1
2595,40
25950,8
25951,3
25952,8
25953,3
25954,3
25955,5
25959,2
2596,29
25960,12
25961,57
25962,2
25963,8
25965,7
25966,3
2597,20
25970,10
25971,2
25973,5
25974,4
25975,13
25976,6
25977,4
25978,7
25979,2
2598,20
25980,2
25981,6
25982,2
25983,6
25985,10
25987,5
25988,1
2599,14
25990,7
25991,1
25993,4
25994,3
25995,6
25996,2
25998,9
25999,8
26,333
260,228
2600,779
26000,22
26001,56
26002,3
26003,8
26004,6
26005,9
26006,6
26007,1
26009,6
2601,1032
26010,8
26011,12
26012,4
26013,5
26014,2
26015,5
26016,4
26017,1
26018,2
26019,5
2602,378
26020,14
26021,20
26022,4
26023,2
26024,2
26025,15
26026,4
26027,2
26028,6
26029,2
2603,336
26030,11
26031,14
26032,9
26033,4
26035,15
26036,5
26037,7
26039,4
2604,412
26040,6
26041,6
26042,5
26046,2
26047,6
26049,2
2605,542
26050,5
26051,4
26052,5
26054,3
26055,7
26056,6
26057,15
26058,3
26059,4
2606,401
26060,5
26061,13
26062,7
26063,6
26064,1
26065,7
26066,6
26067,4
26069,3
2607,344
26070,10
26071,6
26072,2
26073,7
26074,9
26075,4
26076,4
26077,2
26078,3
26079,2
2608,432
26080,2
26081,14
26082,2
26083,2
26085,7
26087,3
26088,4
26089,5
2609,469
26090,9
26091,4
26092,9
26094,3
26095,5
26096,6
26097,5
26099,2
261,169
2610,594
26100,8
26101,47
26102,7
26103,23
26104,9
26105,7
26106,5
26107,12
26108,7
2611,415
26110,2
26111,2
26112,7
26113,7
26114,2
26115,7
26116,6
26117,10
26118,7
26119,2
2612,428
26120,10
26121,40
26122,12
26123,4
26125,10
26126,2
26128,3
26129,3
2613,364
26130,12
26131,8
26132,9
26133,4
26134,1
26135,6
26136,5
26137,6
26138,10
2614,377
26140,9
26141,5
26142,6
26143,6
26144,4
26145,3
26146,2
26147,5
26148,13
26149,3
2615,412
26150,15
26152,2
26153,3
26154,4
26155,9
26156,5
26158,6
2616,300
26160,11
26161,6
26162,7
26163,4
26164,8
26165,14
26166,7
26167,3
26168,2
26169,4
2617,391
26170,15
26171,9
26174,7
26175,3
26178,4
26179,8
2618,260
26180,11
26181,8
26184,2
26185,2
26186,6
26187,2
26188,1
26189,2
2619,322
26190,10
26191,7
26193,2
26195,8
26197,2
26199,3
262,85
2620,425
26200,9
26201,11
26202,5
26203,5
26204,6
26205,3
26206,8
26207,6
26208,5
26209,4
2621,395
26210,7
26211,8
26212,2
26213,7
26214,2
26215,10
26217,3
26219,2
2622,280
26220,9
26221,7
26223,5
26225,2
26226,2
26227,11
26229,2
2623,269
26231,2
26232,2
26235,7
26236,2
26237,2
26238,5
26239,2
2624,275
26240,9
26241,2
26243,4
26244,2
26245,4
26246,2
26249,8
2625,456
26250,2
26251,4
26252,3
26253,2
26254,4
26255,2
26256,2
2626,269
26260,14
26261,10
26262,4
26263,4
26265,7
26266,4
26267,2
26269,4
2627,262
26270,2
26271,9
26272,2
26273,2
26274,5
26275,2
26276,2
26277,1
26278,2
2628,182
26280,11
26281,10
26282,4
26283,2
26284,6
26285,6
26287,2
26288,4
26289,4
2629,237
26290,5
26291,3
26292,4
26293,9
26295,7
26296,5
26297,2
26298,1
26299,4
263,88
2630,323
26300,14
26301,7
26302,2
26303,4
26304,1
26305,13
26306,4
26307,6
26309,9
2631,232
26310,9
26311,9
26312,2
26313,7
26315,2
26316,2
26317,7
26318,2
26319,3
2632,194
26320,10
26321,2
26322,2
26323,2
26325,6
26326,3
26328,4
26329,4
2633,206
26330,17
26331,3
26332,5
26333,4
26335,3
26338,3
2634,168
26340,12
26342,2
26345,10
26346,2
26349,6
2635,218
26350,16
26351,9
26352,2
26353,2
26354,1
26355,4
26357,2
26358,2
26359,4
2636,133
26360,8
26361,7
26362,4
26363,4
26364,4
26365,3
26367,1
26369,3
2637,154
26370,11
26371,2
26372,2
26373,5
26374,6
26375,2
26376,1
26379,2
2638,172
26380,9
26381,6
26382,3
26387,2
26388,2
26389,3
2639,153
26390,9
26391,3
26392,5
26393,2
26395,10
264,85
2640,203
26400,8
26401,9
26402,7
26403,7
26404,7
26405,8
26406,6
26407,4
26408,7
26409,7
2641,176
26410,4
26411,15
26412,4
26413,7
26415,8
26417,2
26418,3
26419,6
2642,108
26420,8
26421,15
26422,9
26423,3
26424,2
26425,19
26426,5
26427,9
26428,4
26429,5
2643,117
26430,10
26431,6
26432,4
26435,8
26437,3
26438,5
2644,134
26440,15
26441,4
26442,7
26444,2
26445,5
26447,5
26448,5
2645,155
26450,8
26451,9
26452,5
26453,3
26454,10
26455,10
26457,7
26458,3
26459,3
2646,109
26460,7
26461,8
26463,5
26465,8
26466,4
26467,5
26468,2
26469,3
2647,108
26470,7
26471,9
26473,2
26474,1
26475,3
26478,1
2648,102
26480,4
26481,4
26482,2
26483,6
26484,1
26485,10
26486,5
26487,1
26489,2
2649,127
26490,1
26495,8
26496,8
26497,3
26498,3
26499,2
265,164
2650,151
26500,13
26501,10
26502,5
26503,4
26504,7
26505,8
26506,3
26507,2
26508,4
26509,3
2651,120
26510,8
26511,5
26512,3
26515,7
26516,6
26518,5
26519,3
2652,97
26520,15
26521,10
26523,8
26525,15
26526,6
26528,6
26529,7
2653,112
26530,12
26531,7
26532,4
26534,1
26535,18
26536,2
26537,2
26538,7
26539,4
2654,91
26540,4
26541,4
26543,1
26544,1
26545,7
26546,2
26547,1
2655,111
26550,11
26551,7
26552,2
26554,3
26555,12
26556,8
26557,3
26559,2
2656,70
26560,9
26561,10
26562,5
26564,2
26565,2
26566,4
26567,2
26568,5
2657,69
26570,7
26571,3
26572,3
26573,7
26575,13
26576,4
26577,5
26578,1
2658,56
26580,3
26581,4
26585,10
26586,2
26587,4
26589,2
2659,75
26590,7
26591,5
26592,2
26595,5
26599,5
266,84
2660,93
26600,10
26601,12
26602,4
26603,3
26604,8
26605,9
26606,6
26607,5
26608,8
26609,5
2661,74
26610,4
26611,8
26612,9
26613,5
26615,12
26616,7
26617,4
26619,2
2662,55
26620,17
26621,2
26622,2
26623,2
26624,1
26625,8
26628,1
26629,2
2663,61
26630,3
26631,2
26632,2
26633,3
26635,7
26637,2
26638,4
26639,1
2664,60
26640,9
26642,6
26644,3
26645,5
26646,1
26649,2
2665,60
26650,13
26652,2
26653,4
26654,6
26655,4
26659,2
2666,37
26660,8
26663,1
26664,5
26665,4
26666,5
26668,2
26669,6
2667,37
26670,7
26671,9
26674,2
26675,22
2668,31
26680,3
26681,12
26682,4
26684,7
26685,11
26686,3
26687,2
2669,38
26690,4
26691,4
26692,2
26694,4
26695,8
26697,2
26699,2
267,86
2670,54
26700,9
26701,8
26702,5
26703,4
26704,7
26705,6
26706,4
26708,2
26709,5
2671,46
26710,4
26711,7
26712,6
26713,2
26714,3
26715,3
26716,1
26717,1
26719,1
2672,35
26720,6
26721,4
26722,9
26723,5
26725,16
26726,3
26727,7
26728,2
2673,20
26730,12
26731,6
26732,2
26733,2
26734,1
26735,13
26736,3
26737,2
2674,31
26740,2
26742,4
26745,8
26746,11
26747,1
26748,1
2675,48
26751,6
26752,2
26755,10
26756,2
26757,2
26758,2
26759,2
2676,20
26760,4
26761,3
26762,6
26763,4
26764,2
26765,5
26769,4
2677,32
26770,3
26773,5
26774,1
26775,9
26776,6
26779,2
2678,20
26780,6
26781,2
26782,2
26784,2
26785,3
26787,5
2679,26
26790,11
26791,4
26792,3
26793,3
26794,1
26795,3
26796,1
26797,2
26799,5
268,104
2680,56
26800,5
26801,12
26802,8
26803,9
26804,2
26805,4
26806,6
26808,2
26809,3
2681,39
26810,14
26812,2
26813,9
26814,5
26815,11
26816,3
26817,6
26818,5
26819,2
2682,33
26820,12
26821,4
26822,2
26825,4
26829,2
2683,34
26830,9
26831,3
26832,1
26833,4
26834,1
26835,6
26836,1
26839,2
2684,3
26840,6
26844,2
26845,3
26846,2
26847,2
2685,41
26850,22
26851,1
26855,2
26857,2
2686,9
26860,4
26861,3
26862,2
26863,4
26865,4
26866,4
26868,2
2687,17
26870,9
26871,5
26872,4
26873,5
26874,1
26875,1
26879,3
2688,20
26880,9
26882,2
26885,3
26889,4
2689,20
26890,11
26891,2
26893,4
26895,2
26897,4
269,94
2690,25
26900,7
26902,5
26903,1
26904,2
26905,2
26906,3
26907,1
26909,1
2691,19
26910,8
26911,3
26912,4
26913,1
26915,2
26916,2
26919,2
2692,30
26920,7
26921,10
26925,7
26929,2
2693,22
26930,15
26931,3
26933,1
26934,2
26938,2
2694,21
26940,6
26942,3
26945,6
26947,2
2695,20
26950,11
26951,6
26952,4
26953,2
26956,2
26957,3
26958,4
2696,29
26961,3
26964,2
26965,4
26968,7
2697,40
26970,11
26973,6
26974,2
26975,5
26977,4
2698,16
26980,1
26981,3
26983,1
26985,3
26987,1
26989,6
2699,22
26990,6
26991,3
26992,2
26993,2
26994,3
26995,6
26999,3
27,319
270,126
2700,680
27000,7
27001,17
27002,3
27003,1
27004,2
27005,7
27007,7
27009,1
2701,631
27010,10
27011,14
27012,2
27013,5
27015,8
27016,4
27017,6
27018,2
2702,379
27020,2
27021,8
27022,5
27023,4
27025,2
27027,7
27028,7
27029,6
2703,330
27030,7
27031,4
27032,8
27033,2
27034,3
27036,3
27039,5
2704,448
27040,8
27041,2
27042,2
27045,2
27046,5
27049,4
2705,508
27050,13
27051,11
27052,2
27054,3
27055,5
27057,3
27058,1
27059,2
2706,372
27060,3
27061,1
27062,2
27063,2
27064,2
27065,3
27068,4
27069,2
2707,386
27070,5
27071,5
27072,3
27073,8
27075,4
27076,1
2708,484
27080,3
27082,7
27084,1
27085,7
27087,2
2709,451
27090,1
27091,4
27094,3
27095,6
27096,1
27097,2
27098,3
271,128
2710,435
27100,5
27101,8
27102,4
27104,3
27105,3
27106,1
27107,3
27108,11
27109,2
2711,392
27110,12
27111,4
27112,2
27113,1
27114,4
27115,8
27116,7
27117,5
27118,2
27119,6
2712,436
27120,9
27121,3
27122,4
27125,17
27127,1
27129,1
2713,420
27130,4
27131,2
27133,2
27134,3
27135,2
27136,3
27137,2
2714,348
27140,3
27143,2
27144,2
27145,7
27146,2
27147,2
2715,400
27150,3
27151,2
27154,1
27155,9
27156,4
27157,2
27159,2
2716,348
27160,6
27163,2
27165,4
2717,346
27170,4
27171,2
27174,2
27175,7
27176,2
27177,2
2718,318
27180,14
27181,3
27183,4
27184,2
27187,3
2719,333
27190,3
27191,4
27192,2
27196,4
27197,2
27199,3
272,78
2720,453
27200,13
27201,4
27202,8
27203,6
27204,4
27205,8
27206,1
27207,1
27208,1
27209,2
2721,327
27211,1
27212,5
27213,7
27215,10
27216,6
27217,2
27218,2
27219,8
2722,274
27220,4
27221,7
27222,5
27223,2
27224,2
27225,6
27226,3
27227,5
27228,8
27229,2
2723,226
27231,6
27232,8
27233,9
27234,8
27235,5
27237,4
27238,2
2724,284
27240,6
27242,3
27243,1
27244,3
27247,3
2725,377
27250,20
27251,10
27252,3
27253,2
27255,2
27257,2
27259,4
2726,329
27260,8
27261,10
27263,3
27264,4
27265,1
27266,2
27267,3
2727,403
27272,7
27273,3
27274,3
27275,4
27277,6
27278,2
2728,215
27280,9
27281,8
27282,2
27284,3
27285,1
27287,3
2729,200
27293,2
27295,2
27299,2
273,98
2730,267
27300,10
27301,3
27303,2
27304,9
27305,5
27306,1
27308,1
27309,1
2731,267
27310,10
27311,4
27312,3
27313,2
27314,1
27317,6
27318,1
27319,3
2732,202
27320,4
27321,2
27323,2
27324,2
27325,6
27326,8
27329,2
2733,170
27330,3
27332,4
27333,8
27334,2
27335,1
27336,1
27337,4
27339,2
2734,215
27340,5
27341,2
27343,4
27345,2
27347,1
27348,1
27349,2
2735,193
27350,8
27351,3
27352,2
27355,3
27358,2
27359,6
2736,175
27360,4
27362,7
27365,6
2737,191
27370,2
27371,4
27372,6
27375,5
27376,1
27378,1
27379,2
2738,146
27381,3
27382,5
27384,2
27385,10
27386,2
27388,5
27389,3
2739,153
27391,3
27392,3
27396,3
27398,2
27399,2
274,58
2740,208
27400,10
27401,6
27402,4
27404,5
27405,5
27406,4
27408,5
27409,4
2741,148
27410,2
27411,7
27414,3
27415,7
27416,4
27417,2
27418,6
2742,137
27420,6
27421,3
27422,6
27423,19
27424,1
27425,3
27426,4
27427,7
2743,144
27430,8
27431,2
27435,8
27436,3
27437,2
27439,3
2744,217
27440,8
27445,8
27446,3
27448,4
27449,5
2745,385
27450,8
27452,1
27453,1
27455,5
27457,2
27458,2
2746,123
27460,12
27461,2
27463,7
27465,7
27468,2
27469,4
2747,110
27470,3
27471,5
27478,1
27479,4
2748,99
27480,2
27481,3
27482,3
27483,1
27484,3
27485,2
27487,4
27488,1
27489,4
2749,128
27490,6
27491,4
27492,4
27493,4
27494,2
27495,9
27496,5
27497,14
27498,1
275,126
2750,164
27500,8
27501,1
27503,7
27504,6
27505,2
27506,7
27507,2
27508,6
2751,111
27510,4
27512,3
27513,8
27514,8
27516,8
27518,2
27519,5
2752,96
27520,4
27522,2
27523,1
27525,2
27526,1
27527,3
27528,7
27529,3
2753,85
27530,6
27531,2
27533,1
27534,1
27535,2
27537,10
27539,3
2754,97
27540,5
27541,3
27543,2
27544,2
27545,6
27549,2
2755,81
27550,16
27551,2
27553,2
27554,2
27555,6
27557,3
2756,90
27560,5
27561,7
27562,3
27564,3
27565,10
27566,3
27568,2
2757,71
27570,12
27571,3
27572,1
27574,2
27575,2
27577,4
2758,71
27580,5
27581,5
27582,4
27583,2
27584,2
27585,12
27586,2
27588,2
27589,2
2759,157
27590,6
27591,1
27592,4
27594,5
27595,2
27596,5
27598,4
27599,2
276,90
2760,106
27600,11
27601,3
27602,3
27604,4
27605,4
27606,2
27608,2
27609,3
2761,55
27610,2
27612,2
27615,14
27617,2
27618,2
27619,2
2762,58
27620,2
27622,1
27625,4
27626,3
27627,7
27628,3
27629,9
2763,46
27630,5
27633,2
2764,65
27640,4
27641,3
27642,2
27643,2
27644,1
27645,1
27649,2
2765,54
27650,2
27651,4
27652,6
27655,2
27656,3
27657,6
2766,38
27660,3
27661,4
27663,2
27665,7
27666,4
27667,1
27669,2
2767,37
27671,2
27673,8
27675,4
27676,2
2768,52
27680,2
27681,2
27682,2
27683,4
27684,4
27685,4
27687,10
2769,33
27694,2
27695,1
27696,4
27697,6
277,75
2770,56
27700,4
27701,2
27702,4
27705,4
27709,3
2771,46
27710,3
27711,7
27713,10
27715,4
27716,3
27717,2
27718,3
27719,3
2772,22
27721,5
27722,2
27723,1
27724,2
27725,1
27727,2
27728,1
27729,3
2773,29
27730,2
27731,4
27733,2
27735,8
27737,1
27738,2
27739,1
2774,51
27740,5
27741,8
27742,2
27743,1
27744,9
27745,6
27747,4
27748,2
27749,1
2775,48
27750,5
27751,7
27752,3
27753,3
27754,1
27755,13
27757,6
27758,2
27759,3
2776,40
27760,14
27763,2
27764,2
27765,5
2777,33
27770,9
27773,6
27774,2
27775,2
27777,6
27778,4
27779,3
2778,20
27780,2
27781,11
27782,2
27784,2
27785,5
27787,4
2779,16
27790,1
27793,1
27796,2
27797,1
27799,2
278,89
2780,49
27800,6
27801,5
27803,2
27805,10
27806,3
27807,5
27809,2
2781,32
27811,2
27812,1
27815,2
27816,2
27819,2
2782,27
27820,3
27824,2
27825,4
27828,4
27829,3
2783,34
27831,2
27833,1
27835,8
27838,2
27839,2
2784,18
27840,2
27842,2
27845,5
27846,2
2785,28
27850,8
27851,3
27854,2
27855,5
27859,4
2786,13
27861,1
27862,2
27863,4
27864,2
27865,4
27867,6
2787,20
27870,2
27872,4
27878,3
2788,35
27880,3
27881,3
27883,3
27886,4
2789,24
27895,1
27896,3
279,77
2790,35
27901,3
27902,1
27903,3
27904,3
27905,2
27907,2
27908,1
2791,29
27910,3
27913,1
27914,5
27915,2
27917,2
2792,25
27920,2
27921,2
27922,2
27925,9
27927,2
27928,2
27929,7
2793,39
27930,1
27931,7
27932,3
27934,1
27935,2
27936,2
27937,2
2794,11
27940,7
27941,2
27943,3
27945,6
2795,11
27950,2
27958,3
2796,11
27960,1
27962,3
27965,4
27966,2
27967,1
2797,18
27971,4
27972,2
27975,3
27979,2
2798,18
27980,1
27981,4
27984,4
27985,4
27988,2
27989,3
2799,10
27990,10
27991,2
27994,1
27995,7
27996,1
28,331
280,137
2800,918
28000,4
28003,1
28004,2
28005,7
28006,1
28008,2
28009,4
2801,871
28010,3
28012,4
28013,6
28014,4
28016,1
2802,298
28020,3
28021,3
28022,3
28023,1
28025,2
28026,5
28027,3
28029,2
2803,233
28030,2
28031,12
28032,3
28033,2
28034,3
28035,2
28037,8
28039,2
2804,474
28041,5
28042,9
28044,11
28045,9
28046,1
28047,3
28048,1
28049,4
2805,458
28051,1
28052,4
28053,3
28054,1
28055,7
28057,2
28058,4
28059,3
2806,311
28060,2
28061,3
28065,5
28066,2
28067,7
28068,3
28069,2
2807,274
28070,2
28071,3
28072,6
28074,2
28075,1
28076,2
28077,1
28078,4
28079,2
2808,427
28080,12
28081,11
28082,2
28084,2
28086,3
28087,1
28089,1
2809,380
28090,6
28091,4
28092,2
28095,8
28096,1
28098,3
28099,2
281,83
2810,417
28100,12
28101,1
28103,2
28104,7
28107,1
28108,2
28109,1
2811,277
28110,2
28114,4
28115,2
28116,3
28118,4
28119,6
2812,401
28120,4
28121,2
28123,2
28124,1
28125,12
28126,3
28127,2
28128,8
28129,3
2813,316
28130,4
28131,4
28133,2
28136,1
28139,2
2814,283
28140,4
28141,3
28142,1
28144,5
28145,2
28148,5
2815,336
28150,19
28151,9
28152,2
28153,4
28155,13
28156,5
2816,295
28160,1
28161,2
28162,7
28165,11
28166,1
2817,291
28170,1
28171,2
28172,3
28173,1
28175,3
28176,5
28178,1
28179,5
2818,288
28180,6
28181,4
28185,3
28186,3
28187,2
28188,1
2819,321
28193,4
28195,8
28196,5
28197,3
282,59
2820,375
28200,8
28201,3
28203,6
28204,5
28205,12
28206,3
28207,4
28208,2
28209,5
2821,288
28210,2
28212,3
28213,2
28215,3
28216,5
28217,8
2822,155
28220,8
28221,8
28222,2
28223,2
28225,1
28226,4
28228,7
28229,2
2823,160
28230,5
28231,4
28232,2
28233,2
28235,15
28236,1
28239,3
2824,245
28240,2
28241,5
28242,1
28244,4
28246,5
28248,1
28249,3
2825,306
28250,7
28251,3
28252,2
28255,13
28256,2
28257,2
28258,3
28259,4
2826,207
28261,3
28262,2
28263,2
28264,4
28265,9
28266,2
28268,1
2827,198
282734,1
28275,5
28276,7
2828,197
28280,1
28281,4
28285,6
28286,4
28287,2
28288,6
2829,131
28290,4
28292,4
28295,3
28296,2
28298,2
28299,4
283,62
2830,213
28300,4
28301,6
28302,5
28303,5
28304,9
28305,8
28306,6
28307,3
28308,3
28309,7
2831,187
28310,9
28311,4
28312,3
28313,4
28314,1
28315,10
28316,5
28317,2
28318,3
28319,2
2832,178
28320,11
28321,3
28322,3
28323,1
28324,4
28325,6
28326,8
28328,6
2833,178
28330,6
28331,3
28333,1
28335,2
28336,4
28337,4
28339,3
2834,104
28340,6
28342,6
28345,4
28346,2
28348,3
28349,2
2835,154
28350,7
28351,2
28352,3
28353,2
28354,2
28355,4
28356,1
28357,3
28358,6
2836,118
28360,17
28363,3
28367,1
2837,111
28370,2
28371,2
28375,2
2838,122
28380,4
28382,4
28384,2
28385,7
28386,3
28387,2
2839,97
28391,2
28392,2
28393,1
28395,3
28396,1
28398,2
28399,2
284,58
2840,209
28400,6
28401,11
28402,2
28404,6
28405,7
28406,2
28408,1
28409,7
2841,104
28410,7
28411,2
28412,5
28413,4
28414,1
28415,11
2842,107
28420,8
28422,1
28425,10
28426,4
28429,1
2843,86
28430,17
28431,1
28435,6
2844,111
28440,3
28441,2
28442,4
28444,1
28445,5
2845,126
28450,7
28451,5
28456,4
28458,2
2846,57
28460,6
28465,10
28466,6
28468,4
28469,2
2847,77
28470,7
28472,1
28474,2
28475,8
28476,1
2848,109
28480,3
28482,1
28484,2
28485,5
28488,7
2849,127
28490,5
28494,2
28495,6
28499,2
285,131
2850,106
28500,11
28501,8
28502,12
28503,5
28504,11
28505,7
28506,1
28507,11
28508,2
28509,5
2851,89
28510,9
28511,11
28512,9
28513,6
28514,3
28515,2
28516,4
28517,3
28519,4
2852,69
28520,4
28522,5
28524,3
28525,13
28527,6
28528,8
2853,55
28530,3
28531,3
28533,9
28534,4
28535,3
28536,7
2854,63
28540,6
28541,2
28543,2
28545,2
28546,4
2855,97
28550,4
28551,4
28553,1
28555,7
28556,1
28557,5
28558,4
2856,54
28560,1
28561,3
28562,3
28565,3
28566,8
28568,1
28569,2
2857,55
28570,8
28571,2
28572,5
28573,4
28575,3
28577,4
28578,5
28579,1
2858,42
28580,5
28581,3
28583,1
28585,6
28586,7
28587,2
28588,3
28589,6
2859,84
28590,10
28592,4
28593,4
28594,7
28595,6
28596,2
286,59
2860,82
28600,15
28601,10
28602,5
28603,2
28604,7
28605,15
28607,1
28608,9
28609,9
2861,44
28610,9
28612,4
28613,4
28615,11
28616,2
28617,2
28619,5
2862,25
28620,6
28622,3
28623,3
28625,2
28626,4
28628,2
2863,35
28630,5
28631,3
28633,2
28635,2
28637,3
28639,4
2864,45
28640,7
28642,6
28643,1
28645,7
28646,4
28647,1
2865,44
28650,7
28651,4
28652,2
28654,3
28655,6
28657,1
28658,2
2866,14
28660,2
28664,1
28666,3
28668,1
28669,1
2867,19
28671,5
28672,2
28675,1
28677,3
28678,1
28679,2
2868,37
28680,7
28681,1
28682,3
28684,6
28685,6
28688,1
2869,36
28690,8
28694,2
28695,7
28696,3
28698,1
28699,3
287,62
2870,36
28701,8
28703,2
28704,5
28705,2
28706,3
28707,2
28709,4
2871,45
28710,8
28713,2
28714,7
28715,3
28716,10
28719,5
2872,26
28720,8
28721,1
28725,4
2873,50
28730,8
28731,1
28734,3
28737,3
28739,4
2874,33
28740,5
28741,1
28745,1
28749,3
2875,35
28750,9
28755,4
28759,3
2876,23
28760,4
28762,3
28765,20
28767,2
28768,2
28769,1
2877,33
28770,5
28771,2
28774,1
28775,6
28776,2
28778,1
2878,10
28780,10
28784,7
28787,2
28788,1
2879,20
28790,1
28792,1
28793,1
28795,4
288,58
2880,45
28800,1
28801,2
28802,2
28805,4
28809,1
2881,25
28810,7
28811,4
28813,5
28814,2
28815,6
28817,6
28818,2
2882,7
28820,8
28821,2
28822,2
28825,5
28828,1
2883,20
28830,2
28832,3
28834,1
28835,7
28836,6
28839,4
2884,23
28840,14
28841,2
28843,2
28846,3
2885,35
28850,1
28854,1
28855,9
28856,1
28857,2
28858,2
28859,2
2886,24
28860,9
28863,2
28865,2
28867,4
2887,25
28870,2
28872,1
28874,1
28875,5
28876,2
2888,18
28880,8
28881,7
28883,2
28885,10
28887,2
28889,2
2889,8
28890,4
28894,1
28897,2
28899,1
289,57
2890,8
28900,8
28901,3
28902,2
28903,5
28905,10
28906,2
28907,2
28908,2
28909,9
2891,16
28910,8
28911,8
28912,3
28913,4
28914,2
28915,5
28916,4
28917,3
28918,1
28919,3
2892,7
28920,3
28921,2
28924,4
28925,3
28926,4
28928,1
28929,2
2893,19
28930,8
28932,1
28936,7
28937,2
2894,9
28940,2
28941,1
28942,2
28945,3
2895,22
28950,6
28955,5
28957,5
28958,2
28959,1
2896,17
28960,8
28963,1
28964,3
28965,4
28967,3
28969,3
2897,11
28972,4
28973,2
28974,1
28975,16
28976,2
28977,5
2898,22
28980,8
28983,3
28984,6
28985,1
28986,1
28987,2
2899,8
28990,3
28991,8
28992,2
28993,1
28996,3
28997,2
28998,2
28999,7
29,237
290,128
2900,717
29000,8
29001,13
29003,1
29004,3
29005,6
29006,3
29007,2
29009,4
2901,623
29010,6
29011,4
29015,4
29016,2
29018,1
2902,314
29020,4
29021,1
29022,1
29023,6
29025,10
2903,208
29032,3
29033,4
29034,2
29035,4
29036,1
29037,2
29039,2
2904,438
29041,4
29042,3
29045,5
29046,3
29048,3
29049,2
2905,507
29050,5
29051,4
29052,2
29054,2
29055,2
29056,6
29058,2
2906,340
29060,1
29061,6
29062,2
29063,3
29064,5
29065,4
29067,5
29069,2
2907,291
29070,2
29072,8
29073,3
29075,2
29077,2
2908,477
29080,9
29081,5
29082,1
29084,2
29085,16
29086,7
2909,596
29090,2
29091,3
29092,2
29094,5
29095,3
29097,1
29099,14
291,106
2910,384
29100,8
29101,7
29102,2
29104,2
29105,6
29106,3
29108,2
29109,2
2911,315
29110,1
29111,10
29113,3
29116,2
29117,1
29119,4
2912,396
29120,7
29121,7
29122,6
29124,6
29125,7
29127,3
29128,5
2913,316
29130,3
29132,3
29135,10
29136,5
29139,2
2914,353
29140,9
29144,2
29145,3
29146,2
29147,2
2915,368
29150,2
29151,4
29153,1
29155,2
2916,324
29160,7
29161,2
29162,1
29166,2
29167,4
2917,312
29170,2
29171,2
29173,3
29175,9
29176,6
29177,4
29178,3
2918,254
29180,6
29181,4
29182,1
29185,7
29186,3
29187,5
2919,268
29190,9
29191,3
29193,2
29195,2
29196,2
29199,1
292,69
2920,488
29200,16
29201,6
29202,6
29205,14
29207,4
29208,5
29209,7
2921,362
29210,12
29212,6
29213,10
29214,2
29215,7
29218,1
29219,5
2922,178
29220,5
29221,1
29222,2
29223,1
29224,1
29225,6
29226,1
29227,2
29228,3
2923,139
29230,1
29231,10
29234,3
29235,6
29236,2
29239,1
2924,315
29240,2
29243,2
29245,7
29248,3
2925,338
29250,7
29251,6
29255,3
2926,205
29260,9
29261,2
29263,3
29265,1
29266,3
29268,2
2927,197
29270,15
29271,2
29274,1
29275,2
29276,1
29279,5
2928,202
29280,1
29284,2
29285,8
29286,5
29289,4
2929,324
29290,6
29295,11
29296,6
29297,2
29298,4
29299,4
293,36
2930,255
29300,11
29301,4
29302,6
29303,4
29304,2
29305,7
29306,4
29307,1
29309,5
2931,204
29310,8
29311,2
29313,6
29315,3
29319,2
2932,156
29320,8
29322,8
29324,4
29325,10
29326,3
29327,1
2933,194
29330,3
29331,3
29335,2
29337,1
29339,2
2934,135
29340,7
29341,2
29342,2
29345,12
2935,117
29350,13
29351,2
29353,2
29355,6
29356,2
29357,8
29358,2
2936,156
29360,9
29362,5
29364,3
29365,8
29366,2
29368,2
29369,3
2937,131
29370,1
29371,3
29374,1
29377,1
2938,110
29380,5
29381,1
29382,2
29383,3
29384,5
29385,4
29386,2
29388,2
29389,5
2939,108
29390,5
29391,2
29393,2
29394,2
29396,2
294,66
2940,199
29400,9
29401,5
29403,1
29404,1
29405,5
29407,2
29408,1
29409,4
2941,223
29410,11
29412,4
29413,4
29414,2
29415,2
29417,4
29418,3
29419,4
2942,97
29420,18
29421,3
29422,2
29424,4
29425,1
29426,5
29428,14
29429,3
2943,78
29430,2
29432,5
29435,1
29436,3
29437,3
29438,1
29439,3
2944,128
29440,7
29444,3
29445,4
29446,3
29448,3
29449,4
2945,205
29450,1
29451,3
29452,2
29453,1
29454,5
29455,3
29456,4
29458,2
29459,2
2946,92
29460,1
29463,2
29464,4
29465,2
29466,2
29467,7
29468,2
29469,3
2947,80
29472,4
29474,2
29475,8
29476,3
29477,2
29478,2
2948,85
29480,5
29481,4
29483,2
29485,10
29486,2
29487,2
29488,3
2949,125
29490,7
29493,8
29495,4
29496,4
29497,1
29498,5
29499,3
295,98
2950,146
29500,3
29501,2
29504,3
29505,9
29506,8
29507,2
29508,2
29509,1
2951,146
29512,3
29514,2
29515,1
29516,1
29519,2
2952,45
29520,5
29521,1
29524,2
29525,6
29529,2
2953,46
29530,2
29532,5
29533,9
29534,11
29535,6
29536,2
29537,2
29539,1
2954,65
29540,4
29541,4
29544,2
29545,7
29547,1
29548,10
29549,7
2955,93
29550,8
29551,2
29554,4
29555,4
29556,4
29557,5
2956,45
29560,2
29565,6
29566,1
29568,4
2957,65
29570,3
29571,1
29572,2
29575,1
29578,2
2958,46
29580,4
29581,5
29583,2
29585,4
29588,3
2959,51
29591,4
29592,1
29594,3
29598,2
296,60
2960,56
29600,11
29601,7
29602,4
29604,7
29605,4
29606,1
29608,2
29609,5
2961,60
29610,8
29612,5
29613,3
29614,4
29617,5
29618,4
2962,54
29620,8
29621,6
29623,4
29625,4
29626,2
29627,2
29628,1
29629,2
2963,25
29630,8
29633,3
29636,4
29637,3
29638,2
2964,38
29642,2
29643,2
29645,1
29646,4
2965,57
29650,6
29652,1
29654,6
29655,10
29656,2
29659,1
2966,52
29661,4
29662,6
29663,2
29666,2
29667,1
29668,7
2967,33
29670,2
29675,7
29678,2
2968,21
29682,2
29684,1
29686,3
29687,2
29688,1
29689,4
2969,34
29690,7
29692,1
29694,4
29695,11
297,59
2970,74
29700,5
29701,3
29702,2
29703,1
29704,8
29705,46
29706,2
29708,4
29709,6
2971,38
29710,7
29712,5
29713,24
29715,4
29716,3
29717,32
29719,2
2972,20
29720,9
29721,2
29722,2
29726,2
29727,2
29729,2
2973,14
29730,1
29731,6
29732,7
29733,1
29735,2
29736,3
29737,6
29738,1
2974,58
29740,1
29741,3
29743,5
29745,5
29746,1
29747,2
29748,4
29749,2
2975,25
29750,9
29755,4
2976,35
29760,5
29761,3
29763,2
29765,2
29768,2
29769,2
2977,37
29770,3
29771,1
29772,2
29774,4
29775,10
29777,5
29778,5
2978,29
29780,2
29781,2
29787,4
29789,1
2979,22
29790,4
29791,1
29796,2
29798,2
29799,2
298,67
2980,36
29800,9
29801,3
29802,9
29804,2
29805,5
29808,4
29809,4
2981,36
29810,2
29811,4
29812,8
29813,2
29815,3
29816,2
29817,5
29818,4
2982,26
29820,3
29821,6
29822,4
29823,2
29824,1
29825,2
29829,3
2983,18
29835,5
29836,6
29838,1
29839,3
2984,12
29840,3
29843,2
29844,2
29845,4
29846,2
2985,30
29850,3
29852,4
29854,2
29855,7
29856,1
29859,4
2986,1
29860,2
29862,2
29863,2
29866,1
29868,3
2987,21
29870,5
29873,3
29875,14
29879,3
2988,11
29880,9
29881,3
29884,2
29885,7
29886,1
29888,5
29889,3
2989,25
29890,2
29895,4
29896,1
299,60
2990,39
29900,8
29901,9
29902,5
29904,5
29905,3
29906,4
29907,2
29908,2
29909,1
2991,8
29910,1
29911,5
29912,2
29915,2
29916,4
29919,3
2992,14
29920,6
29922,5
29923,2
29925,3
29926,2
29927,3
29928,2
29929,1
2993,18
29930,5
29933,2
29935,4
29937,1
29938,2
29939,1
2994,22
29940,4
29945,10
29946,3
29947,4
29949,1
2995,16
29950,4
29951,5
29954,3
29955,6
29957,1
29959,3
2996,12
29964,2
29965,1
29966,2
29967,3
2997,26
29975,4
29977,3
2998,21
29980,6
29982,2
29983,4
29985,2
2999,7
29990,3
29991,3
29992,2
29993,2
29995,4
29997,4
3,742
30,331
300,3166
3000,1043
30000,11
30001,5
30002,4
30005,5
30007,2
3001,655
30010,8
30011,1
30012,5
30015,4
3002,275
30020,10
30024,4
30025,3
30027,2
30029,4
3003,296
30030,14
30031,3
30032,1
30033,4
30035,6
30036,1
30038,5
30039,8
3004,379
30040,1
30041,2
30042,2
30045,5
30047,3
30049,3
3005,404
30050,1
30051,9
30052,1
30056,2
30058,2
30059,1
3006,310
30060,4
30062,5
30063,2
30064,5
30065,1
30066,4
30067,1
3007,298
30070,5
30071,3
30072,4
30075,7
30076,2
30077,3
30079,3
3008,373
30080,5
30082,2
30083,5
30085,4
30086,4
30089,3
3009,454
30091,2
30092,6
30093,13
30094,2
30095,2
30096,4
30097,9
301,4143
3010,331
30100,11
30101,12
30102,1
30103,8
30105,4
30107,4
30109,7
3011,280
30110,5
30111,4
30112,1
30113,4
30114,2
30115,1
30116,6
30117,2
30118,4
30119,9
3012,344
30120,9
30121,5
30122,3
30123,4
30125,182
30126,7
30127,2
30128,2
30129,3
3013,275
30130,1
30131,7
30133,4
30135,2
30136,5
30137,3
30138,2
30139,7
3014,246
30140,8
30141,1
30142,10
30144,2
30145,3
30147,2
30149,11
3015,390
30150,6
30151,2
30154,4
30155,5
30157,3
30158,11
30159,4
3016,313
30160,4
30163,4
30165,14
30166,1
30167,1
30169,4
3017,285
30170,2
30171,1
30172,4
30173,2
30175,2
30176,2
30177,3
30179,2
3018,243
30180,1
30181,3
30182,2
30184,3
3019,262
30190,3
30191,2
30192,2
30193,3
30195,13
30196,2
30197,2
30199,2
302,2929
3020,375
30200,15
30201,5
30203,2
30205,6
30208,2
3021,341
30210,3
30211,1
30212,5
30214,2
30215,7
30216,4
30219,1
3022,202
30220,10
30222,2
30223,1
30224,4
30225,4
3023,199
30231,2
30235,3
30238,2
3024,267
30241,2
30243,4
30245,6
30248,8
30249,1
3025,321
30250,17
30253,5
30255,5
3026,200
30260,16
30265,4
30267,2
30268,3
30269,4
3027,169
30271,2
30272,3
30273,1
30274,5
30275,6
30277,1
30278,2
3028,177
30280,3
30282,1
30285,1
30286,2
30287,3
3029,143
30290,4
30297,4
303,2796
3030,304
30300,3
30301,1
30302,2
30303,3
30305,5
30307,2
30308,4
30309,2
3031,210
30310,2
30312,1
30313,1
30317,2
30318,6
3032,170
30325,3
30326,1
30329,3
3033,240
30330,9
30331,9
30332,1
30333,7
30335,2
3034,136
30340,4
30341,2
30342,2
30343,1
30345,3
3035,160
30350,10
30351,6
30352,3
30354,2
30355,3
30356,1
30357,3
3036,109
30360,5
30361,5
30362,5
30365,2
30366,4
30368,2
3037,145
30370,6
30373,1
30374,3
30375,12
3038,68
30380,7
30382,5
30383,4
30385,6
30386,3
3039,201
30390,1
30391,4
30393,9
30395,9
30397,2
304,2869
3040,152
30400,7
30401,12
30403,4
30404,3
30405,7
30406,6
3041,136
30411,4
30412,4
30415,4
30418,2
30419,2
3042,77
30420,8
30421,2
30422,1
30423,4
30424,2
30426,3
30427,2
30428,2
30429,4
3043,53
30430,3
30435,4
30436,5
30438,3
3044,74
30440,2
30441,2
30443,4
30446,4
30447,2
30449,2
3045,182
30450,14
30452,5
30453,3
30455,2
30456,3
30458,5
3046,81
30460,4
30464,2
3047,71
30470,3
30472,2
30473,3
30474,6
30475,2
30476,3
30479,5
3048,70
30481,1
30482,3
30485,4
3049,65
30490,5
30494,2
30495,1
30497,3
30498,5
30499,1
305,3373
3050,114
30500,10
30502,5
30504,5
30505,12
30506,3
30507,2
3051,156
30510,3
30511,5
30512,2
30514,4
30515,3
30517,4
30518,2
30519,3
3052,71
30520,14
30521,2
30522,1
30523,2
30524,4
30525,5
30529,4
3053,54
30530,13
30531,2
30532,1
30535,4
30538,5
30539,4
3054,64
30540,5
30541,5
30544,2
30549,1
3055,62
30551,4
30553,3
30554,1
30555,4
3056,69
30560,5
30561,4
30563,2
30564,2
30565,2
30566,1
30567,5
3057,75
30570,3
30574,8
30575,1
30578,4
3058,41
30581,2
30582,3
30585,5
3059,71
30591,4
30596,2
306,2826
3060,66
30600,12
30602,2
30603,2
30605,4
30606,1
30607,5
30609,2
3061,42
30610,2
30611,4
30612,2
30616,2
30618,3
30619,3
3062,30
30620,8
30625,3
30626,2
30627,4
3063,51
30630,1
30633,1
30635,3
3064,41
30640,5
30642,2
30645,5
30648,4
3065,24
30650,3
30652,2
30655,5
3066,23
30660,2
30665,5
30669,6
3067,20
30670,2
30672,2
30673,2
3068,31
30680,3
30682,1
30684,2
30687,2
30689,3
3069,44
30690,2
30695,1
30696,2
30698,2
307,2624
3070,48
30700,2
30701,7
30702,5
30704,2
30705,4
30708,3
3071,20
30710,6
30711,1
30713,3
30714,5
30715,10
30716,3
3072,23
30720,5
30721,2
30722,2
30724,5
30725,9
30726,3
30727,4
3073,25
30730,1
30731,1
3074,23
30741,1
30742,2
30743,4
30745,4
30746,2
30748,3
3075,39
30750,12
30751,3
30755,3
30757,6
3076,29
30760,1
30762,2
30765,6
30769,6
3077,21
30770,2
30771,4
30772,2
30773,3
30775,2
30776,7
30778,2
3078,9
30780,4
30784,2
30785,2
30786,2
30787,4
30789,3
3079,34
30790,2
30791,2
30794,2
30797,2
30799,4
308,2853
3080,37
30800,12
30801,2
30804,1
30805,9
30806,1
3081,26
30810,5
30811,4
30812,1
30814,8
30815,5
30816,2
30819,2
3082,14
30820,4
30822,1
30823,4
30824,3
30825,6
30826,3
3083,4
30830,8
30834,2
30835,2
30836,3
30837,7
30839,4
3084,15
30840,4
30841,3
30842,2
30843,2
30845,3
30848,1
3085,33
30850,7
30851,7
30852,2
30853,4
30854,3
30855,4
30856,2
30857,2
30858,2
30859,4
3086,4
30860,5
30863,3
30869,4
3087,13
30870,3
30875,7
30878,1
30879,1
3088,31
30880,7
30882,1
30884,2
30885,5
30886,2
30887,6
30889,3
3089,15
30890,2
30893,3
30895,1
30896,3
309,2850
3090,20
30900,13
30903,2
30904,1
30908,1
3091,19
30910,8
30911,3
30912,4
30913,1
30914,4
30915,5
30916,5
30917,4
30918,4
3092,17
30920,10
30921,5
30922,4
30924,5
30925,3
30926,2
3093,9
30932,1
30934,2
30935,10
30936,4
30937,2
3094,6
30940,7
30941,2
30942,4
30944,4
30945,7
30947,2
30948,2
30949,1
3095,23
30950,2
30952,2
30953,1
30955,4
30956,2
30957,3
3096,16
30960,2
30965,5
30967,1
30968,1
3097,10
30970,2
30972,7
30973,4
30975,1
3098,10
30981,3
30984,6
30986,7
30988,2
30989,2
3099,16
30990,3
30993,2
30994,2
30995,7
30996,4
30998,4
30999,2
31,229
310,3111
3100,823
31001,4
31002,5
31003,3
31004,3
31005,2
31006,2
31007,2
31008,2
3101,689
31010,10
31011,2
31014,2
31015,6
31017,7
31018,2
3102,236
31020,6
31021,1
31025,6
31026,5
31027,6
31028,4
31029,5
3103,250
31030,3
31032,3
31033,2
31037,2
31038,4
3104,329
31040,5
31041,3
31044,2
3105,329
31050,2
31051,5
31052,2
31054,1
31055,2
3106,310
31062,1
31064,4
31065,1
31067,2
31068,2
31069,7
3107,327
31070,2
31071,2
31073,1
31075,3
31076,5
31077,2
31078,2
3108,383
31085,5
31089,2
3109,424
31090,2
31092,3
31095,4
31097,5
31098,3
311,2596
3110,512
31100,11
31101,3
31105,3
31106,1
31107,1
31108,1
3111,286
31110,1
31111,13
31114,1
31115,6
31116,5
31117,3
31118,8
31119,8
3112,319
31120,8
31121,2
31122,2
31123,2
31124,2
31125,2
31127,3
31128,2
3113,276
31130,11
31131,7
31132,7
31133,2
31135,4
31136,2
31137,1
3114,253
31141,2
31142,3
31145,9
31149,4
3115,305
31150,12
31151,3
31152,2
31154,4
31155,11
31158,2
3116,289
31160,1
31163,2
31164,5
31165,2
31166,4
31169,3
3117,278
31170,6
31171,9
31172,3
31173,4
31175,12
31179,2
3118,242
31180,4
31181,2
31182,5
31183,3
31185,4
31186,3
3119,232
31190,6
31191,5
31192,2
31193,5
31195,6
31196,2
31197,2
31199,5
312,2592
3120,373
31200,10
31201,9
31202,1
31204,3
31205,4
31206,2
31208,2
3121,315
31210,17
31211,2
31213,1
31214,1
31215,7
31216,2
31217,5
31219,1
3122,172
31220,6
31221,8
31225,12
31226,2
3123,149
31230,3
31231,2
31232,4
31233,2
31239,1
3124,307
31240,6
31241,2
31243,2
31245,10
3125,311
31251,3
31255,4
3126,163
31260,1
31261,1
31262,2
31264,2
31265,2
31269,4
3127,133
31270,5
31272,5
31273,3
31275,3
3128,181
31285,2
31288,7
3129,167
31290,1
31295,2
31296,2
31297,2
31298,2
31299,2
313,1658
3130,341
31300,17
31301,24
31302,1
31304,6
31305,7
31306,4
31308,2
31309,2
3131,210
31310,20
31311,21
31315,7
31316,3
31318,1
31319,3
3132,203
31320,21
31321,12
31322,2
31325,1
31329,2
3133,175
31330,9
31331,15
31333,3
31334,1
31337,2
3134,147
31340,7
31341,10
31342,7
31344,1
31345,4
31346,5
31347,5
3135,102
31350,5
31351,2
31353,2
31354,2
31356,3
31357,2
3136,131
31360,5
31361,2
31363,2
31365,2
31369,1
3137,144
31370,1
31375,9
31376,4
3138,107
31380,5
31381,3
31382,6
31383,3
31384,4
31385,4
31388,2
3139,127
31390,5
31392,1
31393,1
31394,1
31395,1
31396,6
31397,3
314,1934
3140,235
31400,6
31401,9
31402,2
31404,7
31405,8
31407,2
31408,4
31409,4
3141,136
31410,14
31411,8
31412,4
31413,5
31414,10
31415,3
31416,3
31417,1
31418,3
3142,93
31420,9
31421,4
31422,2
31423,2
31424,7
31425,13
31426,2
31428,3
31429,2
3143,70
31430,3
31431,3
31432,3
31433,7
31434,1
31435,13
31436,2
31437,7
31438,1
31439,2
3144,134
31440,6
31441,5
31443,5
31444,1
31445,4
31446,4
31447,2
31449,9
3145,114
31450,8
31455,10
31456,3
31458,8
31459,2
3146,80
31460,13
31461,1
31463,1
31464,7
31465,10
31468,2
3147,93
31470,11
31471,6
31473,2
31475,15
3148,94
31480,21
31481,7
31484,1
31485,7
3149,53
31490,16
31491,1
31493,6
31494,2
31495,8
31496,1
315,2705
3150,161
31500,17
31501,8
31505,7
31506,6
3151,88
31510,8
31511,2
31514,2
31515,4
31516,4
31517,4
31518,2
31519,5
3152,48
31520,3
31521,5
31522,2
31523,2
31525,19
31526,2
31528,3
31529,1
3153,50
31530,9
31531,4
31533,1
31534,2
31535,4
31536,2
31537,3
31538,2
31539,4
3154,58
31540,12
31541,2
31544,3
31545,5
31546,2
3155,73
31550,7
31551,3
31553,2
31555,13
31556,3
31557,2
3156,65
31560,4
31562,1
31565,5
31566,2
31567,3
31568,1
31569,2
3157,24
31570,3
31571,2
31574,2
31575,13
31579,1
3158,63
31580,6
31585,3
31588,2
3159,52
31591,4
31592,2
31596,2
31599,5
316,1926
3160,54
31600,8
31604,3
31605,70
31607,5
3161,62
31610,2
31611,5
31613,7
31615,3
31616,2
31617,7
3162,71
31620,12
31621,2
31622,8
31623,1
31625,1
31627,1
31628,2
31629,3
3163,21
31630,1
31631,3
31632,5
31634,2
31635,4
3164,21
31640,5
31642,3
31643,2
31644,6
31645,7
31647,5
31649,1
3165,40
31650,8
31651,2
31653,2
31655,7
31657,2
3166,53
31660,2
31661,4
31664,3
31665,10
31667,5
31668,3
31669,2
3167,31
31670,7
31672,2
31675,4
31677,4
3168,12
31680,5
31683,5
31684,2
31685,7
31686,7
31687,1
31688,4
3169,24
31691,2
31696,2
31697,1
31698,2
31699,2
317,1854
3170,51
31700,18
31701,9
31702,1
31703,1
31704,10
31705,11
31706,8
31707,4
31708,4
31709,5
3171,27
31710,8
31711,11
31712,13
31713,4
31714,4
31715,27
31716,6
31717,7
31718,4
31719,9
3172,17
31720,8
31721,10
31722,2
31723,8
31724,11
31725,7
31726,4
31727,5
31728,3
31729,5
3173,24
31730,9
31731,11
31732,3
31733,5
31734,6
31735,10
31736,2
31737,5
31738,7
31739,6
3174,26
31740,2
31741,2
31742,6
31743,4
31744,1
31745,5
31747,8
31748,4
31749,5
3175,26
31750,6
31751,5
31752,3
31753,3
31754,4
31755,12
31756,1
31757,11
31758,6
3176,52
31760,10
31762,2
31763,3
31764,4
31765,7
31766,6
31767,10
31768,1
3177,22
31770,2
31771,4
31772,3
31773,3
31774,5
31775,3
31778,1
31779,1
3178,15
31780,11
31781,1
31782,7
31783,3
31788,6
31789,3
3179,13
31790,13
31791,2
31792,1
31794,2
31795,5
31796,1
31799,3
318,1681
3180,32
31800,10
31801,1
31802,9
31804,4
31805,2
31806,7
31807,2
31808,3
31809,2
3181,30
31810,5
31811,1
31812,3
31814,2
31815,10
31816,4
31817,1
31819,2
3182,16
31820,7
31821,7
31822,3
31823,2
31824,8
31825,9
31826,2
31828,5
31829,4
3183,9
31830,3
31831,1
31833,1
31834,4
31837,3
3184,10
31840,3
31841,7
31842,2
31845,7
31847,3
31848,1
31849,2
3185,19
31850,6
31851,1
31853,2
31855,3
31857,3
31858,1
3186,11
31860,1
31861,2
31864,2
31865,2
3187,10
31870,3
31871,6
31872,2
31874,1
31875,5
31877,2
3188,8
31881,6
31884,1
31885,3
31888,1
3189,6
31890,5
31891,4
31893,3
31895,2
31897,1
31898,2
31899,3
319,1597
3190,28
31900,6
31901,4
31902,2
31904,2
31905,8
31906,5
31908,2
31909,4
3191,15
31910,3
31911,1
31913,1
31915,4
31916,2
31919,1
3192,11
31920,1
31922,4
31925,5
31927,3
31928,1
31929,2
3193,19
31930,6
31932,2
31935,3
31937,1
31939,1
3194,5
31940,5
31942,2
31943,5
31945,4
31947,3
31949,4
3195,26
31950,4
31951,5
31953,2
31954,3
31955,2
31956,1
31958,2
31959,2
3196,12
31960,2
31962,1
31963,4
31965,2
31966,2
3197,18
31970,7
31971,2
31972,6
31975,7
31976,2
3198,5
31980,7
31981,2
31983,3
31985,1
3199,19
31990,10
31991,2
31993,1
32,214
320,2375
3200,529
32000,6
32001,3
32002,2
32003,4
32004,2
32005,6
32007,1
32008,2
32009,2
3201,664
32010,2
32011,4
32012,3
32014,1
32015,1
32016,2
32017,6
3202,221
32020,3
32021,4
32024,1
32025,3
32026,2
32027,1
32028,4
32029,3
3203,176
32030,8
32031,5
32032,3
32036,3
32037,4
32038,1
3204,249
32040,3
32043,4
32045,1
32047,2
3205,357
32051,6
32052,2
32055,3
32059,3
3206,206
32060,5
32063,1
32065,2
32066,5
32068,2
3207,182
32070,5
32071,5
32074,3
32075,7
32076,5
32077,2
32078,2
32079,1
3208,352
32080,11
32082,2
32083,1
32085,3
32086,2
32087,2
3209,348
32090,4
32091,3
32093,2
32094,2
32096,5
32097,2
32098,1
32099,6
321,1928
3210,311
32100,4
32102,7
32104,5
32105,7
32107,5
32109,2
3211,273
32113,6
32114,4
32115,2
32116,1
32118,1
3212,323
32120,4
32123,2
32125,2
3213,226
32130,10
32131,2
32132,5
32136,2
32138,3
32139,1
3214,195
32140,2
32142,1
32145,1
32147,4
3215,266
32152,5
32155,8
32159,3
3216,224
32160,1
32161,3
32166,1
32168,3
32169,2
3217,235
32170,5
32171,1
32175,3
32177,2
3218,183
32180,1
32181,4
32183,2
32184,6
32185,2
3219,164
32190,2
32193,3
32195,1
32197,2
32198,3
322,1278
3220,356
32201,5
32202,2
32204,1
32205,1
32206,2
32208,2
32209,1
3221,240
32210,7
32211,5
32213,2
32215,6
32218,3
3222,165
32220,5
32221,2
32222,6
32224,2
32225,13
3223,119
32230,4
32232,2
32233,2
32235,11
32238,5
32239,6
3224,245
32240,8
32241,6
32243,4
32244,3
32246,4
32247,1
32248,2
32249,4
3225,245
32250,4
32251,11
32255,15
32257,2
32258,2
32259,2
3226,134
32260,7
32261,7
32262,1
32263,4
32264,3
32265,6
32266,2
32267,4
32268,4
32269,1
3227,153
32270,6
32271,3
32273,2
32274,2
32275,8
32276,4
32277,3
32278,3
32279,4
3228,145
32280,6
32282,4
32283,2
32284,14
32286,3
32287,2
32289,1
3229,137
32290,3
32292,5
32294,6
323,1202
3230,166
32300,16
32301,4
32303,1
32304,2
32305,5
32306,3
32308,5
3231,185
32310,5
32312,4
32313,2
32314,2
32315,6
32316,1
32317,2
32318,5
3232,369
32320,5
32324,5
32325,8
32326,2
32328,2
3233,118
32330,1
32331,2
32332,1
32335,6
32336,5
32337,2
32338,2
3234,106
32340,3
32344,2
32345,8
32348,3
32349,4
3235,106
32350,5
32351,2
32352,2
32355,2
3236,83
32360,12
32361,2
32363,1
32364,3
32365,2
3237,79
32374,1
32375,11
32376,3
32378,2
3238,77
32380,2
32381,7
32385,8
32386,2
32387,5
3239,71
32390,2
32391,3
32393,2
32394,2
32395,2
32396,2
32398,4
324,1423
3240,95
32400,2
32402,4
32403,2
32404,2
32405,16
32406,2
32408,1
32409,2
3241,100
32410,2
32411,2
32415,5
32417,1
32419,3
3242,72
32421,6
32422,2
32423,2
32424,2
32425,1
32427,4
3243,52
32430,5
32431,3
32435,4
32438,2
3244,76
32440,3
32441,2
32442,2
32443,2
32445,2
32446,3
32449,5
3245,82
32450,2
32451,1
32452,2
32454,2
32455,7
32456,1
3246,46
32460,4
32461,6
32462,2
32463,2
32465,2
32466,5
3247,59
32470,44
32471,2
32473,8
32474,4
32475,2
3248,37
32481,5
32482,3
32484,4
32485,13
32487,1
32488,7
3249,72
32490,4
32492,1
32496,2
32497,3
325,1354
3250,220
32500,12
32501,15
32502,3
32503,8
32505,9
32506,2
32507,2
3251,70
32510,11
32511,9
32512,6
32513,5
32516,4
32517,2
32518,1
3252,92
32520,10
32521,8
32522,4
32523,4
32525,6
32526,2
32527,1
3253,37
32530,3
32531,6
32532,7
32533,2
32535,9
32536,2
32537,4
3254,27
32540,7
32541,4
32542,4
32543,6
32544,2
32545,6
32547,1
32549,3
3255,62
32550,11
32551,6
32552,2
32553,7
32555,9
32557,2
32558,4
32559,1
3256,32
32560,5
32561,4
32562,5
32563,2
32564,6
32565,3
3257,27
32570,2
32572,2
32573,3
32574,2
32575,7
32577,2
32579,1
3258,20
32580,5
32581,1
32582,5
32583,1
32585,7
32589,8
3259,24
32590,7
32591,2
32592,3
32595,8
32596,2
326,879
3260,37
32600,12
32601,5
32602,6
32603,1
32604,3
32605,11
32606,3
32607,4
32608,1
32609,2
3261,51
32610,16
32611,4
32612,2
32613,2
32614,3
32615,12
32617,1
32618,3
32619,8
3262,22
32620,5
32622,1
32623,6
32624,4
32625,3
32626,10
32627,1
32628,2
32629,2
3263,14
32630,6
32631,3
32634,2
32635,4
32636,1
32639,6
3264,8
32640,5
32641,3
32642,5
32643,2
32644,7
32645,7
32646,4
32647,2
32649,2
3265,34
32650,5
32651,4
32653,2
32654,2
32655,7
32656,5
32659,3
3266,9
32660,3
32662,2
32663,2
32664,2
32665,16
32666,4
32667,4
32669,1
3267,11
32670,1
32671,2
32673,2
32675,3
32676,3
3268,13
32680,1
32681,2
32682,1
32683,1
32684,1
3269,15
32694,6
32695,6
32696,5
32698,3
327,893
3270,30
32700,3
32701,5
32702,5
32705,3
32706,4
3271,11
32710,13
32714,1
32715,7
32716,1
32717,2
32718,2
32719,4
3272,13
32720,3
32721,5
32725,1
3273,18
32730,2
32733,3
32735,5
32738,3
32739,2
3274,7
32740,8
32741,4
32742,4
32744,8
32745,3
32746,4
32747,4
3275,19
32750,7
32751,6
32754,2
32757,4
3276,14
32760,8
32761,4
32766,2
32767,2
32768,3
3277,17
32770,3
32771,1
32772,2
32774,5
32775,1
3278,10
32780,4
32781,2
32783,1
32785,3
32786,2
32787,2
3279,9
32790,14
32791,11
32794,2
32796,6
32797,2
32799,6
328,852
3280,18
32800,7
32802,4
32803,2
32805,5
32807,1
32809,2
3281,18
32810,6
32813,2
32814,2
32815,3
32818,2
32819,2
3282,11
32820,6
32821,3
32822,2
32824,2
32825,4
32826,1
32829,7
3283,11
32830,3
32832,8
32835,8
32836,1
3284,8
32840,14
32844,2
32845,2
32846,2
32849,3
3285,19
32851,2
32855,1
32856,2
32857,2
3286,12
32860,6
32861,3
32862,3
32863,5
32865,1
32867,3
3287,11
32870,3
32871,3
32873,3
32875,7
32876,3
32877,3
3288,13
32881,3
32884,3
32885,9
32886,1
32887,2
3289,4
32890,6
32891,2
32892,2
32894,2
32895,5
32896,1
32899,3
329,754
3290,15
32900,8
32901,5
32902,6
32903,4
32904,2
32905,2
32909,1
3291,6
32912,2
32915,1
32917,2
32918,1
32919,7
3292,11
32921,2
32925,3
32926,2
32927,5
32928,4
3293,12
32930,5
32931,1
32934,1
32935,1
32938,1
32939,2
3294,8
32940,3
32941,2
32945,5
32947,4
32949,6
3295,8
32950,2
32951,2
32953,8
32955,11
32956,2
32957,2
32959,6
3296,9
32961,1
32962,2
32964,2
32965,5
32966,2
3297,10
32970,4
32971,1
32972,1
32975,3
32976,2
32978,1
3298,7
32980,2
32982,2
32985,9
32987,4
32989,2
3299,2
32990,4
32992,2
32995,1
32996,4
32997,4
32998,2
33,208
330,1247
3300,428
33000,3
33001,8
33002,5
33004,3
33005,3
33006,2
33007,5
3301,393
33010,11
33012,2
33013,5
33014,4
33016,5
33017,1
33019,1
3302,267
33020,4
33021,2
33025,1
33026,9
33027,3
33029,2
3303,228
33030,6
33035,4
33038,5
33039,1
3304,281
33040,6
33041,4
33043,2
33045,2
33046,3
33049,2
3305,360
33050,5
33054,1
33055,2
33056,5
33057,3
33058,2
33059,3
3306,263
33060,10
33061,7
33063,5
33065,6
33066,2
3307,252
33070,8
33071,2
33073,1
33074,11
33075,5
33076,7
3308,299
33080,3
33081,3
33082,2
33083,3
33084,4
33085,3
33086,6
3309,297
33090,7
33091,3
33093,4
33095,7
33096,1
331,812
3310,341
33100,2
33102,7
33103,4
33104,2
33105,7
33106,1
33108,5
33109,5
3311,243
33110,7
33112,3
33115,12
33116,4
33117,2
33118,3
33119,1
3312,252
33120,1
33124,2
33125,3
3313,180
33130,6
33132,3
33133,2
33135,10
33138,4
33139,3
3314,230
33140,3
33141,2
33142,6
33143,2
33144,2
33145,8
33146,2
33149,4
3315,259
33150,9
33155,2
33156,2
33158,2
33159,5
3316,206
33160,7
33161,5
33162,2
33165,2
33166,2
33169,2
3317,158
33170,1
33174,7
33176,7
33177,1
33179,3
3318,150
33180,7
33181,3
33182,8
33183,4
33185,4
33186,2
33187,3
33188,4
3319,157
33190,3
33193,4
33194,2
33198,3
332,538
3320,279
33200,7
33201,5
33202,5
33203,2
33204,5
33205,4
33206,2
33208,5
3321,238
33210,3
33211,8
33213,2
33215,12
33217,1
33219,2
3322,184
33220,9
33225,7
33228,1
3323,509
33231,2
33235,2
33239,1
3324,173
33240,5
33241,6
33242,6
33243,2
33244,1
33245,7
33246,5
33247,3
33248,2
33249,6
3325,212
33250,4
33251,1
33252,2
33253,7
33254,1
33255,3
33256,3
3326,199
33260,10
33262,3
33263,3
33265,4
33266,5
33268,3
3327,137
33272,1
33275,2
33276,2
3328,112
33280,1
33283,2
33284,2
33285,5
33286,1
33287,1
33288,4
3329,136
33291,4
33292,6
33294,5
33295,10
33296,1
333,717
3330,211
33300,5
33301,8
33302,10
33305,6
33306,7
33307,1
33309,2
3331,122
33311,6
33313,4
33314,2
33315,3
33317,2
33319,4
3332,117
33320,7
33324,3
33326,4
3333,157
33330,4
33331,2
33335,4
33337,1
33338,1
3334,112
33341,2
33342,7
33343,1
33345,16
33346,1
33348,2
3335,129
33351,1
33352,2
33353,5
33354,1
33355,2
33357,2
33358,3
3336,73
33360,2
33361,2
33365,5
33366,2
33367,4
3337,95
33370,1
33371,2
33375,5
33378,2
3338,84
33380,2
33381,3
33382,5
33384,1
33385,12
33387,2
33388,2
3339,88
33392,1
33395,4
33398,6
334,444
3340,135
33400,14
33401,2
33402,4
33405,4
33406,2
33407,2
33409,2
3341,117
33410,3
33413,2
33415,2
3342,82
33420,3
33424,1
33425,5
33426,2
33428,3
3343,87
33430,2
33431,2
33435,11
33437,1
3344,108
33440,2
33442,2
33444,1
33445,6
33448,2
3345,105
33450,3
33457,3
33458,2
33459,2
3346,56
33463,2
3347,72
33473,1
33474,3
3348,76
33480,4
33483,2
3349,63
33490,3
33493,2
33496,2
33498,3
33499,2
335,706
3350,103
33500,8
33501,8
33502,1
33504,1
33505,4
33506,3
33507,2
3351,48
33510,8
33511,1
33513,1
33515,9
33519,2
3352,53
33520,8
33522,1
33523,1
33524,3
33525,9
33526,5
33527,3
3353,55
33530,6
33531,5
33534,1
33535,7
33536,2
33538,2
3354,53
33540,3
33545,11
33547,4
33549,1
3355,75
33550,4
33551,7
33555,3
33556,1
33557,2
3356,54
33560,5
33561,4
33565,48
33566,3
33568,2
3357,39
33570,2
33571,2
33575,3
33576,2
33577,3
33578,3
3358,51
33580,4
33581,4
33582,2
33585,2
33588,3
3359,50
33590,1
33591,2
33592,1
33594,2
33595,4
33599,1
336,514
3360,57
33600,28
33601,7
33603,2
33604,4
33605,2
33606,2
33607,2
33609,2
3361,31
33614,2
33615,1
33619,3
3362,40
33621,2
33625,8
33626,5
33627,1
33628,4
3363,35
33631,2
33632,4
33635,3
33636,2
33637,3
33639,2
3364,38
33640,5
33643,2
33644,6
33645,5
3365,39
33650,1
33653,1
33655,10
33656,6
3366,30
33660,3
33661,2
33663,2
33665,3
33667,1
33668,2
3367,19
33670,4
33674,1
33675,12
3368,10
33680,6
33685,7
3369,19
33691,2
33695,3
33697,2
33698,3
33699,1
337,471
3370,42
33700,4
33704,4
33705,5
33708,2
3371,21
33712,3
33714,2
33715,4
33716,4
33718,2
3372,16
33720,2
33722,1
33724,1
33725,4
33729,3
3373,27
33730,5
33731,1
33733,2
33735,4
33737,4
33739,1
3374,15
33741,2
33743,1
33744,2
33745,5
33746,2
33748,2
33749,1
3375,17
33750,4
33751,2
33752,2
33754,1
33755,1
33758,1
33759,2
3376,23
33760,2
33761,2
33764,1
33768,2
3377,14
33770,1
33774,3
33775,5
33777,2
33778,2
33779,1
3378,19
33780,2
33781,1
33785,5
3379,16
33791,2
33792,2
33793,3
33794,1
33795,4
338,361
3380,31
33800,1
33801,1
33804,1
33805,5
33806,3
33808,3
33809,1
3381,29
33810,12
33811,3
33812,3
33813,1
33815,10
33817,3
33818,3
33819,2
3382,29
33820,4
33824,5
33825,9
33828,2
33829,1
3383,26
33830,6
33831,1
33833,3
3384,15
33840,2
33841,3
33842,2
33844,2
33845,4
3385,21
33850,5
33852,1
33853,1
33855,1
3386,35
33860,2
33861,4
33862,8
33864,4
33865,4
33867,6
33869,3
3387,8
33873,4
33874,1
33875,3
3388,12
33880,1
33885,7
33888,2
3389,20
33890,9
33891,1
33895,3
33899,5
339,395
3390,12
33900,2
33901,3
33902,6
33907,2
33908,1
33909,4
3391,3
33910,5
33911,3
33915,2
33916,1
3392,15
33920,3
33921,1
33925,11
33927,1
33928,2
33929,3
3393,19
33930,3
33931,4
33935,4
33936,2
3394,23
33940,6
33941,4
33942,2
33945,5
33947,1
3395,19
33950,4
33953,2
33954,2
33955,5
33956,1
33957,2
33958,5
33959,4
3396,19
33960,9
33961,3
33963,3
33964,2
33965,8
33967,3
33969,4
3397,13
33970,9
33974,2
33975,11
3398,13
33980,6
33981,1
33985,1
33987,1
33989,3
3399,9
33990,2
33991,2
33992,6
33993,4
33994,3
33995,2
33996,2
34,237
340,676
3400,417
34000,36
34001,4
34002,4
34004,1
34006,6
3401,433
34011,5
34012,4
34013,2
34015,6
34017,2
34019,3
3402,258
34020,13
34022,1
34024,2
34029,2
3403,165
34031,2
34034,1
34035,10
34036,5
34037,4
34038,1
3404,306
34040,29
34041,4
34042,2
34043,2
34045,3
3405,314
34050,6
34055,5
34056,3
34058,2
3406,219
34060,11
34065,7
34066,2
34068,2
34069,2
3407,192
34070,1
34072,2
34074,5
34075,1
34076,2
3408,246
34080,5
34081,2
34085,3
34089,1
3409,281
34092,1
34093,1
34095,4
34097,4
34098,2
34099,2
341,453
3410,242
34100,3
34102,3
34103,2
34105,2
34106,2
34107,2
3411,208
34110,15
34111,1
34113,2
34115,9
34117,5
34118,2
3412,230
34120,17
34122,1
34125,5
3413,233
34130,8
34133,3
34134,1
34135,12
3414,245
34140,4
34141,2
34146,1
3415,284
34150,4
34151,2
34152,2
34153,3
34154,1
34155,2
34156,2
34158,2
3416,190
34160,4
34161,2
34165,4
34167,3
34169,6
3417,205
34170,3
34173,1
34175,5
34179,4
3418,206
34180,2
34182,2
34183,1
34184,2
34186,4
3419,165
34190,2
34191,2
34195,2
34197,1
342,302
3420,277
34200,3
34201,2
34208,1
3421,233
34210,2
34212,3
34214,7
34215,2
34217,1
34219,2
3422,134
34220,1
34221,3
34223,3
34224,3
34225,9
34226,1
34227,3
3423,113
34230,2
34233,1
34235,2
3424,171
34240,2
34242,3
34244,3
34248,5
3425,219
34250,4
34252,3
34253,2
34255,5
3426,110
34262,1
34265,4
34266,2
3427,88
34270,4
34273,2
34275,1
34276,1
3428,126
3429,70
34290,4
34292,2
34294,2
34295,6
34299,4
343,290
3430,177
34300,3
343034,1
34306,3
34308,2
34309,2
3431,123
34311,3
34314,5
34315,3
34316,3
3432,94
34320,4
34322,1
34324,1
34325,2
34326,4
3433,104
34330,9
34331,1
34339,2
3434,138
34340,2
34343,2
3435,112
34358,2
34359,5
3436,96
34360,1
34361,2
34365,2
3437,69
34370,5
34373,4
34375,3
34376,2
34377,2
3438,110
34380,1
34384,2
34385,2
34387,3
34388,2
3439,62
34393,2
34395,2
344,301
3440,108
34400,7
34401,1
34406,1
34409,6
3441,92
34410,6
34415,1
3442,89
34420,2
34421,2
34422,3
34423,2
3443,104
34430,3
3444,84
34440,3
34441,1
34442,1
34445,6
34447,2
34448,2
3445,111
34450,2
34451,4
34453,2
34456,1
34457,2
3446,77
34460,10
34461,3
34462,2
34464,2
34465,2
34466,4
34467,1
34468,2
3447,70
34470,1
34473,3
34474,2
34475,5
34477,11
3448,61
34480,4
34481,6
34482,1
34483,4
34485,1
34486,6
3449,82
34491,1
34492,2
34493,2
34497,3
34498,2
345,391
3450,310
34500,2
34501,3
34502,6
34505,4
34507,1
34508,3
34509,2
3451,66
34510,1
34511,5
34512,2
34513,1
34515,5
34516,2
34519,2
3452,28
34522,7
34523,2
34525,5
34526,6
34527,3
34528,3
34529,2
3453,61
34530,7
34531,2
34533,4
34535,2
34536,3
34537,2
34538,2
34539,3
3454,37
34540,3
34541,8
34542,6
34544,4
34546,4
34547,2
34549,3
3455,30
34550,5
34551,4
34552,2
34555,2
34556,4
34557,1
34558,3
34559,1
3456,50
34560,6
34561,1
34562,4
34563,4
34564,4
34566,2
34567,2
34568,2
3457,42
34570,5
34571,1
34572,2
34573,2
34574,2
34579,2
3458,15
34580,2
34582,4
34583,4
34585,2
34586,2
34588,2
34589,2
3459,26
34590,3
34591,5
34592,5
34595,2
34599,1
346,236
3460,50
34600,7
34601,2
34602,1
34605,5
34607,6
3461,35
34610,4
34611,4
34612,2
34614,4
34618,3
34619,2
3462,12
34620,4
34621,8
34622,5
34623,2
34625,6
34627,2
3463,19
34630,3
34632,2
34633,2
34635,5
34636,1
34639,3
3464,15
34640,3
34641,2
34645,2
34646,3
34649,2
3465,18
34652,2
34654,2
3466,19
34660,4
34664,3
34665,2
3467,15
34670,2
34672,1
34674,3
34675,8
3468,7
34681,5
34684,2
34686,2
3469,18
34693,4
34695,3
34697,2
347,242
3470,23
34700,3
34702,4
34704,3
34705,2
34706,1
3471,14
34710,2
34719,2
3472,15
34720,5
34721,3
34723,2
34725,9
34726,1
34727,3
3473,14
34730,4
34736,3
3474,11
34740,4
34745,2
34747,4
34748,3
34749,1
3475,36
34750,3
34755,1
3476,19
34761,1
34765,2
34766,2
34769,2
3477,8
34776,1
3478,9
3479,8
34790,3
348,252
3480,25
34800,8
34801,5
34805,2
34807,6
3481,14
34815,2
34817,2
3482,11
34827,4
3483,7
34831,2
34838,5
3484,16
34845,4
34849,2
3485,12
34850,3
34851,2
34854,2
3486,7
34860,6
34865,4
3487,6
34870,4
34872,5
34873,2
34879,2
3488,5
34880,2
34882,2
34883,2
34885,1
3489,6
34890,1
34891,2
34896,3
349,258
3490,16
34900,12
34901,2
34905,4
34909,2
3491,16
34915,9
34916,2
34917,3
34918,2
3492,17
34920,5
34927,2
34929,2
3493,9
34930,4
34931,2
34932,2
3494,11
34941,2
34942,1
34943,2
34945,10
34946,2
3495,35
34951,3
34955,2
34959,1
3496,11
34969,2
3497,6
34970,3
34973,6
34975,2
3498,14
3499,3
34990,2
34991,1
34992,4
34993,1
35,204
350,426
3500,455
35000,7
35001,4
35003,2
3501,711
35014,2
35019,2
3502,168
35021,1
35022,4
35024,1
35025,2
35029,2
3503,151
35030,3
35035,2
3504,193
35040,7
35043,2
35045,1
3505,309
35050,1
35053,4
3506,184
35060,3
35069,3
3507,177
35070,2
35072,2
35074,4
35079,2
3508,217
3509,218
35094,1
35095,10
35097,1
351,335
3510,276
35100,6
35102,3
35104,1
35105,2
3511,206
35111,4
35113,2
3512,231
35121,1
35122,2
35125,3
35127,2
35129,2
3513,137
35139,4
3514,179
35148,1
3515,300
35150,3
35157,2
3516,177
35161,4
35167,2
3517,173
35174,1
35175,6
3518,143
35180,1
35181,2
3519,126
35190,1
35194,3
352,159
3520,253
35200,3
35201,8
35204,3
35205,3
3521,173
35211,2
35214,1
35215,14
3522,91
35223,3
35225,1
35229,2
3523,118
35231,2
35235,2
3524,131
35241,4
35245,5
3525,159
35256,1
3526,96
35260,2
35265,3
35266,2
35268,2
3527,87
35271,4
35276,3
35277,2
35278,6
3528,63
35282,4
35285,5
3529,77
35291,2
352932,1
35295,2
35299,2
353,178
3530,172
35300,4
35301,1
35305,4
3531,102
35310,3
3532,97
35320,2
3533,83
35330,3
35333,4
35335,7
3534,47
35340,3
35341,4
35342,2
35346,1
3535,136
35352,5
35354,7
35355,2
35357,1
3536,139
35365,2
35366,4
35367,1
35369,2
3537,68
35373,5
35374,3
35375,4
35378,2
35379,3
3538,55
35382,1
3539,57
35390,3
35391,2
35393,2
35394,2
35395,2
35397,1
354,141
3540,593
35400,9
35401,10
35402,4
35405,4
35408,5
3541,93
35411,3
35415,3
35417,3
35419,2
3542,73
35425,1
3543,47
35439,2
3544,68
35440,3
35445,5
3545,89
35456,1
3546,44
35461,3
35463,2
3547,56
35470,2
35471,2
35472,2
3548,53
35480,2
35481,2
35484,1
35485,2
35487,4
3549,49
35491,1
35493,3
35495,5
355,227
3550,152
35500,4
35501,2
35507,3
35509,4
3551,47
35510,5
35512,4
35514,2
35515,3
35517,1
3552,34
35520,2
3553,37
35535,5
35536,4
3554,31
35546,1
3555,28
35550,3
35555,1
3556,38
3557,31
35571,3
35573,2
3558,29
3559,41
35590,7
35591,3
356,143
3560,49
35600,4
35606,1
3561,29
35610,4
35614,3
35615,4
35619,3
3562,37
35626,1
3563,15
35630,2
35631,4
3564,26
35640,4
35647,1
35648,3
3565,38
35650,3
35653,2
35658,3
3566,24
35660,3
35661,3
35669,1
3567,12
35670,9
35675,2
3568,24
3569,21
35690,1
35695,3
357,167
3570,45
35700,2
35701,2
35704,4
35705,2
35706,2
35707,2
3571,18
35710,4
35711,2
35712,2
35715,5
3572,12
35720,2
35727,4
3573,8
35730,2
3574,26
35740,2
35745,2
35747,4
35749,2
3575,19
35750,8
35753,3
35757,2
3576,20
35764,2
35765,2
3577,21
35770,4
3578,15
35780,1
35782,3
35785,1
3579,10
35791,1
35793,3
358,124
3580,52
35800,2
35801,2
35809,2
3581,19
35810,3
35812,1
35818,2
3582,24
35826,2
35829,5
3583,15
3584,10
35840,1
3585,27
3586,12
35862,2
35863,2
35865,5
35868,2
3587,13
35870,1
35874,3
35879,1
3588,17
35880,4
35886,2
3589,13
35890,3
35892,2
35896,1
35899,1
359,144
3590,33
35905,3
3591,21
35910,3
35915,2
35919,1
3592,9
35924,2
3593,16
35930,1
35932,1
35933,1
3594,18
35940,2
35941,2
35946,2
35948,1
35949,4
3595,26
35950,3
35955,1
3596,8
35960,2
35967,4
3597,14
3598,12
35980,3
35983,2
35985,1
3599,5
35990,1
35994,2
35999,2
36,233
360,280
3600,705
36001,2
36002,1
36006,5
36009,2
3601,527
36011,2
36015,2
36018,1
3602,139
36028,2
36029,1
3603,127
36033,2
36034,1
3604,226
36040,2
36041,1
3605,241
36050,4
36054,2
36057,2
3606,164
36060,2
36062,2
36064,1
36065,2
3607,194
36070,2
36075,2
36077,2
3608,221
36080,3
36085,1
36088,1
36089,1
3609,238
36090,2
36092,2
36097,3
36098,4
361,161
3610,227
36101,1
36104,3
36105,3
3611,179
36110,4
36114,1
36115,1
36116,3
3612,198
36126,2
3613,188
36130,3
36136,2
3614,122
36140,3
36147,2
3615,183
36150,5
36151,4
36154,2
36159,5
3616,181
3617,189
36170,2
36176,2
3618,206
36180,2
36182,3
36187,4
3619,155
36190,3
36198,2
362,87
3620,271
36200,3
36201,1
36207,1
36209,2
3621,209
36211,2
36215,1
3622,92
36220,2
36225,3
3623,94
36230,8
36231,1
36236,3
36238,2
3624,164
36240,5
36241,6
36242,5
36248,4
3625,184
36252,2
36254,2
3626,105
36260,1
36263,1
36267,1
3627,116
36275,3
3628,94
36280,2
36287,3
3629,86
36294,2
36295,3
363,93
3630,158
36301,4
36305,7
36308,1
3631,105
36310,2
36315,5
3632,76
36320,2
36325,4
3633,99
36330,5
36338,2
3634,55
36345,2
3635,81
36350,4
36355,1
3636,306
36360,2
3637,233
36370,2
36375,2
3638,50
36380,4
36385,4
3639,56
36390,3
36397,2
364,128
3640,126
36400,5
36401,3
36405,3
3641,101
36410,2
36412,3
36415,4
3642,50
36427,1
3643,50
3644,74
36441,2
36445,2
3645,93
36456,1
3646,35
36469,1
3647,52
36475,3
3648,58
36484,1
36488,2
3649,52
36490,1
36495,9
36496,1
36498,2
365,180
3650,251
36500,5
36501,7
36502,1
3651,50
36510,1
36512,2
3652,44
36525,2
3653,30
36530,9
36533,3
3654,18
36540,1
36545,2
36548,1
36549,2
3655,95
36550,2
36553,1
3656,37
36561,2
36566,3
3657,26
36574,2
3658,27
36580,4
3659,28
36597,3
366,94
3660,45
36602,3
36605,5
36609,1
3661,40
36615,2
36616,2
3662,26
3663,23
36633,3
36634,3
36637,1
3664,30
36645,4
3665,26
3666,6
36665,2
36666,3
3667,30
36675,2
3668,11
36680,7
3669,15
36690,4
36699,1
367,64
3670,27
36700,1
36701,3
36705,1
3671,26
36715,5
3672,14
36720,5
36725,4
3673,17
36731,2
3674,9
3675,32
36750,2
36753,1
36757,2
3676,9
36766,1
3677,17
36770,5
36778,2
3678,24
36780,2
36785,1
3679,18
36791,2
36793,2
368,68
3680,22
36800,3
36805,3
3681,37
36810,1
36811,2
36817,2
36819,6
3682,13
36828,3
3683,11
36830,1
3684,20
3685,22
36852,2
36855,2
36859,3
3686,10
36865,4
3687,23
3688,13
36880,3
36881,2
3689,15
36890,6
36895,2
369,58
3690,17
36900,2
36902,1
36906,3
3691,14
36915,2
3692,22
36920,4
36925,2
3693,23
36935,6
3694,7
36940,2
3695,21
36950,2
36953,3
36958,2
3696,20
3697,12
36971,2
36974,2
36979,1
3698,22
36980,1
36985,2
3699,7
36990,5
36992,1
37,203
370,133
3700,567
37000,3
37004,1
37006,3
3701,549
37015,3
37017,2
3702,122
37021,2
37027,2
3703,166
37030,4
37033,5
37036,1
37039,2
3704,239
37040,2
37045,2
37047,2
37049,2
3705,261
37050,4
37051,2
37053,2
3706,197
37064,3
37066,1
3707,244
37070,4
37071,5
37075,3
37076,2
3708,235
37081,1
37085,1
37089,2
3709,192
37092,2
37096,2
371,108
3710,182
37101,1
37104,2
37105,3
37106,3
37107,2
3711,290
37110,3
37119,2
3712,244
37120,3
37125,4
37126,2
3713,181
37130,1
37135,2
37139,2
3714,134
37141,1
37143,2
37145,3
37146,3
37147,1
3715,209
37150,4
37155,1
3716,198
37169,2
3717,167
37175,2
3718,166
37180,1
37184,1
37185,2
3719,149
37195,2
372,77
3720,231
37201,3
37205,1
37208,2
37209,2
3721,184
37210,11
37215,9
37219,2
3722,84
37221,2
37225,2
37228,2
3723,97
37230,4
37233,3
37235,1
3724,161
37240,1
37245,3
37249,3
3725,215
37250,4
37254,1
3726,104
37265,4
3727,79
37275,6
3728,117
37285,2
3729,77
37291,2
37295,2
37297,3
373,84
3730,111
37300,4
37302,5
37305,2
3731,132
37310,2
3732,134
37320,2
37321,3
37325,1
37327,2
3733,78
3734,64
37340,4
37345,4
37348,2
3735,83
37350,2
37355,1
3736,113
37365,2
37367,2
3737,192
37370,2
3738,80
37380,2
37389,2
3739,57
37390,1
37395,5
374,84
3740,112
37405,3
37409,3
3741,97
37411,2
37416,2
37419,2
3742,55
37420,2
37421,3
37425,2
3743,51
37430,1
37439,1
3744,71
37440,1
37445,3
3745,60
37450,4
37451,2
37454,1
37456,2
37457,3
3746,54
37461,2
37463,4
37466,2
3747,24
3748,50
37480,3
37484,2
37485,2
37486,3
37487,3
3749,49
37494,2
37495,4
37496,2
37499,2
375,151
3750,91
37500,2
37501,4
37505,2
3751,76
37510,2
37511,2
37513,2
3752,45
37523,1
37527,2
37528,3
3753,19
3754,100
37540,4
3755,31
37550,4
37553,1
37555,2
3756,37
37560,2
37565,3
37568,6
3757,24
37570,2
37574,1
37575,8
3758,11
37580,5
37585,1
3759,30
37590,2
37595,3
37598,3
376,69
3760,47
37600,1
37601,2
37603,2
3761,37
37618,1
3762,25
3763,20
37630,3
37634,1
37635,2
3764,33
37645,6
3765,68
37650,1
37651,2
37655,6
3766,4
37660,2
37667,1
3767,19
37676,3
3768,23
37680,1
37689,2
3769,25
37690,2
377,76
3770,80
37700,1
37704,1
37707,2
3771,22
37713,1
37716,1
37719,1
3772,12
37722,4
37723,2
37725,1
3773,25
37731,1
3774,26
37740,4
37741,2
37743,2
37746,5
3775,38
37750,8
37755,4
3776,23
37760,2
37761,2
37765,2
37767,3
3777,26
37772,3
37773,1
37779,2
3778,16
37780,5
37781,1
37782,1
3779,23
37791,1
37793,2
37795,8
37796,4
37799,2
378,56
3780,56
37801,2
37805,1
37807,1
3781,31
37810,2
37814,2
3782,14
37820,1
37824,2
37826,1
37827,1
3783,25
37830,2
37838,1
3784,21
37842,2
37845,1
3785,37
37854,2
3786,11
37865,3
37866,3
37869,1
3787,20
37873,2
3788,23
37880,1
37882,5
3789,12
37895,3
379,45
3790,40
37900,8
37901,1
3791,11
3792,24
37920,4
37925,3
37929,3
3793,14
37930,2
37936,2
37938,2
3794,6
3795,25
37950,5
37955,5
37957,1
3796,9
37960,1
37965,4
37967,1
37969,6
3797,18
37975,1
3798,14
37980,2
3799,16
37991,2
38,188
380,145
3800,325
38000,3
38001,2
38004,1
38005,3
3801,494
38011,2
38013,1
38015,11
38019,2
3802,94
38020,2
38025,2
3803,123
38035,1
3804,141
3805,298
38053,2
38056,4
38058,2
38059,2
3806,124
38065,1
38068,3
3807,149
38071,1
38078,1
3808,153
38080,1
38081,3
38087,2
3809,179
38090,4
38091,2
38095,4
381,71
3810,199
38100,2
38101,2
3811,162
38110,1
38115,2
3812,130
38120,6
38125,1
3813,130
38130,2
38131,1
38135,2
38136,2
38137,1
3814,109
38148,1
3815,151
38153,2
3816,97
38160,2
38166,4
3817,134
38174,1
38177,1
3818,144
38181,6
38185,2
38186,3
3819,101
38190,2
38191,2
38195,4
38199,1
382,44
3820,223
38200,1
38201,4
38207,2
38209,3
3821,133
38210,1
38215,3
38216,2
3822,89
38220,4
38222,4
38224,3
38225,2
38228,2
3823,64
38231,1
3824,109
38240,5
3825,138
38250,3
38255,8
3826,77
38263,1
38265,4
38268,2
3827,74
3828,61
38280,2
3829,62
38292,4
38294,4
38295,4
383,42
3830,145
38304,2
3831,172
38310,2
3832,53
38321,2
38323,4
38324,3
3833,63
38331,3
3834,64
38345,2
3835,90
38354,4
3836,63
38367,2
3837,53
38371,3
3838,147
38380,3
38382,2
38384,2
38389,3
3839,74
38392,2
38395,1
38397,5
384,56
3840,122
38400,2
38405,2
38407,1
3841,82
38410,3
38411,3
3842,42
38429,6
3843,30
38430,4
38434,2
3844,35
38443,2
3845,63
38450,3
38455,2
3846,56
38466,2
3847,45
3848,36
38481,2
38487,2
3849,43
38490,3
38497,2
385,90
3850,173
38500,2
3851,56
38510,4
38512,2
38513,2
38514,4
38519,4
3852,27
38520,1
38528,3
3853,50
3854,21
38540,3
38541,2
38543,2
3855,45
38551,1
38555,2
38557,4
3856,19
38566,2
3857,16
38570,6
3858,18
38580,3
38581,2
3859,31
38590,2
38597,1
386,43
3860,42
38600,1
3861,43
38611,1
3862,18
38620,3
38625,2
38626,2
3863,17
38630,2
38633,2
38635,1
3864,14
38640,2
38643,2
38644,2
3865,28
38651,3
38653,1
38655,1
3866,17
38660,2
38665,5
38669,2
3867,23
38671,1
38673,3
38675,1
3868,8
38681,2
38683,4
3869,15
38694,2
38695,8
387,50
3870,21
38700,5
3871,24
38710,2
3872,16
38720,2
38725,2
38726,5
38727,1
38728,3
38729,3
3873,7
38731,1
38739,5
3874,7
38740,5
38742,2
3875,11
38750,1
38755,4
3876,7
38764,2
38768,3
3877,12
38773,2
38775,2
3878,7
38780,3
38783,3
3879,20
38792,1
38794,1
38798,3
388,46
3880,22
3881,18
38812,2
3882,7
38820,1
3883,14
3884,17
38843,2
38844,2
38845,3
3885,25
38857,2
3886,6
38860,7
3887,11
38875,3
3888,10
38885,3
38887,2
38888,2
3889,3
38890,5
38894,2
38898,2
389,88
3890,20
38902,2
38909,4
3891,9
38910,3
38913,1
38915,1
38919,2
3892,11
38921,2
3893,15
38935,2
38939,1
3894,4
38940,2
38942,1
38945,5
3895,16
3896,9
38963,2
3897,17
38971,4
38976,4
3898,8
38980,1
38987,2
3899,8
38993,3
38994,2
39,176
390,111
3900,367
39000,2
39001,4
39004,1
3901,407
39010,7
39015,2
39016,1
39017,1
39019,2
3902,136
39020,1
39021,2
39024,2
39025,2
3903,116
39030,1
39034,4
3904,223
39040,1
39041,2
39045,1
39046,1
3905,230
39050,6
39052,1
39055,1
3906,152
39063,2
3907,143
39075,2
39076,1
39078,2
3908,247
39084,1
39087,1
3909,349
39099,2
391,70
3910,251
39100,3
39103,1
39105,1
39107,3
3911,183
39114,3
39115,3
39116,4
39119,1
3912,184
39125,3
39128,1
3913,136
39130,3
3914,117
39142,3
39145,5
3915,230
39150,4
39155,4
3916,177
3917,162
39173,1
39178,3
3918,128
39185,1
3919,137
39190,1
39195,6
39198,3
392,83
3920,240
39201,3
39203,4
39205,1
3921,226
3922,66
39220,5
39229,3
3923,93
39237,1
3924,135
3925,141
3926,76
39263,2
39264,1
3927,85
3928,117
39280,2
3929,117
39290,6
393,38
3930,127
39301,3
3931,89
39312,3
39319,4
3932,117
39323,3
3933,64
39330,5
39335,3
39336,2
39338,6
3934,96
39340,3
39343,1
39345,2
3935,73
39350,2
39354,2
3936,101
39360,2
39363,2
39365,5
3937,78
3938,50
39380,4
39384,4
39386,1
3939,67
39390,2
39391,5
39395,4
394,39
3940,123
39400,2
39405,4
39406,2
3941,101
39410,3
39414,1
3942,38
39421,1
39425,8
3943,48
39435,5
39437,2
3944,50
39440,2
39449,2
3945,115
39450,4
39451,2
39455,2
3946,48
39460,6
39463,2
39468,2
3947,51
39471,1
3948,37
39484,2
39485,2
39487,2
3949,40
39491,4
39492,2
39493,2
395,52
3950,87
39503,1
39505,2
3951,48
39510,2
39511,2
3952,44
39522,4
39525,4
3953,36
39530,5
39534,2
39535,3
39536,2
3954,31
39541,4
3955,55
39558,2
3956,28
39560,1
3957,14
39571,1
39572,4
39575,4
3958,20
39580,1
39581,2
39585,2
3959,30
396,59
3960,53
39600,2
39601,7
39603,1
39605,2
3961,16
39612,1
3962,23
39626,4
3963,20
39635,2
3964,25
39640,2
39645,4
3965,23
3966,19
39662,2
39664,2
3967,38
39675,2
3968,13
3969,22
39697,1
397,67
3970,33
39701,1
39705,2
39708,2
39709,1
3971,45
3972,12
39727,1
3973,19
39731,2
39735,2
3974,15
39740,3
39745,1
39747,1
3975,36
39755,1
3976,6
39760,3
3977,13
39775,1
3978,6
39780,1
39787,2
39788,4
3979,25
398,73
3980,25
39800,6
39804,3
39809,3
3981,10
39810,7
39811,2
39815,2
3982,27
39824,2
39826,1
3983,14
39831,1
39832,1
3984,22
3985,25
3986,12
39861,2
39862,2
3987,8
39870,5
39875,9
3988,15
39885,4
3989,10
39890,1
399,36
3990,17
39905,2
3991,21
39912,2
39919,1
3992,11
39920,2
39924,1
39927,3
3993,26
3994,4
39942,1
39947,2
3995,28
39955,2
39957,1
3996,24
39960,2
3997,23
3998,17
3999,10
39990,2
4,812
40,177
400,3421
4000,319
40000,3
40001,3
40009,2
4001,503
40010,5
40011,1
40015,2
40016,1
4002,103
40020,4
40025,2
40026,5
40028,5
4003,106
4004,158
40040,2
40042,2
40047,2
4005,236
40050,3
40057,2
4006,108
40060,5
40069,3
4007,180
40070,2
40075,2
4008,182
40083,2
40085,1
4009,185
40090,2
40095,2
401,3718
4010,197
40100,1
40101,2
4011,187
40110,3
40113,2
40118,2
4012,148
40121,2
40125,3
40126,2
4013,131
40133,1
40134,1
40135,4
4014,93
40143,5
40146,2
40148,1
4015,142
40150,3
40151,1
40155,6
40158,2
4016,153
40162,2
40165,2
4017,134
40175,3
40178,1
4018,120
40182,4
4019,102
40191,1
40196,1
402,2815
4020,231
40200,3
40202,1
40206,2
4021,172
40210,2
40215,3
4022,90
40220,3
40227,2
4023,108
40239,3
4024,154
4025,121
40251,2
40257,2
4026,75
40260,5
40261,2
40262,1
40264,2
40269,5
4027,59
40270,3
40274,1
4028,85
40285,4
4029,65
40290,8
40293,2
40295,4
40299,2
403,2417
4030,134
40300,2
40305,2
40307,3
4031,106
40315,5
40317,2
4032,75
4033,100
40333,2
40337,1
4034,62
40346,2
40348,2
4035,65
40350,6
40351,3
40353,2
40354,3
4036,65
40361,2
40363,2
40369,1
4037,76
40373,3
4038,47
40380,2
40381,3
40387,1
4039,57
40390,2
404,2532
4040,86
40400,5
40406,1
40408,1
40409,2
4041,78
40412,4
40416,2
40419,2
4042,63
40429,2
4043,70
40430,2
40433,3
40435,3
4044,54
40441,1
40445,4
4045,95
40450,2
4046,42
40462,4
40469,1
4047,33
40470,1
40479,2
4048,32
40484,1
40487,7
40489,3
4049,47
40495,6
405,2952
4050,58
40501,2
40507,2
4051,58
40511,4
40515,2
40516,1
40517,2
40519,2
4052,40
40520,1
40526,2
4053,16
40532,3
40537,1
4054,13
4055,62
40555,3
4056,29
40569,1
4057,24
40570,2
40579,4
4058,20
40586,1
40587,2
4059,32
40593,2
40594,1
40597,3
406,2419
4060,272
40600,2
40607,1
4061,30
40610,2
4062,18
40622,1
40627,3
4063,35
4064,20
40644,2
4065,19
40655,2
4066,12
4067,22
4068,8
40680,1
40681,2
40688,2
4069,11
40690,2
40691,2
407,2406
4070,28
40701,2
40704,2
4071,20
40715,5
4072,11
40720,2
4073,15
4074,2
4075,28
4076,12
4077,6
40770,2
40775,1
4078,15
4079,5
40797,1
408,2489
4080,31
40808,2
4081,17
4082,9
4083,13
40837,2
4084,3
4085,16
4086,5
40868,1
4087,19
40872,8
4088,11
4089,12
409,2569
4090,11
40905,1
4091,11
4092,12
4093,10
4094,22
4095,14
40955,2
4096,2
4097,14
40970,1
40971,3
4098,10
4099,9
40999,3
41,191
410,2863
4100,699
4101,816
4102,109
41020,1
4103,122
4104,192
4105,276
4106,118
4107,169
4108,205
4109,169
411,2515
4110,208
41100,2
41108,2
4111,176
4112,168
4113,128
4114,113
4115,187
4116,139
41168,2
4117,180
4118,108
41184,2
41186,3
4119,124
41192,2
412,2354
4120,224
4121,121
4122,103
4123,110
4124,110
4125,140
41251,4
4126,81
4127,101
4128,87
4129,72
41294,2
413,1462
4130,141
4131,80
41318,2
4132,102
41320,3
4133,82
4134,96
4135,82
4136,74
4137,67
4138,64
41380,2
4139,40
41398,2
414,1757
4140,165
41409,2
4141,313
4142,54
41428,2
4143,27
41437,2
4144,66
4145,80
4146,36
41465,6
4147,33
4148,93
4149,55
415,2511
4150,116
4151,54
4152,34
4153,38
4154,48
4155,45
4156,30
41566,3
4157,22
4158,17
4159,17
416,1844
4160,42
4161,21
4162,18
4163,14
4164,23
4165,46
41652,1
4166,21
4167,4
4168,10
4169,14
417,1723
4170,80
4171,40
4172,28
4173,18
4174,8
4175,30
4176,4
4177,15
4178,25
4179,6
418,1496
4180,27
4181,13
4182,21
4183,3
4184,23
4185,12
4186,8
4187,14
4188,9
4189,16
419,1434
4190,18
4191,16
4192,2
4193,22
4194,8
4195,19
4196,12
4197,9
4198,7
4199,16
42,203
420,2340
4200,466
4201,287
4202,76
4203,90
42032,1
4204,155
4205,171
4206,122
4207,129
4208,140
4209,180
421,1749
4210,234
4211,135
4212,139
4213,121
4214,116
4215,154
4216,152
4217,113
4218,78
4219,79
422,1203
4220,194
4221,123
4222,89
42221,3
4223,69
4224,98
4225,99
4226,54
4227,42
4228,77
4229,71
423,979
4230,130
4231,65
4232,62
4233,53
4234,49
4235,81
4236,76
4237,37
4238,35
4239,19
424,1193
4240,116
42408,1
4241,143
4242,39
4243,38
4244,182
4245,47
4246,50
4247,37
4248,49
4249,37
425,1369
4250,78
4251,38
4252,29
4253,15
42535,2
4254,35
4255,58
4256,25
4257,19
4258,12
42582,2
4259,21
426,883
4260,54
4261,27
4262,18
4263,30
4264,11
4265,12
4266,9
4267,3
4268,13
4269,10
42695,2
427,869
4270,40
4271,16
4272,18
4273,9
4274,18
42743,2
4275,25
4276,4
4277,15
4278,11
4279,4
428,776
4280,22
4281,14
4282,3
4283,10
4284,7
4285,10
4286,11
4287,8
4288,5
4289,10
429,740
4290,32
4291,8
42913,2
4292,18
4293,6
4294,2
4295,7
4296,12
4297,5
4298,10
4299,7
43,159
430,951
4300,288
4301,447
4302,106
4303,128
4304,152
4305,193
4306,101
4307,142
4308,191
4309,159
431,705
4310,179
4311,169
4312,176
4313,135
4314,104
4315,144
4316,152
4317,152
4318,110
4319,134
43199,1
432,565
4320,202
4321,138
4322,77
4323,118
4324,117
4325,136
4326,97
4327,75
4328,68
4329,56
433,577
4330,132
4331,108
4332,85
4333,66
4334,61
4335,96
4336,57
4337,62
4338,51
4339,62
434,435
4340,99
4341,68
4342,63
43421,2
4343,62
4344,60
4345,46
4346,43
4347,31
4348,57
4349,51
435,601
4350,50
4351,56
4352,36
4353,21
4354,36
4355,31
4356,29
4357,20
4358,29
4359,17
436,493
4360,38
4361,21
4362,11
4363,14
4364,10
4365,17
4366,10
4367,10
4368,26
4369,4
437,444
4370,35
4371,23
4372,20
4373,5
4374,14
4375,23
4376,6
4377,15
43779,2
4378,8
4379,5
438,329
4380,23
4381,17
4382,7
4383,13
4384,17
4385,15
4386,10
4387,18
4388,8
4389,8
439,325
4390,15
4391,22
4392,15
4393,9
4394,6
4395,5
4396,5
4397,9
4398,8
4399,11
44,161
440,691
4400,514
4401,338
4402,160
4403,161
4404,205
4405,215
4406,159
4407,182
4408,199
44084,1
4409,201
441,469
4410,203
4411,203
4412,175
4413,125
4414,193
4415,209
4416,143
4417,142
4418,155
4419,182
442,302
4420,332
4421,186
4422,123
4423,114
4424,116
4425,124
4426,123
4427,105
4428,101
4429,70
443,206
4430,220
4431,110
4432,92
4433,103
4434,84
4435,108
4436,54
4437,58
4438,66
4439,57
444,310
4440,321
4441,95
4442,59
4443,60
4444,182
4445,101
4446,40
4447,36
4448,57
4449,64
445,464
4450,109
4451,40
4452,54
44520,1
44522,3
44524,1
44526,4
44527,2
44528,3
44529,1
4453,36
44534,2
44536,3
44537,1
44538,1
4454,26
44540,3
44541,4
44543,5
44545,4
44546,3
44548,2
4455,39
44550,2
44551,1
44552,7
44553,2
44554,1
44556,1
44557,1
44559,1
4456,41
44560,1
44563,1
44565,5
44567,1
4457,30
4458,40
4459,45
446,214
4460,58
44601,3
44602,3
44604,1
44605,2
44606,1
44607,3
44608,1
44609,5
4461,60
44615,4
44617,2
44618,2
44619,4
4462,41
44620,6
44621,1
44622,1
44623,3
44625,3
44626,2
44627,1
44628,2
44629,2
4463,32
44630,2
44631,1
44632,2
44634,2
44635,4
44636,4
44637,3
44639,1
4464,44
44640,1
44642,2
44644,1
4465,32
44650,2
44653,2
44655,2
44656,4
44657,1
4466,20
44661,2
44662,1
44663,2
44664,2
44666,4
4467,21
44670,2
44672,1
44673,1
44674,3
44675,7
44676,2
44677,5
44678,3
44679,2
4468,17
44680,1
44682,5
44684,1
44685,2
44686,3
44688,2
4469,17
44691,4
44692,2
44694,1
44695,3
44696,4
44697,1
44698,3
447,201
4470,37
44701,4
44703,4
44705,1
44706,1
44707,3
44708,1
4471,29
4472,26
44720,2
44722,1
44723,1
44724,3
44725,1
44726,2
44727,3
4473,29
44730,6
44731,4
44732,1
4474,20
4475,23
4476,15
4477,20
4478,13
4479,22
448,214
4480,198
44801,2
44803,1
44804,1
44805,2
44806,2
44808,4
44809,1
4481,32
44811,4
44812,1
44814,1
44815,1
44816,1
4482,15
4483,11
44833,6
44834,2
44835,1
44839,2
4484,10
44841,4
44843,1
44844,8
44847,1
44848,2
44849,3
4485,15
44850,3
44853,2
44854,4
44855,2
44856,2
44857,1
44859,2
4486,16
44860,1
44861,1
44864,4
4487,11
44870,1
44871,1
44872,2
44873,2
44874,2
44875,1
44876,1
44877,1
44878,1
44879,3
4488,14
44880,3
44881,2
44885,4
44886,3
44887,1
44888,2
44889,1
4489,18
44890,2
44891,5
44893,1
44895,1
449,213
4490,35
4491,17
4492,15
4493,13
4494,8
4495,31
4496,20
4497,8
4498,10
4499,12
45,179
450,284
4500,493
4501,389
4502,132
4503,126
4504,210
4505,185
4506,135
4507,128
4508,207
4509,216
451,258
4510,151
4511,154
4512,195
4513,158
4514,104
4515,178
4516,183
4517,169
45172,2
4518,101
4519,117
452,172
4520,231
4521,166
4522,73
4523,76
4524,107
4525,138
45259,1
4526,82
4527,84
4528,98
4529,70
453,152
4530,136
4531,106
4532,80
4533,81
4534,36
4535,97
4536,80
4537,39
4538,56
4539,73
454,161
4540,108
4541,156
4542,45
4543,67
4544,75
4545,92
4546,40
4547,44
4548,22
4549,45
455,214
4550,85
4551,70
4552,48
4553,30
4554,17
4555,67
4556,15
4557,52
4558,32
4559,23
456,146
4560,168
4561,26
4562,27
4563,55
4564,24
4565,23
4566,17
4567,26
4568,25
4569,18
457,152
4570,29
45708,1
4571,35
4572,20
4573,27
4574,16
4575,36
4576,20
4577,18
4578,11
45787,2
4579,23
458,80
4580,40
4581,15
4582,28
4583,15
4584,27
45842,2
45844,1
4585,18
4586,11
4587,10
4588,6
4589,14
459,102
4590,22
4591,25
4592,26
4593,14
4594,17
4595,23
4596,20
4597,6
4598,9
4599,15
46,162
460,280
4600,307
4601,260
4602,174
4603,126
4604,180
4605,181
4606,141
4607,105
4608,174
4609,171
461,130
4610,164
4611,121
4612,131
4613,103
4614,86
4615,135
4616,198
4617,90
4618,83
4619,95
462,95
4620,285
4621,136
4622,67
4623,56
4624,102
4625,114
4626,68
4627,67
4628,61
4629,58
463,63
4630,143
4631,110
4632,69
4633,67
4634,45
4635,90
4636,81
4637,47
4638,42
4639,31
464,95
4640,83
4641,130
4642,30
4643,26
4644,51
4645,82
4646,59
4647,40
4648,53
4649,18
465,160
4650,79
4651,36
4652,27
4653,23
4654,38
4655,36
4656,39
4657,33
4658,27
4659,11
466,79
4660,41
4661,26
4662,17
4663,5
4664,15
4665,57
4666,14
4667,13
4668,19
4669,17
467,78
4670,15
4671,16
4672,17
4673,19
4674,17
4675,8
4676,13
4677,18
4678,14
4679,10
468,72
4680,22
4681,28
4682,5
4683,5
4684,17
4685,30
4686,9
4687,13
4688,11
4689,16
469,80
4690,15
4691,22
4692,11
4693,16
4694,3
4695,10
4696,9
4697,2
4698,12
4699,10
47,136
470,123
4700,522
4701,278
4702,109
4703,93
4704,144
4705,209
4706,122
4707,111
4708,188
4709,177
471,97
4710,149
4711,134
4712,185
4713,147
4714,132
4715,186
4716,143
4717,163
4718,132
4719,98
472,72
4720,179
4721,169
4722,80
4723,64
4724,113
4725,159
4726,84
4727,67
4728,86
4729,83
473,88
4730,116
4731,83
4732,89
4733,93
4734,76
4735,79
4736,70
4737,68
4738,81
4739,70
474,85
4740,96
4741,66
4742,77
4743,70
4744,67
4745,83
4746,77
4747,76
4748,59
4749,77
475,120
4750,85
4751,57
4752,53
4753,48
4754,43
4755,36
4756,32
4757,32
4758,28
4759,35
476,70
4760,52
4761,31
4762,25
4763,12
4764,15
4765,21
4766,18
4767,12
4768,15
4769,20
477,54
4770,45
4771,10
4772,15
4773,14
4774,25
4775,18
4776,17
4777,2
4778,21
4779,4
478,57
4780,24
4781,11
4782,15
4783,8
4784,7
4785,9
4786,13
4787,12
4788,8
479,63
4790,25
4791,5
4792,18
4793,2
4794,11
4795,10
4796,13
4797,15
4798,6
4799,7
48,129
480,142
4800,320
4801,351
4802,153
4803,133
4804,134
4805,240
4806,156
4807,175
4808,155
4809,195
481,90
4810,225
4811,186
4812,163
4813,147
4814,113
4815,199
4816,162
4817,166
4818,132
4819,129
482,75
4820,198
4821,167
4822,95
4823,102
4824,151
4825,178
4826,102
4827,99
4828,140
4829,128
483,63
4830,99
4831,92
4832,87
4833,84
4834,73
4835,123
4836,110
4837,77
4838,54
4839,76
484,49
4840,127
4841,113
4842,71
4843,59
4844,81
4845,96
4846,48
4847,55
4848,72
4849,64
485,104
4850,94
4851,420
4852,18
4853,50
4854,14
4855,57
4856,29
4857,36
4858,36
4859,36
486,65
4860,62
4861,37
4862,32
4863,28
4864,11
4865,33
4866,23
4867,19
4868,17
4869,36
487,48
4870,44
4871,21
4872,17
4873,35
4874,17
4875,43
4876,20
4877,25
4878,13
4879,5
488,43
4880,28
4881,15
4882,7
4883,9
4884,11
4885,9
4886,8
4887,11
4888,20
4889,18
489,30
4890,6
4891,7
4892,8
4893,6
4894,11
4895,25
4896,11
4897,6
4898,4
4899,7
49,117
490,115
4900,350
4901,302
4902,126
4903,104
4904,170
4905,212
4906,148
4907,166
4908,184
4909,189
491,63
4910,278
4911,166
4912,191
4913,134
4914,147
4915,153
4916,167
4917,187
4918,115
4919,110
492,73
4920,221
4921,183
4922,83
4923,88
4924,90
4925,236
4926,95
4927,78
4928,87
4929,120
493,57
4930,136
4931,70
4932,80
4933,89
4934,79
4935,106
4936,52
4937,59
4938,59
4939,66
494,55
4940,119
4941,81
4942,38
4943,51
4944,65
4945,98
4946,39
4947,32
4948,75
4949,100
495,69
4950,223
4951,54
4952,38
4953,55
4954,17
4955,33
4956,46
4957,37
4958,30
4959,33
496,88
4960,122
4961,33
4962,20
4963,27
4964,48
4965,25
4966,12
4967,22
4968,20
4969,14
497,45
4970,20
4971,19
4972,24
4973,20
4974,12
4975,22
4976,17
4977,15
4978,8
4979,8
498,74
4980,23
4981,16
4982,17
4983,17
4984,11
4985,21
4986,8
4987,5
4988,14
4989,27
499,51
4990,20
4991,4
4992,14
4993,11
4994,3
4995,15
4996,18
4997,10
4998,15
4999,24
5,809
50,147
500,2420
5000,650
5001,430
5002,184
5003,112
5004,160
50046,3
5005,285
50059,4
5006,203
5007,124
5008,187
50089,2
5009,233
50093,2
50096,1
501,3991
5010,285
50101,2
5011,187
50115,6
50116,2
50117,2
5012,160
50124,2
5013,158
5014,150
50144,3
50147,4
5015,155
50154,1
5016,173
5017,195
50173,1
5018,148
5019,104
50190,1
502,2488
5020,193
5021,178
5022,97
50224,4
5023,86
50233,2
5024,111
50240,1
5025,147
5026,86
50260,2
5027,56
5028,59
50280,1
5029,93
50299,1
503,1977
5030,174
50307,1
5031,51
5032,69
5033,105
50336,1
50337,1
5034,64
50349,2
5035,76
50357,2
5036,51
5037,63
50371,3
5038,31
5039,44
50390,2
504,2333
5040,157
50401,2
50407,2
5041,89
50412,1
5042,45
50421,2
5043,34
50434,2
5044,55
50441,2
5045,81
5046,28
50460,2
50465,3
5047,42
50472,2
5048,49
5049,35
505,2999
5050,154
50506,2
50509,1
5051,154
5052,27
5053,47
5054,18
5055,33
5056,26
5057,19
5058,6
5059,32
506,2160
5060,32
5061,22
5062,13
5063,10
5064,7
5065,21
5066,15
5067,24
5068,7
5069,11
507,2040
5070,16
5071,7
5072,13
5073,3
5074,6
5075,28
5076,13
5077,2
5078,13
5079,12
508,2286
5080,24
5081,20
5082,4
5083,7
5084,1
5085,13
5086,7
5087,6
5088,9
5089,8
509,2402
5090,7
5091,16
5092,8
5093,3
5094,13
5095,8
5096,12
5097,6
5098,1
5099,4
51,149
510,2655
5100,764
5101,303
5102,132
5103,112
5104,169
5105,222
5106,152
5107,113
5108,131
5109,183
511,2201
5110,192
5111,588
5112,166
5113,158
5114,142
5115,183
5116,154
5117,202
5118,126
5119,108
512,2076
5120,301
5121,327
5122,151
5123,94
5124,125
5125,274
5126,130
5127,111
5128,93
5129,110
513,1498
5130,136
5131,95
5132,106
5133,92
5134,63
5135,180
5136,80
5137,68
5138,55
5139,60
514,1551
5140,125
5141,112
5142,57
5143,25
5144,67
5145,87
5146,49
5147,47
5148,40
5149,37
515,2256
5150,88
5151,61
5152,36
5153,36
5154,39
5155,31
5156,50
5157,39
5158,22
5159,28
516,1862
5160,32
5161,27
5162,37
5163,8
5164,9
5165,29
5166,16
5167,17
5168,19
5169,16
517,1772
5170,32
5171,25
5172,11
5173,16
5174,19
5175,29
5176,13
5177,16
5178,16
5179,13
518,1359
5180,31
5181,12
5182,9
5183,25
5184,18
5185,25
5186,13
5187,7
5188,10
5189,18
519,1429
5190,19
5191,12
5192,3
5193,15
5194,14
5195,14
5196,16
5197,8
5198,9
5199,19
52,126
520,1928
5200,429
5201,439
5202,120
5203,118
5204,212
5205,382
5206,183
5207,194
5208,232
5209,234
521,1484
5210,204
5211,172
5212,240
5213,159
5214,151
5215,168
5216,204
5217,210
5218,158
5219,148
522,1005
5220,214
5221,181
5222,121
5223,124
5224,184
5225,254
5226,118
5227,113
5228,115
5229,126
523,959
5230,179
5231,180
5232,129
5233,109
5234,66
5235,86
5236,69
5237,86
5238,59
5239,68
524,1127
5240,145
5241,160
5242,71
5243,59
5244,72
5245,108
5246,55
5247,42
5248,57
5249,51
525,1316
5250,82
5251,83
5252,44
5253,28
5254,34
5255,29
5256,20
5257,27
5258,7
5259,17
526,780
5260,42
5261,20
5262,12
5263,17
5264,28
5265,13
5266,12
5267,19
5268,21
5269,14
527,768
5270,42
5271,14
5272,17
5273,10
5274,10
5275,41
5276,9
5277,12
5278,9
5279,11
528,759
5280,108
5281,17
5282,4
5283,15
5284,14
5285,24
5286,11
5287,22
5288,8
5289,21
529,696
5290,14
5291,24
5292,7
5293,21
5294,10
5295,25
5296,13
5297,27
5298,3
5299,14
53,136
530,980
5300,295
5301,287
5302,141
5303,131
5304,169
5305,152
53050,1
5306,222
5307,221
5308,173
5309,143
531,601
5310,216
5311,217
5312,161
5313,167
5314,192
5315,227
5316,181
5317,159
5318,152
5319,173
532,589
5320,204
5321,203
5322,120
5323,138
5324,138
5325,129
5326,172
5327,110
5328,73
5329,83
53298,1
533,539
5330,170
5331,132
5332,79
5333,106
5334,76
5335,132
5336,100
53360,1
5337,69
5338,68
5339,86
53394,1
53396,22
53398,40
534,422
5340,151
5341,75
5342,73
5343,91
53430,2
53438,31
5344,69
5345,75
5346,58
5347,78
5348,55
5349,44
535,578
5350,127
5351,41
5352,37
5353,68
5354,40
5355,45
5356,16
5357,26
5358,13
5359,14
536,469
5360,47
5361,13
5362,15
5363,37
5364,24
5365,20
5366,22
5367,15
5368,11
5369,12
537,374
5370,27
5371,15
5372,8
5373,8
5374,26
5375,17
5376,5
5377,11
5378,6
5379,7
538,307
5380,14
5381,16
5382,8
5383,5
5384,2
5385,10
5386,1
5387,9
5388,8
5389,10
539,386
5390,23
5391,10
5392,4
5393,11
5394,5
5395,3
5396,6
5397,5
5398,13
5399,70
54,139
540,513
5400,879
5401,709
5402,134
5403,141
5404,128
5405,156
5406,171
5407,170
5408,163
5409,154
541,384
5410,170
5411,171
5412,172
5413,164
5414,133
5415,194
5416,159
5417,173
5418,116
5419,110
542,432
5420,170
5421,199
5422,89
5423,96
5424,142
5425,170
5426,85
5427,90
5428,121
5429,84
543,286
5430,163
5431,125
5432,72
5433,91
5434,63
5435,90
5436,82
5437,94
5438,61
5439,54
544,268
5440,139
5441,98
5442,36
5443,52
5444,82
5445,133
5446,28
5447,33
5448,60
5449,59
545,455
5450,99
5451,43
5452,27
5453,16
5454,38
5455,51
5456,21
5457,12
5458,14
5459,5
546,224
5460,40
5461,19
5462,19
5463,14
5464,21
5465,30
5466,20
5467,18
5468,20
5469,4
547,233
5470,18
5471,17
5472,14
5473,9
5474,15
5475,43
5476,15
5477,14
5478,14
5479,10
548,246
5480,23
5481,11
5482,2
5483,7
5484,19
5485,24
5486,1
5487,7
5488,1
5489,5
549,311
5490,20
5491,5
5492,8
5493,4
5494,5
5495,18
5496,19
5497,15
5498,2
5499,18
55,99
550,1055
5500,434
5501,343
5502,119
5503,78
5504,120
5505,160
5506,148
5507,169
5508,115
5509,126
551,276
5510,185
5511,130
5512,141
5513,100
5514,90
5515,179
5516,141
5517,119
5518,135
5519,135
552,128
5520,199
5521,147
5522,91
5523,112
5524,141
5525,166
5526,108
5527,78
5528,84
5529,94
553,164
5530,159
5531,132
5532,60
5533,80
5534,77
5535,98
5536,72
5537,58
5538,57
5539,70
554,172
5540,133
5541,87
5542,51
5543,55
5544,54
5545,83
5546,36
5547,43
5548,71
5549,39
555,323
5550,116
55501,2
55502,2
55503,1
55505,1
55506,2
55507,4
55508,1
55509,1
5551,44
55512,2
55514,3
55516,1
5552,37
55523,2
55524,5
55525,1
55526,1
55527,4
55528,1
55529,2
5553,18
55530,2
55531,4
55532,2
55533,4
55535,2
55538,2
55539,4
5554,29
55540,3
55542,3
55543,3
55545,1
55546,3
55547,2
5555,140
55553,3
55554,1
55557,1
55559,2
5556,21
55562,1
55565,3
5557,19
55571,4
55572,1
55573,1
55574,1
55576,3
55577,1
55578,2
55579,2
5558,20
5559,14
556,151
5560,26
5561,11
5562,23
5563,24
5564,18
5565,29
5566,18
5567,11
5568,6
5569,16
557,158
5570,28
5571,6
55714,4
55716,2
55718,2
5572,6
55720,5
55722,1
55724,6
55727,1
55729,1
5573,20
55731,1
55733,2
5574,13
55743,3
55745,1
55749,4
5575,14
55753,1
55756,1
55758,1
5576,11
55761,2
55763,1
55764,2
55765,2
55766,1
5577,7
55770,1
55771,2
55773,1
55775,2
55777,1
55779,2
5578,6
55780,1
55783,2
55784,1
55785,5
55787,3
55789,3
5579,12
55793,3
55795,2
558,135
5580,28
5581,12
5582,3
5583,7
5584,8
5585,16
5586,4
5587,7
5588,4
5589,7
559,129
5590,6
5591,3
5592,5
5593,11
5594,2
5595,17
5596,10
5597,9
5598,3
5599,5
56,92
560,179
5600,374
5601,365
5602,109
5603,106
5604,135
5605,163
5606,143
5607,156
5608,181
5609,186
561,137
5610,196
5611,196
5612,152
5613,86
5614,106
5615,171
5616,146
5617,144
5618,117
5619,124
562,86
5620,268
5621,134
5622,55
5623,111
5624,156
5625,181
5626,100
5627,85
5628,82
5629,73
563,82
5630,150
5631,74
5632,69
5633,98
5634,60
5635,134
5636,64
5637,77
5638,63
5639,79
564,86
5640,194
5641,115
5642,42
5643,47
5644,63
5645,89
5646,49
5647,46
5648,39
5649,53
565,146
5650,117
56504,1
56506,1
5651,81
56511,5
56512,1
56514,1
56515,2
56516,1
56517,2
56518,2
56519,4
5652,28
56520,1
56522,1
56524,2
56525,1
56526,9
56528,5
56529,2
5653,23
5654,17
5655,61
5656,29
5657,19
5658,15
5659,17
566,84
5660,25
5661,11
5662,8
5663,15
5664,15
5665,34
5666,13
5667,14
5668,10
5669,11
567,65
5670,23
5671,17
5672,6
5673,4
5674,12
5675,24
5676,6
5677,13
5678,10
5679,5
568,82
5680,25
5681,11
5682,14
5683,1
5684,5
5685,19
5686,6
5687,4
5688,7
5689,1
569,78
5690,12
5692,4
5693,9
5694,5
5695,5
5696,6
5697,5
5698,5
57,108
570,110
5700,505
5701,279
5702,93
5703,112
5704,111
5705,132
5706,121
5707,146
5708,148
5709,135
571,85
5710,185
5711,171
5712,124
5713,94
5714,103
5715,147
5716,150
5717,159
5718,122
5719,122
572,146
5720,211
5721,138
5722,95
5723,98
5724,110
5725,140
5726,84
5727,85
5728,70
5729,101
573,97
5730,134
5731,136
5732,87
5733,95
5734,64
5735,89
5736,105
5737,88
5738,68
5739,67
574,70
5740,101
5741,70
5742,47
5743,40
5744,35
5745,63
5746,37
5747,67
5748,55
5749,50
575,160
5750,87
5751,25
5752,13
5753,28
5754,26
5755,39
5756,27
5757,30
5758,18
5759,26
576,74
5760,38
5761,14
5762,12
5763,19
5764,28
5765,26
5766,16
5767,17
5768,10
5769,7
577,56
5770,22
5771,10
5772,19
5773,16
5774,19
5775,30
5776,13
5777,3
5778,17
5779,19
578,51
5780,37
5781,11
5782,5
5783,4
5784,18
5785,6
5786,6
5787,20
5788,16
5789,3
579,53
5790,36
5791,16
5792,9
5793,2
5794,3
57940,2
5795,15
5796,11
5797,6
5798,5
5799,14
58,163
580,139
5800,554
5801,309
5802,96
5803,77
5804,113
5805,159
5806,119
5807,138
5808,192
5809,140
581,96
5810,191
5811,170
5812,152
5813,116
5814,148
5815,206
5816,156
5817,95
5818,108
5819,107
582,62
5820,215
5821,165
5822,59
5823,118
5824,166
5825,178
5826,75
5827,92
5828,94
5829,65
583,48
5830,145
5831,103
5832,83
5833,64
5834,64
5835,64
5836,79
5837,65
5838,53
5839,79
584,68
5840,105
5841,84
5842,74
5843,60
5844,45
5845,54
5846,32
5847,43
5848,61
5849,52
585,121
5850,100
5851,45
5852,39
5853,37
5854,31
5855,46
5856,28
5857,34
5858,25
5859,11
586,31
5860,37
5861,37
5862,20
5863,12
5864,13
5865,33
5866,18
5867,21
5868,13
5869,15
587,49
5870,28
5871,14
5872,13
5873,17
5874,1
5875,28
5876,8
5877,8
5878,4
5879,6
588,66
5880,21
5881,5
5882,2
5883,2
5884,20
5885,17
5886,6
5887,6
5888,6
5889,4
589,86
5890,22
5891,1
5892,1
5893,1
5894,1
5895,10
5896,6
5897,6
5898,9
5899,2
59,93
590,118
5900,297
5901,338
5902,88
5903,91
5904,81
5905,136
5906,97
5907,129
5908,136
5909,138
591,72
5910,137
5911,140
5912,118
5913,81
5914,112
5915,166
5916,122
5917,92
5918,111
5919,112
592,38
5920,141
5921,119
5922,79
5923,68
5924,135
5925,131
5926,98
5927,79
5928,83
5929,93
593,56
5930,104
5931,81
5932,92
5933,106
5934,68
5935,81
5936,85
5937,97
5938,66
5939,87
594,61
5940,119
5941,46
5942,58
5943,50
5944,43
5945,54
5946,38
5947,25
5948,40
5949,54
595,89
5950,56
5951,37
5952,17
5953,18
5954,87
5955,27
5956,16
5957,21
5958,17
5959,59
596,49
5960,49
5961,39
5962,14
5963,15
5964,10
5965,19
5966,23
5967,19
5968,24
5969,12
597,40
5970,19
5971,9
5972,10
5973,7
5974,4
5975,18
5976,14
5977,6
5978,13
5979,10
598,50
5980,18
5981,36
5982,8
5983,11
5984,6
5985,34
5986,6
5987,2
5988,3
5989,3
599,44
5990,21
5991,22
5992,7
5993,1
5994,2
5995,10
5996,4
5997,3
5998,14
5999,5
6,763
60,114
600,2280
6000,323
6001,332
60016,3
6002,85
60028,2
60029,2
6003,82
60039,2
6004,101
60043,4
6005,146
60050,2
6006,82
6007,103
60074,2
6008,149
60082,3
6009,203
60098,2
601,3085
6010,124
6011,121
6012,102
60124,2
6013,94
6014,103
6015,271
6016,173
6017,129
60178,3
6018,99
60188,3
6019,120
602,2041
6020,227
6021,167
6022,90
6023,103
6024,130
6025,169
60255,2
6026,100
60263,3
60268,1
6027,97
6028,83
6029,98
603,1827
6030,150
6031,70
60310,1
60315,3
6032,98
60324,2
6033,94
6034,76
60343,3
6035,80
6036,80
6037,49
6038,50
60381,2
60382,2
60383,4
60388,1
60389,2
6039,66
60398,1
604,1982
6040,133
60404,3
6041,85
60411,2
60419,2
6042,70
6043,47
6044,47
6045,99
60457,1
60458,1
60459,2
6046,45
60462,1
6047,46
60478,2
60479,1
6048,53
6049,41
60497,2
605,2465
6050,132
6051,24
6052,28
6053,15
6054,16
6055,31
6056,15
6057,9
6058,4
6059,9
606,1978
6060,15
6061,11
6062,6
6063,7
6064,2
6065,9
6066,9
6067,7
6068,2
6069,2
607,1687
6070,11
6071,5
6072,3
6073,14
6074,9
6075,27
6076,2
6077,17
6078,3
6079,5
608,1945
6080,25
6081,20
6082,8
6083,4
6084,10
6085,14
6087,5
6089,2
609,2045
6090,8
6091,7
6092,6
6093,4
6094,3
6095,8
6096,5
6097,6
6098,9
6099,2
61,140
610,2175
6100,391
6101,235
6102,80
6103,97
6104,116
6105,140
6106,92
6107,119
6108,140
6109,176
611,2105
6110,166
6111,154
6112,104
6113,68
6114,143
6115,192
6116,140
6117,198
6118,125
6119,106
612,1835
6120,195
6121,194
6122,106
6123,98
6124,98
6125,145
6126,149
6127,80
6128,47
6129,97
613,1296
6130,109
6131,136
6132,50
6133,66
6134,61
6135,92
6136,72
6137,37
6138,42
6139,54
614,1401
6140,84
6141,68
6142,64
6143,48
6144,36
6145,49
6146,28
6147,33
6148,45
6149,20
615,1976
6150,49
6151,27
6152,13
6153,6
6154,27
6155,38
6156,32
6157,4
6158,9
6159,14
616,1432
6160,33
6161,9
6162,15
6163,10
6164,9
6165,22
6166,8
6167,4
6168,12
6169,7
617,1297
6170,13
6171,9
6172,6
6173,7
6174,14
6175,11
6176,5
6177,6
6178,9
6179,9
618,1206
6180,21
6181,10
6182,1
6183,9
6184,2
6185,7
6187,5
6188,5
6189,5
619,1561
6190,8
6191,4
6192,2
6194,6
6195,7
6196,3
6197,5
6198,4
6199,16
62,121
620,1908
6200,246
6201,417
6202,78
6203,61
6204,125
6205,143
6206,88
6207,82
6208,132
6209,130
621,1411
6210,131
6211,138
6212,146
6213,88
6214,93
6215,133
6216,121
6217,78
6218,84
6219,69
622,992
6220,219
6221,119
6222,95
6223,43
6224,87
6225,126
6226,71
6227,50
6228,53
6229,68
623,1005
6230,125
6231,70
6232,61
6233,63
6234,55
6235,84
6236,44
6237,52
6238,37
6239,26
624,1133
6240,70
6241,37
6242,26
6243,19
6244,61
6245,40
6246,53
6247,24
6248,50
6249,40
625,1222
6250,46
6251,23
6252,9
6253,12
6254,15
6255,37
6256,14
6257,12
6258,12
6259,13
626,821
6260,37
6261,20
6262,21
6263,20
6264,33
6265,23
6266,8
6267,9
6268,3
6269,14
627,655
6270,36
6271,6
6272,6
6273,15
6274,7
6275,48
6276,1
6277,8
6278,8
6279,7
628,680
6280,21
6281,8
6282,7
6283,7
6284,4
6285,16
6286,4
6287,5
6288,9
6289,2
629,670
6290,7
6291,2
6292,2
6294,21
6295,6
6296,2
6297,7
6298,8
6299,8
63,57
630,845
6300,331
6301,353
6302,104
6303,79
6304,113
6305,109
6306,100
6307,72
6308,142
6309,137
631,528
6310,155
6311,146
6312,127
6313,100
6314,111
6315,164
6316,152
6317,121
6318,120
6319,87
632,528
6320,179
6321,134
6322,70
6323,86
6324,139
6325,109
6326,91
6327,100
6328,56
6329,74
633,526
6330,105
6331,91
6332,79
6333,80
6334,58
6335,185
6336,69
6337,46
6338,37
6339,50
634,397
6340,100
6341,71
6342,53
6343,42
6344,51
6345,70
6346,42
6347,35
6348,62
6349,42
635,547
6350,51
6351,30
6352,35
6353,35
6354,35
6355,29
6356,24
6357,19
6358,37
6359,28
636,469
6360,29
6361,30
6362,20
6363,37
6364,16
6365,16
6366,33
6367,27
6368,5
6369,15
637,413
6370,13
6371,15
6372,4
6373,16
6374,15
6375,7
6376,2
6377,2
6378,9
6379,17
638,343
6380,11
6381,3
6382,3
6383,7
6384,4
6385,10
6387,3
6388,5
6389,7
639,281
6390,24
6391,7
6392,2
6393,6
6394,2
6395,9
6396,5
6397,11
6398,5
6399,5
64,112
640,608
6400,291
6401,312
6402,118
6403,80
6404,134
6405,148
6406,124
6407,87
6408,128
6409,182
641,493
6410,188
6411,115
6412,118
6413,102
6414,131
6415,150
6416,161
6417,154
6418,122
6419,82
642,286
6420,182
6421,128
6422,100
6423,75
6424,122
6425,150
6426,70
6427,89
6428,84
6429,78
643,289
6430,138
6431,95
6432,47
6433,62
6434,89
6435,90
6436,58
6437,39
6438,46
6439,55
644,250
6440,111
6441,63
6442,47
6443,63
6444,39
6445,50
6446,53
6447,44
6448,52
6449,37
645,440
6450,70
6451,42
6452,24
6453,35
6454,28
6455,60
6456,26
6457,22
6458,20
6459,24
646,233
6460,34
6461,26
6462,17
6463,19
6464,17
6465,17
6466,17
6467,11
6468,8
6469,9
647,237
6470,11
6471,8
6472,4
6473,4
6474,6
6475,21
6476,6
6478,3
6479,14
648,218
6480,64
6481,3
6482,4
6483,8
6484,4
6485,16
6486,11
6487,24
6488,13
6489,4
649,221
6490,29
6491,7
6492,7
6493,10
6494,12
6495,5
6496,3
6497,2
6498,9
6499,7
65,114
650,356
6500,616
6501,274
6502,103
6503,120
6504,130
6505,167
6506,167
6507,102
6508,139
6509,190
651,334
6510,248
6511,150
6512,121
6513,79
6514,139
6515,223
6516,177
6517,142
6518,132
6519,112
652,169
6520,185
6521,145
6522,102
6523,75
6524,131
6525,150
6526,95
6527,65
6528,121
6529,87
653,133
6530,131
6531,62
6532,77
6533,86
6534,82
6535,90
6536,77
6537,50
6538,48
6539,47
654,133
6540,81
6541,63
6542,48
6543,41
6544,65
6545,106
6546,55
6547,50
6548,36
6549,43
655,261
6550,133
6551,18
6552,48
6553,16
6554,33
6555,111
6556,43
6557,18
6558,30
6559,16
656,140
6560,40
6561,13
6562,32
6563,13
6564,40
6565,347
6566,32
6567,14
6568,22
6569,10
657,168
6570,16
6571,9
6572,21
6573,5
6574,12
6575,17
6576,19
6577,8
6578,7
6579,7
658,141
6580,13
6581,4
6582,11
6583,4
6584,12
6585,8
6586,7
6587,7
6588,14
6589,8
659,122
6590,8
6591,4
6592,17
6594,6
6595,7
6596,10
6597,5
6598,5
6599,4
66,108
660,315
6600,252
6601,314
6602,280
6603,109
6604,132
6605,98
6606,129
6607,124
6608,129
6609,142
661,113
6610,134
6611,129
6612,153
6613,95
6614,120
6615,173
6616,123
6617,156
6618,138
6619,106
662,89
6620,154
6621,132
6622,84
6623,70
6624,127
6625,100
6626,116
6627,72
6628,58
6629,72
663,79
6630,125
6631,96
6632,94
6633,72
6634,67
6635,89
66350,1
66353,4
66354,3
66357,1
66358,2
66359,5
6636,70
66360,2
66362,2
66367,1
66368,2
66369,3
6637,51
66370,1
66371,1
66372,2
66373,4
6638,64
6639,44
664,111
6640,90
6641,23
6642,28
6643,49
6644,70
6645,61
6646,60
6647,32
6648,43
6649,39
665,131
6650,51
66502,2
66504,1
66506,2
6651,28
66510,2
66512,1
66514,1
66516,1
66517,2
66519,1
6652,17
66520,2
66521,2
66523,1
6653,26
6654,20
6655,47
6656,28
6657,27
6658,20
6659,14
666,23
6660,20
6661,17
6662,7
6663,10
6664,23
6665,25
6666,5
6667,6
6668,8
6669,10
667,71
6670,6
6671,10
6672,7
6673,9
6674,4
6675,13
6676,2
6677,10
6678,3
6679,11
668,114
6680,34
6681,16
6682,7
6683,7
6684,10
6685,1
6686,13
6687,5
6688,12
6689,6
669,79
6690,25
66900,2
66904,1
66905,4
66908,3
6691,2
6692,2
6693,6
6694,6
6695,2
6696,6
6697,7
6698,8
6699,7
67,61
670,152
6700,246
6701,236
6702,100
6703,81
6704,83
6705,110
6706,102
6707,108
6708,107
6709,93
671,78
6710,172
6711,175
6712,127
6713,88
6714,123
6715,165
6716,103
6717,92
6718,85
6719,92
672,99
6720,182
6721,168
6722,105
6723,93
6724,110
6725,206
6726,92
6727,120
6728,82
6729,62
673,91
6730,93
67302,2
67306,2
67308,3
6731,96
67310,2
67314,3
6732,93
67322,1
67324,1
67328,1
6733,65
67330,1
6734,39
67341,1
67343,2
67344,3
67345,1
67347,3
67348,3
67349,1
6735,103
67350,3
67351,1
67352,2
67354,1
6736,70
67361,1
67363,4
67365,1
6737,71
67371,3
6738,42
6739,76
674,70
6740,92
67402,2
67407,3
6741,87
67410,2
67412,1
67414,2
67416,2
67418,5
67419,2
6742,35
67420,1
6743,252
67430,1
67431,3
67433,1
67434,3
67437,1
67438,1
67439,2
6744,47
67440,5
67441,3
67442,2
67443,1
67444,1
67445,2
67446,1
67448,1
67449,1
6745,101
6746,39
6747,160
6748,37
6749,41
675,126
6750,70
67502,1
67503,1
67504,2
67505,1
67506,1
67507,3
67508,1
67509,2
6751,37
67510,2
67511,2
67512,1
67513,1
67515,1
67516,3
67518,2
6752,24
67520,1
6753,12
67531,1
67533,1
67537,1
67539,2
6754,21
67541,1
6755,26
67554,2
67556,4
67558,1
67559,1
6756,16
67562,1
67563,2
67565,3
67566,2
67567,1
67568,1
6757,24
67571,2
67574,1
6758,13
6759,25
676,79
6760,45
67602,2
67604,1
67608,2
6761,33
67610,3
67611,2
67612,2
67613,3
67614,2
67616,1
67617,1
67618,2
67619,2
6762,16
67623,1
67625,1
6763,6
67632,1
67633,2
67635,2
67637,1
67638,1
6764,10
67640,1
67641,3
67643,1
67644,1
6765,24
6766,12
6767,12
6768,10
6769,6
677,66
6770,33
67701,2
67703,3
67705,1
67708,2
67709,1
6771,19
67710,3
67712,1
67713,2
67715,5
67719,1
6772,10
67720,1
67724,2
67725,1
67726,1
67727,3
6773,22
67731,1
67732,2
67733,1
6774,9
67742,2
67745,1
67746,1
67747,1
6775,14
67750,3
6776,9
67763,3
67764,3
67767,3
67768,1
67769,2
6777,9
67770,1
67771,2
6778,16
6779,10
678,59
6780,30
6781,19
6782,19
6783,9
6784,2
6785,12
6786,4
6787,8
6788,4
6789,7
679,55
6790,15
6791,17
6792,7
6793,5
6794,4
6795,4
6796,7
6797,14
6798,9
6799,10
68,63
680,162
6800,224
6801,272
6802,100
6803,73
6804,87
6805,150
6806,106
6807,84
6808,123
6809,103
681,62
6810,128
6811,165
6812,140
6813,86
6814,81
6815,139
6816,120
6817,129
6818,97
6819,92
682,57
6820,159
6821,110
6822,89
6823,136
6824,125
6825,79
6826,78
6827,84
6828,86
6829,69
683,60
6830,91
6831,78
6832,74
6833,62
6834,39
6835,79
6836,42
6837,53
6838,39
6839,41
684,74
6840,90
6841,97
6842,34
6843,35
6844,23
6845,53
6846,29
6847,24
6848,14
6849,35
685,136
6850,86
6851,27
6852,20
6853,14
6854,14
6855,41
6856,17
6857,9
6858,22
6859,15
686,89
6860,32
6861,17
6862,6
6863,3
6864,11
6865,12
6866,19
6867,1
6868,9
6869,6
687,81
6870,22
6871,3
6872,16
6873,3
6874,12
6875,26
6876,12
6877,4
6878,8
6879,3
688,65
6880,14
6881,9
6882,4
6883,3
6884,11
6885,38
6886,14
6887,4
6888,7
6889,4
689,48
6890,17
6891,2
6892,2
6893,5
6894,12
6895,108
6896,9
6897,1
6898,10
6899,6
69,100
690,96
6900,235
6901,231
6902,59
6903,83
6904,87
6905,103
6906,90
6907,98
6908,118
6909,115
691,63
6910,171
6911,164
6912,80
6913,143
6914,122
6915,128
6916,97
6917,103
6918,72
6919,93
692,36
6920,142
6921,129
6922,78
6923,79
6924,73
6925,115
6926,54
6927,58
6928,62
6929,63
693,36
6930,158
6931,100
6932,55
6933,52
6934,63
6935,76
6936,69
6937,50
6938,47
6939,41
694,50
6940,77
6941,68
6942,30
6943,33
6944,39
6945,48
6946,40
6947,18
6948,17
6949,27
695,144
6950,115
6951,28
6952,14
6953,13
6954,8
6955,30
6956,9
6957,13
6958,16
6959,12
696,97
6960,59
6961,11
6962,9
6963,13
6964,16
6965,8
6966,8
6967,6
6968,18
6969,7
697,49
6970,48
6971,20
6972,2
6973,7
6974,3
6975,20
6976,13
6977,9
6978,6
6979,8
698,61
6980,15
6981,19
6982,9
6983,14
6984,12
6985,11
6986,7
6987,6
6988,6
6989,3
699,40
6990,10
6991,12
6992,9
6993,12
6994,8
6995,6
6996,5
6997,1
6998,5
7,707
70,84
700,2172
7000,217
7001,247
7002,124
70022,2
70024,2
7003,223
70030,1
7004,46
7005,82
70056,3
70058,1
7006,57
70061,4
7007,84
7008,101
7009,82
701,2746
7010,166
7011,140
70119,1
7012,68
70121,1
7013,81
7014,90
7015,133
70151,1
70157,2
7016,72
70165,2
70167,1
7017,76
70171,4
7018,74
7019,86
702,1763
7020,146
70201,4
7021,121
70215,2
7022,58
7023,59
70237,2
7024,93
7025,87
70252,1
7026,69
70261,1
70265,2
7027,69
70270,2
70271,2
70274,2
70278,2
7028,75
7029,62
703,1501
7030,96
70305,2
7031,83
7032,36
7033,46
70333,2
7034,45
70347,2
7035,59
7036,46
70364,2
7037,35
7038,32
70384,2
70389,1
7039,36
70399,1
704,1796
7040,67
7041,46
70415,2
7042,44
70422,2
70424,1
70429,2
7043,21
7044,20
7045,44
70451,3
7046,11
70463,1
7047,16
7048,54
7049,26
705,1833
7050,38
7051,32
7052,20
70523,1
7053,6
7054,20
7055,26
7056,15
7057,39
7058,19
7059,11
706,1576
7060,18
7061,22
7062,14
7063,7
7064,6
7065,25
7066,13
7067,17
7068,9
7069,4
707,1684
7070,23
7071,5
7072,14
7073,12
7074,5
7075,14
7076,1
7077,40
7078,21
7079,8
708,1642
7080,13
7081,48
7082,2
7083,5
7084,4
7085,14
7086,2
7087,8
7088,3
7089,7
709,1758
7090,18
7091,4
7092,8
7093,3
7095,13
7097,10
7098,5
7099,8
71,76
710,1904
7100,128
7101,264
7102,64
7103,67
7104,96
7105,140
7106,89
7107,59
7108,118
7109,96
711,2067
7110,240
7111,112
7112,79
7113,39
7114,106
7115,126
7116,99
7117,89
7118,86
7119,81
712,1423
7120,137
7121,103
7122,61
7123,57
7124,69
7125,93
7126,82
7127,83
7128,60
7129,63
713,1131
7130,100
7131,78
7132,69
7133,59
7134,57
7135,73
7136,51
7137,45
7138,83
7139,51
714,1270
7140,67
7141,62
7142,44
7143,39
7144,42
7145,61
7146,29
7147,33
7148,34
7149,41
715,1708
7150,190
7151,26
7152,20
7153,14
7154,21
7155,34
7156,13
7157,11
7158,11
7159,7
716,1244
7160,49
7161,21
7162,8
7163,6
7164,31
7165,23
7166,14
7167,8
7168,19
7169,17
717,1186
7170,20
7171,26
7172,12
7174,7
7175,13
7176,4
7177,3
7178,13
7179,3
718,1017
7180,15
7181,19
7183,1
7184,5
7185,17
7186,5
7187,6
7188,5
7189,1
719,1092
7190,7
7191,10
7192,11
7193,4
7194,4
7195,22
7196,5
7197,8
72,70
720,1601
7200,671
7201,400
7202,69
7203,92
7204,126
7205,161
7206,106
7207,110
7208,113
7209,97
721,1320
7210,114
7211,115
7212,114
7213,75
7214,89
7215,130
7216,88
7217,77
7218,75
7219,84
722,886
7220,207
7221,124
7222,32
7223,83
7224,111
7225,119
7226,51
7227,87
7228,55
7229,58
723,837
7230,76
7231,73
7232,70
7233,75
7234,44
7235,46
7236,71
7237,81
7238,41
7239,52
724,907
7240,76
7241,63
7242,32
7243,44
7244,26
7245,49
7246,30
7247,26
7248,41
7249,42
725,1033
7250,71
7251,29
7252,22
7253,25
7254,18
7255,30
7256,14
7257,6
7258,2
7259,13
726,666
7260,34
7261,17
7262,6
7263,12
7264,7
7265,17
7266,3
7267,7
7268,6
7269,6
727,752
7270,11
7271,21
7272,289
7274,10
7275,10
7276,3
7277,10
7278,3
7279,2
728,679
7280,23
7281,16
7282,4
7283,2
7284,2
7285,34
7286,2
7287,10
7288,8
7289,5
729,588
7290,19
7291,7
7292,3
7293,2
7294,4
7295,16
7297,8
7298,6
73,103
730,1087
7300,550
7301,207
7302,101
7303,96
7304,88
7305,133
7306,148
7307,110
7308,112
7309,117
731,636
7310,159
7311,175
7312,117
7313,66
7314,131
7315,156
7316,110
7317,70
7318,91
7319,99
732,514
7320,153
7321,141
7322,58
7323,94
7324,139
7325,297
7326,46
7327,93
7328,67
7329,90
733,505
7330,90
7331,87
7332,95
7333,118
7334,43
7335,68
7336,65
7337,94
7338,54
7339,60
734,559
7340,92
7341,62
7342,20
7343,9
7344,35
7345,72
7346,27
7347,29
7348,49
7349,69
735,625
7350,162
7351,33
7352,29
7353,39
7354,14
7355,25
7356,5
7357,9
7358,3
7359,15
736,531
7360,30
7361,28
7362,8
7363,1
7364,15
7365,24
7366,3
7367,4
7368,8
7369,7
737,506
7370,9
7371,5
7372,11
7373,226
7374,6
7375,17
7376,3
7377,8
7378,3
7379,6
738,318
7380,16
7381,14
7382,6
7383,3
7384,11
7385,7
7386,6
7387,5
7388,4
7389,5
739,326
7390,7
7391,10
7392,9
7393,15
7395,2
7396,5
7397,6
7398,2
7399,5
74,82
740,576
7400,527
7401,221
7402,98
7403,93
7404,120
7405,136
7406,101
7407,85
7408,122
7409,124
741,468
7410,120
7411,176
7412,111
7413,73
7414,115
7415,157
7416,82
7417,108
7418,109
7419,88
742,269
7420,96
7421,140
7422,66
7423,68
7424,82
7425,151
7426,67
7427,43
7428,47
7429,61
743,294
7430,76
7431,61
7432,46
7433,82
7434,42
7435,44
7436,40
7437,47
7438,45
7439,25
744,305
7440,66
7441,39
7442,31
7443,32
7444,24
7445,47
7446,17
7447,33
7448,28
7449,29
745,430
7450,182
7451,22
7452,5
7453,23
7454,18
7455,16
7456,13
7457,21
7458,8
7459,8
746,280
7460,40
7461,10
7462,3
7463,5
7464,6
7465,13
7466,11
7467,6
7468,13
7469,7
747,245
7470,18
7471,4
7472,6
7473,6
7474,13
7475,19
7476,3
7477,16
7478,11
7479,18
748,218
7480,11
7481,6
7482,10
7483,7
7484,7
7485,16
7486,2
7488,8
7489,3
749,254
7490,13
7491,6
7492,32
7493,2
7494,44
7495,7
7496,43
7497,5
7498,49
7499,20
75,54
750,372
7500,198
7501,161
7502,97
7503,83
7504,114
7505,92
7506,103
7507,92
7508,122
7509,122
751,302
7510,161
7511,123
7512,99
7513,95
7514,108
7515,156
7516,118
7517,88
7518,78
7519,100
752,195
7520,174
7521,87
7522,67
7523,93
7524,111
7525,118
7526,53
7527,75
7528,53
7529,76
753,186
7530,105
7531,80
7532,55
7533,75
7534,64
7535,66
7536,41
7537,45
7538,46
7539,27
754,136
7540,61
7541,52
7542,36
7543,34
7544,26
7545,55
7546,21
7547,20
7548,39
7549,37
755,232
7550,57
7551,14
7552,26
7553,17
7554,28
7555,35
7556,26
7557,14
7558,10
7559,18
756,148
7560,26
7561,9
7562,15
7563,3
7564,10
7565,9
7566,16
7567,7
7568,11
7569,7
757,175
7570,15
7571,20
7572,18
7573,3
7574,12
7575,424
7576,1
7577,9
7578,5
7579,2
758,132
7580,8
7581,12
7582,3
7583,3
7584,9
7585,29
7586,8
7587,6
7588,3
7589,7
759,234
7590,9
7591,1
7592,4
7593,8
7594,7
7595,9
7596,3
7597,7
7598,7
7599,4
76,66
760,210
7600,305
7601,269
7602,103
7603,92
7604,140
7605,115
7606,106
7607,97
7608,168
7609,155
761,184
7610,212
7611,129
7612,141
7613,66
7614,122
7615,142
7616,137
7617,99
7618,80
7619,77
762,137
7620,208
7621,140
7622,106
7623,69
7624,96
7625,149
7626,75
7627,380
7628,80
7629,74
763,125
7630,91
7631,49
7632,80
7633,76
7634,55
7635,76
7636,54
7637,48
7638,41
7639,29
764,123
7640,96
7641,56
7642,31
7643,9
7644,33
7645,89
7646,38
7647,55
7648,40
7649,65
765,194
7650,90
7651,23
7652,7
7653,23
7654,15
7655,23
7656,27
7657,18
7658,23
7659,8
766,114
7660,25
7661,25
7662,9
7663,6
7664,24
7665,42
7666,10
7667,12
7668,16
7669,10
767,106
7670,17
7671,11
7672,8
7673,8
7674,16
7675,18
7676,68
7677,204
7678,8
7679,9
768,115
7680,23
7681,12
7682,8
7683,2
7684,2
7685,28
7686,4
7687,6
7688,8
7689,13
769,89
7690,25
7691,2
7692,5
7693,9
7694,4
7695,24
7696,22
7697,3
7699,13
77,83
770,504
7700,386
7701,213
7702,74
7703,96
7704,94
7705,107
7706,87
7707,77
7708,133
7709,129
771,104
7710,120
7711,135
7712,102
7713,44
7714,109
7715,130
7716,119
7717,85
7718,68
7719,83
772,108
7720,132
7721,117
7722,72
7723,63
7724,127
7725,96
7726,45
7727,56
7728,62
7729,63
773,105
7730,81
7731,50
7732,86
7733,59
7734,52
7735,45
7736,58
7737,47
7738,14
7739,34
774,68
7740,72
7741,61
7742,22
7743,20
7744,39
7745,47
7746,41
7747,38
7748,27
7749,37
775,140
7750,91
7751,11
7752,19
7753,12
7754,10
7755,33
7756,18
7757,21
7758,2
7759,8
776,71
7760,19
7761,17
7762,8
7763,13
7764,13
7765,21
7766,15
7767,9
7768,8
7769,10
777,462
7770,11
7771,3
7772,2
7773,4
7774,4
7775,25
7776,7
7777,18
7778,6
7779,2
778,79
7780,8
7781,10
7782,2
7783,3
7784,4
7785,5
7786,3
7787,14
7788,3
7789,5
779,104
7790,6
7791,6
7792,2
7793,2
7794,6
7795,1
7796,8
7798,9
78,72
780,165
7800,302
7801,246
7802,98
7803,85
7804,70
7805,106
7806,137
7807,87
7808,98
7809,111
781,96
7810,151
7811,104
7812,77
7813,67
7814,115
7815,177
7816,101
7817,110
7818,83
7819,58
782,47
7820,148
7821,149
7822,74
7823,76
7824,94
7825,107
7826,78
7827,67
7828,68
7829,58
783,71
7830,101
7831,46
7832,58
7833,80
7834,54
7835,59
7836,34
7837,26
7838,50
7839,57
784,70
7840,80
7841,40
7842,39
7843,54
7844,40
7845,73
7846,45
7847,18
7848,36
7849,25
785,110
7850,125
7851,28
7852,38
7853,29
7854,16
7855,33
7856,38
7857,9
7858,14
7859,43
786,71
7860,47
7861,19
7862,14
7863,9
7864,21
7865,33
7866,15
7867,27
7868,19
7869,18
787,85
7870,26
7871,16
7872,50
7873,9
7874,39
7875,23
7876,41
7877,21
7878,59
7879,8
788,50
7880,15
7881,9
7882,38
7883,7
7884,45
7885,22
7886,31
7887,17
7888,40
7889,9
789,59
7890,9
7891,5
7892,8
7893,16
7894,10
7895,17
7896,6
7897,11
7898,8
7899,7
79,35
790,115
7900,275
7901,238
7902,80
7903,92
7904,113
7905,161
7906,107
7907,83
7908,138
7909,190
791,62
7910,139
7911,133
7912,128
7913,91
7914,138
7915,151
7916,126
7917,135
7918,90
7919,88
792,68
7920,131
7921,129
7922,76
7923,70
7924,100
7925,114
7926,87
7927,75
7928,74
7929,72
793,36
7930,111
7931,78
7932,66
7933,61
7934,57
7935,59
7936,43
7937,35
7938,57
7939,47
794,28
7940,84
7941,88
7942,31
7943,24
7944,37
7945,32
7946,20
7947,26
7948,30
7949,39
795,66
7950,37
7951,37
7952,18
7953,10
7954,11
7955,25
7956,23
7957,11
7958,9
7959,18
796,58
7960,44
7961,28
7962,4
7963,9
7964,21
7965,4
7966,2
7967,3
7968,7
7969,2
797,40
7970,13
7971,5
7972,6
7973,2
7974,1
7975,4
7976,9
7977,5
7978,3
7979,1
798,52
7980,21
7981,9
7982,4
7983,4
7984,5
7985,16
7986,5
7987,5
7988,4
7989,3
799,34
7990,19
7991,2
7995,5
7996,1
7997,5
7998,1
7999,10
8,703
80,59
800,1411
8000,252
8001,286
80010,2
8002,115
80021,3
80022,2
80026,1
8003,90
80037,2
8004,146
8005,198
8006,175
8007,110
8008,175
8009,186
80097,1
801,2683
8010,181
8011,140
80115,2
8012,163
80120,2
8013,108
8014,136
8015,157
80157,1
8016,152
80168,1
8017,152
8018,115
8019,86
802,2644
8020,168
80200,1
8021,186
80210,2
80215,1
8022,74
8023,72
80233,3
80236,2
8024,89
8025,136
80254,2
8026,91
8027,51
80270,4
8028,74
80282,1
80284,2
8029,93
80294,3
803,1431
8030,105
8031,91
8032,73
8033,56
8034,46
80349,2
8035,39
8036,58
8037,55
80371,1
8038,38
80387,2
8039,42
80396,3
804,1544
8040,73
8041,52
8042,40
80425,4
8043,43
8044,39
8045,254
8046,28
8047,15
80470,2
8048,26
8049,29
805,1776
8050,49
80502,2
80509,4
8051,27
8052,26
8053,14
8054,17
8055,130
8056,28
8057,14
8058,11
8059,1
806,1343
8060,26
8061,29
8062,4
8063,8
8064,9
8065,10
8066,12
8067,11
80677,3
80678,1
8068,3
8069,11
807,1415
8070,49
8071,19
8072,10
8073,7
8074,7
8075,10
8076,2
8077,7
8078,7
8079,1
808,1634
8080,11
8081,10
8082,11
8083,2
8084,4
8085,9
8086,3
8087,3
8088,5
8089,2
809,1547
8090,15
8091,5
8092,5
8093,1
8094,5
8095,7
8096,11
8097,3
8099,8
81,71
810,1644
8100,194
8101,551
8102,93
8103,71
8104,128
8105,146
8106,109
8107,122
8108,143
8109,153
811,1545
8110,205
8111,137
8112,131
8113,84
8114,87
8115,150
8116,96
8117,95
8118,121
8119,77
812,1349
8120,134
8121,177
8122,83
8123,62
8124,77
8125,201
8126,78
8127,83
8128,71
8129,72
813,962
8130,79
8131,144
8132,58
8133,102
8134,47
8135,61
8136,60
8137,63
8138,46
8139,46
814,1058
8140,72
8141,93
8142,22
8143,32
8144,37
8145,68
8146,47
8147,54
8148,52
8149,40
815,1557
8150,46
8151,34
8152,29
8153,11
8154,23
8155,29
8156,15
8157,30
8158,11
8159,11
816,1135
8160,19
8161,12
8162,12
8163,10
8164,14
8165,66
8166,10
8167,33
8168,16
8169,11
817,1038
8170,14
8171,6
8172,14
8173,6
8174,16
8175,33
8176,5
8177,10
8178,8
8179,9
818,955
8180,17
8181,70
8182,5
8183,5
8184,5
8185,19
8186,5
8187,9
8188,6
8189,8
819,982
8190,26
8191,8
8192,3
8193,5
8194,12
8195,34
8196,7
8197,5
8198,4
8199,2
82,65
820,1582
8200,253
8201,359
8202,112
8203,109
8204,118
8205,179
8206,153
8207,132
8208,140
8209,217
821,1134
8210,165
8211,116
8212,129
8213,119
8214,106
8215,154
8216,124
8217,124
8218,108
8219,79
822,780
8220,431
8221,169
8222,84
8223,43
8224,87
8225,139
8226,54
8227,73
8228,44
8229,82
823,688
8230,95
8231,49
8232,84
8233,61
8234,33
8235,90
8236,41
8237,37
8238,36
8239,46
824,914
8240,70
8241,31
8242,34
8243,47
8244,39
8245,61
8246,21
8247,29
8248,38
8249,43
825,1000
8250,48
8251,27
8252,23
8253,25
8254,19
8255,32
8256,12
8257,13
8258,12
8259,12
826,641
8260,24
8261,17
8262,15
8263,19
8264,16
8265,29
8266,7
8267,10
8268,2
8269,11
827,628
8270,26
8271,15
8272,7
8273,5
8274,7
8275,21
8276,13
8277,5
8278,4
8279,6
828,603
8280,22
8281,7
8282,4
8283,5
8284,11
8285,30
8286,3
8287,2
8288,1
8289,9
829,596
8290,16
8291,10
8292,5
8293,8
8294,6
8295,9
8296,2
8297,2
8299,7
83,53
830,673
8300,207
8301,259
8302,97
8303,131
8304,103
8305,131
8306,108
8307,105
8308,143
8309,142
831,558
8310,117
8311,127
8312,122
8313,91
8314,102
8315,142
8316,93
8317,114
8318,90
8319,81
832,507
8320,125
8321,141
8322,88
8323,88
8324,87
8325,160
8326,70
8327,87
8328,75
8329,68
833,492
8330,122
8331,79
8332,72
8333,93
8334,70
8335,105
8336,85
8337,87
8338,75
8339,72
834,397
8340,102
8341,77
8342,44
8343,73
8344,60
8345,159
8346,48
8347,54
8348,35
8349,26
835,513
8350,56
8351,55
8352,30
8353,30
8354,29
8355,60
8356,31
8357,23
8358,24
8359,43
836,390
8360,34
8361,51
8362,20
8363,20
8364,19
8365,77
8366,11
8367,14
8368,17
8369,18
837,512
8370,18
8371,11
8372,6
8373,6
8374,4
8375,70
8376,2
8377,10
8378,3
8379,6
838,312
8380,17
8381,11
8382,9
8383,11
8384,8
8385,73
8386,9
8387,9
8388,3
8389,8
839,295
8390,17
8391,4
8392,11
8393,10
8394,1
8395,15
8396,5
8397,11
8398,2
8399,12
84,53
840,448
8400,260
8401,267
8402,90
8403,92
8404,117
8405,504
8406,280
8407,99
8408,131
8409,143
841,338
8410,148
8411,177
8412,140
8413,117
8414,152
8415,186
8416,115
8417,136
8418,110
8419,128
842,259
8420,165
8421,177
8422,85
8423,98
8424,120
8425,120
8426,93
8427,65
8428,60
8429,60
843,238
8430,131
8431,118
8432,98
8433,64
8434,56
8435,90
8436,69
8437,65
8438,69
8439,40
844,262
8440,125
8441,145
8442,43
8443,49
8444,64
8445,83
8446,48
8447,52
8448,50
8449,35
845,403
8450,87
8451,91
8452,31
8453,9
8454,25
8455,35
8456,16
8457,23
8458,26
8459,29
846,241
8460,39
8461,95
8462,12
8463,7
8464,16
8465,24
8466,15
8467,17
8468,12
8469,6
847,243
8470,32
8471,11
8472,31
8473,13
8474,10
8475,34
8476,10
8477,14
8478,14
8479,3
848,328
8480,31
8481,5
8482,16
8483,3
8484,8
8485,13
8486,11
8487,4
8488,8
8489,13
849,247
8490,25
8491,4
8492,13
8493,5
8494,5
8495,22
8496,15
8497,12
8498,4
8499,6
85,81
850,272
8500,366
8501,251
8502,136
8503,106
8504,129
8505,232
8506,130
8507,97
8508,133
8509,132
851,217
8510,621
8511,120
8512,111
8513,94
8514,99
8515,204
8516,156
8517,118
8518,135
8519,130
852,167
8520,191
8521,158
8522,87
8523,66
8524,108
8525,149
8526,97
8527,88
8528,59
8529,86
853,180
8530,115
8531,68
8532,60
8533,56
8534,32
8535,61
8536,70
8537,55
8538,49
8539,57
854,163
8540,90
8541,54
8542,44
8543,44
8544,50
8545,69
8546,33
8547,33
8548,35
8549,31
855,222
8550,41
8551,27
8552,20
8553,7
8554,16
8555,24
8556,19
8557,12
8558,15
8559,10
856,192
8560,47
8561,9
8562,24
8563,3
8564,6
8565,23
8566,16
8567,7
8568,17
8569,7
857,182
8570,29
8571,8
8572,14
8573,13
8574,4
8575,22
8576,5
8577,11
8578,1
8579,12
858,120
8580,154
8581,15
8582,21
8583,6
8584,11
8585,16
8586,10
8587,10
8588,9
8589,6
859,133
8590,12
8591,13
8592,8
8593,19
8594,3
8595,12
8596,5
8597,9
8598,1
8599,3
86,113
860,228
8600,248
8601,247
8602,77
8603,84
8604,102
8605,121
8606,107
8607,74
8608,84
8609,128
861,165
8610,162
8611,102
8612,90
8613,83
8614,98
8615,154
8616,137
8617,92
8618,80
8619,86
862,112
8620,145
8621,91
8622,53
8623,64
8624,77
8625,93
8626,150
8627,56
8628,45
8629,54
863,110
8630,96
8631,96
8632,43
8633,63
8634,39
8635,78
8636,35
8637,26
8638,51
8639,32
864,132
8640,50
8641,39
8642,19
8643,27
8644,18
8645,61
8646,24
8647,24
8648,29
8649,19
865,169
8650,66
8651,17
8652,17
8653,14
8654,13
8655,30
8656,11
8657,24
8658,2
8659,12
866,122
8660,133
8661,24
8662,7
8663,11
8664,11
8665,11
8666,2
8667,12
8668,14
8669,15
867,104
8670,58
8671,11
8672,11
8673,16
8675,19
8676,5
8677,5
8678,8
8679,10
868,83
8680,30
8681,12
8682,5
8683,7
8684,9
8685,22
8686,4
8687,13
8688,5
8689,8
869,127
8690,15
8691,13
8692,7
8693,6
8694,5
8695,27
8696,2
8697,5
8698,14
8699,7
87,72
870,145
8700,160
8701,195
8702,99
8703,65
8704,120
8705,151
8706,85
8707,142
8708,97
8709,172
871,122
8710,183
8711,123
8712,112
8713,98
8714,117
8715,139
8716,75
8717,119
8718,77
8719,101
872,98
8720,172
8721,101
8722,57
8723,73
8724,88
8725,128
8726,66
8727,64
8728,91
8729,78
873,83
8730,89
8731,80
8732,61
8733,65
8734,42
8735,62
8736,45
8737,58
8738,33
8739,32
874,75
8740,104
8741,60
8742,21
8743,34
8744,49
8745,56
8746,27
8747,62
8748,55
8749,25
875,171
8750,70
8751,41
8752,21
8753,41
8754,27
8755,23
8756,13
8757,77
8758,17
8759,32
876,114
8760,36
8761,23
8762,12
8763,21
8764,12
8765,29
8766,6
8767,19
8768,19
8769,15
877,103
8770,16
8771,13
8772,5
8773,24
8774,11
8775,26
8776,27
8777,21
8778,16
8779,17
878,60
8780,18
8781,15
8782,8
8783,19
8784,7
8785,16
8786,13
8787,90
8788,16
8789,20
879,59
8790,15
8791,8
8792,14
8793,14
8794,6
8795,17
8796,12
8797,9
8798,7
8799,6
88,57
880,163
8800,470
8801,209
8802,108
8803,111
8804,111
8805,165
8806,117
8807,147
8808,132
8809,143
881,100
8810,151
8811,138
8812,143
8813,84
8814,98
8815,158
8816,121
8817,90
8818,108
8819,134
882,93
8820,256
8821,135
8822,90
8823,72
8824,128
8825,121
8826,62
8827,74
8828,54
8829,64
883,88
8830,111
8831,77
8832,42
8833,93
8834,63
8835,75
8836,40
8837,56
8838,66
8839,46
884,65
8840,79
8841,60
8842,43
8843,48
8844,33
8845,62
8846,56
8847,96
8848,33
8849,32
885,133
8850,61
8851,20
8852,27
8853,31
8854,31
8855,48
8856,40
8857,32
8858,25
8859,24
886,61
8860,29
8861,27
8862,15
8863,23
8864,11
8865,18
8866,16
8867,12
8868,15
8869,12
887,77
8870,24
8871,12
8872,16
8873,15
8874,10
8875,13
8876,27
8877,3
8878,13
8879,9
888,241
8880,19
8881,2
8882,9
8883,18
8884,10
8885,7
8886,5
8887,8
8888,14
8889,4
889,47
8890,22
8891,8
8892,10
8893,6
8894,4
8895,14
8896,9
8897,4
8898,4
8899,11
89,66
890,118
8900,237
8901,260
8902,117
8903,132
8904,133
8905,188
8906,121
8907,110
8908,152
8909,197
891,61
8910,181
8911,137
8912,134
8913,124
8914,110
8915,177
8916,105
8917,160
8918,112
8919,112
892,48
8920,205
8921,146
8922,79
8923,73
8924,90
8925,143
8926,88
8927,103
8928,85
8929,90
893,64
8930,124
8931,77
8932,50
8933,65
8934,35
8935,59
8936,62
8937,77
8938,47
8939,55
894,73
8940,99
8941,63
8942,32
8943,55
8944,29
8945,46
8946,29
8947,44
8948,46
8949,30
895,77
8950,69
8951,48
8952,22
8953,26
8954,21
8955,60
8956,22
8957,27
8958,19
8959,62
896,71
8960,34
8961,297
8962,13
8963,17
8964,24
8965,30
8966,15
8967,44
8968,12
8969,11
897,50
8970,22
8971,17
8972,19
8973,17
8974,22
8975,25
8976,8
8977,3
8978,3
8979,8
898,64
8980,16
8981,6
8982,2
8983,4
8984,4
8985,14
8986,7
8987,5
8988,4
8989,16
899,53
8990,11
8991,5
8992,3
8994,9
8995,8
8996,9
8997,9
8998,14
8999,11
9,696
90,87
900,1706
9000,401
9001,225
9002,110
90020,2
90025,4
90028,1
9003,88
90037,3
9004,143
9005,203
90059,2
9006,115
9007,115
9008,151
9009,208
901,2258
9010,139
9011,114
9012,110
90121,3
9013,104
9014,91
9015,129
90151,2
9016,73
9017,99
90177,2
9018,70
9019,73
902,1561
9020,128
90208,2
9021,118
9022,53
90220,1
9023,68
9024,82
90244,1
90247,2
9025,101
9026,63
90268,2
9027,61
90273,2
9028,48
90289,2
9029,69
90294,2
903,1149
9030,75
90304,2
90308,2
9031,54
90311,4
90318,1
9032,44
90321,2
9033,38
9034,42
9035,58
9036,29
9037,40
90372,3
90375,1
9038,29
9039,36
90395,2
904,1274
9040,121
90402,3
90408,3
9041,38
9042,24
90421,2
9043,19
9044,13
9045,43
90453,3
9046,31
9047,36
9048,25
90483,1
9049,17
90490,2
90499,1
905,1451
9050,35
9051,79
9052,14
9053,18
9054,21
90549,2
9055,30
9056,8
9057,14
9058,16
9059,15
906,1349
9060,26
9061,54
9062,12
9063,5
9064,17
9065,25
9066,13
9067,5
9068,3
9069,15
907,1236
9070,15
9071,49
9072,10
9073,13
9074,21
9075,10
9076,2
9077,9
9078,9
9079,28
908,1439
9080,11
9081,43
9082,15
9083,4
9084,10
9085,7
9086,12
9087,7
9088,25
9089,8
909,1514
9090,12
9091,8
9092,3
9093,4
9094,4
9095,23
9096,8
9097,6
9098,18
9099,1
91,52
910,1389
9100,702
9101,228
9102,109
9103,114
9104,194
9105,204
9106,142
9107,130
9108,162
9109,208
911,1318
9110,193
9111,245
9112,156
9113,138
9114,101
9115,214
9116,135
9117,151
9118,92
9119,126
912,1152
9120,183
9121,148
9122,93
9123,96
9124,103
9125,114
9126,66
9127,60
9128,82
9129,112
913,1039
9130,77
9131,81
9132,67
9133,67
9134,56
9135,77
9136,47
9137,65
9138,36
9139,60
914,992
9140,69
9141,55
9142,36
9143,42
9144,40
9145,50
9146,40
9147,33
9148,34
9149,58
915,1415
9150,59
9151,26
9152,25
9153,23
9154,33
9155,31
9156,11
9157,24
9158,29
9159,35
916,1010
9160,19
9161,42
9162,25
9163,33
9164,26
9165,68
9166,41
9167,27
9168,25
9169,27
917,1037
9170,37
9171,16
9172,14
9173,9
9174,12
9175,18
9176,6
9177,6
9178,17
9179,14
918,871
9180,29
9181,10
9182,5
9183,7
9184,8
9185,19
9186,11
9187,19
9188,11
9189,5
919,932
9190,4
9191,11
9192,7
9193,13
9194,9
9195,18
9197,9
9198,4
9199,9
92,47
920,1361
9200,221
9201,262
9202,122
9203,82
9204,94
9205,146
9206,117
9207,106
9208,139
9209,195
921,1066
9210,174
9211,287
9212,162
9213,69
9214,91
9215,130
9216,85
9217,65
9218,86
9219,122
922,690
9220,161
9221,82
9222,51
9223,71
9224,89
9225,97
9226,55
9227,82
9228,75
9229,81
923,679
9230,103
9231,59
9232,42
9233,79
9234,37
9235,55
9236,59
9237,48
9238,78
9239,39
924,937
9240,77
9241,47
9242,53
9243,60
9244,39
9245,38
9246,23
9247,31
9248,45
9249,56
925,1327
9250,79
9251,40
9252,92
9253,24
9254,66
9255,31
9256,73
9257,36
9258,25
9259,42
926,576
9260,54
9261,22
9262,4
9263,21
9264,17
9265,18
9266,7
9267,14
9268,10
9269,9
927,559
9270,12
9271,16
9272,7
9273,14
9274,11
9275,13
9276,4
9277,10
9278,18
9279,15
928,561
9280,27
9281,5
9282,9
9283,9
9284,6
9285,13
9286,7
9287,11
9288,6
9289,8
929,493
9290,11
9291,15
9292,4
9293,2
9294,8
9295,9
9296,4
9297,3
9298,4
9299,10
93,43
930,707
9300,230
9301,228
9302,91
9303,95
9304,104
9305,140
9306,152
9307,137
9308,137
9309,111
931,526
9310,139
9311,136
9312,114
9313,78
9314,78
9315,135
9316,81
9317,82
9318,71
9319,84
932,414
9320,171
9321,92
9322,47
9323,88
9324,97
9325,84
9326,57
9327,62
9328,70
9329,32
933,448
9330,66
9331,82
9332,59
9333,52
9334,35
9335,50
9336,35
9337,23
9338,39
9339,41
934,369
9340,207
9341,59
9342,18
9343,23
9344,40
9345,34
9346,15
9347,25
9348,14
9349,29
935,412
9350,56
9351,40
9352,14
9353,23
9354,5
9355,19
9356,7
9357,4
9358,19
9359,9
936,340
9360,43
9361,11
9362,13
9363,8
9364,10
9365,17
9366,16
9367,3
9368,4
9369,3
937,394
9370,16
9371,5
9372,11
9373,9
9374,6
9375,13
9376,5
9377,13
9378,1
9379,4
938,294
9380,21
9381,3
9382,5
9383,7
9384,6
9385,20
9386,4
9387,4
9388,7
9389,2
939,293
9390,13
9392,1
9393,8
9394,2
9395,6
9396,4
9397,4
9398,2
9399,4
94,72
940,451
9400,441
9401,186
9402,104
9403,67
9404,104
9405,157
9406,122
9407,121
9408,135
9409,172
941,339
9410,155
9411,152
9412,106
9413,78
9414,110
9415,153
9416,93
9417,81
9418,83
9419,82
942,246
9420,122
9421,106
9422,59
9423,71
9424,64
9425,88
9426,47
9427,58
9428,58
9429,66
943,213
9430,115
9431,75
9432,39
9433,48
9434,37
9435,82
9436,45
9437,24
9438,24
9439,29
944,291
9440,48
9441,63
9442,20
9443,35
9444,16
9445,30
9446,26
9447,15
9448,17
9449,20
945,331
9450,49
9451,22
9452,4
9453,10
9454,14
9455,32
9456,8
9457,4
9458,9
9459,15
946,203
9460,30
9461,17
9462,4
9463,3
9464,13
9465,20
9466,18
9467,11
9468,9
947,205
9470,45
9471,7
9472,4
9473,7
9474,10
9475,28
9476,4
9477,2
9478,3
9479,2
948,272
9480,28
9482,2
9483,11
9484,6
9485,7
9486,1
9488,7
9489,7
949,197
9490,6
9491,8
9493,6
9495,4
9496,1
9497,4
9499,3
95,62
950,535
9500,193
9501,159
9502,85
9503,78
9504,74
9505,125
9506,110
9507,82
9508,111
9509,147
951,302
9510,157
9511,91
9512,90
9513,86
9514,81
9515,142
9516,106
9517,92
9518,66
9519,71
952,192
9520,129
9521,90
9522,31
9523,63
9524,94
9525,109
9526,54
9527,44
9528,36
9529,49
953,150
9530,107
9531,82
9532,60
9533,49
9534,41
9535,71
9536,40
9537,46
9538,30
9539,61
954,157
9540,90
9541,56
9542,22
9543,38
9544,33
9545,47
9546,8
9547,24
9548,38
9549,25
955,186
9550,133
9551,23
9552,15
9553,13
9554,7
9555,36
9556,15
9557,23
9558,5
9559,8
956,158
9560,38
9561,11
9562,5
9563,9
9564,1
9565,13
9566,8
9567,13
9568,7
9569,12
957,147
9570,33
9571,14
9572,7
9573,7
9575,15
9576,6
9577,17
9578,4
9579,7
958,125
9580,21
9581,18
9582,3
9583,9
9584,5
9585,19
9586,2
9587,7
9588,4
9589,6
959,118
9590,13
9591,13
9592,1
9593,10
9594,2
9595,16
9596,1
9597,3
9598,8
9599,4
96,67
960,157
9600,266
9601,207
9602,71
9603,88
9604,98
9605,142
9606,108
9607,88
9608,99
9609,111
961,150
9610,88
9611,104
9612,121
9613,86
9614,95
9615,107
9616,88
9617,97
9618,82
9619,75
962,119
9620,86
9621,68
9622,80
9623,69
9624,83
9625,88
9626,77
9627,40
9628,53
9629,58
963,87
9630,71
9631,58
9632,41
9633,46
9634,52
9635,33
9636,42
9637,42
9638,39
9639,38
964,100
9640,70
9641,49
9642,63
9643,31
9644,18
9645,49
9646,29
9647,47
9648,33
9649,55
965,162
9650,59
9651,177
9652,24
9653,27
9654,25
9655,38
9656,16
9657,23
9658,21
9659,15
966,105
9660,15
9661,12
9662,20
9663,8
9664,16
9665,11
9666,16
9667,11
9668,11
9669,18
967,79
9670,15
9671,8
9672,2
9673,10
9674,7
9675,16
9676,7
9677,8
9678,1
9679,9
968,89
9680,50
9681,13
9682,4
9683,9
9684,8
9685,18
9686,11
9687,7
9688,1
9689,10
969,58
9690,5
9691,7
9692,11
9693,4
9694,2
9695,18
9696,8
9697,16
9698,9
9699,10
97,51
970,145
9700,227
9701,232
9702,97
9703,74
9704,93
9705,205
9706,132
9707,97
9708,118
9709,153
971,123
9710,129
9711,114
9712,83
9713,83
9714,104
9715,117
9716,109
9717,97
9718,93
9719,90
972,102
9720,63
9721,99
9722,57
9723,69
9724,97
9725,100
9726,66
9727,70
9728,48
9729,58
973,57
9730,83
9731,60
9732,57
9733,69
9734,58
9735,57
9736,54
9737,46
9738,40
9739,48
974,104
9740,76
9741,59
9742,47
9743,45
9744,30
9745,60
9746,44
9747,24
9748,50
9749,56
975,96
9750,45
9751,23
9752,18
9753,21
9754,11
9755,14
9756,8
9757,23
9758,12
9759,15
976,72
9760,18
9761,7
9762,11
9763,9
9764,18
9765,6
9766,14
9767,13
9768,5
9769,11
977,95
9770,29
9771,11
9772,10
9773,6
9774,1
9775,31
9776,14
9777,2
9778,4
9779,9
978,99
9780,20
9781,3
9782,5
9783,13
9784,15
9785,9
9786,1
9787,9
9788,18
9789,8
979,84
9790,14
9791,6
9792,14
9793,6
9794,6
9795,9
9796,9
9797,2
9798,3
9799,5
98,71
980,103
9800,245
9801,256
9802,87
9803,75
9804,119
9805,127
9806,99
9807,98
9808,131
9809,174
981,80
9810,111
9811,90
9812,119
9813,68
9814,96
9815,120
9816,110
9817,103
9818,65
9819,53
982,76
9820,103
9821,84
9822,48
9823,60
9824,98
9825,85
9826,49
9827,62
9828,48
9829,52
983,76
9830,68
9831,56
9832,51
9833,40
9834,25
9835,43
9836,39
9837,29
9838,24
9839,36
984,68
9840,38
9841,38
9842,27
9843,35
9844,28
9845,24
9846,20
9847,34
9848,48
9849,43
985,109
9850,32
9851,19
9852,15
9853,14
9854,24
9855,34
9856,8
9857,5
9858,14
9859,2
986,77
9860,12
9861,11
9862,6
9863,4
9864,2
9865,3
9866,11
9867,8
9868,18
987,63
9870,8
9871,8
9872,15
9873,8
9874,11
9875,10
9876,11
9877,5
9878,7
9879,8
988,72
9880,16
9881,5
9882,12
9883,9
9884,11
9885,18
9886,6
9888,10
9889,3
989,55
9890,15
9891,11
9892,9
9893,4
9894,3
9895,4
9896,3
9897,9
9898,12
9899,10
99,77
990,99
9900,203
9901,181
9902,79
9903,60
9904,80
9905,79
9906,81
9907,69
9908,118
9909,104
991,74
9910,104
9911,321
9912,77
9913,69
9914,71
9915,90
9916,53
9917,86
9918,64
9919,77
992,52
9920,86
9921,101
9922,37
9923,60
9924,100
9925,93
9926,37
9927,52
9928,56
9929,56
993,62
9930,75
9931,76
9932,49
9933,34
9934,41
9935,54
9936,46
9937,30
9938,36
9939,23
994,68
9940,75
9941,46
9942,33
9943,31
9944,35
9945,28
9946,19
9947,36
9948,40
9949,21
995,79
9950,57
9951,34
9952,23
9953,15
9954,23
9955,35
9956,13
9957,12
9958,25
9959,32
996,62
9960,28
9961,14
9962,10
9963,18
9964,16
9965,25
9966,8
9967,8
9968,11
9969,17
997,46
9970,19
9971,11
9972,10
9973,7
9974,10
9975,24
9976,8
9977,9
9978,12
9979,15
998,41
9980,22
9981,19
9982,9
9983,14
9984,13
9985,11
9986,19
9987,15
9988,10
9989,8
999,358
9990,15
9991,8
9992,13
9993,11
9994,7
9995,15
9996,1
9997,10
9998,19
9999,9
