text_street_name,Count
,2761
1,139
1/2 Douglas,1
1/2 Washington,1
10,616
100,786
1000,621
10000,53
1000th,13
100th,3251
101,16
101st,2481
102,42
1021,11
1025,5
1029,3
102nd,1846
103,4
1031,7
1032,4
1033,2
1037,6
103rd,1170
104,28
1040,1
1043,3
1044,2
1048,3
104th,1067
105,53
1050,62
1055,12
1056,27
105th,1620
106,70
1060,14
1062,25
1066,20
1067,24
1068,4
106th,1621
107,29
1072,7
1075,6
107th,1294
108,69
108 Spur,1
108 Th,2
1082,37
1083,11
1087,22
108th,1821
109,26
1094,2
1099,6
109th,1971
10th,9229
10th Cavalry,49
10th Road,20
10th St,2
10th St-Cntrp,1
10th Street,31
11,54
110,270
110 Spring,20
1100,655
11000,51
1100th,30
1108,13
110th,2430
111,17
1112,5
1116,17
1117,9
111th,1292
112,59
1122,7
1125,4
112th,1694
113,30
1130,7
1135,30
1137,39
1138,24
113th,1667
114,31
114th,1394
115,26
115 th,2
1150,161
11500,17
1150th,22
1156,4
1157,4
1158,1
115th,2697
116,12
1167,27
1169,10
116th,2839
117,29
1172,13
1175,22
117th,1597
118,18
1180,5
1183,10
1184,5
118th,1783
119,14
1190,19
119th,2153
11th,6376
11th Road,17
11th Street,14
12,65
120,294
1200,399
12000,43
1200th,25
120th,2767
121,12
1217,10
121st,3176
122,6
1226,3
122nd,1692
123,33
1230,4
123rd,3206
124,10
1240,4
124th,2706
125,14
1250,127
1256,8
1259,54
125th,2679
126,164
1260,15
1264,84
126th,2447
127,18
1275,17
1279,6
127th,2777
128,10
1284,20
1287,1
1289,16
128th,1859
129,20
1292,18
1296,17
129th,1801
12th,6306
12th Road,35
12th St,2
12th St-Cntrp,7
12th Street,7
13,77
130,262
1300,336
13000,44
1300th,34
1304,5
130th,1873
131,28
131 St.,2
1310,14
1311,5
1318,9
131st,2699
132,28
1320,6
1325,3
1326,23
132nd,2696
133,13
1330,4
1338,46
133rd,1617
134,13
134th,1276
135,21
1350,63
135th,892
136,4
1360,3
1368,12
1369,20
136th,1316
137,5
1375,25
137th,1397
1380,7
1382,9
138th,2208
139th,1622
13th,5929
13th Circle,8
13th Road,27
13th St,5
14,21
140,255
1400,350
14000,68
1400th,96
140th,2156
141,3
1415,4
1418,2
141st,2081
1420,4
142nd,1576
1430,3
143rd,1906
144th,2184
145,2
1450,82
14500,10
1452,30
1456,6
1457,24
145th,1793
146,14
1464,20
1466,10
146th,1889
147,16
14700,2
1472,8
1474,17
1475,10
1479,31
147th,1960
1483,8
1485,63
148th,1370
1491,2
1493,3
1495,12
149th,1691
14th,4843
14th Cavalry,38
14th Road,14
14th St,55
14th St-Cntrp,1
15,48
15 Th,1
150,407
1500,415
15000,53
1505,8
1505 Rd,17
150th,2595
1512,13
1517,4
151st,1560
152,2
1523,5
1525,19
152nd,1814
1531,22
1532,11
1537,8
153rd,1878
1549,9
154th,1786
154th Ter,14
155,11
1550,165
15500,14
155th,2596
156th,2330
157,3
1570,5
1575,23
157th,2932
1581,3
1584,14
1585th,2
1587,39
158th,2737
159,1
159th,1230
15th,4592
15th Road,55
15th Street,26
16,51
16 Mile,37
160,320
1600,521
16000,32
1600th,72
1602,6
160th,1868
1610,16
161st,1306
1624,6
162nd,1360
1632,2
1634,2
163rd,1653
163rd Street,12
164th,1373
165,25
1650,100
16500,18
165th,1286
1663,33
166th,1172
1675,11
167th,1056
168,22
1683,8
1684,7
168th,913
169,36
169th,447
16th,3627
16th Road,2
16th St,11
16th Street,78
17,46
170,252
1700,413
17000,45
1700th,1
1708,2
170th,1554
171,22
1710,18
1712,15
1714,15
1719,6
171st,739
1723,2
1725,5
1728,2
172nd,941
1732,35
1735,5
1737,25
173rd,471
1748,3
174th,691
175,57
1750,242
17500,14
175th,528
1768,2
176th,405
1770,17
177th,415
178th,714
179th,520
17A,14
17th,4784
17th Crestview,39
17th Road,34
17th Street,42
18,71
18.5,5
180,137
1800,326
18000,42
1800th,71
1807,4
180th,1061
1814,12
1818,1
181st,372
1823,13
1825,5
182nd,469
183,11
1830,23
1830th,5
183rd,768
1840,11
184th,337
1850,95
1850th,3
1851 Diagonal,50
185th,242
1860,3
1865th,10
186th,203
186th Terr,2
1876,3
187th,611
1884,13
1886,10
188th,278
1890,9
1892,15
189th,342
18th,4736
18th Edgemore,35
18th Fairway,31
18th Road,25
19,55
19-29-32,1
190,107
1900,338
19000,75
1900th,11
1901,11
1909,13
190th,1202
1917,3
191st,327
1925,21
1928,17
192nd,241
1935,16
1938,23
193rd,280
194,3
1941 Diagonal,5
194th,414
1950,73
19500,4
195th,420
195th Access,3
1964,1
196th,246
197,3
1974,9
1975,2
197th,327
198,2
1980,6
198th,378
199th,827
19th,2947
19th Road,35
1st,7807
1st - Industry,2
1st Ave Beaver,4
1st Ave East,64
1st Ave West,52
1st Cavalry,40
1st Elmo,7
1st Hickok,5
1st Industry,2
1st Pc,1
1st Road,12
1st St - Hamlin,13
1st St - Reserve,4
1st St - Willis,1
1st Str,1
1st Valeda,3
2,64
20,709
20-29-31,1
200,543
2000,431
20000,72
2000th,97
200th,996
201,4
201 Diagonal,10
201st,288
2025,2
202nd,214
203,3
203rd,191
204,2
204th,55
205,9
2050,48
20500,8
2055,3
205th,340
2060,6
2064,2
2065,1
206th,325
207,4
2072,3
2073,18
2075,5
2076,14
207th,708
208,13
208th,153
209,1
2098,3
209th,153
20th,3394
20th Park Place,41
20th Road,16
20th Street,2
21,43
21 St,2
210,105
2100,472
21000,71
210th,792
211,5
2114,23
211th,170
212,3
212th,96
213,10
2130,3
2135,4
213th,121
214,6
2142,15
214th,281
215,6
2150,50
21500,18
215th,975
216,5
216th,120
217,13
2175,4
217th,70
218,8
2180,12
218th,109
219,15
2190,14
219th,426
219th Street,1
21st,4394
21st Road,17
22,63
220,116
2200,306
22000,72
2200th,82
220th,883
221,9
221st,193
222,8
2225,18
2227,4
222nd,338
223,6
223rd,361
224,1
224th,175
225,23
2250,23
225th,247
226,7
2260,2
2263,9
226th,179
227,4
2275,14
227th,250
228,25
228 Ave - Montrose,3
228th,47
229th,71
22nd,3130
22nd Road,30
23,46
23-30-32,1
230,83
2300,347
23000,82
2300th,1
230th,565
231,7
231st,543
232,15
2320th,1
232nd,106
233,2
2338,6
233rd,11
234,10
234th,102
235,5
2350,88
235th,211
236,2
236th,15
237th,19
238th,231
239,1
239th,210
23rd,3311
23rd Road,22
24,44
240,74
2400,366
24000,103
2400th,51
240th,603
241st,30
242nd,192
2435,2
243rd,193
2440,4
2441,11
244th,55
245,4
2450,21
24500,34
245th,214
246th,230
2475,2
247th,405
248th,62
249th,47
24th,4877
24th Road,17
25,140
250,182
2500,161
25000,96
250th,548
251 Diagonal,13
251st,192
252nd,157
253rd,73
254th,255
255,2
255th,392
256th,19
257th,17
258th,125
259th,147
25th,3265
25th Road,25
25th St,15
26,22
260,60
2600,101
26000,79
2600th,31
2605 Road,5
260th,394
261st,44
262nd,244
263rd,403
264th,42
265,7
2650,33
265th,121
2660,4
266th,68
2670,7
267th,20
2680,16
268th,31
269th,30
26th,2844
26th Road,30
27,25
270,61
2700,88
27000,42
270th,293
271st,239
2725,25
272nd,62
273rd,8
274th,207
275,22
275th,37
276th,11
277th,47
278th,118
279th,157
27th,3984
27th Road,21
27th St,22
28,8
28-27-34,1
280,87
2800,53
2800th,21
2801 Lane,1
280th,318
281,4
281st,25
282nd,56
283,38
283rd,1
284th,47
285th,61
286th,230
287th,316
288th,4
289th,71
28th,2076
28th Road,42
28th St,21
29,11
29 & W X,1
290,68
2900,41
290th,227
291st,22
292nd,66
293rd,71
294th,66
2951 Lane,5
295th,325
296th,40
298th,12
299th,84
29th,4150
29th Road,39
29th Street,9
2nd,10579
2nd Ave Beaver,5
2nd Ave East,32
2nd Ave West,77
2nd Elmo,2
2nd Hickok,1
2nd Road,12
2nd St,10
2nd St-Latimer,3
2nd St - Hamlin,2
2nd St - Willis,3
2nd Street,27
2nd Ter,14
3,78
30,694
300,500
3000,105
3000th,25
300th,161
301st,37
302nd,128
303rd,235
304th,38
305th,14
306th,47
307th,4
308th,3
309th,10
30th,3407
30th Road,20
30th Street,18
31,8
310,59
3100,65
3109 Lane,9
310th,174
311th,333
312th,92
313th,1
314th,29
3150,1
315th,25
316th,3
317th,16
318,19
318th,81
319th,258
31st,3088
31st Road,35
31st Street,17
32,1
320,36
3200,39
3200th,10
320th,104
321st,25
322nd,136
323rd,20
324th,3
325,15
3250,5
3250th,2
325th,71
326th,64
327th,294
329th,5
32nd,2390
32nd Street,29
330,25
3300,35
330th,116
331st,8
3325,15
332nd,21
333rd,44
334th,33
335,2
335th,205
337th,19
339th,57
33rd,2838
33rd Street,3
34-30-34,1
340,25
3400,67
3400th,27
340th,80
3415,3
341st,43
343rd,261
345,3
345th,13
347th,26
349th,29
34th,2274
35,14
35-29-32,1
350,76
3500,28
3500th,4
350th,80
351st,106
353rd,3
3550,4
355th,41
357th,2
359th,198
35th,2786
360,17
3600,50
3600th,38
360th,40
363rd,133
365th,25
366th,2
367th,84
36th,1709
370,9
370th,25
371st,29
373rd,2
375,1
375th,162
379th,74
37th,3020
38,1
380,13
3800th,29
380th,23
381st,4
383rd,78
383rd Street,9
387th,34
389th,2
38th,1209
390,22
3900th,2
390th,26
391st,236
395,1
395th,14
399th,93
39th,1666
3rd,10339
3rd Ave Beaver,2
3rd Ave East,11
3rd Ave West,43
3rd Avenue,2
3rd Court,8
3rd Detroit,2
3rd Hickok,8
3rd Infantry,15
3rd Road,6
3rd St-Ionia,4
3rd St-Latimer,7
3rd St-Northbranch,1
3rd St - Reserve,3
3rd St - Willis,3
3rd Terrace,8
"3rd, Valeda Cty",5
4,79
4-Corners,25
4-H,73
4 Th,2
40,333
400,450
4000,88
4000th,11
400th,50
403rd,22
404,2
407th,42
40th,1744
410,35
4100th,2
411,4
4150,1
41st,779
420,4
4200,3
4200th,12
425,16
4280th,3
42nd,1088
4300th,1
43rd,1899
4400th,19
449,2
44th,1936
45,11
450,44
450th,2
45th,2037
4600th,33
465,4
465th,2
466,1
46th,1804
47,164
474,4
475,37
476,6
47th,2567
48,25
4800,1
4800th,29
482,27
4850th,1
48th,2557
48th Street,8
490,3
49th,3050
4th,11991
4th Artillery,15
4th Ave,14
4th Ave East,2
4th Ave West,29
4th Avenue,1
4th Court,2
4th Hickok,4
4th Road,33
4th St,15
4th St - Delavan,2
4th St - Reserve,8
4th Street,8
4th Terrace,16
5,42
5 Mile,5
50,551
50 Ave,2
500,432
5000,83
5000th,11
500th,3
50th,3071
51,2
5100,1
510th,170
515th,25
517th,3
51st,3050
52,6
5200,1
520th,218
522nd,3
525,4
526th,3
52nd,2441
5300,2
530th,188
533rd,15
535,4
537,2
53rd,3188
53rd Circle,3
54,31
540th,98
543,9
546th,12
549th,13
54th,2100
55,9
550,166
550th,13
555th,10
55th,2330
56,28
560th,56
56th,1925
57,1
570th,99
575,8
575th,12
579,11
57th,1972
58,3
580th,111
582,14
58th,1959
590th,98
595th,3
596,9
59th,1201
5th,10423
5th & Cedar,1
5th Artillery,43
5th Ave West,16
5th Road,18
5th St,3
5th Street,2
6,33
6 Mile,49
6 Th,4
60,316
600,409
6000,28
600th,199
604,2
60th,2488
610th,139
612,5
612th,4
614th,24
616th,4
617th,4
61st,3080
620th,42
625,6
626,5
626th,2
62nd,2064
62nd Street,6
630th,142
635,9
635th,24
637th,5
638th,2
639th,6
63rd,1804
640,13
640th,128
642,3
643rd,11
645,8
649th,2
64th,2183
65,5
650,60
6500,6
650th,111
652,5
65th,1970
660,30
6600,29
660th,55
661 Diagonal,35
665th,4
668,1
66th,1794
670th,43
675,14
675th,9
679th,2
67th,1578
680,12
680th,86
686,19
688,12
68th,1651
69,63
690th,55
692,2
69th,3277
6th,10737
6th Ave East,4
6th Ave West,10
6th Infantry,65
6th Labette City,14
6th Road,20
6th St,2
6th Street,4
7,154
7 Mile,17
70,277
700,360
7000,51
700th,28
70th,3706
710th,38
711,7
712,1
715,4
715th,3
718,7
71st,2785
720th,33
725,7
72nd,3114
730th,2
732,11
734,4
73rd,2539
74th,2250
75,34
75 Th,1
750,136
758,11
75th,2503
766,2
767,15
76th,2288
77,2
770,3
773,4
775,24
779,4
77th,2682
77th Street,2
78,11
780,7
787,9
78th,2143
790,2
795,1
79th,2206
7th,8898
7th Ave East,10
7th Ave West,5
7th Cavalry,68
7th Road,8
7th St,27
7th St-Cntrp,16
8,26
8 Mile Farm,17
80,274
800,409
8000,61
800th,50
80th,3166
81,6
816,10
818,10
81st,2445
825,4
82nd,2669
83rd,3131
840,7
845,3
848,1
84th,2359
85,2
850,143
8500,7
851 Diagonal,27
855,8
85th,2660
86th,2013
870,13
872,11
873,6
875,16
87th,1571
87th Circle,11
87th St Pkwy,114
88th,2115
89th,2353
8th,9292
8th Ave East,11
8th Frontage,12
8th Road,20
8th St-Cntrp,7
"8th, Labette Cty",3
9,26
9 Mile,2
90,322
900,413
9000,35
900th,10
902,30
905th Road,1
90th,3152
90th Ave,5
912,10
919,4
91st,2173
92,6
920,9
925,4
92nd,2092
932,2
935,17
936,5
93rd,2291
945,4
94th,1946
95,2
950,117
9500,2
955,4
956,2
95th,2307
960,39
962,31
964,17
968,10
96th,2069
970,2
971,14
972,1
975,27
975th,17
976,16
978,10
97th,2029
980,33
988,7
989,8
98th,2171
99 Frontage,7
99th,2009
9th,8163
9th Ave East,3
9th Ave West,4
9th Cavalry,6
9th Road,8
9th St,13
9th St-Cntrp,5
A,1681
A-line,1
A 50,4
A County 220,2
A Marie,5
A Ryan Circle,1
A Way,6
A4,1
Aa,64
AA,88
Aa 20,5
AA 30,14
AA 40,3
AA 50,8
AA 70,3
AA 90,3
Aaron,47
Ab,2
Abarrant,2
Abbe,12
Abbey,86
Abbotsford,75
Abbott,32
Abby,74
Aberdeen,1007
Abigail Morse Hall Esu,1
Abilene,237
Acacia,44
Academy,138
Acadia,198
Access,2
Achilles,5
Ackarman,3
Ackerland,5
Acorn,430
Acres,64
Acton,11
Acuff,1117
Ada,62
Adair,33
Adam,111
Adam Travis,12
Adams,2538
Adams Creek,21
Addison,20
Admantha,4
Admiral,17
Adobe,9
Adolph,21
Adrian,25
Ady,7
Aerodrome,5
Aetna,42
Afton,17
Agate,167
Agenda,9
Agnes,432
Agnes City,1
"Agnes, Mcfarland 66501",1
Agnew Hall,14
Aidan,15
Aiken Switch,13
Aileen,2
Ainslie,10
Air Cap,4
Airbase,19
Airflyte,7
Airlinks,4
Airport,40
Airport Road,1
Aitchison,1
Akin,4
Akron,34
Aksarben,235
Alabama,637
Alamar,38
Alameda,167
Alamo,176
Alamosa,16
Alamota,1
Alaska,6
Alayna,2
Albany,15
Albert,264
Alberta,39
Alberty,18
Albervan,497
Albion,9
Albright,39
Albro,22
Alcan,447
Alcide,8
Alcott,52
Alcove,6
Alda,6
Alden,1392
Alder,224
Alderny,295
Aldersgate,14
Aldrich,113
Alecia,5
Alembic,35
Alert,9
Alexander,479
Aley,9
Alfalfa,21
Alfalfa Mill,3
Alfred,30
Algona,42
Algonquin,6
Algrim,4
Alhambra,619
Alice,194
Alicia,27
Aline,2
Alise,22
Alister,32
Alkire,20
All American,35
All Hallows,169
Allcutt,167
Alleghany,186
Alleman,1
Allen,823
Allen's,3
Allen Hill,33
Alley,3
Allis,45
Allison,372
Allman,499
Allyssa,65
Alma,194
Almira,39
Almond,51
Aloma,128
Alpha,2
Alpine,9
Alpine Ridge,28
Alston,84
Alt Highway 69,2
Alta,267
Alta Vista,17
Alturas,52
Alumni,33
Alvamar,134
Alvarado,33
Alvena,10
Alyssa,6
Amador,72
Amanda,109
Amarado,230
Amarosa,18
Ambassador,187
Amber,88
Amber Ridge,78
Amberside,11
Ambleside,12
Ambush,8
Amelia,2
Amelia Earhart,44
America City,3
American,15
Ames,84
Amherst,105
Amhurst,140
Amidon,518
Aminda,437
Amir,17
Amity,25
Amos,57
Amos Becker,9
Amsden,33
Amy,175
Ancaster,171
Anchor,52
Andale,4
Anderson,1473
Andover,304
Andre,24
Andrea,71
Andrew,118
Andrew John,24
Andrews,78
Andrick,88
Anemone,25
Angel,166
Angela,75
Angelias,3
Angelina,77
Angle,49
Angle Rd,8
Angus,83
Animal Science,4
Anita,267
Ann,549
Anna,608
Anna Tappan,28
Annabella,25
Annabelle,50
Annadale,8
Annapolis,21
Anne,15
Anne Oakleys,11
Anne Shirley,114
Annelly,2
Annetta,42
Annette,28
Annie,127
Annie Scheer,22
Anniston,11
Anno,13
Anson,29
Anspaugh,2
Antelope,266
Antelope Creek,15
Antelope Run,4
Anthony,456
Anthony Michael,52
Antioch,1175
Antler,15
Antler Ridge,66
Antlers,4
Antonino,61
Antonita,13
Antons,12
Antrim,20
Anzeiger,7
Apache,1139
Apache Acre,8
Apache Trail West,48
Apel,15
Apennines,127
Apollo,159
Appaloosa,35
Apple,220
Apple Blossom,7
Apple Hill,4
Apple Valley,5
Appleby,27
Applegate,57
Appleridge,155
Appleton,253
Applewood,200
Appleyard,31
Apricot,9
April,49
April Rain,109
Aqua,2
Aquarius,99
Arabian,9
Arapaho,856
Arapahoe,422
Arapahoe East,28
Arbon,21
Arbor,320
Arbor Creek,18
Arbor Lakes,11
Arbor Meadows,125
Arbor Valley,42
Arbor View,40
Arboretum,14
Arborglade,38
Arborhaven,15
Arcade,108
Arcadia,149
Arcadian,9
Arch,53
Arch St - Reserve,13
Archer,166
Ardmore,54
Argentine,128
Argon,26
Argonia,91
Argonne,100
Argyle,46
Argyll,40
Aries,87
Arispie,10
Arizona,294
Arizonia,8
Ark,16
Ark Valley,3
Arkalon Park,3
Arkansas,819
Arlene,97
Arlington,249
Armagh,41
Armantrout,1
Armer,32
Armory,26
Armory Drive,1
Armour,396
Arms,5
Armstrong,1000
Arn,23
Arno,62
Arnold,337
Arnoldy,12
Arnott,4
Arolyn,15
Arrow,8
Arrow Head,7
Arrow Wood,6
Arrowhead,1283
Arrowwood,31
Arroyo,197
Arter,276
Artesia,3
Arthur,396
Arthurs,46
Artt,17
Arundel,142
Arvada,2
Arvonia,233
Asbury,167
Ascher,6
Ascot,9
Ash,4985
Ash Point,34
Ashbury,112
Ashby,167
Asherville,22
Ashford,35
Ashland,26
Ashleigh,9
Ashley,143
Ashley Park,118
Ashman,1
Ashmore,14
Ashton,160
Ashwind,14
Ashwood,85
Ashworth,243
Askew,3
Aspen,767
Aspen Creek,83
Assaria,14
Assembly,57
Aster,280
Astor Park,16
Astoria,2
Atchison,867
Athenian,548
Athens,4
Atherly,19
Atherton,129
Athletic,3
Atkin,43
Atkinson,115
Atlanta,90
Atlantic,41
Attendorn,19
Attucks,16
Atwood,362
Aubrey,12
Aubrie,5
Auburn,558
Auburn Hills,85
Auburndale,5
Audrey,64
Augur,13
August,30
Augusta,738
Augustine,31
Augustus,34
Auld,3
Aullwood,39
Aurora,224
Austin,258
Austrian Pine,28
Autumn,294
Autumn Blaze,58
Autumn Chase,22
Autumn Glen,81
Autumn Leaf,14
Autumn Ridge,248
Autumn Trail,30
Autumn Valley,34
Autumn Wood,12
Ava,18
Avalon,592
Ave A,443
Ave B,332
Ave B Cullison,4
Ave C,274
Ave C Cullison,6
Ave D,231
Ave E,181
Ave F,202
Ave G,215
Ave H,140
Ave I,62
Ave J,67
Ave JJ,26
Ave K,353
Ave L,28
Ave M,21
Ave N,49
Ave O,22
Ave P,62
Ave Pp,2
Ave Q,12
Ave R,31
Ave S,18
Ave T,35
Ave U,26
Ave V,17
Ave W,49
Ave WW,1
Ave X,26
Ave Y,20
Avenue,42
Avenue A,123
Avenue B,79
Avenue C,69
Avenue D,113
Avenue E,61
Avenue F,31
Avenue G,21
Avenue H,29
Avenue I,50
Avenue J,59
Avenue K,19
Avenue L,34
Avenue M,46
Avenue N,46
Avenue O,38
Avenue P,36
Avenue Q,43
Avenue R,39
Avenue S,39
Avenue T,28
Avenue U,34
Avenue V,60
Avenue W,51
Avenue X,25
Avenue Y,19
Avenue Z,2
Avery,21
Aviation,10
Aviator,19
Avocado,1
Avon,6
Avondale,13
Axelton Hill,2
Axtell,7
Ayers,17
Ayesbury,339
Aylesbury,112
Aylward,23
Ayr,5
Azalea,1
Azena,52
Aztec,72
Azure,83
B,1921
B 145th,1
B 200,1
B H,1
B Way,1
B4,1
Baalman,14
Baca,98
Bachelor,1
Bachtold,32
Back Bay,38
Back Nine,17
Backacres,6
Backtrail,13
Backwoods,36
Badger,29
Badger Creek,4
Baehr,193
Baer,13
Bagdad,50
Bailey,32
Bailey Mae,10
Bainbridge,137
Bair,1
Baird,61
Baja,24
Baker,445
Bala,3
Balboa,47
Balch,5
Bald Eagle,122
Baldwin,177
Baldwin Creek,11
Baldwin Park,10
Bales,8
Ball,26
Ball Park,9
Ballard,50
Ballentine,1334
Ballinger,20
Balmoral,25
Balsam,101
Balta,7
Balthrop,26
Baltimore,478
Baltusrol,17
Balzer,4
Bambi,13
Banaster,2
Banbury,15
Banbury Crossing,2
Bancroft,136
Banks,48
Banner,81
Bannock Burn,37
Bannon,7
Banyard,3
Baptiste,47
Barada,3
Barbara,157
Barbeck,16
Barbee,103
Barben,4
Barber,292
Barberry,70
Barbie,6
Barbieri,29
Barclay,152
Bardith,14
Bardshar,2
Barham,70
Barker,611
Barkley,751
Barlow,160
Barn,57
Barn Owl,40
Barner,2
Barnes,38
Barnes Ave-Cntrp,23
Barnes Lake,62
Barnett,363
Barney,9
Barnhill,2
Barnstormer,1
Barnum,1
Barnyard,1
Barons,56
Barr,14
Barrett,2
Barrier Cove,20
Barrington,235
Barron,43
Barry,44
Barstow,254
Barteau,3
Barth,517
Bartlett,136
Bartley,12
Bartlow,21
Barto,2
Barton,1354
Barton County,115
Barton Creek,91
Basil,12
Baska,19
Baskerville,14
Bass,3
Bassett,4
Basswood,192
Basye,1
Bateman,17
Bates,7
Battershell,32
Battin,662
Battle Creek,1
Bauer Brook,23
Bauer Farm,239
Baughman,203
Baum,13
Bauman,8
Bauserman,29
Baxter,38
Bay,90
Bay Country,283
Bayberry,123
Bayers Hill,14
Bayfront,47
Bayley,526
Bayneville,1
Bayshore,153
Bayside,162
Bayswater,12
Baytree,46
Bayview,117
Bayview (UPID),7
Bb,31
BB,41
Bb50,1
BB75,5
Beach,250
Beach Club,67
Beach Craft,10
Beachy,95
Beacon Hill,291
Beale,19
Beaman,29
Bear,10
Beardsley,3
Bearhill,72
Bearsden,2
Beasley,78
Beatnik,19
Beatrice,28
Beatty,7
Beau Jardin,151
Beaubein,33
Beaumont,196
Beaver,85
Beaver Creek,180
Beaver Trail,79
Bebe,208
Becca,19
Bechtel,13
Beck,109
Becker,62
Beckett,115
Becknell,28
Bedell,62
Bedford,596
Bee Flight,10
Beech,729
Beecher,24
Beecher Colony,2
Beechwood,235
Beecroft,2
Beefland,2
Beekman,29
Beeson,169
Begley,3
Begonia,8
Bekemeyer,204
Bel-Air,15
Bel Air,165
Bel Aire,54
Bel Arbor,108
Bel Rue,39
Belford,107
Belfry,55
Belgian,11
Belgrave,5
Belhaze,6
Belinda,4
Belinder,943
Bell,773
Bell-Wayside,3
Bell Court,39
Bell Crossing,7
Bella,87
Bella Vista,420
Bellaire,236
Bellanca,1
Belle,463
Belle Crest,51
Belle Haven,97
Belle Meade,43
Belle Terre,129
Bellechase,68
Bellegarde,1
Bellehaven,14
Bellerive,159
Belleview,15
Belleville,21
Bellevue,117
Bellflower,22
Bellick,177
Bellmore,30
Bellows,22
Bellview,133
Bellwood,137
Belmont,2079
Beloit,322
Belrive,62
Beltline,29
Belton,2
Belview,8
Belvoir,24
Ben,20
Bench,5
Bend,20
Bend Ave Heizer,1
Bender,20
Benedict,56
Benfield,2
Benjamin,103
Bennett,438
Bennington,16
Benson,869
Bent,1
Bent Tree,207
Bentbay,34
Bentgrass,72
Bentley,85
Bently,92
Benton,295
Bentwood,109
Benway,49
Berando,25
Berber,24
Berentz,6
Beretta,46
Berg,10
Berger,106
Bergkamp,16
Berglund,62
Bergsten,22
Berkeley,108
Berkley,82
Berkshire,228
Berlin,92
Bermuda,27
Bermuda Dunes,6
Bern,4
Bernard,2
Bernice,23
Bernice Marie,37
Berniece,23
Bernita,40
Berry,447
Berryhill,64
Berryton,458
Berschel,45
Bertha,1
Bertrand,345
Berwick,21
Berwyn,31
Best,10
Beta,3
Beth,41
Bethany,180
Bethel,49
Bethel Church,174
Bethell,4
Bethlehem,90
Betsy Ross,34
Beucler,1
Beulah,5
Beulahland,9
Bevard,3
Bever,50
Beverly,1795
Bickerdyke,7
Biddle,39
Bidwell,8
Biermann,49
Big Bear,22
Big Bend,32
Big Bow Grade,31
Big Cedar,7
Big Creek,11
Big Horn,17
Big Lowe,41
Big Rock,5
Big Sky,10
Big Springs,3
Big Valley,9
Bigelow,28
Bigfoot,2
Bigger,60
Bighorn,7
Bill,3
Billard,9
Billings,87
Bills Way,1
Biltmore,52
Binder,14
Bingham,133
Binn/Chautauqua,11
Binning,5
Binter,176
Birch,2909
Birch Way,1
Birchwood,317
Bird,23
Bird Dog,20
Birdie,298
Birdie Lane,46
Birdseye,16
Birkdale,58
Bishop,97
Bismark,95
Bison,205
Bitler,27
Bitner,85
Bitter Creek,1
Bittersweet,286
Bitting,80
Bjorling,2
Black,12
Black Bear,8
Black Bird,3
Black Bob,608
Black Gold,6
Black Heath,7
Black Jack,93
Black Kettle,46
Black Locust,33
Black Oak,104
Black Swan,224
Black Walnut,10
Blackberry,2
Blackbird,18
Blackburn,6
Blackfeather,275
Blackfish,12
Blackfoot,678
Blackford,1
Blackhawk,32
Blackhoof,20
Blackjack,95
Blackjack Oak,94
Blackmore,14
Blackstone,220
Blackwill,26
Blackwood,9
Blade,26
Blain,12
Blaine,398
Blair,233
Blake,784
Blakely,4
Blakemoore,45
Blaker,37
Blakeslee,10
Blakewood,46
Blanchard,334
Blandin,4
Blanford,25
Blankenship,21
Blasi,14
Blaze,37
Blazing Meadow,22
Blazing Star,116
Blazingstar,19
Bleckley,488
Bliss,15
Block,96
Bloody Creek,2
Bloom,6
Bloomsbury,11
Bloomville,22
Blosser,5
Blue,16
Blue Bells,40
Blue Bird,7
Blue Earth,5
Blue Heights,1
Blue Heron,3
Blue Hills,80
Blue Inn,86
Blue Jay,5
Blue Mesa,9
Blue Moon,22
Blue Mound,61
Blue Nile,17
Blue Ridge,46
Blue Ridge (BRHID),20
Blue River,29
Blue River Hills,51
Blue Run,25
Blue Sage,15
Blue Sky,1
Blue Spruce,142
Blue Stem,87
Blue Valley,3
Bluebell,101
Blueberry,72
Bluebird,257
Bluegrass,213
Bluejacket,1259
Bluejay,2
Bluelake,154
Blueline,15
Bluemont,254
Bluemont Scenic,2
Blueridge,13
Bluesage,28
Bluestem,1248
Bluestone,122
Bluestream,6
Bluetail,3
Bluewater,46
Bluff,820
Bluff Creek,7
Bluff Ridge,2
Bluffview,113
Blunt,164
Blvd,2
Bo,6
Boarding,2
Boardwalk,19
Boatman,3
Bob Billings,126
Bob White,47
Bobbie,67
Bobby,16
Bobcat,41
Bobco Lane,4
Bobolink,3
Bobs,17
Bobtail,44
Bobwhite,162
Bocook,5
Bodark,15
Bodaville,8
Boddy,8
Boder,18
Bodine,55
Bodock,36
Boeckman,10
Boehm,132
Boeke,218
Boeppler,5
Bois D'Arc,10
Bolero,12
Boley,19
Bolin,24
Bolinger,3
Boller,19
Bomar,3
Bonanza,125
Bond,1197
Bondi,10
Bonds Mill,1
Bondsteel,37
Bone Springs,39
Bonebrake,37
Bones,9
Bonita,75
Bonn,402
Bonnie Brae,98
Booker,8
Boondocks,3
Boone,56
Boone Hill,4
Boone Lake,35
Booth,697
Booth Creek,32
Boothby,4
Boothill,17
Boots,20
Bopp,22
Border,10
Bordeulac,49
Borgmeyer,11
Borton,25
Boston,605
Boston Mills,151
Boswell,293
Botkin,83
Bouchey,15
Boulder,129
Boulevard,27
Boundary,97
Bourbon,50
Bourgmont,2
Bourton,1
Bowell,11
Bowen,61
Bower,18
Bowers,14
Bowersock,38
Bowland,17
Bowlus,50
Bowman,65
Bowser,13
Bowstring,22
Box Elder,33
Boxboro,15
Boxelder,46
Boxthorn,294
Boxwood,43
Boyd,419
Boyd Hall,9
Boyer,163
Boylan,32
Boyle,17
Boys,3
Brack Galatia,5
Bracken,356
Brad,45
Bradbury,41
Braden,7
Bradford,201
Bradfort,90
Bradley,634
Bradley Fair,2
Bradshaw,1111
Brady,150
Braid Hill,18
Brainard,8
Bramble Bend,42
Bramble Bush,48
Bramblewood,222
Bramerton,55
Bramley,17
Branch,59
Branchton,8
Branchwood,143
Brandley,2
Brandon,271
Brandon Woods,69
Brandt,67
Brandy Lake,2
Brandywine,211
Branner,27
Brant,56
Brassart,29
Brassie,7
Braun,14
Brave,1
Brayman,9
Brazos,71
Breaux,2
Breckenridge,206
Bredehoeft,16
Bree,3
Breese,24
Breeze,10
Breezy,28
Breezy Hill,8
Breezy Pointe,96
Breezy Shores,16
Bremen,4
Bremer,13
Brenda,39
Brendan,71
Brendon,12
Brendonwood,117
Brenneke,7
Brenner,7
Brent,48
Brentmoor,115
Brenton,38
Brentwood,845
Bressler,27
Bret,105
Brett,68
Brevoort,9
Brewer,42
Brewster,11
Brexley,27
Brian,57
Brianna,39
Briar,856
Briar (UPID),7
Briar Hill,38
Briar Rose,8
Briarbrook,42
Briarcliff,125
Briargate,71
Briarmeade,34
Briaroak,12
Briarwood,1113
Brice,21
Brick,10
Brick Plant,3
Brickel,18
Brickyard,253
Bridge,296
Bridgefield,73
Bridget,8
Bridgette,29
Bridgewater,62
Bridgewood,25
Bridle,28
Bridle Dale,45
Bridlewood,112
Brier,134
Brierwick,3
Brierwood,101
Brigadune,41
Briggs,200
Bright,16
Brighton,65
Brightside,24
Brink,13
Brinkley,12
Brisco,8
Briscoe,2
Briskbay,33
Bristlecone,61
Bristol,594
Bristow,32
Britt,9
Brittany,402
Britton,221
Broad,194
Broadacres,98
Broadbeck,37
Broadfoot,4
Broadleaf,11
Broadmoor,1687
Broadview,677
Broadway,5515
Broadway - Zenith,2
Broadway Pc,4
Broce,8
Brock,23
Brockman,107
Brockport,3
Brockway,421
Broderick,19
Broken Arrow,30
Broken Bow,7
Brollier,4
Brome,24
Brome Grass,40
Bromfield,79
Bromley,19
Bronc Rider,17
Bronco,94
Bronco Butte,10
Brook,136
Brook Forest,188
Brook Meadow,29
Brook Ridge,57
Brookbank,6
Brookdale,144
Brooke,88
Brookefield,68
Brookes,72
Brookfield,710
Brookglen,37
Brookhaven,243
Brookhollow,106
Brooklawn,131
Brookline,29
Brooklyn,122
Brookmeadow,30
Brookmont,80
Brookover Ranch,2
Brookpark,22
Brookpointe,46
Brookridge,288
Brooks,138
Brookside,639
Brookstone,150
Brookvalley,20
Brookview,383
Brookville,160
Brookville West,24
Brookway,42
Brookwood,541
Broomall,4
Broome,9
Brost,11
Brougham,548
Broughton,32
Brown,792
Brown Circle,39
Brown School,2
Brownhill,27
Brownie,125
Browning,168
Brownlee,14
Brownridge,637
Brownthrush,249
Bruce,7
Brummett,99
Brundige,13
Bruner,5
Brunetti,24
Brunswick,438
Brush,4
Brush Creek,384
Brutus,2
Bryam,1
Bryan,13
Bryana,7
Bryant,261
Bryce,52
Brynwood,39
Buchanan,619
Buchanans Crossing,36
Buck Brush,15
Buck Creek,71
Buck Run,8
Buckboard,68
Buckeridge,2
Buckeye,673
Buckhorn,6
Buckingham,135
Buckmaster,2
Buckner,264
Buckshot,52
Buckskin,219
Bucksnort,10
Buckthorn,100
Budd,86
Budden,3
Buena Vista,717
Buffalo,627
Buffalo-Ionia,5
Buffalo Grass,11
Buffalo Heights,16
Buffalo Jones,35
Buffalo Mound,4
Buffalo Ridge,3
Buffalo Run,3
Buffalo Soldier,26
Buffington,1
Buffum,91
Buhler,157
Bullard,79
Bullene,20
Buller,64
Bullfrog,12
Bullinger,106
Bumpy,3
Bundel,38
Bungalow,13
Bunker,34
Bunker Hill,105
Bunnytrail,5
Bunting,27
Bur Oak,41
Burbridge,3
Burch,179
Burchwood,27
Burgess,94
Burgundy,18
Burkdoll,3
Burke,167
Burklund Ravine,3
Burley Hill,14
Burlingame,492
Burlington,100
Burlingwood,4
Burma,74
Burmac,32
Burnett,434
Burnham,45
Burnick,5
Burning Bush,3
Burning Tree,260
Burns,584
Burnside,146
Burnside Lp,2
Burr,211
Burr Oak,157
Burr Terrace,2
Burrhill,20
Burrough,109
Burrows,31
Burrton,50
Burrus,51
Burton,365
Bury,94
Bush,1
Busy Bee,37
Butin,18
Butler,585
Butter & Egg,21
Butterfield,268
Butterfield Trail,30
Butterfly,65
Butternut,184
Buttinger,14
Button,145
Button Bush,81
Buttonwood,179
Buxton,2
Buzzard,3
Byers,63
Byers Ave Heizer,4
Byler,2
Byram,5
Byrd,34
Byrnes,4
Byron,277
C,1807
C & S,11
C Of E,69
C.S. Smith,6
C6,3
Cable,42
Cable City,13
Cabrillo,58
Cactus,139
Cactus Drive,1
Caddo,8
Caddy,216
Cades,52
Cadet,50
Cadillac,3
Caenen,925
Caenen Lake,454
Cahill,3
Cailler,66
Cain,349
Caitlin,33
Calais,48
Calcutta,33
Caldwell,188
Caleb,34
Caledon,37
Caley,4
Calhoun,649
Calhoun Bluff,20
Calico Cove,1
California,728
California Trail,11
Calista,2
Call,8
Callahan,92
Calle De Loma,59
Calle Sombrio,22
Callen,24
Calma,9
Calumet,6
Calvary,5
Calvert,146
Calvin,74
Cambria,35
Cambridge,1297
Camden,100
Camden Chase,176
Camelback,42
Camellia,7
Camelot,22
Camelot East,12
Camelot West,11
Cameron,107
Camille,19
Camino Royale,24
Camp,88
Camp Christy,2
Camp Creek,30
Camp Wood,16
Campbell,868
Campfire,80
Campground,13
Camphor,12
Campos,33
Campus,846
Campusview,64
Cana,22
Canaan Lake,39
Canaan Valley,34
Canada,1
Canadian,16
Canal,225
Canary,62
Candace,45
Candia,31
Candle Crest,65
Candlelight,129
Candlestar,30
Candletree,249
Candlewood,247
Candy,6
Canema,3
Caney,49
Caney/Elgin,4
Canfield,17
Caniff,2
Canna,39
Cannery Row,64
Cannock Chase,190
Cannon,7
Cannon View,270
Cannonball,14
Cantabella,15
Canterbury,1869
Canterbury Town,88
Canton,92
Cantrell,254
Canville,26
Canyon,422
Canyon View,167
Capaldo,13
Capital,51
Capitol View,29
Capper,20
Capri,331
Capricorn,10
Capstone,38
Cara's Way,76
Caraway,41
Carbon,186
Carbondale,355
Cardiff,121
Cardinal,535
Cardington,442
Carefree,20
Carey,134
Caribou,77
Carl,62
Carla,13
Carlin,3
Carline,85
Carlisle,23
Carlo,34
Carlock,46
Carlos,43
Carlsbad,31
Carlson,233
Carlton,389
Carlyle,49
Carlyon,8
Carma,2
Carmel,163
Carmen,40
Carmon,12
Carnahan,116
Carnation,19
Carnegie,27
Carnie Smith,9
Carol,22
Carol Renee,16
Carole,15
Carolina,143
Caroline,507
Carolyn,86
Carousel,31
Carp,22
Carpenter,141
Carpenter/Elgin,4
Carr,487
Carriage,426
Carriage Crossing,52
Carrie,122
Carrington,29
Carroll,112
Carrousel,2
Carrwood,39
Carson,275
Carter,1389
Carthage,55
Cartlidge,7
Carver,39
Carver Hill,7
Casa Bella,110
Casa Bonita,19
Casa Loma,57
Casablanca,7
Casado,140
Cascade,5
Cascades,22
Case,22
Case Ravine,2
Casement,72
Casey,120
Caseys,16
Casie,10
Casner Creek,2
Casper,3
Cass,57
Cassell,78
Cassida,6
Cassidy,32
Cassie,37
Cassler,1
Cast,19
Castaway,4
Castillian,30
Castle,392
Castle Pine,27
Castle Pines,52
Castle Rock,264
Castleton,99
Castleview,9
Castlewood,146
Cat Creek,71
Catalina,998
Catalpa,484
Catbird,2
Catfish,1
Cathanne,4
Catharine,5
Cathedral,106
Catherine,163
Cathey,1
Cathlinda,51
Cathy,3
Cattail,88
Cattail Cove Circle,2
Cattle,12
Cattleman,71
Cattlemen,4
Cattlemont,28
Cattletrail,24
Cavalcade,3
Cavalry,72
Cavalry Mount,5
Cave,7
Cave Springs,94
Cavendish,41
Cavit,39
Cawker,8
Cay,26
Cayuga,125
Cayuse,13
Caywood,8
Cc,61
CC,54
Cc 50,8
CC Rider,11
Cc50,4
CC50,2
Ceann,11
Cecil,14
Cecilia,7
Cedar,5619
Cedar Acres,17
Cedar Bluff,5
Cedar Brook,89
Cedar Circle Crt,2
Cedar Circle Ter,2
Cedar Cove,21
Cedar Creek,140
Cedar Crest,433
Cedar Downs,158
Cedar Elmo,2
Cedar Grove,85
Cedar Heights,5
Cedar Hill,4
Cedar Hills,142
Cedar Lake,29
Cedar Lane,75
Cedar Meadows,23
Cedar Niles,543
Cedar Park,178
Cedar Point,103
Cedar Pointe,38
Cedar Ranch,57
Cedar Reserve,42
Cedar Ridge,208
Cedar Springs,3
Cedar St,6
Cedar St - Willis,1
Cedar Tree,137
"Cedar, Labette City",2
Cedarbrook,40
Cedarcrest,63
Cedardale,186
Cedaridge,69
Cedarlane,45
Cedars,29
Cedarsprings,31
Cedarview,15
Cedarwood,226
Celtic,35
Cement,20
Cement Plant,21
Cemetary,10
Cemetery,76
Centennial,717
Center,1404
Center Detroit,25
Center Hill,2
Center Mtn Pass,4
Center Point,2
Center Road,4
Center St,1
Center St - Willis,3
Center Star,65
Central,4199
Central Angola,1
Central Cullison,19
Central Park,684
Centre,136
Centropolis,8
Centurk,6
Century,510
Cernech,245
Cervantes,49
Cessna,184
Ceymarie,39
Chad,2
Chadowes,44
Chadsworth,142
Chadwick,633
Chadwick Cove,34
Chaffee,14
Chaffin,3
Chainey,73
Chalet,226
Chalk,1
Chalk Bluff,8
Chalk Hill,34
Chalk Mound,2
Chamber,1
Chamberlin,18
Chambers,276
Chambery,218
Chamney,28
Champa,136
Champion,65
Champions,278
Champions View,17
Champlin,1
Chance,26
Chandler,165
Chanelle,4
Chaney,19
Channel,11
Chanute,9
Chaparral,94
Chaparrel Circle,39
Chapel,152
Chapel Hill,46
Chapel Ridge,274
Chapel View,25
Chapella,8
Chapman,54
Chapple,2
Charden,14
Charing Cross,40
Charise,46
Chariton,49
Charlene,1
Charles,1530
Charleston,206
Charlie,1
Charlotte,440
Charlotte Town,54
Charlynn,6
Charolais,31
Charron,77
Chartwell,184
Chase,560
Chasehire,35
Chateau,207
Chatfield,23
Chatham,19
Chatta,38
Chaumont,113
Chauncey,82
Chautauqua,979
Chay,7
Chayston,2
Che-La-Thah,9
Chelle,17
Chellis,22
Chelmsford,240
Chelsea,608
Chelsee,47
Chelsey,20
Cheltenham,28
Chemical,61
Chenango,2
Cheney,39
Cheneyville,1
Cherese,22
Cheri,9
Cherish,10
Cherokee,2844
Cherokee/Elgin,1
Cherry,1908
Cherry Blossom,9
Cherry Creek,346
Cherry Hill,115
Cherry Hills,134
Cherry Oaks,58
Cherrywood,56
Chert,4
Cheryl,259
Chesbro,20
Cheshire,35
Chesney,26
Chess,186
Chester,433
Chesterfield,42
Chestnut,3453
Chet Smith,13
Chetolah Gold,11
Chetopa,22
Cheyenne,1416
Cheyenne Autumn,11
Cheyenne Curv,28
Cheyenne Hills,56
Cheyenne Pointe,13
Cheyenne Ridge,6
Cheyenne View,33
Cheyenne Way,2
Chic,14
Chica,19
Chicago,342
Chicasha,16
Chicaskia,35
Chick,34
Chickadee,55
Chickamauga,76
Chickasaw,31
Chicken Creek,1
Chickie,5
Chico,9
Chicopee,10
Chief,12
Chieftain,141
Childers,3
Childs,44
Chiles,19
Chiles Airpark,8
Chill,4
Chillocco,1
Chilson,2
Chilton,22
Chimney Rock,61
Chimney Rocks,77
Chinaberry,8
Chinkapin,27
Chinook,21
Chipmunk,6
Chipper,179
Chipperfield,49
Chippers,19
Chippewa,184
Chisholm,234
Chisholm Creek,32
Chisholm Pointe,69
Chisholm Trail,88
Chism,9
Chisolm,55
Chiswell,28
Chitwood,14
Chmelka,26
Chmidling,46
Choctaw,272
Chouteau,598
Chris,170
Christenson Hill,2
Christi,26
Christian,113
Christie,96
Christina,47
Christine,217
Christopher,36
Christy,53
Chruch,1
Chrysler,24
Chukar,20
Chukker,53
Chur,23
Church,1431
Church - Wayside,4
Churchill,370
Churchill Downs,9
Cider,2
Ciderbluff,75
Cimarron,369
Cincinnati,39
Cindella,17
Cinder,20
Cindy,189
Circle,903
Circle Lake,68
Circle Land,3
Circle S,5
Cissna,57
Citation,2
Citizen,7
City Park,4
City View,180
Claassen,23
Claflin,537
Claiborn,26
Clairborne,282
Clairmont,31
Clapboard Acres,13
Clapboard Ravine,6
Clara,224
Clare,503
Claremont,40
Clarence,518
Clarendon,128
Clarhan,25
Clarion,113
Clarion Lakes,102
Clarion Park,91
Clark,1813
Clarke,172
Clarks Creek,93
Clary,11
Claryce,4
Classen,72
Claudette,9
Claudine,22
Clay,1377
Clay Hill,8
Clayton,202
Claytonia,35
Claywell,1
Clear Creek,339
Clear Crest,5
Clear Fork,5
Clear Meadow,73
Clearlake,41
Clearstone,67
Clearview,230
Clearwater,48
Clearwater Creek,86
Clearwater Hills,26
Cleary,82
Cleburne,20
Cleburne Park,3
Cleek,5
Clem,83
Clemens,16
Clement,4
Clements,7
Cleo,8
Cletus,2
Cleveland,1608
Cliff,109
Clifford,74
Cliffside,8
Clifton,960
Cline,79
Clinton,1355
Clontarf,54
Cloud,738
Cloudhunter,9
Clough,8
Clove,21
Clover,357
Cloverbrook,20
Cloverdale,104
Cloverleaf,102
Club,4
Club Creek,6
Club House,56
Club View,48
Clubhouse,360
Clubside,72
Clubview,26
Clute,3
Clyde,44
Clyde Cessna,13
Clydesdale,87
Co,1
Co-Op,3
Co 362,11
Co 400,3
Co 404,3
Co 412,14
Co 641,2
Co 657,21
Co 659,4
Co 661,5
Co 671,19
Co 677,7
Co 685,11
Co 691,4
Co Rd 10,18
Co Rd 11,11
Co Rd 12,5
Co Rd 13,10
Co Rd 14,10
Co Rd 15,12
Co Rd 15 1/2,2
Co Rd 16,2
Co Rd 17,9
Co Rd 18,21
Co Rd 19,6
Co Rd 2 1/2,5
Co Rd 20,14
Co Rd 21,12
Co Rd 22,5
Co Rd 23,7
Co Rd 24,2
Co Rd 25,5
Co Rd 3,3
Co Rd 5,5
Co Rd 6,5
Co Rd 7,12
Co Rd 8,7
Co Rd 9,1
Co Rd A,2
Co Rd AA,3
Co Rd B,1
Co Rd C,2
Co Rd Cc,1
Co Rd D,6
Co Rd Dd,2
Co Rd E,3
Co Rd F,2
Co Rd G,10
Co Rd H,12
Co Rd H 1/2,1
Co Rd I,2
Co Rd J,16
Co Rd K,9
Co Rd L,4
Co Rd M,9
Co Rd N,5
Co Rd O,9
Co Rd P,6
Co Rd Q,6
Co Rd S,3
Co Rd U,7
Co Rd V,3
Co Rd W,7
Co Rd Y,2
Co Rd Z,1
Coach House,233
Coachlight,80
Coachman,43
Coachmen,61
Coal,27
Coal Creek,37
Coal Creek Ave-Cntrp,2
Coal Valley,85
Coalfield,55
Coates,1
Coates-Oak Hill,4
Coats,37
Cobb,3
Cobblestone,123
Coberly,2
Cobiren,14
Coble,90
Cochise,60
Cochran,97
Cochrun,18
Cocklebur,24
Codell,24
Cody,1146
Coe,52
Coester,5
Coffee Bean,1
Coffey,10
Coffeyville,12
Coffin,51
Cog Hill,19
Cogswell,7
Coke,2
Coker,9
Colbert Hills,13
Colborn,62
Colburn,45
Colby,235
Cold Water Springs,75
Coldren,10
Cole,140
Cole Creek,113
Coleman,28
Colfax,86
Colgate,7
Coliseum,18
Collar,43
Colleen,432
College,3306
College Heights,174
College Hill,5
College View,89
College Way,245
Collier,51
Collina,39
Collingwood,34
Collins,344
Colly Creek,125
Colonial,641
Colonial Acres,20
Colony,204
Colorado,1387
Colpetzer,4
Colt,63
Colton,63
Columbia,626
Columbian,15
Columbine,467
Columbus,307
Colver,3
Colwich,8
Colyer,17
Comanche,398
Comet,72
Comfort,33
Commanche,321
Commerce,182
Commercial,1221
Commodore,40
Commons,6
Commonwealth,29
Community,135
Comotara,7
Compass Point,59
Compound,1
Compton,116
Conamore,61
Conard,64
Concord,425
Condolea,128
Condor,10
Condray,30
Cone,67
Coneflower,61
Conestoga,135
Conger,13
Congress,247
Congressional,293
Conifer,31
Conkling,128
Conley,56
Conn,53
Connecticut,518
Connell,849
Connemara,8
Conner,64
Connie,80
Connor,22
Conquest,88
Conrey,107
Conrow,82
Conroy,16
Conser,1304
Constance,983
Constitution,154
Consuelo,34
Continental,83
Contour,21
Convent,21
Converse,21
Convessee,2
Conway,40
Conway Springs,90
Conyers,15
Cook,85
Cool,2
Cooley,29
Coolidge,814
Coolwater,41
Coon Creek,2
Cooper,722
Copeland,86
Copley,16
Copper Creek,395
Copper Tail,7
Copperhead,13
Copperleaf,51
Copperstone,20
Cora,96
Cora Ellis,8
Coral,30
Coralberry,50
Corbin,28
Corey,79
Coreyview,15
Corinth,35
Cork,1
Corliss,111
Cornelia,8
Cornelison,318
Cornell,221
Cornerstone,22
Cornice,60
Corning,172
Cornish,12
Cornwall,43
Corona,144
Coronado,535
Coronado Hts,15
Corporate Hills,5
Corral,3
Corral Way,38
Correction,24
Corrette,2
Corsaut,14
Corse,48
Cortez,100
Cortina,45
Cory,62
Cosmos,35
Costello,6
Cothrell,326
Cotswold,10
Cottage,138
Cottage Creek,170
Cottage Grove,7
Cotton,5
Cotton Wood,17
Cottontail,106
Cottonwood,2950
COTTONWOOD,31
Cottonwood Canyon,132
Cottonwood Creek,6
Cottonwood Crossing,23
Cottonwood Hill,19
Cottonwood Point,49
Cottrell,2
Couch,36
Cougar,18
Coulter,66
Country,579
Country Acres,361
Country Breeze,37
Country Club,1298
Country Estates,41
Country Heights,3
Country Hill,55
Country Hills,96
Country Lakes,113
Country Lane,60
Country Meadow,10
Country Park,16
Country Place,35
Country View,194
Country Walk,219
Country Walk Lane,30
Countryside,833
Countryview,111
Countrywalk,49
County,112
County 100,7
County 120,3
County 160,5
County 170,3
County 180,3
County 200,2
County 220,10
County 230,11
County 240,1
County 260,1
County 270,9
County 280,9
County 290,4
County 310,4
County 320,9
County 340,6
County 350,4
County 360,12
County 370,4
County 380,6
County 388,43
County 390,1
County 400,18
County 410,1
County 420,2
County 430,10
County 450,13
County 460,2
County 693,10
County Club,1
County Farm,11
County Line,794
County Rd 1,6
County Rd 10,11
County Rd 11,19
County Rd 12,9
County Rd 13,7
County Rd 14,6
County Rd 15,54
County Rd 16,1
County Rd 17,1
County Rd 18,2
County Rd 2,28
County Rd 20,15
County Rd 21,18
County Rd 22,15
County Rd 23,10
County Rd 24,7
County Rd 25,9
County Rd 26,14
County Rd 27,19
County Rd 27f5,1
County Rd 28,6
County Rd 29,2
County Rd 3,10
County Rd 30,23
County Rd 31,19
County Rd 32,12
County Rd 33,10
County Rd 34,4
County Rd 35,8
County Rd 36,37
County Rd 37,10
County Rd 5,10
County Rd 54,2
County Rd 6,1
County Rd 7,4
County Rd 8,5
County Rd 9,12
County Rd A,29
County Rd Aa,4
County Rd B,5
County Rd C,10
County Rd Cc,17
County Rd Cc36e,1
County Rd D,4
County Rd Dd,7
County Rd E,9
County Rd Ee,1
County Rd F,12
County Rd G,20
County Rd H,10
County Rd I,10
County Rd J,6
County Rd K,20
County Rd L,7
County Rd M,10
County Rd N,4
County Rd O,22
County Rd P,4
County Rd P36e,2
County Rd Q,19
County Rd R,17
County Rd S,3
County Rd T,20
County Rd U,10
County Rd V,21
County Rd W,27
County Rd X,5
County Rd Y,14
County Rd Z,7
County Road 0,1
County Road 1077,135
County Road 1095,75
County Road 12,5
County Road 14,5
County Road 16,9
County Road 18,11
County Road 20,5
County Road 22,8
County Road 24,3
County Road 26,7
County Road 30,16
County Road 32,6
County Road 34,4
County Road 36,7
County Road 40,1
County Road 42,18
County Road 46,3
County Road 48,13
County Road 50,15
County Road 52,16
County Road 54,13
County Road 56,6
County Road 58,17
County Road 59,2
County Road 60,2
County Road 62,2
County Road 64,7
County Road 66,7
County Road 68,7
County Road 70,15
County Road 74,24
County Road 76,22
County Road 78,8
County Road 80,13
County Road 82,6
County Road A,4
County Road Aa,13
County Road B,3
County Road Bb,20
County Road C,5
County Road Cc,16
County Road Dd,5
County Road E,1
County Road Ee,6
County Road G,3
County Road H,6
County Road I,13
County Road J,3
County Road K,3
County Road L,5
County Road M,7
County Road N,7
County Road O,4
County Road P,7
County Road Q,5
County Road R,3
County Road S,24
County Road T,8
County Road U,17
County Road V,12
County Road W,7
County Road X,7
County Road Y,12
County Road Z,43
Countyline,20
Courier,2
Court,1275
Court Place,24
Court St - Willis,5
Courthouse,7
Courtland,173
Courtleigh,127
Courtney,73
Cove,21
Cove Overlook,2
Covenant,79
Coventry,136
Covert,9
Covey,48
Covey Run,16
Coving,96
Covington,685
Covington Woods,61
Cow Creek,39
Cow Pal,2
Cow Palace,4
Cowan,5
Cowboy,22
Cowell,11
Cowgill,16
Cowles,8
Cowslip,11
Cox,104
Coy,133
Coyle,4
Coyne Creek,2
Coyote,203
Coyotee,1
Coyville,2
Cozy,23
Cozy Cove,18
Cozy Grove,14
Cozy Hollow,7
Cp,9
Cr 1,2
Cr 10,9
CR 10,2
CR 100,2
CR 11,3
CR 110,6
Cr 1100,6
Cr 1150,2
CR 12,4
CR 120,7
Cr 1200,42
Cr 1250,54
Cr 13,6
CR 13,10
Cr 1300,27
Cr 1350,28
Cr 1375,2
Cr 1390,2
Cr 14,5
CR 14,6
CR 140,9
Cr 1400,43
Cr 1420,9
Cr 1425,92
Cr 1440,1
Cr 1450,23
Cr 1475,38
Cr 15,1
CR 15,7
CR 150,11
Cr 1500,8
Cr 1525,1
Cr 1550,23
Cr 16,8
CR 16,6
Cr 16.5,2
CR 160,7
Cr 1600,58
Cr 1650,5
Cr 1675,99
Cr 1690,3
Cr 1700,62
Cr 1725,3
CR 175,3
Cr 1775,4
Cr 1780,2
Cr 18,2
CR 180,8
Cr 1800,36
Cr 19,3
CR 19,12
CR 190,4
Cr 1900,52
Cr 1950,12
CR 2,2
Cr 20,8
CR 20,10
CR 200,2
Cr 2000,104
Cr 2050,2
Cr 21,2
CR 21,2
CR 210,2
Cr 2100,48
Cr 2115,3
Cr 2150,3
Cr 2175,4
Cr 22,1
CR 220,4
Cr 2200,104
Cr 2225,8
Cr 2250,8
CR 230,3
Cr 2300,73
Cr 2350,2
Cr 24,8
CR 24,14
CR 240,10
Cr 2400,101
Cr 2440,3
Cr 2475,19
Cr 25,6
CR 25,5
CR 250,10
Cr 2500,73
Cr 2575,19
Cr 26,6
CR 26,2
CR 260,6
Cr 2600,114
Cr 2630,22
Cr 27,2
CR 27,3
CR 270,6
Cr 2700,83
Cr 2750,8
Cr 28,1
CR 280,6
Cr 2800,86
Cr 2825,3
Cr 2875,3
Cr 29,5
CR 29,7
CR 290,16
Cr 2900,25
Cr 2905,11
Cr 2925,1
Cr 2975,2
Cr 30,3
CR 30,3
CR 300,14
Cr 3000,62
Cr 3050,12
Cr 31,9
CR 31,3
CR 310,7
Cr 3100,48
CR 320,23
Cr 3200,44
Cr 3225,8
Cr 3275,20
Cr 33,4
CR 330,6
Cr 3300,73
Cr 3325,16
Cr 3350,8
Cr 3375,47
Cr 34,2
CR 340,7
Cr 3400,46
Cr 3420,3
Cr 35,3
CR 350,13
Cr 3500,46
Cr 3525,39
Cr 3575,17
Cr 3590,2
Cr 36,10
CR 360,8
Cr 3600,70
Cr 3625,10
Cr 3630,3
Cr 3650,7
Cr 3675,5
CR 370,16
Cr 3700,155
Cr 3720,14
Cr 3725,54
Cr 3730,78
Cr 3745,56
Cr 3765,10
Cr 3770,5
Cr 3775,19
Cr 3780,5
Cr 3785,4
Cr 3790,16
Cr 3795,5
CR 380,7
Cr 3800,88
Cr 3825,2
Cr 3835,2
Cr 3850,23
Cr 3855,4
Cr 3865,5
Cr 3870,36
Cr 3875,106
CR 390,27
Cr 3900,252
Cr 3910,33
Cr 3920,10
Cr 3925,1
Cr 3930,24
Cr 3935,1
Cr 3940,20
CR 395,6
Cr 3950,58
Cr 3955,8
Cr 3960,58
Cr 3970,6
Cr 3980,4
Cr 3985,5
Cr 3995,10
Cr 4,1
CR 4,1
CR 400,8
Cr 4000,234
Cr 4010,16
Cr 4025,11
Cr 4035,17
Cr 4040,9
Cr 4045,2
Cr 4050,65
Cr 4055,49
Cr 4060,15
Cr 4065,1
Cr 4070,3
Cr 4075,9
Cr 4100,120
Cr 4150,51
Cr 4175,4
Cr 4190,4
Cr 4200,47
Cr 4225,7
Cr 4270,1
Cr 4300,181
Cr 4315,12
Cr 4325,4
Cr 4335,6
Cr 4345,19
Cr 4350,13
Cr 4375,1
Cr 4400,24
Cr 4410,15
Cr 4435,7
Cr 4450,4
Cr 4475,15
Cr 4500,222
Cr 4525,25
Cr 4550,110
Cr 4575,2
Cr 4600,49
Cr 4650,11
Cr 4665,4
Cr 4670,10
Cr 4675,18
Cr 4680,9
Cr 4690,7
Cr 4700,56
Cr 4720,3
Cr 4725,5
Cr 4800,42
Cr 4825,23
Cr 4830,6
Cr 4850,12
Cr 4890,1
Cr 4900,52
Cr 4950,3
Cr 5,2
CR 5,11
Cr 5000,74
Cr 5050,24
Cr 5080,8
Cr 5085,9
Cr 5100,52
Cr 5125,13
Cr 5130,9
Cr 5150,7
Cr 5160,17
Cr 5165,13
Cr 5180,4
Cr 5200,57
Cr 5250,46
Cr 5300,72
Cr 5320,4
Cr 5340,5
Cr 5350,10
Cr 5360,1
Cr 5375,7
Cr 5400,73
Cr 5415,2
Cr 5425,5
Cr 5450,1
Cr 5475,4
Cr 5500,82
Cr 5515,9
Cr 5540,14
Cr 5550,30
Cr 5600,32
Cr 5610,2
Cr 5625,3
Cr 5700,128
Cr 5775,1
Cr 5800,79
Cr 5900,28
Cr 6,1
Cr 6000,49
Cr 6030,5
Cr 6200,42
Cr 6400,36
Cr 6450,3
Cr 6600,19
Cr 7,1
CR 7,13
CR 8,1
CR 9,3
Cr A,2
CR AA,1
Cr B,5
CR B,6
CR BB,4
Cr C,3
CR C,16
CR D,2
CR DD,2
Cr E,4
CR E,12
CR EE,1
CR F,6
Cr G,3
CR G,9
CR GG,5
CR H,5
Cr I,2
CR I,11
Cr J,8
CR J,6
Cr L,2
CR L,7
Cr M,3
CR M,3
Cr N,3
CR O,3
Cr Q,13
Cr R,2
CR R,6
Cr S,18
CR S,1
Cr T,3
CR U,2
Cr V,1
CR W,7
Cr X,1
CR X,12
Cr Y,8
CR Y,7
CR Z,2
Crabapple,17
Crabtree,25
Craft,7
Craig,1143
Craig Lane,6
Craigcrest,10
Cramer,54
Cranberry,201
Cranbrook,350
Crane,98
Cranley,43
Cranmer,54
Craven,5
Crawford,1436
Crazy Horse,33
Creager,11
Cream,3
Cree,18
Creed,124
Creek,80
Creek Trail,86
Creekside,237
Creekside Villa,18
Creekstone,42
Creekview,14
Creekwood,84
Creighton,5
Creighton Memorial,1
Crenshaw,38
Crescent,527
Crescent Hill,189
Crescent Lakes,161
Crescent Rim,41
Crest,1035
Crest Ridge,62
Crest Vue,15
Cresthill,170
Crestline,943
Crestone,206
Crestridge,24
Crestview,843
Crestview Drive,11
Crestview Lakes,29
Crestville,1
Crestwater,65
Crestway,763
Crestwood,594
Cribbage,3
Cricket,2
Crickett,60
Crider,11
Crimson,47
Crimson Cloud,1
Crist,3
Crocker,69
Croco,620
Crofton,45
Croix,31
Cromwell,62
Cron,80
Crooked Cedar,3
Crooked Creek,53
Crooked Pine,48
Cross,45
Cross Creek,256
Crossgate,284
Crossroads,31
Crosswind,4
Crosswinds,32
Crosswood,57
Crow,34
Croweburg,9
Crowell,30
Crowley,108
Crown,63
Crown Circle,4
Crown Point,5
Croyden,96
Crystal,98
Crystal Beach,45
Crystal East,4
Crystal Horse,10
Crystal Lake,32
Crystal Springs,59
Cub Lane,14
Culen,27
Cullen,13
Culp,29
Culver,16
Cumberland,165
Cummings,4
Cunnife,21
Cunningham,69
Curry,33
Curtis,744
Curtis Creek,2
Curtiss,35
Custer,1159
Custer Hall,5
Custy,2
Cutoff,9
Cuvier,116
Cy Higgins Road,2
Cyclone,57
Cynthia,129
Cypress,1502
Cypress Point,18
Cypresswood,10
Cyrilla,39
D,958
D'lao,11
D25,2
D4,4
D50,1
Dabinawa,44
Dacey,51
Dacotah,25
Dagen,52
Dahlia,30
Daily,50
Daisy,174
Dakota,724
Dala,16
Dale,66
Dales Draw,14
Daley,19
Dallas,288
Dalton,261
Dalton Gulch,14
Daly,10
Dam,4
Damon,14
Dan,2
Dana,70
Dana Dell,7
Danbury,375
Danby,34
Dancaster,57
Dandy,49
Dane,51
Danford,67
Daniel,20
Danielle,10
Daniels,12
Dara,8
Darby,11
Darcie,9
Darcy,12
Darland,1
Darlene,12
Darling,20
Darlow,136
Darnell,631
Darnells Run,2
Darryl,16
Dartmoor,32
Dartmouth,312
Dasher,4
Date,58
Dauntless,26
Dave,5
David,102
David L Gray,4
Davidson,129
Davies,53
Davin,66
Davinci,3
Davis,584
Davis Creek,29
Davison,2
Dawdy,104
Dawn,20
Dawnhill,5
Dawson,101
Dawsyn,4
Day,99
Day Dream,15
Daydream,1
Dayflower,20
Daylily,98
Dayton,179
Dd,57
DD,49
DD 10,4
DD 25,3
Dd 30,2
Dd 50,5
DD 50,8
DD 75,1
DD40,2
De Hoff,121
De Sousa,17
De Witt,26
Dead End,2
Deadend,2
Deakon,31
Deal,46
Deambra,7
Dean,177
Deandra,14
Deane,17
Deanily,16
Deanne,2
Dearborn,1640
Debbie,39
Deborah,59
Debra,54
Debray,13
Debs Sunrise,23
Decarsky,26
Decatur,169
Dechant,19
Decker,274
Dee,81
Deel,2
Deep Creek,132
Deep Hollow,1
Deepwater,7
Deepwoods,20
Deer,307
Deer Creek,124
Deer Creek Trail,17
Deer Haven,55
Deer Lake,44
Deer Meadow,3
Deer Ridge,235
Deer Run,695
Deer Track,8
Deer Trail,260
Deerbrook,46
Deerfield,484
Deerlodge,8
Deertrack,18
Deertrail,27
Deerview,9
Deerwood,23
Dees,15
Deforest,14
DeFranzo,36
Degraw,19
Degreer,6
Dehn,3
Dehoff,108
Deibler,13
Deill,11
Del Mar,94
Del Oso,42
Del Roma,6
Del Sienno,127
Delane,23
Delaney,6
Delange,5
Delano,212
Delavan,255
Delaware,2630
Delaware Ridge,23
Delay,36
Deleware,2
Delia,72
Delilah,22
Delivan,2
Dellinger,9
Dellrose,707
Dellway,30
Delmar,1046
Delno,4
Delois,12
Delos,51
Delrose,37
Dema,2
Dement,8
Demick,16
Dempsey,262
Den Creek,1
Den Hollow,139
Denaven,2
Denene,229
Denholm,92
Denim,7
Denise,54
Denise Marie,38
Denison,155
Denker,87
Denman,87
Denmark,221
Dennett,22
Denney,12
Dennis,101
Dennison,36
Denny,9
Denoon,41
Denton,3
Denver,400
Depe,7
Depew,2
Depot,165
Depper,2
Derby,343
Derby Hills,133
DeRecho,3
Derek,2
Derenda,33
Derendinger,2
Derik,3
Derrick,47
Des Moines,154
Desoto,110
Detlor,97
Detroit,112
Dettmer,5
Deven,9
Devena,10
Devens,12
Deveron,47
Devin,27
Devinshire,34
Devlin,41
Devon,48
Devonna,27
Dewberry,39
Dewey,127
Dewild,6
Dewitt,18
Dexter,355
Diaden,32
Diagonal,4
Diamond,397
Diamond Court,11
Diamond Creek,22
Diamond Head,51
Diamond Hill,22
Diamond Springs,37
Diamondhead,80
Diana,25
Diane,189
Dice,139
Dicken,27
Dickens,122
Dickinson,87
Diedrich,18
Diel,20
Dietrich,13
Dike,3
Dilley,9
Dillie,65
Dillinger,1
Dillon,8
Dimmick,4
Dimrill Stair,12
Dinsmore,56
Dipper,4
Dirck,46
Dirks,59
Dirr,277
Dittman,134
Divide,11
Division,173
Dix,62
Dixie,194
Dixon,69
Doane,18
Dobbin,59
Dobbs,4
Dobell,4
Dobson,2
Doc Holidays,17
Docking,213
Dodge,509
Dodson,66
Doe Path,10
Doerr,19
Dog,2
Doglegg,7
Dogwood,472
Dold,9
Dole,25
Dolittle,23
Doll,25
Dollar,7
Dolmar,4
Dolorosa,26
Dominion,7
Don,33
Donahoo,382
Donald,197
Donaldson,5
Dondee,160
Donedda,8
Donegal,83
Donelan,1
Donelson,17
Doniphan,44
Donmyer,64
Donna,56
Donnas Way,27
Donnell,66
Donnon,43
Dooley,12
Doolittle,38
Dopking,25
Dora,421
Doral,7
Doralane,46
Doran,17
Doreen,191
Doris,448
Dorman,16
Dorn,34
Dornoch,36
Dorothy,7
Dorr,29
Dorrance,94
Dorrell,16
Dorset,30
Dorsett,3
Dorsey,22
Dory,102
Dos Rios,11
Doss,3
Doster,9
Doty,6
Double Tree,7
Doud,2
Dougherty,94
Douglas,3050
Douglass,11
Douthitt,11
Dove,79
Dove Creek,10
Dove Hill,93
Dover,446
Dowell,72
Dowing,3
Downey,49
Downing,405
Downtain,85
Downwind,2
Doyle,200
Doyle Creek,93
Dragonfly,29
Dragoon,24
Dragoon Creek,18
Drake,75
Dreher,32
Dreiling,36
Dresden,56
Drew,14
Drexel,8
Dries,15
Driftwood,463
Droll,1
Drollinger,87
Drought,2
Drovers,1
Drovers Trail,9
Druart,14
Drucilla,6
Drum,273
Drumm,18
Drury,472
Dry,61
Dry Brook,31
Dry Creek,146
Dry Stream,20
Drycreek,12
Dryden,10
Duane,14
Dub's,17
Dublin,184
Dubon,12
Duck Creek,1
Duckcreek,76
Duckcross,17
Duckworth,5
Dudley,29
Duffers,20
Duffy,51
Dugan,31
Duglas,5
Duis,19
Dukeries,97
Dull Knife,52
Duluth,9
Dunagan,2
Dunbar,5
Duncan,343
Dundee,75
Dundon,2
Dunham,96
Dunkin,12
Dunlap,32
Dunn,26
Dunnigan,6
Dunnwood,14
Dunraven,163
Dunstan,13
Dunsworth,100
Dupont,166
DuPree,2
Durand,1
Durango,24
Durffee,25
Durham,276
Durink,80
Durley,12
Durst,41
Dusk,13
Dustin,41
Dusty,24
Dutch,167
Dutch Creek,4
Dutch Hollow,8
Dutch Mill,5
Dutton,2
Duvall,33
Duwe,5
Dwarf,6
Dwight,159
Dwyer,41
Dyenamic,3
Dyer,27
Dylan,41
Dyre,17
E,718
E 25,2
E 35,4
E 40,3
E 45,7
E 50,4
E Highway 36,3
E25,4
Eads,7
Eagle,769
Eagle Eye,1
Eagle Feather,32
Eagle Lake,187
Eagle Pass,114
Eagle Point,36
Eagle Ridge,65
Eagle Springs,5
Eagle Talon,13
Eagle Valley,25
Eagle View,13
Eagle Watch,43
Eaglecrest,46
Eagles Landing,205
Eagles Nest,3
Eagles Road,12
Eakin,51
Eales,21
Earhart,100
Earl,45
Earle,13
Early,106
Early Eve,4
Earnest,25
Earnshaw,652
East,1308
East-Tyro,2
East Ark,2
East Avenue,101
East Bank,10
East Bend,39
East Lake,109
East Lake Afton,2
East Lakeview,12
East Lane,11
East Parkview,124
East Parkway,14
East Point,13
East River,23
East Shore,2
East Valley,16
East Walnut,5
East Wind,5
Eastborough,74
Easter,96
Eastern,192
Eastern Hills,14
Eastgate,152
Eastgate Plaza,54
Eastlake,1
Eastland,41
Eastlinks,36
Eastmoor,250
Eastmor,15
Easton,128
Eastport,4
Eastridge,459
Eastside,20
Eastvale,24
Eastview,37
Eastway,2
Eastwood,187
Easy,261
Easy Jacks,13
Eaton,441
Ebel,27
Eberle,6
Eberly,32
Eby,1261
Echo,21
Echo Cliff,30
Echo Ridge,54
Eco Acres,8
Ecord,3
Eddingham,62
Eddy,276
Edelle,39
Edelweiss,204
Eden,249
Eder,9
Edge Hill,29
Edgebrook,19
Edgeford,27
Edgehill,272
Edgelea,39
Edgemere,122
Edgemont,112
Edgemoor,968
Edgemore,64
Edgerton,264
Edgevale,18
Edgewater,226
Edgewood,814
Edinborough,17
Edinburg,69
Edinburgh,135
Edison,55
Edith,372
Edminster,96
Edna,24
Edward,319
Edwards,1321
Edwardsville,103
Edyth,7
Ee,7
EE,37
EE 50,2
EE 75,2
Eel,13
EF,18
Eff Creek,6
Effingham,95
Eggers,1
Egret,7
Egret Flight,23
Ehart,4
Ehlers,38
Eicher,54
Eider,1
Eight Mile,22
Eighth,561
Eighth Cullison,4
Eileen,78
Eilerts,40
Eisenhower,1837
Eisenhower Memorial,8
EJ Frick,53
Ek/Cq Line,3
Ek/Gw Line,11
El Capitan,2
El Cerrito,26
El Charro,16
El Corto,5
El Delmo,13
El Dorado,154
El Monte,1007
El Mustang,5
El Paso,238
El Rancho,30
El Robelai,25
El Standra,31
El Torro,30
El Trigo,21
Elaine,93
Elbert,15
Elbo Bluff,20
Elbo Ridge,35
Elbo Shore,30
Elbo View,36
Elbow Bend,39
Elco,13
Elder,204
Elderberry,109
Eldon,45
Eldora,2
Eldorado,46
Eldridge,365
Eleanor,16
Electric,16
Elevation,9
Elevator,6
Eleventh,167
Elgin,38
Elise,14
Elizabeth,1806
Elizas,44
Elk,478
Elk-Ionia,1
Elk (BRHID),2
Elk Creek,23
Elk Horn,21
Elk Pass,11
Elk Ridge,113
Elk Run,40
Elkhart,59
Elkhorn,3
Ella,219
Elledge,81
Ellen,66
Ellet,22
Ellie,45
Elling,29
Ellington,8
Ellinwood,93
Elliot,16
Elliott,63
Ellis,951
Ellson,37
Ellsworth,462
Elm,7660
Elm Beaver,7
Elm Cove,39
Elm Creek,113
Elm Labette Cty,3
Elm Mills,12
Elm Ov,1
Elm Slough,105
Elma,11
Elmdale,25
Elmer,6
Elmhurst,180
Elmira,17
Elmont,31
Elmore,46
Elmridge,86
Elms,1
Elmwood,425
Elpyco,200
Elrod,10
Elsworth,2
Elvira,26
Elvis,16
Elwell,19
Elyria,15
Embankment,3
Ember Way,44
Emblem,24
Emelia,13
Emerald,485
Emerald Bay,76
Emerald Valley,45
Emerson,556
Emery,392
Emile,58
Emily,22
Eminence,27
Emland,115
Emma,72
Emma Creek,38
Emmaline,7
Emmalyn,16
Emmanuel,20
Emmer,62
Emmeram,80
Emmert,24
Emmett,112
Emmons Creek,4
Empire,94
Empire Ranch,3
Emporia,1666
Emproia,1
Empsy,28
Enchanted,10
Enclave Ridge,11
Enderton,2
Endicott,6
Engel,235
England,1043
Engler,26
Englewood,140
English,471
English Ridge,18
Enoch,21
Ensign,26
Ensley,621
Ent,17
Enterprise,64
Ephraim,2
Epic,5
Epperson,3
Epping,17
Epworth,84
Equestrian,98
Era,24
Erb,72
Eric,24
Erica,9
Erichsen,15
Erickson,34
Ericson,48
Erie,929
Erin,115
Ernest,3
Erpelding,32
Esau,4
Escalanta,30
Eshelman,29
Espenlaub,75
Esplanade,134
Essex,65
Essex Heights,55
Essie,6
Estabrook,5
Estancia,165
Estate,78
Estates,171
Estella,42
Estelle,891
Esterly,19
Estes,49
Estfan,9
Esther,2
Esthner,166
Ethel,135
Ettrick,13
Etzel,13
Euclid,988
Eugene,100
Eunice,47
Eureka,130
Eureka Lake,46
Eureka Valley,4
Eustis,69
Eva,2
Evangeline,4
Evans,471
Evanston,235
Eved,3
Evelyn,11
Evening Shade,48
Evening Star,67
Eveningside,452
Eveningtide,92
Everest,2
Everett,1256
Evergreen,1339
Evergreen Row,13
Evergreen Way,20
Everhart,6
Everly,10
Eves,19
Ewing,45
Excel,12
Excelsor,4
Exchange,677
Executive Way,13
Exmoor,34
Exner,4
Experiment Farm,1
Explorer,17
Explorers,52
Exposition,129
Express,9
Eyler,2
Ez,33
F,898
F P,5
F4,8
Fabpro,4
Fabrique,231
Factory,53
Fager,64
Fair,520
Fair Lane,30
Fair Meadows,33
Fairbanks,11
Fairchild,431
Fairchilds,74
Faircrest,109
Fairdale,407
Fairfax,55
Fairfield,219
Fairground,58
Fairhaven,124
Fairland,10
Fairlane,159
Fairlawn,629
Fairman,32
Fairmont,63
Fairmount,403
Fairoaks,78
Fairport,8
Fairview,998
Fairview Church,49
Fairway,1690
Fairwood,52
Faith,175
Falcon,438
Falcon Ridge,204
Falcon Valley,33
Falcons Roost,9
Falconview,66
Fall,5
Fall Creek,144
Fall Leaf,8
Fall Ridge,10
Fall River,3
Fallbrook,30
Fallen Tree,24
Falletti,1
Falls,2
Falmouth,555
Falun,42
Fancy Branch,2
Fancy Creek,14
Fanestil,29
Fanning,5
Fanning Drive,13
Fanny,1
Fantine,7
Fantom,3
Fareway,4
Fargo Springs,3
Farley,1161
Farlin,34
Farlington,6
Farm,2
Farm Bureau,265
Farmer,17
Farmers,5
Farmingdale,11
Farmington,132
Farmland,113
Farmstead,512
Farmview,83
Farnum Creek,5
Farnum Run,21
Farrel,16
Farrelly,66
Farrier,20
Farris,20
Farrow,460
Fascination,43
Fast,22
Fatzer,4
Faucett,3
Faulders,84
Faulkenberg,21
Faulkenburg,3
Faulkner,99
Fauna,51
Fauteux,22
Fawn,170
Fawn (BRHID),2
Fawn Creek,53
Fawn Grove,168
Fawn Trail,13
Fawn Valley,112
Fawnwood,295
Faxon,82
Fay,4
Faye,14
Fayette,39
Fearon,3
Feather,25
Federal,72
Feedlot,63
Fees,31
Feess,23
Felix,76
Felix Tr,1
Fellows,253
Felten,231
Fennec,93
Fenner,6
Fenwick,77
Ferguson,214
Ferlen,22
Fern,806
Ferncliff,52
Fernell,10
Fernwood,38
Ferree,155
Ferrel,358
Ferrell,26
Ferry,5
Fescue,41
Fessenden,27
Ff,8
FF,28
FF 20,1
FF 50,11
Fiber,3
Fibs,4
Fiddlers Cove,61
Fiddlers Creek,77
Field,21
Field Stone,105
Fieldcrest,441
Fieldhouse,30
Fielding,348
Fields,7
Fieldstone,291
Fieldwood,61
Fife,5
Fifteenth,8
Fifth,1109
Fifth-Industry,2
Figg,15
Filaree,17
Filley,4
Fillmore,601
Filmore,151
Finch,109
Fincham,5
Findley,453
Fink,7
Finley,26
Finn,10
Finney,227
Finney-Scott,4
Finney Scott,6
Finnup,1
Finsbury,57
Fir,297
Fir Annex,5
Firebox,32
Firefly,360
Fireside,104
Firethorn,69
Firetree,103
First,1522
First Cairo,3
Firstview,1
Fischer,44
Fisher,299
Fishermans,40
Fishing Lake,7
Fitz,29
Fitzgerald,27
Five Mile,36
Fivewood,97
Flag,105
Flagstaff,49
Flame,91
Flaming,18
Flamingo,4
Flanigan,42
Flat Creek,97
Flat Rock,2
Flatland,10
Fleetwood,46
Fleming,421
Fletcher,30
Flicker,2
Flint,1761
Flint Hills,163
Flint Hills Natl,69
Flint Ridge,5
Flint Rock,58
Flinthills,62
Flintrock,2
Flintstone,11
Flintview,3
Floberta,66
Flor De Sol,29
Flora,262
Floral,46
Florence,284
Florida,465
Flower,8
Floyd,1271
Floyd Galatia,3
Floyd Johnson,2
Floyd/Elgin,2
Flush,130
Flutter,64
Flying R,9
Flynn,65
Fogarty,50
Foggy Creek,36
Foliage,60
Folk,4
Folks,76
Folsom,56
Foltz,15
Fontana,1268
Fontenelle,61
Fonticello,16
Fontron,3
Foos,3
Foot Hill,4
Footbridge,51
Foothill,106
Foothills,17
Forbes,71
Ford,1565
FORD,1
Ford County,7
Ford Hall,36
Fordham,55
Foreman,23
Forest,1764
Forest City,8
Forest Dunes,16
Forest Garden,21
Forest Glen,45
Forest Hill,25
Forest Lakes,142
Forest Park,292
Forest Ridge,125
Forest View,29
Forestgate,12
Forestor,39
Forestview,568
Forewood,34
Forgy,6
Fork,33
Forrest,175
Forrest Cottage,2
Forrest Creek,36
Forrest Glenn,50
Forrest Gragg,24
Forrester,14
Forsse,15
Forsyth,30
Fort,133
Fort Benton,35
Fort Fox,4
Fort Laramie,52
Fort Riley,10
Fortner,45
Fortuna,100
Forty Acre,6
Fossil,58
Fossil Lake,5
Fossil Rim,17
Fossilridge,36
Foster,1545
Fostoria,10
Foulk,24
Foulois,34
Founders,30
Fountain,948
Fountain Green,37
Fountain View,8
Fountaindale,142
Fountainwood,3
Four Corners,69
Four Mile,31
Four Oaks,18
Four Wheel,45
Fourmile,5
Fourteenth,184
Fourth,1125
Fourth Cullison,2
Fourwinds,34
Fowler,180
Fox,105
Fox Brier,31
Fox Chase,90
Fox Fire,29
Fox Hill,8
Fox Hollow,6
Fox Meadows,29
Fox Pointe,60
Fox Ridge,258
Fox Run,266
Fox Sparrow,28
Foxboro,53
Foxborough,34
Foxchase,24
Foxcroft,143
Foxcroft 1,43
Foxcroft 2,28
Foxcroft 3,28
Foxfire,151
Foxglove,4
Foxridge,931
Foxtail,88
Foxwood,5
Fracy,5
France Family,1
Frances,215
Francis,405
Frank,75
Frank Marshall,23
Frankfort,39
Franklin,1589
Franklynn,38
Frasier,10
Frazier,360
Frederic,44
Frederick,217
Fredith,70
Fredrich,30
Fredrick,82
Fredrickson,239
Free King,305
Free State,70
Freeborn,163
Freedle,11
Freedmen,2
Freedom,181
Freedom Creek,48
Freedom Hill,29
Freedom Road,4
Freeman,1042
Freemont,65
Freeport,16
Freida,25
Fremont,697
French,71
Freshet,5
Fresno,28
Frey,70
Friar,162
Friend,58
Friends,15
Friendship,72
Friesen,12
Frisbie,35
Frisco,51
Fritillary,41
Fritz,13
Froese,20
Frog Holler,10
Frog Hollow,6
Froli,37
Front,632
Front Pc,5
Front St - Hamlin,7
Frontage,62
Frontenac,72
Frontgate,16
Frontier,996
Frontier Trail,22
Frontview,10
Frost,10
Fruit,14
Fry,61
Ft Dodge,9
Ft Riley,54
Ft Scott,6
Fuller,201
Fulton,177
Fultz,57
Funston,572
Fur,1
Furman,12
Futura,5
G,727
G 50,4
Gabler,11
Gabriel,269
Gaddis,16
Gage,476
Gage Court,2
Gail,66
Gailand,94
Gaineswood,64
Gainsboro,195
Gainsville,12
Galaxy,15
Galena,161
Galilee,25
Galle,37
Gallery,613
Gallop,36
Galloway,52
Galoway,40
Galvaston,6
Galveston,35
Gambels,20
Gamble,14
Gambrinus,40
Game,15
Gamm,12
Gamma,2
Gamwell,39
Gander,160
Gano,52
Gar,8
Garanson,1
Garcia,10
Garden,576
Garden City,22
Garden Grove,88
Garden Ridge,104
Gardenia,10
Gardens,15
Gardiner,17
Gardner,556
Gardner East,79
Gardner West,40
Garfield,2552
Garibay,5
Garland,588
Garner,92
Garnett,1212
Garrett,69
Garrettson,31
Garrison,37
Garst,14
Gartner,12
Gary,495
Gas,11
Gasaway,74
Gaslight,36
Gasser,5
Gate Mhp,2
Gates,74
Gateway,279
Gatewood,381
Gatlin,12
Gatlinburg,69
Gay,8
Gayle,25
Gaylord,7
Geary,20
Gebhart,65
Gehrke,4
Gehrt,18
Geissler,7
Gemini,125
Gemstone,149
Gen Delivery,1
Gene,22
General Custer,79
General Hancock,40
General Hays,2
General Lawton,37
Genesee,97
Genesis,124
Genesse,37
Geneva,49
Genn,9
Genna,14
Gennessee,41
Genova,20
Gentian,1
Gentle Breezes,6
Gentry,190
George,338
George Washington,277
George Williams,145
Georgetown,239
Georgia,1505
Georgie,230
Gerald,7
Gerard,31
Gerlane,5
German,113
Germann,26
Germany,6
Germer,3
Geronimo,105
Gertie,18
Gertrude,51
Gettings,5
Getty,38
Gettysburg,39
Getz,1
Geuda Springs,46
Gfeller,7
Gg,1
GG,23
Gg 25,3
Gharst,11
Ghost Creek,46
Gibbs,271
Gibson,76
Gidley,68
Gier,10
Giessler,2
Gilbert,390
Gilda,206
Gildersleeve,49
Gilham,5
Gilkison,2
Gill,76
Gill Creek,14
Gillam,5
Gillaspie,15
Gillespie,83
Gillett,6
Gillette,856
Gillmore,12
Gilman,189
Gilmore,232
Gilruth,3
Gilsen Creek,2
Gilstrap,10
Giltner,15
Ginardi,11
Ginger,28
Ginkgo,30
Girard,283
Gireau,18
Gisbourne,64
Givens,69
Glacier,193
Gladden,15
Glade,106
Gladiola,6
Gladstone,77
Gladys,7
Glancey,58
Glanzer,2
Glasgow,47
Glass Manor,16
Gleason,301
Glen,170
Glen Creek,62
Glen Eagle,6
Glen Eagles,10
Glen Eyrie,156
Glen Feshie,13
Glen Hills,81
Glen Oaks,132
Glen Park,12
Glen View,17
Glen Wood,286
Glenarm,24
Glencoe,18
Glencrest,35
Glenda,11
Glendale,1433
Glendevon,110
Gleneagles,170
Glenellen,51
Glenfield,161
Glengate,65
Glenhurst,66
Glenmoor,150
Glenn,876
Glenn Dean,27
Glenns,8
Glenrose,4
Glenshire,45
Glenside,11
Glenstone,15
Glenview,326
Glenview West,5
Glenway,18
Glenwood,1735
Glessner,15
Glick,132
Globe,3
Glocker,26
Gloria,17
Glory,1
Goddard,1824
Godfrey,4
Godlove,26
Goebel,273
Goebels,7
Goeldner,27
Goering,8
Goerz,7
Goethe,10
Goff,113
Goheen,22
Gold,509
Golden,619
Golden Arrow,16
Golden Bear,129
Golden Belt,141
Golden Crest,26
Golden Eagle,161
Golden Gate,25
Golden Hills,132
Golden Prairie,42
Golden Rain,66
Golden Shores,1
Goldenbelt,34
Goldenrod,248
Goldfield,101
Goldfinch,88
Goldie,14
Goldleaf,13
Goldspike,49
Golf,57
Golf Course,62
Golf Course Road,3
Golf Green,15
Golf View,151
Golfview,58
Goltl,5
Good,13
Goode,58
Goodell,70
Goodhall,15
Goodin,14
Goodlander,14
Goodman,1078
Goodnow,14
Goodnow Hall,68
Goodrich,79
Goodview,28
Gookins,10
Goose Creek,5
Gooseberry,23
Gordon,630
Gordon Bennett,64
Gordy,128
Gore,9
Gorham,28
Gorin,81
Gorman,6
Gould,15
Goura,22
Gove,95
Governeour,735
Gow,370
Gowen,13
Gower,70
GP,12
Graber,173
Grace,198
Grace Avenue,29
Grace Edmond,42
Grace Hill,59
Graceland,11
Gracie,29
Grady,11
Grae,31
Graham,68
Grail,159
Grain,74
Grain Bin Rd,5
Grainfield,56
Gramar,46
Granada,1548
Granby,78
Grand,2073
Grand Luxe,18
Grand Mere,200
Grand Oaks,96
Grand Ridge,21
Grand Vista,36
Grand/Elgin,6
Grande,12
Grande Bluffs,64
Grandeur,13
Grandstone,66
Grandview,2408
Grandview Heights,7
Grange,13
Granger,118
Granite,222
Grannagan,9
Grant,4364
Grant St,15
Grantham,89
Granthurst,30
Grants Villa,29
Grantville,11
Grape,6
Grape-Parkerville,1
Grapevine,34
Graphic,8
Graphic Arts,88
Grass Creek,2
Grasshopper,32
Grassland,4
Grassmere,4
Grassy Knoll,5
Grattan,135
Graves,241
Gray,299
Gray Wolf,9
Graybeal,21
Grayhawk,50
Graystone,241
Great Plains,22
Greeley,906
Greely,7
Green,1590
Green Acres,149
Green Ash,2
Green Field,1
Green Gables,33
Green Garden,6
Green Hill,19
Green Hills,293
Green Meadow,39
Green Meadows,12
Green Randolph,29
Green Tree,6
Green Valley,35
Greenbriar,377
Greenbrier,150
Greencastle,47
Greene,18
Greenfield,384
Greenfinch,4
Greenhaven,60
Greening,2
Greenlawn,43
Greenleaf,224
Greenridge,54
Greens Ridge,56
Greensboro,29
Greenspoint,82
Greentree,285
Greenvalley,66
Greenview,150
Greenway,441
Greenwich,594
Greenwood,2091
Greenwood North,15
Greenwood South,1
Greenwood/Elk,3
Greever,19
Gregg,9
Gregory,39
Gretchen,158
Gretna,154
Grey,3
Grey Meadow,63
Grey Meadows,17
Greystone,131
Grice,23
Grierson,12
Griffith,211
Griffons,5
Grimes,194
Grimsley,2
Griswold,80
Grizzly,4
Gross,9
Ground Hog,4
Grouse,36
Grouse Creek,20
Grove,1481
Grover,62
Guadalupe,16
Guden,14
Guernsey,21
Guffey,6
Guilford,13
Guinevere,28
Guittard,5
Gulf,91
Gulf Breeze,56
Gum,66
Gumbo Hill,10
Gunn,3
Gunnison,99
Gunsmoke,6
Gustafson,3
Guthrie,61
Guy,1
Guy Reed,5
Gwartney,5
Gwenda,7
Gwinn,41
Gwynn,5
Gyp Hill,9
Gypsum,211
Gypsum Valley,50
H,690
H 50,4
H 75,1
Haas,67
Hachmeister,14
Hacienda,28
Hacienda Way,11
Hack,3
Hackberry,454
Hackberry (UPID),2
Hackberry Labette City,3
Hackney,71
Hadden,147
Haddon,7
Hadley,1489
Hadsall,32
Haeli,18
Haflich,5
Hagan,791
Hageman,38
Hagemann,197
Haid,6
Haight,9
Haigwood,21
Haines,107
Hainline,5
Hal,1
Halderman,62
Hale,297
Hale Irwin,5
Half Full,22
Half Moon,15
Half Mound,21
Halfday,45
Hall,791
Halladay,17
Hallbrook,34
Hallet,1106
Halleys,37
Hallie Tr,5
Hallmark,9
Hallock,32
Hallowell,17
Halls,36
Halls Ravine,8
Halsey,1145
Halstead,575
Halverson,5
Halveson,16
Hamblin,31
Hamill,4
Hamilton,764
Hamiton,1
Hamlin,28
Hamline,129
Hamm,8
Hammer Rd,4
Hammond,74
Hammons,4
Hampden,3
Hampdon Woods,12
Hampton,317
Hampton Lakes,39
Hamptonshire,44
Hancock,244
Hand,12
Handley,226
Hands,9
Hanes,20
Haney,243
Haney North,9
Haney South,40
Hanley,16
Hanly,1
Hannagan,3
Hannah,65
Hannah Myers,2
Hanover,200
Hanscom,27
Hansen Hall,1
Hanson,37
Hanson Hollow,12
Hanston,7
Happy Hollow,116
Happy Place,6
Happyland #22,1
Harahey,30
Harbine,4
Harbinger,70
Harbor,46
Harbord,33
Harborlight,127
Harborside,112
Harbour Haven,13
Harbour Hills,18
Harbour View,13
Harcourt,33
Harden,4
Hardesty,6
Hardin,17
Harding,488
Hardt,3
Hardtner,395
Hardtner Shortcut,5
Hardwood,10
Hardy,1236
Hargis,6
Hargrave,33
Harker,31
Harkness,5
Harlan,83
Harland,92
Harmon,15
Harmony,276
Harold,326
Harolds,17
Harp,75
Harper,882
Harper County,2
Harral,12
Harrel,2
Harrier,30
Harriet,15
Harrington,23
Harris,230
Harrison,1762
Harry,1983
Harry Bell,45
Harsh,10
Hart,306
Harter,22
Hartford,259
Hartland,93
Hartley Ridge,7
Hartman,77
Hartmoor,16
Hartner,4
Hartup,100
Hartwich,28
Harvard,645
Harvest,903
Harvest Hill,72
Harvest Hills,68
Harvest Lane,108
Harvest Ridge,65
Harvest Valley,27
Harvey,550
Harveyville,60
Harwick,39
Harwood,1
Hasbrook,87
Haskell,1697
Haskett,66
Haskins,1277
Haslet,17
Hassebroek,15
Hastings,326
Hatch,14
Hatchell,104
Hatchery,13
Hatfield,15
Hathway,81
Hattie,101
Hauser,1561
Haustead,6
Havana Lake,21
Haven,424
Havenhurst,171
Havensville,10
Haventon,46
Havenwood,32
Haverhill,380
Haversham,82
Haverstick,2
Havrone,36
Hawaii,85
Hawes,8
Hawick,55
Hawk,218
Hawkes,35
Hawkins,54
Hawkinsmith,17
Hawley,34
Hawthorn,135
Hawthorne,429
Hawthorne (UPID),4
Hawthorne Woods,78
Hayden,182
Hayes,1219
Haylee,49
Haymaker Hall,43
Haynes,9
Hayovel,13
Hays,82
Hays City,4
Hazel,265
Hazel Nut,48
Hazelnut,39
Hazelton,30
Hazelwood,382
Hazen,74
Hazlett,75
Headwater,7
Headwaters,62
Healy,6
Heard,2
Hearth Stone,37
Hearthside,48
Heartland,94
Heartland Valley,21
Heath,17
Heathcliff,14
Heather,309
Heather Hall,6
Heather Knoll,71
Heather Lake,47
Heather Ridge,5
Heatherwood,491
Heaton,6
Heaven Woods,3
Hebbeln,51
Hector,36
Hedberg,47
Hedge,133
Hedge Lane,947
Hedgeapple,12
Hedgecliff,19
Hedgecreek,38
Hedgerow,126
Hedgetree,88
Hedgewood,156
Hedville,65
Heidi,5
Heights,44
Heirloom,11
Heiserman,37
Heizer,94
Helbert,61
Helen,176
Helianthus,33
Hellar,36
Helmick,7
Hemlock,1630
Hemmen,11
Hemmen Terrace,27
Hemphill,161
Henderson,148
Hendrick,11
Hendricks,189
Hendricks Creek,5
Hendryx,183
Henley,15
Hennessey,122
Henning,9
Henrie,5
Henry,473
Henry Tr,13
Henton,8
Heorman,12
Herald,12
Hereford,43
Herefordshire,78
Heritage,585
Heritage Hill,5
Herkimer,25
Herl,4
Herman,9
Hermitage,11
Hermosa,4
Hernandez,4
Herndon Bottom,1
Herold,2
Heron,19
Herren,88
Herring,16
Herrington,116
Herrman,1
Herschel,60
Herschell,45
Hersey,159
Hertweck-Dearing,5
Hertwick,1
Hertzler,60
Hervey,10
Hess,39
Hessdale,28
Hesse,2
Hesston,20
Hett Hollow,2
Heuett,41
Heylman,83
Hh,7
HH,6
HH Constant,9
Hi,47
Hi Point,3
Hiawatha,147
Hibbard,65
Hibbard-Dearing,10
Hibbard - Dearing,11
Hibbs,8
Hibiscus,20
Hickam,75
Hickman,2
Hickock,4
Hickok,236
Hickory,2249
Hickory Creek,303
Hickory Hills,25
Hickory Point,48
Hickory Ridge,54
Hickory Stick,19
Hidden,47
Hidden Acres,23
Hidden Creek,12
Hidden Estates,22
Hidden Haven,3
Hidden Lake,18
Hidden Lakes,31
Hidden Lane,8
Hidden Meadow,12
Hidden Meadows,88
Hidden Ridge,53
Hidden Springs,13
Hidden Valley,239
Hideaway,13
Hiedeman,7
Higbee,10
Higgins,37
High,3933
High Meadow,41
High Park,58
High Plains,58
High Point,337
High Prairie,72
High Ridge,3
High School,102
High View,27
Highcliff,7
Highfly,14
Highland,3016
Highland Grove,47
Highland Park,46
Highland Pointe,48
Highland Ridge,507
Highland Springs,182
Highland Ter,11
Highlander,19
Highridge,129
Highschool,1
Highview,155
Highway,69
Highway 1,11
Highway 102,36
Highway 103,35
Highway 117,12
Highway 128,32
Highway 130,3
Highway 14,28
Highway 148,5
Highway 15,3
Highway 156,2
Highway 160,106
Highway 160/183,10
Highway 166,158
Highway 169,59
Highway 170,16
Highway 171,14
Highway 18,52
Highway 181,10
Highway 182,3
Highway 183,31
Highway 190,4
Highway 204,5
Highway 211,3
Highway 212,1
Highway 228,1
Highway 232,7
Highway 24,41
Highway 25,37
Highway 26,14
Highway 27,15
Highway 28,22
Highway 281,42
Highway 31,91
Highway 36,128
Highway 383,4
Highway 40,33
Highway 400,51
Highway 5,24
Highway 51,1
Highway 54,22
Highway 56,107
Highway 58,56
Highway 59,215
Highway 66,43
Highway 69,86
Highway 7,47
Highway 75,84
Highway 8,14
Highway 83,27
Highway 9,26
Highway 96,1
Highway 99,212
Highway Alt 69,93
Highway K 33,67
Highway K 68,166
Highway K42,14
Highway K96,4
Hila,43
Hiland,6
Hildebrandt,20
Hildreth,26
Hill,446
Hill Song,47
Hill Top,15
Hill Valley,17
Hillbrook,65
Hillcreek,11
Hillcrest,1448
Hillcrest East,87
Hillcrest West,44
Hilldale,66
Hillman,7
Hillpointe,8
Hillpointe Place,29
Hillpointe Way,29
Hills,32
Hillsdale,98
Hillside,1804
Hilltop,856
Hilltop Circle,15
Hillview,183
Hillwood,13
Hilts,4
Hilyard,4
Himes,42
Hineman,19
Hinerville,18
Hinshaw,16
Hinton,1
Hiram,492
Hirning,78
Hirsch,12
Hirschler,39
Historia,2
Hitch Trail,1
Hithergreen,174
Hiway 154,1
Hoagland,28
Hobart,53
Hobbs,59
Hobbs Creek,19
Hobby,22
Hobson,44
Hoch,388
Hockaday,78
Hocker,54
Hodge,59
Hodgeman,5
Hodgeman Co Line,5
Hodges,346
Hodson,15
Hoeb,12
Hoeger,5
Hoel,39
Hoffman,9
Hogan,31
Hogue,12
Hohneck,39
Hoisington,9
Hoisington St Susank,10
Holbrook,282
Holcomb,12
Holden,13
Holder,31
Holderman,4
Holiday,450
Holiday Hills,4
Holland,299
Hollandale,16
Hollenberg,58
Holliday,179
Hollie,17
Hollingsworth,320
Hollis,98
Hollister,5
Hollman,7
Hollow Tree,16
Holloway,30
Hollowell,59
Hollowood,6
Holly,722
Holly Ridge,18
Hollyglen,2
Hollyhock,35
Hollywood,180
Holman,109
Holme,45
Holmes,326
Holmes/chautauqua,2
Holt,17
Holt Circle,12
Holy Cross,17
Holyoke,480
Home,101
Homer,207
Homestead,906
Hometown,25
Homeward,2
Homewood,202
Honey,2
Honey Bee,30
Honey Creek,91
Honey Dew,8
Honey Locust,49
Honeybrook,54
Honeycutt,2
Honeysuckle,145
Honeytree,50
Hood,354
Hooker,18
Hoole,8
Hooper,36
Hoover,899
Hoover Way,24
Hope,157
Hopewell,22
Hopi,9
Hopkins,34
Hopkins Creek,64
Hopkins Switch,187
Hopper,75
Horace Greeley,23
Horizon,34
Horizon Trail,12
Horne,16
Hornecker,23
Horned Owl,63
Horse Tail,1
Horseback,85
Horsecreek,3
Horseshoe,100
Horseshoe Bend,111
Horseshoe Trail,10
Horsethief,2
Horstmann,20
Horton,1831
Hosmer,14
Hospital,276
Hostetler,2
Houck,20
Housatonic,26
House,6
Householder,4
Houser,41
Houston,770
Hovey,5
Hovsepian,2
Howard,484
Howard/Valeda,5
Howe,1156
Howell,107
Howerton,45
Howey,7
Howland,5
Hoy Lake,1
Hoyt,69
Hubbard,290
Hubert,5
Huckleberry,55
Hudson,383
Hudson Ranch,8
Hudson St - Willis,5
Huebner,3
Huehl,68
Huff,13
Huffaker,12
Huffman,26
Hugging Hollow,2
Hugh,68
Hughes,130
Hulett,70
Hulse,116
Humbargar,59
Humbert,8
Humboldt,396
Humboldt Creek,86
Humbolt,45
Hummer,7
Hummingbird,70
Humphrey,144
Hund,1
Hungerford,121
Hunt,190
Hunter,1124
Hunters,19
Hunters Hill,14
Hunters Landing,13
Hunters View,149
Hunting,91
Huntington,676
Hunton,72
Huntoon,600
Huntress,102
Huntsville,17
Huntwood,15
Hurley,35
Huron,74
Hurrelbrink,77
Hurricane,52
Hurst,106
Hurt,6
Huschka,4
Huser,17
Huston,110
Hutchings,23
Hutchinson,58
Hutton,233
Huxman,115
Hwy-58,4
Hwy-75,104
Hwy-K116,26
Hwy-K16,169
Hwy-K214,33
Hwy-K62,33
Hwy-K79,18
Hwy-K9,27
Hwy 11,9
Hwy 111,8
Hwy 120,26
Hwy 13,54
Hwy 137,3
Hwy 14,137
Hwy 140,24
Hwy 141,13
Hwy 144,5
Hwy 15,151
Hwy 150,14
Hwy 156,42
Hwy 16,94
Hwy 160,208
Hwy 161,10
Hwy 166,131
Hwy 169,30
Hwy 170,26
Hwy 177,44
Hwy 179,11
Hwy 18,106
Hwy 181,51
Hwy 183,83
Hwy 183 Alt,21
Hwy 196,68
Hwy 2,51
Hwy 20,54
Hwy 23,39
Hwy 232,6
Hwy 238,5
Hwy 24,280
Hwy 25,154
Hwy 252,1
Hwy 254,62
Hwy 256,12
Hwy 268,80
Hwy 27,76
Hwy 278,10
Hwy 281,180
Hwy 283,51
Hwy 284,8
Hwy 3,54
Hwy 31,121
Hwy 34,8
Hwy 36,272
Hwy 368,67
Hwy 383,9
Hwy 39,42
Hwy 4,169
Hwy 40,88
Hwy 400,37
Hwy 42,44
Hwy 43,46
Hwy 44,24
Hwy 50,147
Hwy 51,1
Hwy 54,362
Hwy 55,4
Hwy 56,423
Hwy 56 Prairie Vlg,1
Hwy 56/77,24
Hwy 59,2
Hwy 61,3
Hwy 63,98
Hwy 65,34
Hwy 68,62
Hwy 69,23
Hwy 7,141
Hwy 75,191
Hwy 75/166,1
Hwy 77,378
Hwy 81,45
Hwy 83,104
Hwy 83 Frontage,6
Hwy 84,4
Hwy 9,116
Hwy 94,1
Hwy 95,27
Hwy 96,137
Hwy 99,249
Hwy K-15,82
Hwy K-168,7
Hwy K148,64
Hyacinth,128
Hyde,2
Hyde Park,100
Hydraulic,1638
Hyer,1
Hylton Heights,8
Hymer,28
Hynes,4
I,244
I-70,24
I5,4
I6,1
Ian,11
Ibp,7
Ida,817
Idaho,398
Idle Banks,25
Idlewild,305
II,4
Ike,35
Ike's,21
Iliff,50
Illinios,7
Illinois,1562
Illinois Creek,12
Illusion,6
Immel,12
Imperial,51
Inca,5
Inch,3
Independence,483
Indian,767
Indian Creek,797
Indian Hill,2
Indian Hills,353
Indian Lakes,8
Indian Mound,11
Indian Oak,57
Indian Ridge,62
Indian Rock,37
Indian Summer,10
Indian Trail,14
Indian Valley,5
Indian Village,13
Indian Wells,62
Indian Woods,54
Indiana,1388
Indianapolis,349
Indiania,1
Indianola,244
Indigo,85
Industrial,117
Industrial Park,49
Indy,53
Inez,10
Infantry,15
Ingalls,169
Inge,82
Inglefield,2
Inglewood,18
Ingman,48
Ingrahm,29
Ingrid,159
Inkster,144
Inland,37
Inman,114
Innovation,50
Innsbrook,30
Insley,56
Inspiration,29
Inter Urban,9
International,4
Interurban,42
Inverness,412
Inwood,367
Iola,22
Ione,8
Iowa,2194
IOWA,1
Irene,86
Iris,119
Irish,30
Irish Creek,64
Irma,21
Iron,427
Iron Creek,56
Iron Gate,15
Iron Horse,57
Ironhorse,339
Ironmoulders,36
Ironstone,179
Ironwood,383
Iroquis Lane,2
Iroquois,55
Irvine,2
Irving,406
Irvingham,79
Irwin,18
Isaacson,2
Isabel,126
Isabelle,34
Isacks,24
Isador,9
Isern,34
Island,25
Island Loop,1
Island Parkway,4
Istas,5
Itasca,3
Ithaca,2
Ithica,20
Iuka,118
Iva,55
Ivah,6
Ivandale,4
Ivanhoe,1
Ives,40
Ivory,34
Ivy,340
Ivy Hill,24
Izquierdo,9
Izzy Tr,1
J,451
J-Hill,33
J 50,5
J 75,5
J 80,4
J 85,1
J 90,1
J C,34
J C Rogers,39
J E Humphreys,1
J F Kennedy,73
J P,42
J4,33
Jaax,160
Jace,5
Jack,95
Jackalope,23
Jackies Way,11
Jackrabbit,42
Jackson,2709
Jackson Heights,72
Jacksonville,24
Jacob,21
Jacob Cole,11
Jacobs,34
Jacque,3
Jacqueline,82
Jade,307
Jaedicke,18
Jaeger,10
Jagger,39
Jaguar,2
Jaide,91
Jake,30
Jaketown,10
Jakobs,31
Jama,24
Jamaica,32
James,750
James St - Flintview,3
James Way,22
Jamesburg,227
Jameson,14
Jamesport,18
Jamestown,241
Jamie,28
Jamie's,6
Jamison,91
Jan,69
Jan-Mar,58
Jana,137
Jana Lei,35
Janasu,31
Jane,362
Jane Ann,13
Janell,83
Janes,18
Janesville,49
Janet,96
Janett,12
Janice,111
Janis,23
Jansen,27
Jansonius,8
Jantz,43
Janzen,29
Jaran,26
Jarbalo,24
Jarboe,19
Jardine,52
Jarvis,33
Jasara,28
Jasmine,207
Jason,71
Jasper,31
Jasu,82
Javens Ave-Cntrp,1
Jax,11
Jay,165
Jaycee,2
Jayhawk,561
Jaymar,38
Jayme,27
Jayson,136
Jazmine Tr,25
Jean,3
Jeanette,401
Jeanie,22
Jeanne,25
Jeep,96
Jeff Circle,14
Jefferson,3166
Jefferson Hills,21
Jeffrey,95
Jeffries,25
Jelinek,5
Jellison,7
Jenkins,122
Jenna,25
Jennice,21
Jennie,215
Jennie Barker,312
Jennifer,105
Jennifer's,5
Jennings,273
Jenny,95
Jenny Camp,18
Jenny Wren,38
Jensen,4
Jeremy,37
Jerome,16
Jerrick,4
Jerry,60
Jersey,83
Jerusalem,10
Jess Willard,10
Jesse James,13
Jessica,87
Jessica Lane,7
Jessie,36
Jessup,20
Jester Creek,13
Jet,2
Jewel,35
Jewell,1684
Jewett,35
Jill,45
Jilson,30
Jim,24
Jim Creek,10
Jingo,119
JJ,8
Jo Ella,35
Joanie,78
Joann,343
Jodi,8
Jody,37
Joe,14
Joel,41
Joel Mack,5
Joes,5
Jog,3
John,181
John's Oil,6
John Brown,227
John Doy,57
John Pride,4
John Riggins,25
John Scott,19
Johnmark,44
Johnny,7
Johns,67
Johnson,1355
Johnson Valley,10
Johnston,352
Johnstown,178
Joles,72
Joliet,27
Joliet Lane,2
Jonathan,55
Jones,419
Jonquil,59
Joplin,681
Jordan,432
Jordan Springs,21
Josela,25
Joseph,69
Josephine,41
Josh,36
Joshua,36
Josie,31
Joss,23
Jothi,6
Journey,2
Joy Meadows,9
Joyce,126
Joye,32
Jp Brant,2
Juanita,11
Jubilee,97
Judith,298
Judson,414
Judy,7
Julep,3
Jules,1
Julia,86
Julia North,6
Julia West,8
Julianne,47
Julie,121
Juliette,170
Julinn,1
Jump,53
Junction,65
June,32
Juneau,18
Juneberry,29
Junebug,3
Juniatta,38
Junietta,14
Juniper,2009
Juniper Crest,21
Juniper Reserve,63
Juno,120
Jupi,17
Jupiter,41
Jupiter Hills,26
Justianna,37
Justice,154
Justin,146
K,461
K-106,38
K-143,23
K-146,26
K-156,28
K-157,19
K-16,143
K-177,13
K-18,93
K-19,8
K-192,53
K-2,2
K-23,35
K-237,15
K-244,22
K-39,145
K-4,295
K-41,16
K-42,3
K-42 Highway,20
K-47,59
K-49,4
K-57,58
K-61,4
K-92,215
K-99,2
K 15,66
K 16,1
K 196,43
K 25,8
K 39,7
K 68,151
K1,6
K156,17
K177,2
K18,70
K180,1
K185,3
K19,63
K195,5
K2,5
K20,66
K246,20
K264,68
K30,11
K31,45
K360,1
K39,22
K4,178
K47,38
K57,2
K7 Hwy,4
K96,1
K99,191
K99 Frontage,2
Kachina,21
Kaci,47
Kackley,55
Kacy,7
Kadence,42
Kafir,85
Kahola,29
Kailer,12
Kaiser,10
Kala,17
Kala Tr,4
Kalamazoo,2
Kale,8
Kaler,8
Kalida,21
Kalispell,16
Kallock,37
Kane,142
Kanon Ridge,19
Kanopolanes,5
Kansa,169
Kansas,7692
Kansas 14,1
Kansas Ave,2
Kansas Ave Susank,9
Kansas City,45
Kansas Falls,11
Kansas Spur,2
Kansas/elgin,1
Kanza,229
Kap,15
Karen,172
Karl,5
Karla,257
Karman,6
Karner,32
Karnowski,7
Karol Cove,1
Karon,8
Karren,49
Karst,10
Kashmir,6
Kaskaskia,147
Kasold,325
Kasten-Latimer,3
Kasyn,22
Kates,44
Katherine,19
Kathie,22
Kathryn,17
Kathy's,26
Kathys,16
Katie,67
Katie Rose,42
Katy,141
Katz,3
Kauble,1
Kauffman,21
Kaufman,11
Kaw,615
Kaw Lane East,15
Kaw Valley,51
Kaw Valley Park,27
Kaw Valley School,36
Kay,504
Kay Lynn,24
Kaycee,5
Kazan,7
Ke Co Line,3
Kearney,395
Kearny,37
Kearny Co,2
Keast,34
Keating,58
Keaton,19
Keats,29
Kechi,31
Kedzie,3
Keeler,214
Keen,3
Keene-Eskridge,48
Keeneland,51
Keighley,2
Keitel,21
Keith,485
Kellam,200
Keller,73
Kelley,52
Kelley Creek,8
Kelli,10
Kelliann,110
Kello,25
Kellogg,366
Kelly,403
Kelsey,68
Kelshar,62
Kelso,4
Kelson,12
Kemp,17
Kemper,66
Ken Ridge,3
Kenawee,43
Kendall,364
Kendall Wood,81
Kendrick,32
Kenilworth,18
Kenison,34
Kenmar,118
Kennebec,53
Kennedy,426
Kennekuk,11
Kennel,3
Kenneth,99
Kennett,52
Kennsington,48
Kenny,164
Kenova,16
Kensington,435
Kent,619
Kentford,59
Kenton,388
Kentucky,1313
Kenwood,301
Kenwood-Dearing,1
Kenyon,24
Kepner,10
Kerby,3
Kerman,90
Kern,4
Kerr,38
Kerri,36
Kerry,53
Kerry Lynn,25
Kerschner,91
Kessler,1454
Kestrel,66
Ketcham,3
Kettle,40
Kettle Way,28
Kevin,49
Kewley,3
Key,207
Key Largo,11
Key West,5
Keyes,20
Keys,28
Keystone,208
Keywest,167
Khedive,35
Kibbee,3
Kickapoo,506
Kickapoo Ridge,29
Kickapoo School,3
Kientz,2
Kiera,19
Kildeer,7
Kile,9
Kiles,8
Kilian,40
Kill Creek,229
Killarney,440
Killdeer,64
Killenwood,89
Kilmer,4
Kim,6
Kimbal,52
Kimball,555
Kimberlin,19
Kimberlite,18
Kimberly,212
Kimble,90
Kimos,8
Kincaid,201
Kinder,9
Kindred,18
Kineer,5
King,1760
King Arthurs,42
King Estates,6
King Fisher,4
Kingfish,6
Kingfisher,62
Kingman,407
Kings,154
Kings Court,10
Kings Cove,77
Kings Forest,134
Kings Gate,32
Kings Row,12
Kingsbury,78
Kingsley,130
Kingsmill,16
Kingsrow,90
Kingston,111
Kingsway,103
Kingswood,30
Kingwood,68
Kinkaid,342
Kinsley,5
Kinsmen,7
Kinzel Odin,20
Kinzie Jo's,102
Kiowa,1101
Kiowa Plains,33
Kipling,19
Kipp,71
Kirby,65
Kirk,40
Kirkland,11
Kirklawn,78
Kirkpatrick,5
Kirkwood,80
Kiro,24
Kirschbaum,13
Kirtner,37
Kirwin,343
Kirwin Lake,2
Kisiwa,89
Kisiwa Village,124
Kissinger,64
Kit,6
Kitch,18
Kite,174
Kitten Creek,45
Kiwi,84
Klady,9
Klamm,73
Klein,109
Klemp,73
Kling,8
Knapp,12
Knight,414
Knipp,10
Knoche,4
Knoll,55
Knollbrook,32
Knollcrest,17
Knollview,48
Knollwood,154
Knott,69
Knotted Bend,6
Knottingham,13
Knox,1273
Knoxberry,78
Knudsen,25
Koa,22
Koch,19
Koch Industrial,9
Kochia,3
Kodiak,130
Koehler,1
Koehn,64
Koelling,10
Koenigs,49
Koester,5
Kokomo,318
Kollmeyer,246
Konza Prairie,3
Koob,62
Kopp,28
Kopplin,12
Koster,82
Kouns,69
Kqnk Road,1
Kraben,8
Kraft,11
Kraig,4
Kramer,18
Krance,12
Kranker,19
Kraus,31
Krause,32
Kreckler,9
Krehbiel,36
Kreider,151
Kreipe,2
Kris,57
Krista,17
Kristen,33
Kristi,12
Kristina,3
Kross,10
Krueger,35
Krug,97
Kruse,37
Kruzen,5
Krysten,59
Ks-58,2
Ks 128,5
Ks 14,32
Ks 14 Hwy,2
Ks 181,15
Ks 27,19
Ks 58,30
Ks 9,11
Ks 99,21
KS 99,48
Ks Highway 152,65
Ks Highway 239,15
Ks Highway 3,4
Ks Highway 31,42
Ks Highway 52,61
Ks Highway 7,144
Ks Hwy 14,15
Ks Hwy 149,8
Ks Hwy 150,4
Ks Hwy 177,96
Ks Hwy 4,61
Ks Hwy 57,2
Kucera,6
Kuenzli Creek,6
Kuhn Ranch,4
Kump,120
Kuney,116
Kunkle,47
Kylee,15
Kyndra,2
L,492
L K & W,39
L4,74
L5,3
La Casa,7
La Cruz,9
La Guna,23
La Hacienda,54
La Jara,26
La Mesa,134
La Moille,30
La Quinta,7
La Salle,103
La Shelle,4
La Vista,36
Labette,437
Labrador,237
Lace,5
Lackman,713
Laclede,105
Lacy,5
Ladasa,8
Ladera,32
Lafayette,671
Lafayette/Chautauqua,2
Lagito,111
Lago,31
Lagoon,7
Laguna,209
Lahoma,18
Laing,85
Laird,3
Lajolla,5
Lake,916
Lake Alvamar,92
Lake Bedell,13
Lake Bend,23
Lake Breeze,28
Lake Cable,63
Lake Circle,2
Lake City,10
Lake Course,18
Lake Crossing,38
Lake Edge,127
Lake Elbo,51
Lake Estates,36
Lake Forest,330
Lake Front,5
Lake Haven,2
Lake Hill,11
Lake Hills,10
Lake Hollow,18
Lake Lane,6
Lake Miola,48
Lake Park,35
Lake Point,22
Lake Pointe,127
Lake Ridge,656
Lake Road,13
Lake Road 1,31
Lake Road 10,35
Lake Road 12,17
Lake Road 2,16
Lake Road 3,6
Lake Road 4,22
Lake Road 5,32
Lake Road 8,17
Lake Shore,71
Lake Terrace,1
Lake View,11
Lake Vista,59
Lakebend,1
Lakecrest,1120
Lakedale,2
Lakefront,42
Lakehurst,28
Lakeland,216
Lakelane,28
Lakepoint,124
Lakepoint Way,13
Lakeridge,196
Lakeshore,575
Lakeshore (BRHID),10
Lakeshore East,44
Lakeshore South,35
Lakeshore West,138
Lakeside,1252
Lakeside (UPID),3
Lakestone,57
Lakeview,2467
Lakeview (UPID),18
Lakeway,209
Lakewind,63
Lakewood,565
Lakewood Hills,45
Lakewynds,34
Lakin,270
Lakonia,2
Lakota,76
Lala,12
Lalande,12
Lamar,1937
Lamb,18
Lambertson,18
Lambsdale,12
Lamer,2
Lamm,5
Lamont,14
Lamonte,82
Lamoreux,4
Lamp,47
Lamplighter,42
Lamson,24
Lamton,15
Lana,45
Lancaster,222
Lance,33
Lancelot,49
Land,24
Landauer,97
Landis,5
Landmark,12
Landon,481
Landscape,5
Landsdown,27
Lane,661
Lane-Ness,2
Lane-Scott,2
Lane A,22
Lane B,10
Lane C,2
Lane D,6
Lane E,3
Lane F,2
Lane H,1
Lane L,2
Lane M,7
Lane N,13
Lane O,18
Lane Oo,12
Lane P,27
Lane Q,29
Lane R,10
Lanesfield,102
Lang,83
Langdon,41
Langley,90
Langley Point,2
Langston,20
Langton,35
Lankford,130
Lanners,46
Lansdown,25
Lansdowne,1
Lansing,9
Lantana,42
Lantern,8
Lantern Lane,48
Lantz,4
Lanyon,35
Lapsley,45
Laramie,714
Larch,40
Laredo,2
Lariat,122
Lariat Place,6
Lariat/Elk City,4
Larimer,118
Lario,32
Larissa,37
Lark,702
Larkin,74
Larkinburg,32
Larkmore,6
Larkspur,195
Larned,119
Larrabee,18
Larry,41
Larsen,1019
Larson,199
Lasalle,7
Lash,27
Lasha,7
Lasita,15
Lasley,92
Lasota,13
Lasswell,9
Last Chance,59
Laswell,14
Latham,17
Lathrop,279
Latzke,1
Lauber,84
Lauden,14
Lauderbach,1
Laughlin,137
Laura,784
Laurel,705
Laurel Canyon,9
Laurel Cove,16
Laurel Point,12
Laurelwood,207
Lauren,33
Laurence,18
Laurens,20
Laurent,22
Laussac,68
Lavender,145
Lavern,38
Laverty,13
Lavon,12
Lawless,1
Lawndale,152
Lawrence,1848
Lawson,65
Lawton,98
Layton,301
Lazette,9
Lazy,70
Lazy Brook,80
Lazy Creek,78
Lazy Day,24
LE 1st,7
LE 3rd,5
Le Mans,104
Le Mar,13
LE Walnut,3
Lea,26
Lea Ann,3
Leach,11
Leafy,2
Leah,3
Leahy,15
Lealand,14
Leander,34
Leann,1
Leanne,23
Lear,12
Learjet,12
Learnard,183
Leasure,6
Leavell,6
Leavenworth,1418
Leawood,69
Lebow,5
Leckliter,37
Lecluyse,21
Lecompton,91
Lecomte,5
Leddy,12
Ledge Stone,45
Ledgebrook,2
Ledgestone,90
Ledgestone Ridge,46
Lee,1004
Lee Mill,17
Lee/elgin,7
Leeanne,57
Leech,1
Leecrest,39
Leed,31
Leedy,72
Leeman,12
Lees Circle,47
Leeview,83
Leewood,36
Lefever Heights,5
Legacy,60
Legend Trail,125
Legends,124
Legends View,34
Legion,139
Legionville,8
Legler,481
Legore,23
Lehmer,24
Leidigh,5
Leigh,48
Leighton,144
Leighty,9
Leiker,25
Leisure,15
Leisurely,37
Leiter,13
Leitner,2
Leland,144
Leloup 3rd,12
Leloup 5th,12
Leloup Elm,1
Leloup Kansas,8
Leloup Oak,6
Leloup Willow,2
Lemaja,15
Lemmon,4
Lemon,21
Lena,57
Lenau,4
Lenexa,29
Lennox,606
Lenora Road,3
Lenox,30
Leo,85
Leoma,6
Leon,3
Leona,33
Leona's Sunset,6
Leonard,258
Leonard St - Hamlin,1
Leonas Sunset,2
Leone,33
Leone Ridge,38
Leonine,286
Leopard,3
Leprechaun,43
Lerado,35
Leroy,13
Leslie,109
Lesmer,34
Lester,27
Lester-Tyro,1
Letourneau,2
Letter Rock,6
Levee,1
Levering,36
Leverton,6
Levi,6
Levitt,72
Levy,5
Lewark,38
Lewellen,110
Lewelling,154
Lewerenz,30
Lewis,884
Lewis Blvd - Flintview,46
Lewis Odin,5
Lewis Wilson,45
Lexi,37
Lexington,421
Leyden Ridge,36
Liam,2
Libbey,2
Libel,35
Liberty,744
Liberty Hall,68
Libra,42
Lichen,44
Lichtenauer,464
Lieunett,42
Liggett,51
Lighter,2
Lighthouse,57
Lightner,118
Lightning Bug Knoll,8
Lightville,61
Lila,2
Lilac,334
Lili,25
Lillian,4
Lilly,24
Lily,61
Lily Creek,9
Lime,168
Limerick,104
Limestone,433
Limestone Ridge,36
Limit,313
Limuel,408
Lin,9
Lina,2
Linchell,2
Lincoln,7260
Lincoln St,2
Lincoln Terr,2
Lincolnshire,303
Lincolnville,6
Lind,174
Linda,236
Linda Jean,32
Linda Piper,6
Lindas,2
Lindberg,162
Lindbergh,8
Lindblad,25
Lindburg,60
Linden,2504
Linden Reserve,37
Lindenwood,668
Linder,7
Lindley,28
Lindsay,92
Lindsborg,40
Lindsey,74
Lindwood,14
Lindy,1
Line,72
Lines,5
Lingle,68
Lingonberry,20
Liniger,11
Link,25
Links,97
Linksland,55
Linn,395
Linn Valley,97
Linn Woods,5
Linnet,2
Linville,10
Linwood,421
Lioba,127
Lion,3
Lions,4
Lisa,126
Listerscheid,3
Litchfield,320
Litson,30
Little,184
Little Cedar Creek,4
Little Egypt,1
Little Fork,5
Little Jay,4
Little Kitten,183
Little Knife,19
Little Lowe,15
Little Mennonite,4
Little Noxie,3
Little Pond,11
Little River,2
Live Oak,31
Live Oaks,2
Liveoak,21
Living Water,9
LL,8
LL&G,15
Llandovery,32
Llara,9
Lloyd,184
Lloyd Stearman,26
Lloyds,6
Lobdell,47
Loch Lommond,65
Loch Lomond,93
Locharno,32
Lochenshire,20
Lochinbar,18
Lochinvar,100
Locine,9
Lockard,17
Locke,18
Lockett,68
Lockhart,36
Lockhart Ranch,1
Lockmoor,167
Lockridge,102
Lockstone,12
Lockton,110
Lockwood,192
Loconia,15
Locust,4159
Locust Galatia,8
Locust Grove,29
Lodge,19
Loeppke,10
Loewen,3
Logan,1416
Logan-Idana,4
Logeman,38
Loges,27
Loire Creek,8
Loiret,144
Lois,125
Lois Ln,3
Lola,10
Lolly,20
Loma,10
Loma Ridge,25
Loma Vista,25
Lombard,80
Lombardy,22
Lomond,8
London,6
Londondery,45
Lone Elm,437
Lone Oak,7
Lone Star,215
Lone Tree,23
Lonergan,4
Lonesome,13
Lonesome Dove,7
Lonetree,20
Long,1673
Long Creek,18
Long Parkway,5
Long Path,120
Long View,101
Longbranch,381
Longfellow,296
Longfield,7
Longford,312
Longhorn,235
Longlake,127
Longlane,18
Longleaf,153
Longmont,68
Longspur,9
Longstreet,14
Longview,628
Longwood,319
Lonna,41
Lookout,517
Lookout Point,6
Looman,165
Loomis,237
Loop,1
Loop 21,2
Loper,13
Lorain,32
Loraine,46
Lord,118
Lord Nelson,18
Loren,5
Lori,271
Lorianna,14
Loring,275
Lorna,38
Lorraine,946
Lost,43
Lost Creek,238
Lost Hills,56
Lost Lake,49
Lost River,10
Lostine,145
Lott,52
Lotus,292
Lou Ann,17
Lou Lou,67
Lou Martin,4
Louis,54
Louis Vieux,12
Louisa,43
Louise,108
Louisiana,774
Louisville,53
Loula,481
Loux,43
Lovejoy,7
Lovers,53
Low,3
Low Water North,10
Lowe,117
Lowell,1774
Lowemont,15
Lowenberg,6
Lower Brick,6
Lower Budden,2
Lower Canyon,2
Lower Dam Road,12
Lower McDowell,64
Lower Silver Lake,118
Lowery,10
Lowman,105
Lowry,45
LP,8
Lucien,40
Lucille,590
Lucky,20
Lucky2,3
Lucy,122
Lucy Montgomery,139
Ludell,5
Lue,47
Luella,15
Luke,8
Lull,14
Lulu,636
Lundin,127
Lundman,31
Luning,15
Luray,19
Lure,7
Lusardi,5
Lust,10
Luther,192
Luttig,3
Lycee,249
Lydia,519
Lyle,93
Lyman,649
Lynch,106
Lynda,26
Lyndon,97
Lynn,250
Lynndale,179
Lynne,48
Lynnewood,5
Lynnhurst,63
Lynnrae,174
Lynns,14
Lynnwood,67
Lynwood,142
Lynx,97
Lyon,422
Lyons,75
Lyons Creek,66
Lyter,7
Lytle,2
M,488
M 50,6
M4,25
M5,27
M50,15
Ma Hush Ka,8
Mabel,32
Maby,5
Mac,13
MacArthur,1947
MacDonald,9
MacFarlane,5
MacGillivray,20
MacGrantwood,16
MacInnes,4
Mack,14
Mackenzie,28
MacKenzie,25
Mackey,1079
Mackie,8
MacKintosh,11
Maclean,9
MacLeod,26
MacNaughten,10
Macon,10
Macvicar,641
Macy Place,12
Madapalla,31
Madden,7
Maddox,13
Madeline,83
Madigan,6
Madison,3747
Madison Creek,10
Madore,54
Maggie,81
Magic Circle,42
Magill,110
Magnolia,947
Magpie,3
Magruder,6
Mahaffie,289
Mahan,1
Mahoney,16
Maiden,14
Main,18335
Main- Industry,1
Main-Imes,5
Main-Lovewell,2
Main-Oak Hill,2
Main (Big Bow),4
Main (Fellsburg),3
Main (zook),1
Main Beaver,2
Main Cairo,1
Main Cullison,13
Main Detroit,15
Main Dundee,3
Main Elmo,1
Main Fairport,7
Main Galatia,4
Main Heizer,1
Main Lake,5
Main St,49
Main St-Latimer,5
Main St-Parkerville,11
Main St - Padonia,3
Main St - Reserve,4
Main St Munjor,39
Main Street,9
Main Susank,4
"Main, Angola",9
"Main, Valeda",2
Main/Elgin,2
Maine,271
Mainline,15
Mainsgate,839
Maise,6
Maitland,17
Maize,1226
Majestic,85
Major Jenkins,9
Malcolm,190
Maldonado,3
Malgretout,1
Malibu,9
Mallard,138
Mallory,30
Malloy,84
Malone,40
Malpaso,20
Malstead,18
Malwood,8
Mamie,20
Manana,4
Manchester,476
Mandalay,18
Mandell,19
Mandy,21
Mandy Tr,3
Manhattan,326
Manitoba,9
Manitowoc,13
Manley,10
Manlo,30
Manly,30
Mann,49
Mann/Hewins,3
Manning,78
Manns Ranch,4
Manor,930
Manorcrest,102
Mansfield,183
Mantane,50
Manter Grade,8
Maple,7549
Maple Crest,46
Maple Dunes,181
Maple Grove,127
Maple Hill,35
Maple Hollow,3
Maple Labette Cty,3
Maple Leaf,25
Maple Park,6
Maple Ridge,42
"Maple,Labette City",2
Maplecrest,22
Maplewood,204
Mar Le,3
Marais,105
Maralane,37
Marble,15
Marblecrest,73
Marblefalls,186
Marboeuf,1
Marc,160
Marcella,63
Marcia,2
Marcilene,111
Marco,23
Marcye,17
Mardie,9
Mardis,19
Mareta,25
Maretta,17
Margaret,27
Marge,15
Margie,26
Margo,10
Margot,2
Margrave,262
Marguerite,55
Maria,37
Mariadahl,8
Mariah,24
Marian,40
Marian - Flintview,9
Marie,68
Mariellen Hickok,3
Marigold,80
Marilee,103
Marilla,24
Marilyn,20
Marina,8
Mariner,47
Marion,1189
Mariposa,75
Maris,15
Marjorie,293
Mark,30
Mark Allen,65
Mark Blair,19
Mark Randal,7
Mark Twain,60
Market,2008
Market - E Schallenkamp Hall,1
Market - N Schallenkamp Hall,3
Market - S Schallenkamp Hall,1
Market St - Reserve,18
Market St - S Twin Towers Esu,2
Market St. - N Twin Towers Esu,6
Market St. - Trusler Esu,4
Markley,6
Markley Trail,5
Marks,84
Marksdale,27
Marla,56
Marland,34
Marlatt,195
Marlatt Hall,65
Marlboro,130
Marlen,142
Marlette,1
Marlin,128
Marmaton,74
Marold,10
Marple,59
Marque Hill,31
Marquette,20
Marriott,25
Mars,274
Marsh,65
Marsha,106
Marshal,14
Marshall,574
Marston,19
Mart-Way,287
Marten,10
Martens,58
Martha,87
Martin,608
Martin L King,42
Martin Luther King,105
Martin Luther King Jr,72
Martindale,108
Martinek,1
Martinson,487
Martinwood,23
Martway,147
Marty,1217
Marvin,53
Marvonne,86
Marxen,47
Mary,691
Mary Etta,52
Mary Kendal,23
Mary Lane,3
Mary Ruth,18
Maryland,375
Marymount,87
Marys,18
Mascareno,3
Masche,25
Mascot,140
Mashie,7
Mason,103
Mason Ridge,33
Massachusetts,863
Massasoit,20
Massey,10
Massey Ferguson,5
Masters,31
Masterson,1
Mastin,1260
Matador,14
Mathes,3
Mathews,10
Mathewson,129
Matlock,28
Matney,65
Matson,71
Matt,44
Matt Down,44
Matter,16
Matthew,72
Mattson,4
Maud,16
Maupin,186
Maurer,980
Maurine,1
Maus,109
Mava,13
Maverick,150
Max,53
Maxfield,73
Maxine,9
Maxine Williams,8
Maxwell,376
May,490
May Day,13
Maya,10
Maybelle,110
Mayes,19
Mayfair,192
Mayfield,245
Maynard,35
Mayo,76
Mays,32
Maywood,323
Mc Arthur,4
Mc Atee,19
Mc Guire,43
Mc Gurk,48
Mc Kinley,23
Mc Rae,49
Mc Roberts,19
McAdam,61
McAdams,78
McAdoo,15
Mcalister,179
McAnany,50
McArthur,20
McArtor,124
McBean Ln - Dearing,6
McBrathney,31
McBride,18
McCabe,19
McCaffree,28
McCain,116
Mccall,11
McCall,103
McCandless,70
McCardell,3
Mccarter,4
McCartney,19
McCarty,27
McCaskey,89
Mccaustland Rd #1,17
Mccaustland Rd #2,17
McClain,17
McClaren,12
McClellan,115
McClelland,28
McCleverty,22
McCloud,58
McClung,4
Mcclure,114
McClure,52
McCollum,60
McComas,487
McCormack,128
McCormick,640
Mccoy,2
McCoy,586
McCracken,6
Mccray,42
McCune,8
McCurry,4
McDanield,15
McDonald,144
McDowell,51
McDowell Creek,79
McElfresh,6
Mcfarland,48
McFarland,160
McFarland Frontage,6
McGarty,11
McGavern,4
McGee,76
McGeorge,67
McGerty,2
McGinley,3
Mcginnis,47
McGlachlin,1
McGraw,15
McGrew,16
McGuire,3
McIntosh,27
Mcintyre,255
McIntyre,4
McIntyre Creek,10
McKahn,5
McKay,178
McKeage,16
McKean,5
McKee,15
McKenna,28
Mckenzie,6
McKenzie,33
McKimmons,7
Mckinley,78
McKinley,294
McKinley Lake,11
McKinney,66
McKnight,81
McLain,53
McLaughlin,21
McLean,316
McLeod,24
Mclouth,190
Mcmahan,28
McManes,1
McManus,20
McMillin,69
McMindes Hall,31
McNair,25
McNay,3
McNeal,2
Mcnew,52
McNulty,9
Mcpherson,5
McPherson,189
McQuary,6
McRae,119
McReynolds,33
McVey,2
McVicker,3
Mead,301
Meade,402
Meade Center,65
Meadow,2686
Meadow Acres Trlr,1
Meadow Brook,21
Meadow Creek,44
Meadow Crest,33
Meadow Grove,24
Meadow Height,173
Meadow Hill,15
Meadow Knoll,235
Meadow Lake,29
Meadow Lane,13
Meadow Lark,48
Meadow Oaks,125
Meadow Park,263
Meadow Pass,259
Meadow Ridge,39
Meadow View,323
Meadowbrook,971
Meadowbrooke,97
Meadowdale,12
Meadowhaven,98
Meadowlake,133
Meadowlane,3
Meadowlark,2528
Meadowlark Lne,6
Meadowmere,7
Meadowood,50
Meadows,17
Meadowsweet,287
Meadowvale,49
Meadowview,245
Meagher,17
Mechanic,323
Medford,434
Medicine,18
Medinah,30
Medora,46
Meeds,39
Meek,42
Meeker,35
Meeks,21
Megan,62
Meier,9
Meikle,34
Meir,6
Melanie,53
Melba,14
Melba Drive,37
Melbert,12
Melencamp,104
Melgren,3
Melholland,114
Melissa,16
Melissa Vue,44
Mellane,1
Mellard,10
Mellier,23
Mellinger,57
Mellott,110
Melody,316
Melrose,1654
Mels,14
Melvern Lake,2
Melvin,93
Memorial,2
Memory,166
Memphis,45
Mendicki,1
Mendota,1
Mendoza,18
Menke,11
Menlo,186
Menninger,71
Mennonite,22
Menoken,88
Menor,77
Mentlick,24
Mentor,142
Merced,46
Mercer,27
Merchant,438
Merchants,19
Mercier,40
Mercury,122
Meredith,15
Meribeau,256
Meriden,398
Meriden Heights,11
Meridian,2195
Merion,144
Meriwood,104
Merle Evans,12
Merlins Glen,14
Mermis,4
Merriam,103
Merridale,30
Merrill,134
Merrily,66
Merrimac,35
Merritt,8
Merton,146
Mesa,148
Mesita,76
Mesquite,289
Mesquito Creek,46
Messenger,29
Messer,112
Metcalf,2694
Metro,237
Metropolitan,508
Mettee,47
Metzler,4
Mexico,9
Mexitli,7
Meyer,110
Meyers,5
Miami,894
Michael,147
Michaelis,16
Michaelis Terr,1
Michaels,58
Michals,51
Michele,25
Michelle,279
Michigan,1817
Mickey,5
Microlite,10
Mid States,2
Midas,3
Middle,170
Middle Creek,26
Midian,6
Midland,352
Midlland,2
Midway,42
Mifflin,57
Mikann,1
Mike,81
Mike-O-Vince,35
Mike Oatman,30
Mikes,63
Milan,56
Milcon,3
Mildfelt,5
Mildred,27
Miles,171
Miles Walk,1
Miley,7
Milford,39
Milford Lake,52
Milhaven,98
Military,232
Military Camp,9
Military Trail,114
Militia,10
Milkweed,3
Mill,843
Mill Cove,13
Mill Creek,163
Mill Fairport,2
Mill Knoll,9
Mill Point,73
Mill Stream,29
Mill Valley,46
Millair,7
Millbrook,398
Millcrest,1
Millcrest Acres,6
Miller,525
Millers,27
Millers Cove,28
Millers Glen,56
Millington,103
Millpond,12
Millridge,612
Millrun,83
Mills,268
Millsap,53
Millsboro,81
Millstead,9
Millstone,447
Millview,301
Millwood,888
Milner,71
Milo,66
Milro,25
Milstead,354
Milstock,25
Milton,170
Mimosa,136
Mina,6
Mincer,13
Mindrup St,3
Mine Creek,16
Mineral,48
Mineral Point,49
Mineral Springs,12
Mingona,5
Minihan,7
Minisa,28
Mink,86
Minneapolis,847
Minneha,35
Minnehaha,24
Minneola,81
Minnesota,1566
Minnetare,25
Minnie,161
Mintons,14
Mirabella,38
Mirage,8
Miramar,24
Miriam,1
Miros,25
Misner,4
Missile Base,18
Mission,2962
Mission Belleview,245
Mission Creek,32
Mission Hills,17
Mission Ridge,126
Mission Valley,19
Mission Woods,120
Missionview,8
Mississippi,337
Missouri,1012
Mistletoe,40
Misty,2
Misty Bluffs,18
Misty Harbor,182
Mitchell,312
Mitchell Prairie,7
Mize,174
MJ,19
Moberly,18
Mobile,11
Moccasin,88
Mocha,5
Mockingbird,459
Mockingbird Hill,2
Moderwill,1
Modoc,24
Moehlman,8
Moeller,7
Moffit,5
Mohave,16
Mohawk,1920
Mohawk West,32
Mohlman,13
Mojave,21
Mojave West,37
Mollie,2
Molly Mall,39
Molton,5
Mona,255
Monarch,120
Money,276
Monhollon,54
Monnet,18
Monninger,10
Monroe,2334
Monroe Ave,1
Monrovia,1707
Montana,380
Montandon,5
Montara,66
Montara Northway,40
Montbella,63
Montclair,47
Montclaire,329
Montebello,27
Montecito,38
Monterey,589
Monterey Hill,18
Montezuma,62
Montgomery,235
Monticello,124
Montrose,198
Monument,143
Moodie,6
Moody,43
Moody Park,165
Moodyville,8
Moon,43
Moonbug,21
Mooney,4
Mooney Creek,18
Moonglow,29
Moonlight,607
Moore,40
Moore's,5
Moore Hall,55
Moorefield,19
Moores,20
Moorish,4
Moorlands,13
Moose,7
Moose Run,13
Moosewood,14
Mopac,8
Morehead,2
Moreland,1
Morelock,9
Morford,8
Morgan,527
Morgantown,97
Morland,19
Morley,79
Mormon Trail,1
Morna,7
Morning,8
Morning Deer,52
Morning Dew,86
Morning Dove,177
Morning Glory,49
Morningdale,18
Morningside,765
Morningview,57
Moro,198
Morphy,82
Morrell,16
Morrill,112
Morris,660
Morrison,153
Morrowville,10
Morse,225
Morse Dr. - Morse Hall Esu,6
Morton,338
Mosaic,10
Moscelyn,92
Moscony,4
Moscoso,6
Moscow,30
Moses,7
Mosher,31
Mosiac,5
Mosier,19
Moske,31
Mosley,423
Moss,11
Moss Rose,38
Moss Wood,50
Mossman,92
Mossy Stone,13
Mott,2
Motter,17
Motz,55
Mound,356
Mound Ridge,7
Mound Ridge (UPID),7
Moundridge,120
Moundview,584
Mount Hope,56
Mount Zion,4
Mountain,39
Mountain Ash,20
Mountain Hill,1
Mourn,24
Mourning Dove,42
Mowbray,30
Moy,126
Moyer Ranch,3
Moylan,3
Moyle,134
Moyne,13
Mt Barbara,21
Mt Brier,15
Mt Calvary,74
Mt Carmel,773
Mt Mitchell,24
Mt Olivet,122
Mt Pleasant,40
Mt Vernon,666
Mt Zion,29
Mucho Gusto,11
Mud Creek,7
Muddy,7
Muir,78
Muirfield,153
Mulberry,2181
Mulberry Creek,21
Mule,12
Mulford,25
Mullen,1017
Mulligan,34
Mullins,12
Mulvane,451
Mumford,13
Muncie,99
Muncy,10
Mund,81
Mundell,38
Munden,7
Munger,12
Munjor,75
Munkers Creek,25
Munnell,63
Munson,161
Munson Hill,84
Mur-Len,131
Murdock,612
Murifield,4
Murphy,111
Murray,489
Murrow,45
Muse,20
Musgrave,17
Musil,34
Muskatoh,1
Musket,8
Mussey,1
Mustang,390
Myers,241
Myers Valley,27
Myles,37
Myra,11
Myran,23
Myrna,26
Myrtle,410
Myrtlewood,35
Myrza,2
Mystery,8
Mystic,7
Mystic Lakes North,21
Mystic Lakes South,28
Mystic Valley,26
N,476
N 2nd,3
N 3rd,5
N 4th,1
N 50,2
N1,26
N2,29
N5,2
N9,2
Nabocaho,2
Nabocoho,5
Nadeau,43
Nail,72
Naismith,88
Nakomis,14
Nall,1080
Nancy,161
Nantucket,472
Naples,40
Naroma,3
Naron,4
Narrow,4
Nash,48
Nashville,5
Nassau,22
Natalie,41
Natalini,17
Nathan,14
Nation,32
National,292
Native,177
Natoma,14
Nature,129
Naught,17
Naughton,36
Nautical,22
Navaho,303
Navajo,647
Navajo West,81
Navarre,107
Navillus,8
Navy,1
Neal,165
Nearman,12
Nebraska,1216
Necole,17
Neconi,81
Needle,3
Neef,17
Neely,10
Neff,17
Nehring Branch,11
Neil,81
Neill,36
Neligh,2
Nellie,22
Nelson,696
Nelson's,62
Nemaha,211
Neosho,1020
Neptune,28
Ness,319
Ness County Line,12
Netherland,33
Nettleton,201
Neuchatel,27
Neumann,13
Neva,18
Nevada,569
Neville,74
New,110
New Albany,7
New Boston,18
New Castle,12
New Forest,76
New Hampshire,607
New Jersey,967
New Lancaster,163
New Lawrence,107
New London,58
New Mexico,8
New Spring,44
New York,895
Newberry,230
Newbury,112
Newcastle,54
Newcombe Galatia,2
Newell,157
Newfield,1
Newfoundland,105
Newkirk,2
Newman,125
Newport,80
Newstead,5
Newton,1210
Niagara,75
Niblick,40
Nicholas,43
Nichols,186
Nicholson,69
Nicimi,22
Nickel,55
Nickell,69
Nickelton,113
Nickerson,216
Nicklaus,184
Nicole,96
Nicollete,26
Niederacher,5
Nieman,1058
Niemeth,2
Nietzel,14
Nigel,19
Nighthawk,194
Nightingale,2
Nightsky,7
Niles,67
Nims,190
Nina,29
Nine Iron,12
Nineiron,134
Nineth,4
Ninnescah,139
Ninth,438
Nipp,29
Nipper,47
Niquette,2
Nishnabe,8
Nite,15
Nixon,32
Nixs Peak,10
Noble,627
Noel,13
Nogard,168
Noheart,9
Noland,1605
Nolen,29
Nonnamaker,23
Nora,22
Noreston,325
Norfolk,152
Norkay,7
Norlin,2
Norma,7
Normal,84
Norman,75
Normandy,644
Norris,157
North,1248
North 10th,39
North 2nd,11
North 3rd,5
North 4th,6
North Ark,16
North Berwick,7
North Branch,19
North Cedar,20
North County,33
North Crest,23
North Dakota,53
North Ferris,4
North Forest,2
North Fork,8
North Front,2
North Glen,7
North Harvest,1
North High,144
North Hills,67
North Homestead,1
North Lake,123
North Lake Road,1
North Links,2
North Loop,3
North Park,46
North Park Lane,5
North Point,69
North Pointe,48
North Ridge,12
North Rock Creek,5
North Shore,266
North St-Latimer,1
North St.,1
North Valley,39
Northboro,13
Northbrook,34
Northcourt,32
Northcrest,16
Northeast,74
Northern,61
Northern Heights,9
Northern Sky,23
Northfield,201
Northfork,1
Northgate,20
Northglen,62
Northpoint,14
Northpointe,22
Northridge,421
Northrup,112
Northshore,36
Northstar,80
Northview,310
Northwest,153
Northwest Pkwy,15
Northwestern,113
Northwick,16
Northwind,162
Northwind Lane,7
Northwing,27
Northwood,301
Norton,350
Norton Creek,6
Norway,2
Norwood,810
Notre Dame,16
Nott,20
Notting Hill,12
Nottingham,531
Nova,21
Novak,41
NT Wright,8
Nueva,8
Nugget,13
Nunley,2
Nunn,36
Nutmeg,97
Nutting,41
O,452
O'Daniel,37
O'donnell,1
O'Neal,3
O'neil,294
O Loughlin,24
O4,20
Oak,5224
Oak Bend,55
Oak Country,91
Oak Creek,16
Oak Crest,194
Oak Forest,122
Oak Grove,366
Oak Haven,19
Oak Hill,101
Oak Hill Cemetery,4
Oak Hills,9
Oak Knoll,6
Oak Leaf,53
Oak Manor,52
Oak Meadows,54
Oak Park,71
Oak Pass,8
Oak Point,13
Oak Ridge,267
Oak Shores,9
Oak St,14
Oak Street,9
Oak Tree,139
Oak Valley,76
Oak View,17
Oak Wood,3
Oakbrook,122
Oakcrest,147
Oakdale,235
Oakhill,63
Oakland,843
Oakland/Chautauqua,2
Oaklane,72
Oaklawn,51
Oakleaf,27
Oakley,431
Oakmont,878
Oakmount,80
Oakridge,221
Oakshire,35
Oaktree,38
Oakview,1002
Oakwood,651
Oasis,57
Oat,79
Obee,103
Ober,36
Obsidian,55
Ocala,80
Ocean,17
Ocheltree,114
Ocieo,30
Ode,5
Odell,103
Odessa,146
Oeding,13
Office,2
Ogden,49
Ogee,2
Ogg,28
Ohio,3426
Ohio Happyland,1
Ohio Street,258
Oil Center,5
Oil Hill,19
Ojai,6
Ojibwa,26
Ok Corral,1
Oklahoma,394
Okmulgee,26
Okra,5
Ola,13
Olaf,4
Olathe,16
Olathe View,72
Olcott,21
Old-50,129
Old 24,12
Old 40,63
Old 56,67
Old 75,7
Old 75 Hwy,4
Old 77,13
Old 81,144
Old 99,3
Old Campbell Park,4
Old Colony,21
Old Colony Welda,9
Old Farm,9
Old Farm Estates,96
Old Flat Mile,2
Old Goat Ranch,3
Old Highway 4,10
Old Highway 50,74
Old Highway 54,8
Old Highway 96,5
Old Hwy 13,21
Old Hwy 166,10
Old Hwy 18,30
Old Hwy 254,2
Old Hwy 4,63
Old Hwy 40,198
Old Hwy 50,40
Old Hwy 57,2
Old Hwy 75,13
Old Indianola,7
Old K C,210
Old K10,67
Old K18,15
Old K4,8
Old K61,22
Old K7 Hwy,55
Old Kansas 61,2
Old Kiowa,11
Old Lawrence,37
Old Log House,16
Old Lovers,6
Old Main,239
Old Manor,977
Old Milford,116
Old Mill,237
Old Oak,15
Old Ox,27
Old Post,64
Old Salem,25
Old Sante Fe,3
Old Settlers,18
Old Spring,66
Old Stage,20
Old Stone Church,5
Old Stone Fort,4
Old Trail,76
Old Us-83,14
Old Us 40,3
Old Us Highway 81,7
Old Us Hwy 56,13
Old Victory,5
Old Wick,25
Old Willow,1
Old Woodland,2
Olde Creek,39
Oldham,2
Olds,15
Oldweiler,62
Oleva,2
Olinger,3
Olive,1977
OLIVE,1
Olive St Galatia,3
Oliver,1755
Oliver's,31
Oliver Creek,3
Olivet,2
Olivette,57
Olivia,41
Olivia Dancing,19
Oller,5
Olsen,6
Olsson,13
Olympia,30
Olympic,67
Omaha,86
Omega,2
Omega Ranch,5
Omey,1
Omio,7
Omnia,9
Onaga,68
Onaga Bypass,2
Onega,4
Oneida,160
Oneonta,1
Onewood,374
Ontario,33
Onyx,21
Opal,114
Opelik,9
Ora,45
Orahood,4
Orange,257
Orange St-Parkerville,4
Orchard,611
Orchid,15
Oread,11
Oregon,512
Oregon Trail,100
Orene,8
Orient,119
Oriole,48
Orlando,3
Orleans,162
Orme,207
Oronoque Road,1
Orosco,21
Ortega,69
Orth,14
Ortiz,3
Orville,518
Osa Martin,42
Osage,3559
Osage/Elgin,4
Osawatomie,193
Osborn,208
Osborne,310
Osbun,95
Osburn,3
Oscar,78
Osie,205
Osprey,60
Ossipee,1
Ostergard,2
Ostrich,1
Otero,17
Otis,55
Otoe,57
Ott,11
Ottawa,1066
Otter,4
Otter Branch,18
Otter Creek,54
Otter Lake,3
Otto,98
Otto Ranch,4
Ottumwa,25
Otway,12
Ousdahl,379
Outland,16
Outlaw,13
Outlook,2068
Outpost,10
Outwest,11
Overbrook,1122
Overbrooke,51
Overhill,497
Overland,694
Overland Park,39
Overland Trail,40
Overlook,602
Overly,1
Overton,9
Overview,8
Owen,67
Owens,23
Owl,1
Oxberry,42
Oxbow,37
Oxen,52
Oxford,1394
Oxfordshire,36
Oxide,27
Oxtown Drive,2
Oyler,9
Oz,8
Ozark,124
P,501
P 50,3
P3,12
P4,27
P50,3
Pace,8
Pace Arrow,8
Pacific,456
Pack,45
Packer,14
Padbury,16
Paddington,112
Paddleboat,10
Paddock,29
Paddock Green,122
Paganica,42
Paganica Plaza,22
Page,156
Pageant,8
Pagent,56
Pagoda,21
Pahlman,3
Paige,114
Paine,115
Paint,48
Paint Pony Trail,11
Palace,22
Palamino,3
Palermo,23
Palisade,378
Palisades,50
Palm,54
Palm Springs,18
Palm Valley,8
Palmberg,62
Palmer,363
Palmetto,178
Palmyra,16
Palo Alto,19
Palo Verde,38
Paloma,4
Palomino,86
Palos Verdes,53
Pama Lou,27
Pamela,99
Pampas,17
Pancake,65
Paney Circle,11
Paney Village,1
Panorama,80
Panther,5
Paola,19
Papoose,6
Pappas,28
Par,362
Par Three,4
Paradise,181
Parakeet,1
Parallel,1633
Paramore,29
Paramount,69
Parish,185
Parish Place,10
Park,6062
Park Glen,112
Park Grove,71
Park Hill,74
Park Hills,10
Park Hollow,28
Park IV,1
Park Lane,137
Park Place,72
Park Row,11
Park Shire,7
Park South,129
Park Ten,29
Park Valley,2
Park View,3
Parkdale,823
Parke,19
Parker,780
Parkerville,8
Parkhill,953
Parkhurst,49
Parkinson,1
Parklane,112
Parkmont,120
Parkridge,823
Parks,26
Parkside,474
Parkview,1240
Parkway,648
Parkwood,1523
Parliament,21
Parlington,26
Parma Way,126
Parman,25
Parmenter,49
Parnell,7
Parr,10
Parrish,43
Parrot,10
Parsons,52
Partridge,209
Pasadena,151
Pascal,16
Paschall,14
Paseo,81
Paseo Madre,15
Patch,5
Patio,26
Patricia,116
Patrick,27
Patrick Henry,41
Patriot,231
Pats,76
Pattern,4
Patterson,148
Patti,2
Pattie,662
Patton,125
Patty,32
Paul,52
Paul's,3
Paul & Mary,1
Paul Revere,2
Paula,65
Paulen,378
Pauline,17
Pauling Run,20
Pavilion,29
Pavillion,14
Paw Paw,20
Paw Paw Creek,11
Pawhuska,11
Pawnee,3267
Pawnee Bluff,179
Pawnee East,5
Pawnee Valley,16
Paxico,58
Payne,763
Payton,24
Pdra Lane,6
Peabody,81
Peace,78
Peaceful,3
Peach,238
Peach Grove,14
Peach Tree,235
Peachtree,39
Peachwood,67
Peak,19
Pear,138
Pear Tree,18
Pearce,46
Pearl,809
Pearl-Oak Hill,4
Pearl - Parkerville,10
Pearlette,86
Pearline,29
Pearly Jane,35
Pearson,66
Pebble,232
Pebble Beach,213
Pebblebrook,257
Pebblecreek,75
Pebblestone,20
Pecan,470
Pecan Valley,17
Pecanwood,56
Peck,306
Peckham,280
Peco,1
Pecos,35
Peddicord,6
Pefley,20
Peggy,10
Pelican,5
Peltiers Way,14
Pembroke,727
Pembrook,289
Penalosa,3
Pence,6
Pendleton,55
Penley,48
Penn,313
Penner,77
Pennington,51
Pennsylvania,2050
Penny,14
Pennycress,55
Pennycross,53
Penobscot,29
Penrose,889
Penstemon,162
Pentwood,19
Penway,1
Peoria,346
Pepper Hill,5
Pepper Ridge,405
Pepper Tree,171
Peppercorn,61
Peppermill,114
Peppertree,116
Pepperwood,324
Perch,5
Peregrine,136
Perezosa,36
Perimeter,130
Periwinkle,61
Perrier,7
Perrill,1
Perry,1971
Perry Park,3
Perry View,12
Perryton,171
Pershing,1667
Persimmon,360
Persimmon View,12
Perth,42
Peru,2
Pesavento,27
Peter,11
Peter Pan,1
Peterman,24
Peters,32
Petersburg,12
Peterson,283
Petit,4
Petroleus,4
Petticoat,3
Petzold,63
Peyton,111
Pfeifer,28
Pfister,6
Pflumm,1491
Pheasant,332
Pheasant Ridge,112
Pheasant Run,114
Phelps,27
Philadelphia,36
Philete,4
Phillips,353
Phillips Creek,11
Phipps,2
Phlox,18
Phoebe,12
Phyllis,56
Piankishaw,173
Piatt,631
Picadilly,24
Picayune,3
Pick,32
Pickering,89
Pickrell,29
Pickwick,12
Pico,23
Piedmont,23
Pierce,176
Pierceville,14
Piercy,29
Pierport,4
Pierre,258
Pike,85
Pike's Peek,27
Pillsbury,26
Pillsbury Crossing,10
Pilot Knob,3
Pilot Pointe,24
Pin Oak,408
Pin Oaks,62
Pin Tail,6
Pinder,74
Pine,4824
Pine Bay,23
Pine Cairo,2
Pine Creek,19
Pine Crest,15
Pine Elmo,2
Pine Grove,595
Pine Haven,18
Pine Hill,7
Pine Knot,11
Pine Meadow,134
Pine Ridge,290
Pine Tree,28
Pine Valley,115
Pine View,73
Pinebluff,29
Pinebrook,18
Pinecone,213
Pinecrest,1300
Pinehurst,194
Pineridge,64
Pines,3
Pineview,129
Pineview Drive,5
Pinewood,151
Ping,17
Pinion,89
Pinnacle,277
Pinnacle Park,2
Pinon,135
Pintail,77
Pinto,6
Pioneer,713
Piper,1
Pipher,19
Pipkin,14
Pippin,16
Pirner,1
Pisces,41
Pitchers,27
Pitkin,82
Pitman,7
Pitney,3
Pitt,28
Pittman,14
Pittman Bldg,2
Pitzer,1
Piute,25
Pixley,9
Placid,6
Plains,99
Plainville,101
Plantation,169
Planter,24
Plass,511
Platt,41
Platte,6
Platter,7
Players,64
Playter,1
Plaza,508
Plaza Lane,9
Pleasant,300
Pleasant Hill,149
Pleasant Hills,19
Pleasant Plain,3
Pleasant Ridge,9
Pleasant Run,13
Pleasant Valley,284
Pleasant View,37
Pleasantview,131
Plevna,3
Plover,9
Plowboy,2
Plum,1307
Plum-Parkerville,5
Plum Blue,27
Plum Creek,225
Plum Thicket,3
Plum Tree,78
Plumb,142
Plummer,211
Plumthicket,191
Plumwood,67
Plymell,37
Plymouth,409
Plymouth St Wb Townsite,1
Po Box 136,2
Po Box 138,1
Pocahontas,21
Pogue,9
Poheta,3
Pohlman,17
Point,153
Point Rock,32
Pointer,25
Poland,16
Pole Line,4
Polecat,1
Polfer,124
Poling,18
Poliska,6
Polk,586
Pollman,10
Polly,9
Polo,138
Polo Way,4
Polyantha,5
Pomeroy,131
Pommel,41
Pomona,11
Ponca,121
Pond,1
Ponderosa,448
Pondview,38
Pondway,9
Pontiac,24
Pony,8
Pony Acres,35
Pony Express,127
Pony Meadows,43
Pool,33
Poor,27
Poor Farm,10
Pope,28
Poplar,3454
Poplar Hts,24
Poplar Ridge,12
Poppe,3
Poppy,10
Porcupine,11
Port William,13
Porta,18
Porter,694
Porterhouse,10
Porth,22
Portwest,146
Posey,13
Possum Hollow,2
Post,231
Post Creek,18
Post Oak,276
Post Rock,19
Postoak,17
Poston,67
Postrock,23
Potawatomi,5
Potlitzer,18
Potomac,104
Pottawatomie,518
Potter,31
Potters,17
Potts,13
Potwin,7
Pound Drive,2
Powell,284
Power,5
Powercat,31
Powerline,5
Powers,121
Powhattan,7
Powys,3
Poyntz,154
PR,3
Prairie,2535
Prairie Bend,44
Prairie Chicken,3
Prairie Clover,37
Prairie Country,3
Prairie Creek,621
Prairie Crossing,43
Prairie Dunes,86
Prairie Elm,53
Prairie Falcon,7
Prairie Falls,2
Prairie Field,64
Prairie Fire,33
Prairie Glen,129
Prairie Grass,15
Prairie Hawk,27
Prairie Hill,66
Prairie Hills,87
Prairie Lake,15
Prairie Lakes,49
Prairie Lane,5
Prairie Lawn,3
Prairie Lea,81
Prairie Meadow,79
Prairie Meadows,27
Prairie Park,185
Prairie Parkway,17
Prairie Plaza,1
Prairie Point,60
Prairie Pointe,7
Prairie Ridge,65
Prairie Rock,9
Prairie Rose,143
Prairie Run,154
Prairie St,14
Prairie Star,42
Prairie Stone,2
Prairie Trl,3
Prairie View,213
Prairie Wind,15
Prairie Woods,55
Prairieview,12
Prather,15
Pratt,528
Praun,22
Pray,18
Prentiss,12
Presby,40
Prescott,1005
Preserve,76
Presley,55
Pressee,3
Pressonville,122
Preston,120
Prestwick,350
Pretty Flowers,21
Pretty Prairie,94
Priboth,6
Price,247
Pride,23
Primrose,348
Prince,95
Prince Edward Island,149
Princeton,323
Private Lane,1
Procious,7
Promise,5
Prommede Terri,3
Pronghorn,11
Prospect,963
Prosperity,54
Prost,16
Prout,28
Provence,39
Providence,64
Provincial,19
Pryor,32
Public,1
Puckett,115
Pueblo,155
Pueblo West,7
Puesta Del Sol,27
Pulley,3
Pullins,9
Pullman,15
Puma,7
Pumpkin Ridge,140
Purcell,9
Purcells Mill,49
Purdom,102
Purdue,238
Purdy,80
Purity Springs,166
Purple Heart,10
Purple Sage,7
Pursley,46
Putnam,51
Putnam Hall,33
Putter,159
Putters Point,4
Pyle,81
Q,550
Q 50,7
Q 75,14
Q4,85
Q5,5
Q6,22
Quail,970
Quail Cove,33
Quail Creek,469
Quail Creek Trail,18
Quail Crossing,111
Quail Hill,17
Quail Hollow,160
Quail Meadow,5
Quail Nest,53
Quail Pointe,47
Quail Ridge,362
Quail Run,260
Quail Valley,31
Quail Walk,24
Quaint,5
Quaker,227
Quakervale,20
Quantum,4
Quarry,118
Quarter,2
Quarter Mile,4
Quarterhorse,9
Quarterman,5
Quartz,102
Quayle,2
Queal,98
Quebec,2
Queen,328
Queens,262
Queens Lace,19
Quentin,223
Querry,52
Quiet Waters,6
Quigley,55
Quill,61
Quince,6
Quincy,962
Quindaro,194
Quinn,18
Quinter,20
Quinton,79
Quito,8
Quivera,63
Quivira,1999
Quivira Dr,26
Quivira Heights,4
R,393
R 25,1
R 50,9
R25,1
R3,33
R4,72
R5,14
Rabbit,7
Rabbitt Run,2
Raber,5
Raccoon,64
Race,433
Race St - Reserve,2
Racehorse,56
Raceway,8
Rachael,1
Rachel,17
Racine,4
Radcliffe,19
Radell,9
Radio,55
Radio Road,12
Radium,5
Radley,16
Radloff,55
Radnor,23
Rado,12
Raff,11
Rafter M,7
Ragains,4
Ragan,91
Rago,2
Ragtown,21
Rahm,48
Railroad,444
Railroad Ave Galatia,6
Railway,18
Railway-Imes,1
Rain,85
Rainbelt,54
Rainbow,738
Rainbow Lake,184
Raini,11
Rainier,71
Raintree,458
Rairdon,7
Rajah,10
Raleigh,42
Ralph,82
Ralph Bunch,59
Ralstin,25
Ralston,41
Ram,32
Rambler,145
Ramblewood,27
Ramblin Rose,1
Rambling Rose,16
Ramey,17
Ramon,6
Ramsgate,28
Ramsour,1
Ranch,260
Ranch View,5
Ranchero,24
Ranchwood,47
Randall,425
Randle,9
Randolph,1247
Randolph Park,1
Randolph Wayne,3
Random,398
Random Acres,12
Randy,18
Range,338
Range Trail,9
Ranger,185
Rangeview,10
Rankin,30
Rannells,13
Ranser,33
Ransom,170
Raod U,1
Raspberry,23
Rath,20
Ratner,306
Ratone,121
Rattlesnake Trail,14
Ratz,2
Ratzlaff,13
Raven,35
Raven Creek,36
Ravena,58
Ravendale,9
Ravens Roost,4
Ravenswood,25
Ravenwood,49
Ravine,5
Ravinia,4
Rawhide,142
Rawlings,80
Rawlins,124
Ray,245
Rayl,89
Raymond,88
Raymond Bulot,15
Rd,25
Rd 10,1
Rd 100,2
Rd 110,5
Rd 120,3
Rd 13,3
Rd 130,5
Rd 14,5
Rd 140,43
Rd 15,5
Rd 152,4
Rd 16,2
Rd 160,8
Rd 17,1
Rd 170,13
Rd 18,4
Rd 180,8
Rd 190,8
Rd 20,3
Rd 200,10
Rd 21,3
Rd 210,3
Rd 215,2
Rd 230,10
Rd 240,11
Rd 25,3
Rd 250,12
Rd 260,5
Rd 27,3
Rd 270,29
Rd 3,6
Rd 30,3
Rd 34,2
Rd 40,22
Rd 404,1
Rd 50,1
Rd 70,15
Rd 75,7
Rd 80,3
Rd 90,10
Rd E,4
Read,31
Readus,2
Reagan,107
Real Eagle,1
Reaper,78
Reaser,14
Rebecca,48
Rebel,15
Reca,71
Recreation,4
Red,24
Red Barn,10
Red Bird,199
Red Brush,88
Red Bud,34
Red Cedar,49
Red Fox,154
Red Hawk,55
Red Hen,5
Red Jacket,4
Red Maple,29
Red Oak,158
Red Oaks,259
Red Powell,3
Red River,54
Red Rock,163
Red Sky,13
Red Tail,29
Red Wheat,11
Redbarn,240
Redbird,117
Redbud,1703
Redbud (UPID),32
Redfield,12
Redford,71
Redhawk,99
Redleaf,11
Redoak,10
Redstem,17
Redtop,18
Redwing,17
Redwood,445
Reece,218
Reed,432
Reeder,1088
Reeds,1167
Reeds Cove,44
Rees,51
Reese,143
Reeves,47
Reflection,7
Reflection Lake,24
Reflection Road,39
Reformatory,28
Regal,32
Regal Crescent,63
Regan,5
Regency,146
Regency Lakes,138
Regency Parkway,141
Regent,23
Regents,82
Regier,72
Regina,24
Rehfeld,8
Reid,18
Reidcrest,12
Reiff,1
Reinhardt,593
Reinhart,44
Reinland,19
Reiss,81
Remington,341
Remmele,22
Renaissance,53
Rene,971
Renee,87
Renees,7
Renensland,9
Renfrew,8
Renner,1821
Reno,411
Renstrom,5
Reo,7
Repp,1
Republic,719
Republican,97
Research,12
Research Park,4
Reservation,190
Reserve A,4
Reservoir,3
Residence,34
Resort,12
Retan,11
Reusser,4
Reutlinger,16
Reva,17
Reveille,10
Reveilly Trail,36
Revere,12
Reves,6
Revolutionary,29
Rex,12
Reyer,14
Reynolds,150
Reynolds-Idana,7
Reynoso,1
Rezac,17
Rhode Island,463
Rhodes,152
Rhondda,23
Ribeye,3
Ricardo,1
Ricci,1
Rice,134
Riceland,14
Ricewick,4
Rich,36
Richard,112
Richards,780
Richards Dr,16
Richardson,1
Richelle,15
Richfield,47
Richie,7
Richill,2
Richland,256
Richmond,1149
Richter,9
Richwood,5
Rickel,19
Rickner,18
Ricksecker,14
Ricky,52
Ricky Bennett,1
Rico,33
Riddle,38
Ridge,2508
Ridge Club,25
Ridge Crest,6
Ridge Line,30
Ridge Point,37
Ridge Port,379
Ridge Road,1
Ridge View,15
Ridge Way,123
Ridgecrest,94
Ridgefield,45
Ridgehill,58
Ridgehurst,195
Ridgepoint,159
Ridgeside,27
Ridgeview,1044
Ridgeway,235
Ridgewood,1230
Ridglea,24
Riffle,24
Rifle,42
Rifle Range,4
Rigdon,11
Riggs,1378
Rik Mar,15
Riley,1197
Riley Creek,31
Riley Manor,41
Rim Rock,79
Rimrock,135
Rimrock (UPID),21
Ringer,30
Ringneck Crossing,33
Rio Grand,21
Rio Hondo,65
Rio Vista,148
Riordan,12
Ripley,97
Ripley Wayne,2
Risa,11
Rising Sun,6
Rita,310
Ritchel,7
Ritchfield,66
Ritchie,35
Ritter,21
Rittgers,82
Rivendell,47
River,906
River Apt#111,1
River Bend,46
River Birch,49
River Bluffs,9
River Creek,13
River Falls,116
River Heights,37
River Hill,3
River Park,119
River Pond,4
River Road,3
River Trail,80
River Valley,110
Rivera,188
Riverbirch,35
Riverdale,74
Riverfront,4
Riverlawn,40
Riverridge,21
Riverrun,2
Rivers Edge,16
Riverside,195
Riverton,53
Riverview,1101
Riverwood,2
Riverwoods,2
Riviera,83
Roach,227
Road,2
Road 1,21
Road 10,130
Road 100,28
Road 105,18
Road 107,2
Road 11,118
Road 110,58
Road 115,4
Road 12,107
Road 120,50
Road 13,96
Road 130,87
Road 135,44
Road 137,10
Road 14,178
Road 14-50,2
Road 140,67
Road 145,6
Road 147,10
Road 148,2
Road 15,158
Road 150,28
Road 153,2
Road 155,23
Road 16,101
Road 16-50,3
Road 160,86
Road 167,1
Road 17,108
Road 170,128
Road 173,3
Road 175,100
Road 177,2
Road 178,3
Road 17a,6
Road 18,98
Road 180,122
Road 19,121
Road 190,122
Road 2,110
Road 20,159
Road 200,125
Road 205,15
Road 21,102
Road 21-50,2
Road 210,62
Road 212,4
Road 215,10
Road 22,103
Road 220,78
Road 225,13
Road 23,98
Road 23-50,11
Road 230,43
Road 235,6
Road 24,89
Road 240,78
Road 245,7
Road 246,5
Road 24a,4
Road 25,82
Road 250,40
Road 255,2
Road 26,131
Road 260,26
Road 27,54
Road 270,47
Road 275,1
Road 28,120
Road 28.5,2
Road 280,42
Road 285,2
Road 28a,2
Road 29,61
Road 290,16
Road 29a,15
Road 3,124
Road 30,110
Road 300,16
Road 305,4
Road 31,49
Road 310,47
Road 32,59
Road 320,21
Road 33,17
Road 330,16
Road 335,4
Road 34,19
Road 340,21
Road 345,2
Road 35,7
Road 35-50,3
Road 350,23
Road 36,7
Road 360,13
Road 37,9
Road 370,31
Road 371,3
Road 380,12
Road 382,2
Road 390,7
Road 392,2
Road 395,9
Road 4,121
Road 40,26
Road 400,11
Road 5,114
Road 50,38
Road 51,2
Road 54,6
Road 55,4
Road 56,1
Road 57,9
Road 58,4
Road 59,2
Road 5a,6
Road 6,96
Road 6-50,3
Road 60,52
Road 61,6
Road 62,3
Road 63,10
Road 64,29
Road 64.2,1
Road 65,30
Road 66,15
Road 67,14
Road 68,24
Road 69,8
Road 7,65
Road 70,65
Road 71,7
Road 72,7
Road 73,5
Road 75,37
Road 75.2,2
Road 77,10
Road 78,4
Road 79,2
Road 8,90
Road 80,45
Road 85,10
Road 9,117
Road 90,64
Road A,27
Road Aa,17
Road AA,11
Road B,97
Road B-25,3
Road B-75,2
Road B2,10
Road B5,18
Road Bb,23
Road BB,41
Road C,104
Road Cc,4
Road CC,18
Road D,110
Road Dd,10
Road DD,19
Road E,207
Road E1,3
Road E10,2
Road E11,5
Road E12,3
Road E13,11
Road E14,7
Road E2,7
Road E3,9
Road E4,2
Road E5,24
Road E6,3
Road E7,9
Road E8,5
Road E9,15
Road EE,22
Road F,201
Road F-50,2
Road F2,4
Road F4,2
Road F5,62
Road F9,5
Road Ff,16
Road G,159
Road G5,8
Road GG,13
Road H,136
Road H2,5
Road H5,35
Road Hh,8
Road I,110
Road II,12
Road J,119
Road J5,27
Road J7,4
Road JJ,4
Road K,152
Road K7,24
Road KK,6
Road L,190
Road L2,14
Road L5,17
Road LL,13
Road M,256
Road M-50,5
Road M1,1
Road M5,5
Road M7,5
Road N,123
Road NN,4
Road O,98
Road O-50,5
Road OO,12
Road P,189
Road P5,29
Road PP,18
Road Q,61
Road Q-75,4
Road QQ,11
Road R,137
Road R-50,8
Road R1,10
Road R5,8
Road R7,4
Road RR,15
Road Runner,26
Road S,104
Road S-50,2
Road S5,5
Road S7,1
Road SS,20
Road T,108
Road T5,12
Road Tt,7
Road U,107
Road U5,4
Road Uu,17
Road V,138
Road V-50,2
Road V1,2
Road V2,2
Road V5,14
Road V6,9
Road V8,9
Road W,89
Road W1,8
Road W11,5
Road W12,5
Road W13,9
Road W14,3
Road W15,3
Road W2,4
Road W3,6
Road W4,4
Road W5,3
Road W6,4
Road W7,11
Road W8,3
Road W9,5
Road WW,16
Road X,89
Road X5,8
Road XX,12
Road Y,112
Road Y5,18
Road Y7,4
Road Yy,4
Road Z,70
Roanoke,222
Robb,4
Robbers Roost,2
Robbins,133
Robert,138
Roberta,28
Roberts,227
Roberts Run,9
Robertson,25
Robey,19
Robidoux,20
Robie,3
Robin,696
Robin Hood,146
Robin Ridge,15
Robinhood,32
Robins,73
Robinson,1782
Robroyce,27
Robson,31
Rochester,585
Rock,2259
Rock Bridge,56
Rock Chalk,814
Rock Creek,654
Rock Hill,22
Rock Island,146
Rock Knoll,7
Rock Meadow,18
Rock Ridge,17
Rock Road,151
Rock Spring,86
Rock Springs,6
Rockaway,106
Rockenham,92
Rocket,25
Rockfence,108
Rockford,28
Rockhill,276
Rockhurst,55
Rockledge,166
Rockpit,3
Rockport,18
Rockpost,35
Rockridge,36
Rockton,9
Rockview,13
Rockville,336
Rockwell,49
Rockwood,491
Rocky,56
Rocky Creek,127
Rocky Ford,95
Rocky Ledge,13
Rocky Ridge,16
Rodehaver,36
Rodeo,149
Rodgers,40
Rodkey,12
Rodman,6
Rodney,15
Roe,774
Roeland,75
Roeser,3
Roever,10
Roger,201
Roger Barta,18
Rogers,372
Rogler,5
Rohrer Heights,21
Roland,15
Rolling,14
Rolling Acres,15
Rolling Dunes,14
Rolling Green,45
Rolling Hill,10
Rolling Hills,667
Rolling Meadows,11
Rolling Prairie,20
Rolling View,62
Rollins Trl Park,3
Rollow Acres,14
Rolyan,6
Roma,25
Romadelo,27
Romany,38
Romar,104
Rome,57
Rome Farms,2
Romeyn,4
Romine Ridge,43
Romney,12
Ronda,38
Rondelli,20
Roof,8
Rooks,178
Rooks Road North,10
Rooney,5
Roosevelt,1543
Rorring,9
Rosa,2
Rosalia,25
Rosalie,82
Roscoe Wayne,2
Rose,423
Rose Harris,3
Rose Hill,182
Rose Marie,73
Roseann,6
Roseberry,97
Rosebud,32
Rosedale,14
Rosehill,1187
Roseland,28
Roselawn,16
Rosemary,66
Rosemont,196
Rosencutter,3
Rosenthal,88
Roseport,44
Rosewalk,15
Rosewood,2137
Rosey,3
Rosey Loop,2
Rosner,32
Ross,395
Rossville,32
Roswell,278
Roth,134
Rother,190
Rothsay,151
Roubideau,8
Rough Creek,324
Roughton,31
Round Prairie,180
Roundabout,75
Roundhouse,10
Roundtree,695
Roupp,57
Rouse,318
Roustabout,35
Rover,19
Rowdy,1
Rowen,17
Rowland,778
Rowlen,6
Rowley,4
Roxanna,23
Roxanne,26
Roxburghe,67
Roy,38
Roy L Smith,6
Royal,405
Royal Birkdale,21
Royal Ridge,14
Royals,4
Royalty,74
Royer,2
Royer West,45
Rr 1,1
Rs 115,14
RS 877,32
Rt 1 Box 90,1
Rubart,7
Rubush,1
Ruby,360
Rucker,104
Rudy,12
Rue,24
Ruger,41
Rule,14
Ruleton,9
Rumsey,28
Runnels,1
Running Deer,2
Running Horse,14
Running Ridge,31
Runnymede,33
Runway,25
Runyan,54
Rural,406
Rush,67
Rushmore,3
Rushwood,829
Ruskin,28
Russ,16
Russ Meyer,8
Russel,12
Russell,1370
Russell Co,18
Russell County,6
Rust,60
Rustic,59
Rusty,2
Rusty Gate,33
Rutan,618
Rutgers,416
Ruth,98
Ruth Ann,40
Ruths,38
Rutland,392
Rutledge,100
Rutter,126
Ryan,654
Ryans,15
Ryckert,105
Rye,10
Rynder,14
S,522
S 3rd,10
S 4th,2
S 50,3
S 6th,7
S 7th,2
S2,3
S4,12
S5,8
S50,4
S8,4
Sabin,195
Sable,9
Sabrina,12
Sac & Fox,13
Sacramento,40
Saddle,111
Saddle Brooke,64
Saddle Creek,53
Saddle Horn,75
Saddle Ridge,28
Saddle Rock,11
Saddle Run,52
Saddle Side,5
Saddlebrook,110
Saddlehorn,86
Saddler,2
Saddletop,121
Saddletree,54
Saddlewood,44
Sadie,5
Sadies,9
Saeretza,6
Safari,12
Saffer,2
Safford,119
Sagamore,1032
Sage,366
Sage Brush,79
Sage Hill,28
Sagebrush,507
Sagis,20
Sail A Way,47
Saint Andrews,5
Saint Elizabeth,14
Saint James,53
Saint John,72
Saint Johns,22
Saint Joseph,10
Saint Paul,12
Saker,68
Sale Barn,3
Salebarn,2
Salem,146
Salemsborg,28
Sales,5
Salina,548
Saline,265
Saline River,27
Salix,2
Sallee,4
Salome,37
Salsbury,63
Salt Creek,24
Salt Marsh,13
Salzer,46
Sam Clark,6
Samantha,62
Samara,28
Sammons,4
Sample,3
Sams,2
Samuel,29
San Domingo,21
San Jacinto,43
San Marino,1
San Pablo,57
Sanborn,3
Sand,19
Sand Creek,225
Sand Dune,7
Sand Hill,25
Sand Hills,23
Sand Plum,11
Sand Pointe,39
Sandalwood,176
Sandbar,1
Sanders,93
Sanderson,22
Sandford,1
Sandhill,125
Sandhill Crane,7
Sandia,8
Sandkey,144
Sandpiper,216
Sandpit,1
Sandplum,397
Sandstone,223
Sandtrap,56
Sandusky,630
Sandwedge,74
Sandy,62
Sandy Creek,1
Sandy Hill,12
Sandy Hollow,42
Sandy Hook,7
Sandy Land,5
Sandy Ridge,1
Sanford,31
Sanneman,37
Santa Ana,30
Santa Fe,4034
Santa Fe Calle,1
Santa Fe Lake,311
Santa Fe Trail,47
Santa Fe/Elgin,9
Santee,5
Santillan,3
Sappa,17
Sapphire,57
Sara,36
Sarah,272
Saratoga,133
Saratow,2
Sardou,20
Sargent,4
Sarratov,19
SARRATOV,1
Sassafras,21
Sassafrass,10
Satanta,4
Satchell Creek,73
Sattler,7
Saturn,71
Savage,147
Savannah,220
Saw Mill,44
Sawgrass,83
Sawhill,37
Sawmill,31
Saxman,3
Saxon,8
Saxony,93
Saxwood,7
Say,20
Sayles,18
Scammon,36
Scamper,4
Scanlan,3
Scaramucci,1
Scarborough,187
Scarlett,37
Scathelock,52
Scenic,38
Scenic Crossing,17
Scenic Slope,13
Scenic Valley,1
Schaefer,2
Schaeffer,29
Schaller,6
Schartz,4
Schauf,1
Scheidt,12
Schenk,39
Schermerhorn,27
Scheu,5
Schiller,24
Schilling,57
Schippel,43
Schlageck,2
Schlotthauer,17
Schmedemann,9
Schmidt,25
Schneider,9
Schnitzler,3
Schoeman,5
Schoenchen,39
Schofield,59
School,830
School Branch,2
School Creek,42
School House,8
School View,13
School/Elgin,1
Schoolhouse,96
Schowalter,4
Schrader,17
Schrag,2
Schreiner,4
Schrick,4
Schubert,42
Schuler,4
Schulman,73
Schultz,15
Schuyler,1
Schwaller,54
Schwartz,4
Schwarz,117
Schweiger,458
Schweiter,19
Scioto,1
Scorpio,54
Scotch Pine,11
Scotland,116
Scotsman,44
Scott,1107
Scott-Lovewell,5
Scott Canyon,3
Scott Lake,2
Scottie,4
Scottsdale,97
Scottsville,105
Scotty,88
Scouller,38
Scout,13
Scragg,55
Scranton,41
Scribner-Vining,2
Sea,7
Seabrook,228
Seabury,37
Seacat,25
Sean,13
Searle,21
Sears,20
Seasons,42
Seaton,107
Seawall,2
Second,1392
Second Pc,1
Section Line,173
Sedam,2
Sedge,5
Sedgwick,754
Sedona,37
Seele,38
Sego,38
Seidl,14
Seitz,254
Selma,106
Seminary,35
Seminole,406
Sena,126
Sence,14
Seneca,1697
Seneca Lake,20
Seneca Trail West,17
Senior,31
Senn,17
Sennett,100
Sequoia,141
Sequoya,33
Sequoyah,23
Seraphin,4
Serenade,48
Serene,4
Serenity,7
Serra,15
Settgast,19
Settle,2
Settler,14
Settlers,60
Seven Sisters,52
Seven Springs,3
Seventeenth,16
Seventh,700
Seventh Cullison,3
Severance,197
Severin,15
Severy,26
Seville,109
Sevy,36
Seward,361
Sewell,248
Seymour,41
Shadden,43
Shade,561
Shadow,408
Shadow Glen,10
Shadow Lakes,234
Shadow Ridge,40
Shadow Rock,76
Shadow Wood,16
Shadowridge,226
Shady,139
Shady (BRHID),3
Shady Acres,3
Shady Bend,558
Shady Creek,20
Shady Glen,2
Shady Hollow,9
Shady Lane,75
Shady Oak,16
Shady Ridge,9
Shady Valley,46
Shady Way,27
Shady Wood,5
Shadybanks,13
Shadybrook,298
Shadyside,30
Shadyvale,60
Shaffer,146
Shahin,25
Shale Hill,4
Shalimar,120
Shalyn,22
Shaman,6
Shamrock,66
Shamus,39
Shanandoah,42
Shandy,2
Shane,9
Shane Creek,11
Shane Hunter,3
Shannan,707
Shannnon,1
Shannon,72
Shannon Creek,16
Shannon Way,142
Shannon Woods,56
Shanuk,6
Sharae,12
Sharecropper,33
Shari,13
Sharingbrook,67
Sharm,8
Sharm (BRHID),13
Sharon,344
Sharp,17
Sharpless,1
Sharps,16
Sharps Creek,18
Sharpville,2
Shasta,1
Shattuck,3
Shaw Hill,4
Shawano,10
Shawger,1
Shawguee,47
Shawnee,2178
Shawnee Heights,458
Shawnee Mission,354
Shay,19
Shea,28
Sheaffer,21
Shearer,154
Sheehan,44
Sheeran,52
Sheffield,85
Shefford,1105
Shefield,4
Sheidley,122
Shelburn,12
Shelburne,15
Shelby,20
Shelden,112
Sheldon,31
Sheldun,2
Shell,21
Shellbark,18
Shelle,38
Shelley,9
Shelly,65
Shelton,232
Shenandoah,287
Shepard,19
Shepherd,82
Shepherds Crossing,97
Sherbrooke,10
Sheri,9
Sheriac,381
Sheridan,1962
Sheridan Bridge,481
Sherlock,40
Sherman,1738
Sherman City,5
Sherman Hill,16
Sherri,9
Sherri's,4
Sherry,62
Sherrylee,17
Sherwood,791
Sherwood Park,46
Shetland,67
Shilo,10
Shiloh,176
Shiloh Ridge,20
Shipton,123
Shira,101
Shirk,9
Shirlane,11
Shirley,58
Shoal,23
Shoal Creek,15
Shocker,29
Shoffner,54
Sholty,1
Shon,23
Shore,11
Shore Line,8
Shoreline,298
Shoreside,11
Shorewood,88
Shorey,20
Short,131
Short Katy,10
Shorthorn,16
Shortt,3
Shoshone,73
Showalter,166
Shrine Park,123
Shuey,27
Shuman,6
Shumway,222
Shunga,128
Shunga View,16
Shunga Woods,11
Shute,14
Shutt,2
Sibley,10
Sid,36
Sidney,26
Sieben,30
Siefkes,69
Siefkin,83
Siena,30
Siena Lakes,38
Sienna,86
Sierra,374
Sierra Hills,216
Sierra Vista,7
Siesta,2
Siggins,2
Sigma Nu,25
Signal Lake,30
Signal Oak,10
Signal Ridge,59
Signor,38
Silicon,64
Silknitter,36
Sill,59
Silo,18
Silver,490
Silver Creek,42
Silver Fox,28
Silver Hill,72
Silver Hollow,71
Silver Lake,80
Silver Leaf,195
Silver Pointe,9
Silver Rain,88
Silver Shadow,7
Silver Springs,933
Silver Wraith,21
Silverado,22
Silverback,9
Silverbell,11
Silverdale,125
Silverheel,253
Silverleaf,32
Silverstone,98
Silverton,23
Simcock,27
Simedo,2
Simmer,44
Simmons,108
Simons,5
Simple,49
Simpson,406
Sims,75
Simshauser,5
Sin Del,8
Sinclair,50
Singing Hills,12
Single Tree,13
Singleterry,14
Singletree,162
Sinnet,47
Sioux,435
Sissons,4
Sitka,48
Sixmile Creek,2
Sixteenth,45
Sixth,1197
Sixth Cullison,5
Sixth Street,74
Skaer,5
Skancke,22
Skavlen,1
Skelly,22
Skene,21
Ski Point,4
Skiddy,33
Skiddy West,3
Skidmore,3
Skinner,311
Skipper,22
Sklae,19
Skow,1
Sky,13
Sky Lane,13
Skylab,21
Skylane,2
Skylark,311
Skyler,11
Skyline,1035
Skyview,582
Skyway,16
Slade,49
Slate,61
Slate Creek,4
Slater,1044
Sleepy Hollow,464
Sloan,491
Slope,8
Slough Creek,16
Small,9
Smalley,2
Smarsh,81
Smelter,112
Smiles,44
Smiley,48
Smith,608
Smith Hills,2
Smithers,2
Smithmoor,103
Smokey,8
Smokey Hill,42
Smokey Hollow,38
Smoky Hill,50
Smoky Hill River,25
Smoky Valley,44
Smokyhill,119
Smolan,21
Smoots Creek,50
Smyser,36
Smyth,1
Snake Farm,1
Snapdragon,13
Snell,4
Snider,9
Snodgrass,34
Snokomo,153
Snokomo Frontage,14
Snowball,8
Snowbird,67
Snowshoe,4
Snowy Reach,49
Snyder,60
Socony,42
Socora,167
Sod,8
Soden,1
Soderberg,21
Solano,112
Solar,3
Solar Valley,28
Soldier,52
Soldier Creek,8
Soloman Fork,1
Solomon,173
Soloscheid,2
Somer,14
Somers,11
Somerset,1834
Sommerhauser,44
Son,15
Sondra,108
Sondreagger,2
Songbird,54
Sonnie Baird,4
Sonora,197
Sontag,35
Sophora,28
Sophy,44
Sorg,3
Sortor,80
Sosiva,12
Soule,25
South,980
South 2nd,4
South Ark,18
South City Limits,9
South Dakota,23
South Depot,22
South Dwight,13
South Glenn,14
South Haven,4
South Interstate,2
South Main,4
South Meadows,74
South Oak,10
South Park,125
South Parkway,39
South Pointe,106
South Ridge,25
South Shore,67
South Slope,6
South View,45
South Village,34
Southbend,10
Southbrook,67
Southbrooke,39
Southcrest,95
Southeast,108
Southerland,27
Southern,217
Southern Hills,60
Southern Oaks,9
Southfork,163
Southgate,78
Southlake,1
Southland,18
Southport,51
Southridge,146
Southtown,5
Southwest,199
Southwind,112
Southwind Lane,23
Southwood,50
Soward,32
Sowers,25
SP,5
Spain,53
Spani,23
Sparks,11
Sparrow,9
Spaulding,81
Speaker,71
Spear,14
Speare,34
Spears,3
Spears-Oak Hill,2
Speer,15
Spellman,5
Spence,18
Spencer,426
Spey,12
Speyside,10
Spicer,87
Spickard,8
Spillway Marina,27
Spilman,8
Spires,25
Split Oak,57
Split Rail,112
Split Rock,15
Splitlog,238
Splitwood Way,103
Spook Rock,131
Spoon Creek,127
Sport Of Kings,125
Sportsman,6
Sportsmen,2
Spotswood,1
Spring,780
Spring - Tyro,3
Spring Bluff,4
Spring Cove,6
Spring Creek,407
Spring Garden,171
Spring Hill,354
Spring Hollow,166
Spring Lake,107
Spring Meadow,198
Spring Meadows,14
Spring Ridge,60
Spring Valley,380
Springbrook,76
Springcreek,21
Springdale,724
Springer,5
Springfield,526
Springgate,9
Springhill,6
Springlake,170
Springvalley,13
Springwater,28
Springwood,90
Sproatan,19
Spruce,4092
Spruceway,72
Sprucewood,74
Spud,3
Spur,1
Spyglass,324
Squaw Creek,2
Squire,53
Squires,21
Squirrel,28
Sr 42,6
Sr 61,43
St,2
St Andrew,244
St Andrews,477
St Anne,1
St Anthony,33
St Anton,8
St Benedict,1
St Catherine,19
St Charles,13
St Christopher,20
St Clair,726
St Clere,4
St Cloud,101
St Columbus,34
St Elmo,24
St Francis,571
St George,3
St Highway 60,1
St Hwy 101,8
St Hwy 34,5
St Hwy 94,4
St Ignatius,8
St James,273
St John,285
St Johns,11
St Joseph,74
St Josephs Crossing,10
St Jude,16
St Lawrence,95
St Leo,3
St Lois,1
St Louis,186
St Lukus,13
St Martin,11
St Mary,16
St Mary'S,4
St Marys,139
St Matthew,14
St Michael,12
St Michaels,16
St Nicholas,34
St Paul,868
St Rd 14,30
St Rd 42,3
St Stephan Ave Odin,4
St. Hwy 9,1
St. James,4
St. Patrick's,61
Stacey,43
Stack,19
Stackman,102
Stacy,5
Stacy Graham,2
Stadel,23
Stadium,188
Staff,4
Stafford,651
Staffordshire,154
Stage,9
Stagecoach,829
Stagg Hill,48
Stahl,26
Stairstep,16
Stallion,39
Stampede,21
Stan,17
Stanberry,27
Stanley,384
Stannard,1
Stanton,270
Stapler,28
Star,339
Star Union,1
Star Valley,50
Starbrooke,78
Starcraft,2
Stardust,12
Starfire,13
Stark,102
Starkey,41
Starks,27
Starla,22
Starlight,195
Starling,2
Starlite,97
Starr,54
Starshine,13
Starside,3
State,3023
State-Tyro,10
State 15,35
State Highway 116,62
State Highway 178,16
State Highway 187,25
State Highway 236,4
State Highway 25,36
State Highway 27,9
State Highway 383,7
State Highway 51,39
State Highway 60,1
State Highway 62,15
State Highway 63,127
State Highway 7,59
State Highway 71,20
State Highway 9,111
State Highway 96,24
State Highway 99,114
State Hospital,20
State Hwy #7,4
State Hwy 101,20
State Hwy 2,12
State Hwy 4,26
State Hwy 42,4
State Hwy 7,12
State Hwy 8,2
State Hwy 96,28
State Lake,11
State Line,485
State Park,14
State Rd 14,8
State Rd 144,5
State Rd 23,46
State Road 14,140
State Road 4,13
State Road 61,48
State Road 96,20
State Road K4,184
Stateline,43
Statham,6
Station,7
Stauffer,4
Stayyard,23
Steadman,26
Steahlin,22
Steamboat,74
Stearman,49
Stearns,1161
Stebe,7
Stecher,2
Steeds Crossing,71
Steele,163
Steen,34
Steeple Chase,52
Steeplechase,95
Steinmetz,7
Stellar,3
Stelling,7
Stephanie,103
Stephen,34
Stephens,5
Sterling,282
Sterling Chase,117
Sterling Ridge,14
Sternberg,39
Stetson,211
Steuben,239
Steven,154
Stevens,387
Stevenson,332
Stever,73
Stevie,31
Stewart,497
Stewart Farm,23
Stickney,30
Stillman,21
Stillwell,215
Stilwell,130
Stimmel,112
Stine,23
Stinson,99
Stitz,13
Stockade,49
Stockdale,35
Stockdale Park,30
Stockgrower,8
Stockholm,51
Stockton,16
Stoeckly,18
Stokes,13
Stolp,20
Stone,621
Stone Barn,112
Stone Bridge,60
Stone Creek,351
Stone Crest,166
Stone Fence,1
Stone Gap,9
Stone Gate,43
Stone Glenn,11
Stone Grove,35
Stone Hawk,32
Stone Lake,93
Stone Ledge,27
Stone Meadows,151
Stone Path,98
Stone Pine,13
Stone Pointe,74
Stone Post,60
Stone Ridge,5
Stone Valley,44
Stoneback,141
Stoneborough,154
Stonebridge,80
Stonecreek,263
Stonecrest,158
Stonedale,35
Stonegate,217
Stonehenge,52
Stonemont,35
Stonepost,44
Stoneridge,745
Stonetree,47
Stoneview,17
Stonewall,38
Stonewood,9
Stoney,8
Stoney Brook,64
Stoney Creek,5
Stoney Point,323
Stoneybrick,27
Stoneybrook,463
Stoneylake,17
Stonington,50
Stonleigh,118
Stony,75
Stony Brook,23
Stony Creek,62
Stonybrook,239
Stonybrooke,12
Storch,1
Story,45
Stout,223
Stove,4
Stover,40
Stowe,140
Straight Creek,4
Strain,11
Strait,87
Strand,6
Strang,4
Strang Line,307
Stranger,90
Strassburg,20
Stratford,914
Stratford Lane,21
Stratford Row,25
Stratton,79
Straub,6
Strauss,131
Strawberry,29
Strawberry Banke,18
Streamside,59
Streckfus,26
Streeter,77
Stribby Creek,13
Stricklers,33
Strode,22
Strole,8
Strong,279
Stroud,41
Strowigs Mill,6
Struble,60
Stryker,22
Stuart,28
Stubble Field,5
Stubbs,266
Stuckey,14
Studer,11
Sturbridge,49
Sturgeon,237
Sturges,53
Sturgis,30
Stutley,153
Stutzman,2
Su Terra,20
Sublett,2
Sue,55
Suelynn,5
Suffolk,54
Sugar,75
Sugar Creek,15
Sugar Lake,61
Sugar Tree,2
Sugarberry,6
Sugarbush,3
Sullivan,447
Sumac,737
Summer,195
Summer Ln,2
Summer Sun,40
Summerchase,98
Summerfield,419
Summerhill,3
Summerlon Ridge,4
Summerlon Way,8
Summerlyn,45
Summers,62
Summerset,56
Summerside,140
Summertree,721
Summerwood,311
Summey,50
Summit,2538
Summit (BRHID),2
Summit Ridge,8
Summit Woods,184
Summitcrest,27
Summitlawn,177
Sumner,473
Sumner Street,1
Sumpter,3
Sumter,25
Sun,51
Sun City,58
Sun Set,5
Sunbarger,3
Sunbeam,9
Sunbird,4
Sunchase,43
Suncrest,254
Sundance,372
Sunderland,21
Sundgren,24
Sundown,46
Sundowner,1
Sunfield,21
Sunflower,1132
Sunflower Hill,6
Sunflower Lane,2
Sunflower Slope,50
Sunny,123
Sunny Corner,4
Sunny Dell,3
Sunny Hills,14
Sunny Knoll,11
Sunny Lne,13
Sunny Slope,10
Sunnybrook,256
Sunnydale,28
Sunnydale Lakes,19
Sunnydell,132
Sunnymeade,17
Sunnymede,14
Sunnyside,332
Sunnyslope,316
Sunray,356
Sunridge,90
Sunrise,669
Sunrise Hill,38
Sunset,4030
Sunset Blvd,2
Sunset Lake,11
Sunset Ridge,92
Sunset Strip,21
Sunset Strip Rd,1
Sunset Terrace,1
Sunshine,51
Sunstead,4
Suntree,144
Sunvale,231
Sunview,41
Super,4
Superior,105
Supple,12
Surf,12
Surfboard,11
Surrey,326
Susan,177
Susank,54
Susie,26
Sutherland,40
Sutter Woods,76
Sutton,185
Suwanee,48
Suzanne,26
Suzie,5
Svensk,24
SW Circle,4
Swabville,11
Swails,25
Swalley,7
Swallow,26
Swamp Angel,9
Swan,22
Swanee,79
Swarens,43
Swarner,272
Swartz,327
Swayden,1
Swede,17
Swede Creek,19
Swedes,3
Swedonia,48
Sweet Bay,162
Sweet Grass,92
Sweet William,2
Sweetbriar,70
Sweetclover,34
Sweetgum,61
Sweetwater,100
Sweezy,48
Swenson,2
Swensson,68
Swift,19
Swift Fox,37
Swift Ln - Dearing,14
Swingley,8
Switchgrass,24
Switzer,836
Swonthold,31
Swygart,118
Sycamore,3218
Sycamore Creek,4
Sycamore Labette Cty,4
Sycamore Ridge,60
Sycamore Springs,2
Sydnee,30
Sydney,2
Sykes,47
Syler,28
Sylvan,412
Sylvia,26
Symphony,119
Syracuse,37
T,527
T Bone,18
T Dowling,21
T P,9
T P Hales,17
T V,8
T2,6
T3,2
T4,54
T6,4
Tabor,2
Tabor Creek,5
Tabor Valley,36
Taco,2
Taft,414
Taggart,7
Tahiti,4
Tahoe,63
Taiga,2
Talan,14
Talbot,24
Tall Grass,189
Tall Tree,746
Talley,38
Tallgrass,385
Tallowood,111
Tallyrand,121
Talmo,20
Talon,65
Talopa,21
Tam,12
Tam O'Shanter,30
Tam O Shanter,69
Tamara,37
Tamarac,128
Tamarack,42
Tamarak,58
Tamarisk,219
Tamarron,54
Tamblyn,5
Tamerisk,72
Tampa,21
Tan,2
Tana,17
Tanager,5
Taneil,148
Tangier,2
Tanglewood,431
Tanglewoods,25
Tank,12
Tanker Way,2
Tanner,25
Tanner Trail,18
Tannerville,1
Tantara,26
Taos,15
Tapestry,26
Tara,341
Tara Falls,297
Tarabury,40
Target,12
Tarrytown,142
Tartan,34
Tasker,64
Tatarrax,65
Tate,4
Tauromee,580
Taurus,108
Tauy Woods,8
Tawakoni,439
Taylor,1901
Taylor Jones,48
Taylors View,3
Teak,29
Teakwood,62
Teal,145
Teal Brook,83
Teardrop,13
Tecumseh,389
Tee,59
Tee Time,324
Tefft,46
Teitelbaum,8
Telegram,7
Tell,54
Telstar,16
Telzey,2
Tempe,45
Temple,34
Templin,4
Tenderloin,19
Tenlawns,16
Tennessee,991
Tennis,17
Tenny,157
Tennyson,72
Tenpoint,26
Tenth,276
Terhune,81
Teri,41
Termical,5
Terra,38
Terra Heights,63
Terra Vista,81
Terrace,1456
Terrace Trail East,66
Terrace Trail South,61
Terrace Trail W,4
Terrace Trail West,182
Terrace Wood,16
Terradyne,101
Terran,8
Terrapin St - Hamlin,3
Terrel,7
Terri,19
Terrick,5
Terry,102
Terrydale,32
Teter,70
Teton,45
Texas,619
Texas Trail,34
Texcoco,4
Thackery,16
Thaddeus,2
Thatcher,51
Thayer,35
The Drive,75
Theden,533
Theresa,9
Theron,30
Third,1249
Thirteenth,181
Thistle,19
Thoman,3
Thomas,595
Thomas Creek,22
Thomas Wiard,19
Thompson,1099
Thompsonville,7
Thorn Apple,22
Thorn Tree,25
Thornton,275
Thoroughbred,76
Thorp,28
Thorpe,98
Thorstenberg,20
Thrall,2
Thrasher,22
Three Forks,49
Threewood,96
Throop,17
Thrush,12
Thumser,3
Thunder,292
Thunderbird,323
Thurman,204
Thurman Creek,5
Thurston,234
Tiana,42
Tiara Pines,122
Tibbs,11
Tiblow,31
Tice,5
Tidewater,55
Tiernan,20
Tierra,26
Tierra Lakes,3
Tieton,1
Tiffani,16
Tiffany,98
Tiger,20
Tilbury,10
Tilford,7
Tillerman,68
Tilman,13
Tim,3
Tim Rogers,35
Timber,309
Timber Creek,371
Timber Edge,24
Timber Falls,40
Timber Hollow,5
Timber Lake,184
Timber Lane,58
Timber Ridge,240
Timber Trail,9
Timber Trails,107
Timber Valley,52
Timbercreek,225
Timberidge,14
Timberlake,57
Timberlane,333
Timberleaf,98
Timberline,99
Timberlodge,12
Timberon,38
Timberridge,37
Timbers Edge,35
Timberway,16
Timberwick,34
Timberwood,39
Timmerman,22
Timmy,16
Timor,3
Timothy,113
Tina,8
Tinkler,1
Tioga,23
Tippecanoe,39
Tipperary,276
Tipton,5
Tisdale,3
Tishimingo,15
Titan,2
Tjaden,2
Toalson,67
Tobacco,176
Toben,143
Tobias,27
Tobie,8
Toburen,7
Tod Ranch,8
Todd,341
Todd Place,21
Toelkes,3
Toh N Hah,75
Toledo,15
Toles,54
Tolin,16
Toltec,8
Tom,7
Tom Smith,18
Tomahawk,1178
Tomahawk Creek,342
Tomashaw,247
Tombo,19
Tommy,2
Tomte,4
Tonga,28
Tonganoxie,350
Tonio,28
Tonjo,30
Tonkawa,23
Tontine,13
Tony,43
Tonya,72
Tootle,23
Top Notch,39
Top Of The World,15
Topaz,120
Topeka,2380
Torrence,4
Torrey Pines,12
Toulon,137
Tovar,8
Towanda,256
Tower,155
Tower Hill,3
Tower Lakes,35
Towerview,35
Town,45
Town & Country,15
Town East Court,8
Towns,91
Townsend,50
Township,11
Tracy,278
Tracy's Crossing,4
Tracy Lane,8
Trader,2
Traders,25
Tradewind,15
Trafficway,19
Trail,856
Trail Creek,16
Trail Drive,26
Trail Dust,21
Trail End,46
Trail North,46
Trail Ridge,88
Trail Settler,5
Trail West,152
Trailblazer,22
Trailer Ct,1
Trails End,24
Trails Head,28
Trant,97
Trapp,31
Traster,16
Traveler,21
Travers,14
Travertine,6
Travis,573
Traytons,42
Treaty,17
Tree,8
Treece,46
Treesmill,117
Trefoil,82
Trego,181
Trek,33
Tremont,228
Trent,34
Trenton,119
Tressin,11
Trevelyan,28
Trevino,25
Trey,9
Tri-City,12
Tri County,5
Trianon,9
Trig,12
Trim,28
Trindle,68
Trinity,200
Triple Creek,20
Triple Crown,95
Triplett,56
Tristan,34
Troon,103
Troon North,23
Trooper,53
Troost,304
Trophy,4
Trotter,68
Troup,556
Trousdale,2
Trout,40
Trowbridge,10
Trowman,45
Troy,2
Trude,17
Truesdell,43
Truitt,7
Truman,384
Trumball,6
Trumbo,10
Trusler,2
Tubbs,7
Tubby,22
Tucker,261
Tudor,105
Tulakes,37
Tulane,367
Tulip,93
Tullis,7
Tully,6
Tully Hill,10
Tulsa,86
Tumbleweed,333
Tunis,18
Tunstall,20
Tupelo,18
Turkey,45
Turkey Creek,251
Turkey Hollow,4
Turkey Lane,1
Turkey Red,5
Turkey Ridge,55
Turkey Run,29
Turkey Trail,49
Turkeyfoot,16
Turkle,96
Turnberry,306
Turner,144
Turnpike,69
Turon,8
Turquoise,125
Turtle,7
Turtle Creek,15
Tuscany,67
Tuscarora,26
Tuscony,5
Tutbury Town,203
Tuttle,97
Tuttle Cove,35
Tuttle Creek,737
Twain Arbor,6
Tweed,79
Twelfth,145
Twelveth,4
Twenty-Eighth,29
Twenty-Seventh,38
Twila,12
Twilight,1141
Twin,9
Twin Acres,13
Twin Cedar,33
Twin Creek,1
Twin Forks,3
Twin Lakes,170
Twin Mill,34
Twin Oaks,58
Twin Peaks,5
Twin Pines,82
Twin Springs,2
Twinlake,82
Twiss,126
Twist,33
Twisted Oak,102
Twykingham,26
Twyman,55
Tyler,1643
Tyndall,63
Tyrell,6
Tyson,10
U,442
U 75,3
U S Hwy 281,5
U S Hwy 400,18
U S Hwy 50,28
U S Hwy 59,39
U.s. Highway 283,6
U.s. Highway 36,3
U.s. Highway 383,2
U.s. Hwy 283,1
U.s. Hwy 36,1
U4,49
Udall,165
Ullery,33
Ulysses,161
Umbra,24
Umphenour,6
Umphrey,16
Underhill,12
Underwood,75
Ungeheuer,27
Unicorn,16
Union,1140
Union Chapel,31
Union Ov,2
Union Pacific,1
Union Park,54
Unique,12
Unity,106
University,736
University Park,14
Unruh,41
UP,6
Upchurch,68
Upham,17
Upland,147
Upland Hills,140
Upper Dam Road,2
Upper Mill Hts,114
Upton,2
Urban,9
Uriah,2
Urish,421
Us-169,22
US-24,33
Us-50,418
US-59,203
Us-83,69
Us 160,156
Us 166,94
US 169,20
US 183,8
Us 24,31
Us 24 Hwy,5
Us 281,76
Us 40,18
US 40,44
Us 40 Service,2
US 400,2
US 50,22
Us 54,40
US 54,39
US 56,3
US 59,90
Us 75,54
Us 77,60
US 83,24
Us Grant,6
Us Highway 159,120
Us Highway 166,48
Us Highway 166 B,15
Us Highway 24,130
Us Highway 283,1
Us Highway 36,6
US Highway 36,101
Us Highway 40,305
Us Highway 50,59
Us Highway 56,24
Us Highway 59,70
Us Highway 73,75
Us Highway 75,37
US Highway 75,15
Us Hwy 159,7
Us Hwy 160,72
US Hwy 160,27
Us Hwy 18,11
Us Hwy 232,8
Us Hwy 24,3
Us Hwy 281,84
Us Hwy 281 Terr,4
Us Hwy 283,43
Us Hwy 36,51
Us Hwy 40,6
Us Hwy 400,37
Us Hwy 50,86
US Hwy 50,89
Us Hwy 54,4
US Hwy 54,120
Us Hwy 56,120
US Hwy 56,3
Us Hwy 59,79
US Hwy 59,60
Us Hwy 73,24
US Hwy 73,99
US Hwy 75,24
Us Hwy 77,6
Us Hwy. 283,15
US169,7
US183,5
US54,139
US56,38
Us75,2
Utah,555
Ute,45
Utley,2
Uxbridge,5
V,361
V4,48
V5,3
V6,8
Vada,2
Vado,20
Vahalla,56
Vail,106
Vale,27
Valeda,18
Valencia,305
Valentine,64
Valerie,177
Valhalla,47
Valisa,8
Vallette,18
Valley,1396
Valley-Ionia,3
Valley Brook,69
Valley Creek,95
Valley Farms,35
Valley Forge,28
Valley Glen,47
Valley Hi,251
Valley High,1
Valley Oaks,17
Valley Park,75
Valley Pride,100
Valley Spring,60
Valley Springs,10
Valley Stream,106
Valley View,805
Valley Vista,26
Valleydale,32
Valleymead,1
Valleyview,636
Valleywood,67
Vals,30
Van,14
Van Arsdale,81
Van Bruen,2
Van Buran,1
Van Buren,780
Van Dittie,18
Van Fleet,62
Van Horn,28
Van Horne,7
Van Houten,19
Van Mar,51
Van View,9
Van Wyck,1
Van Zile Hall,6
Vandale,44
Vanday,4
Vandenberg,10
Vandenburgh,5
Vane,38
Vanesta,130
Vanoohe,3
Vantage View,27
Vantuyl,57
Varck,36
Vargas,7
Vasa Way,5
Vassar,678
Vast,15
Vattier,254
Vaughn,96
Vawter,18
Veach,11
Velie,6
Velma,16
Velvet Leaf,19
Ven John,7
Venable,32
Venango,31
Venerable,16
Venice,61
Venison,24
Ventana,28
Ventnor,116
Ventoso,59
Ventura,46
Venus,33
Vera,25
Vera Frontage,9
Veranda,126
Veranda Lake,2
Verda,42
Verde,108
Verdigris,3
Verdure,34
Vermillion,35
Vermont,1279
Verna,71
Vernon,84
Verona,208
Veronica,31
Vervan,5
Vesper,108
Vesta,113
Vet Clinic,2
Veterans Memorial,4
VFW,78
Via Linda,45
Via Roma,74
Via Verde,120
Vickers,3
Vickery,9
Vicki,9
Vicksburg,41
Victor,59
Victoria,686
Victoria Heights,58
Victorian,48
Victory,528
Videra,2
Viemont,36
Viener,10
Vierthaler,14
Viet Nam War Memorial,19
View,47
Viewcrest,97
Viewpoint,1
Viking,3
Vilander,8
Vilas,294
Villa,257
Villa Vista,29
Villa West,427
Village,1211
Village Estates,129
Village Greens,54
Village Hall,57
Village Lake,74
Village West,89
Villas,4
Villo Woods,53
Vilm,39
Vilymaca,30
Vincent,63
Vincent-Idana,6
Vine,2117
Vine - Reserve,2
Vine Ov,2
Vinegate,92
Vinewood,38
Viney,6
Vineyard,127
Vinson,3
Vintage,35
Vinton School,1
Vinzant,8
Viola,66
Violet,273
Virgil,3
Virginia,1178
Virgo,45
Vista,445
Vista Acres,30
Vista Del Lago,17
Vista Sur,2
Vista View,19
Vitt,4
Vivion Oaks,10
Volente Point,2
Volga,74
Volland,2
Voltaire,4
Volunteer,13
Volutsia,987
Von Thaden,1
Vore,1
Vorse,80
W,324
W 25,1
W 50,12
W P,2
W2,2
W25,3
W4,32
W6,9
Wabash,907
Wabaunsee,107
Waco,903
Waddington,65
Waggoner,40
Wagner,50
Wagon,87
Wagon Trail,27
Wagon Train,8
Wagon Wheel,251
Wagon Wheel Circle,11
Wagonbed Springs,14
Wagonwheel,29
Wagstaff,33
Wahington,1
Wahoo,40
Wahrman,1
Waie,4
Wainwright,24
Waite,29
Waitt,47
Wakanda,11
Wakarusa,271
Wakefield,54
Walburn,5
Walch,7
Wald,31
Walden,93
Waldo,19
Waldron,97
Wales,2
Walker,1221
Walking Trail,20
Wall,424
Walla Walla,9
Wallace,312
Wallace Park,5
Wallace Way,3
Waller,55
Walleye,1
Wallingford,31
Wallis,21
Walmer,1429
Walnut,8433
WALNUT,1
Walnut Creek,261
Walnut Grove,109
Walnut Heizer,4
Walnut Valley,80
Walnut View,38
"Walnut, Labette City",2
Walsburg,29
Walsh,2
Walstead,15
Walt Trail,5
Walter,131
Walter Beech,9
Walters,199
Walthall,11
Walton,80
Wam-Teau,21
Wamage,4
Wanamaka,20
Wanamaker,411
Wanda,15
Wandering,12
Wandersee,7
Wapiti,3
Warbler,1
Ward,318
Ward Cliff,8
Ware,6
Warehouse,4
Warne,5
Warner,220
Warner Park,42
Warnow,23
Warpole,4
Warren,886
Warrior,73
Warsaw,18
Warson,16
Warwick,192
Wash,14
Washburn,303
Washignton,1
Washington,8238
Washita,4
Wasp,1
Wassall,166
Wasserman,29
Wassinger,6
Wasson,11
Water,979
Water Mill,20
Water Plant,1
Water Well,123
Waterbridge,2
Waterbrook,6
Watercress,121
Waterfall,6
Waterford,259
Waterfront,7
Waterhole,29
Waterloo,14
Waterman,427
Waterman Crossing,24
Watermelon,42
Waters,17
Waters Edge,134
Watersedge,102
Waterside,92
Watervale,30
Waterview,61
Waterway,51
Waterworks,37
Watkins,67
Watson,630
Watson Angola,5
Watters,3
Wattles,19
Wattling,36
Waumbaugh,25
Wausau,1
Wavecrest,56
Waverly,1335
Wawona,3
Waxwing,33
Wayne,749
Ways,5
Wayside,47
Wea,275
Wear,34
Weatherly,23
Weaver,375
Webb,1008
Webber,3
Weber,23
Webster,1760
Weda,21
Wedd,1296
Wedel,37
Wedgewood,320
Weekley,22
Weeks,2
Weems,5
Weeping Willow,38
Wefald Hall,49
Weichert,5
Weile,14
Weir,35
Welborn,35
Welborn Lake,2
Welch,15
Welcome Cemetery,8
Weldon,42
Welgate,29
Well,9
Wellcrest,100
Wellesley,42
Wellhouse,1
Wellington,522
Wellington Place,49
Wellman,167
Wells,166
Wells Creek,42
Wells Fargo,111
Welsh,58
Welston,15
Welton,85
Welton Grove,28
Wendell,206
Wendy Kay,36
Wenonah,57
Wenonga,742
Wentley,143
Wentworth,25
Wenzel,8
Wertz,3
Wesbrook,24
Wesfield,14
Weskan,21
Wesley,271
Wesleyan,8
Wesparke,92
Wessels,22
West,2198
West-Ionia,2
West Avenue,74
West Campus,5
West City Limits,32
West Cove,8
West Detroit,9
West Edge,53
West Fork,16
West Glen,50
West Hall,28
West Hills,67
West Lake,143
West Lakeview,6
West Mound,8
West Park,1
West Park View,92
West Parkway,112
West Point,3
West Ridge,111
West River,9
West Shore,16
West Slope,8
"West St, Valeda",5
West Timber,20
West Trail,32
West Union,88
West Virginia,81
West Walnut,8
Westbaker,27
Westbank,57
Westboro,16
Westborough,48
Westbrook,62
Westbrooke,298
Westbury,18
Westchester,335
Westdale,143
Westerfield,179
Westerly Heights,13
Western,1559
Western Heights,24
Western Meadows,4
Western Plains,117
Western Row,6
Westfall,2
Westfield,506
Westgate,1594
Westhaven,101
Westhoff,180
Westlake,284
Westlakes,276
Westland,89
Westlane,26
Westlawn,816
Westlink,299
Westlynn,109
Westman,10
Westminister Crt,1
Westminster,171
Westmoreland,18
Weston,14
Westover,140
Westpark,12
Westphalia,13
Westplains,80
Westport,958
Westport Plaza,14
Westridge,581
Westridge Curve,11
Westshore,22
Westside,60
Westside Villa,25
Westvale,39
Westview,877
Westwind,72
Westwind Bay,83
Westwood,546
Wet Stone,50
Wetmore,99
Wexford,56
Wharton Manor,4
Wheat,183
Wheat State,77
Wheat Wood,5
Wheatfield,56
Wheatland,655
Wheatland Meadows,5
Wheatland Valley,12
Wheatlane,11
Wheaton,99
Wheatridge,409
Wheatwood,1
Wheeler,269
Wheeling,37
Whelan,6
Whetzel,7
Whildin,89
Whilshire,55
Whipple,4
Whippletree,24
Whippoorwill,53
Whipporwill,1
Whirlwind,34
Whiskey Lake,7
Whispering,168
Whispering Brook,104
Whispering Meadows,31
Whispering Oaks,24
Whispering Pines,57
Whispering Winds,8
Whitaker,7
White,285
White's,9
White Cliff,85
White Eagle,7
White Horse,3
White Oak,267
White Pine,21
White Plume,4
White Rock,15
White Sage,3
White Sand,5
White Sands,19
White Tail,180
White Way,21
Whitehall,121
Whiteoak,35
Whiteside,111
Whitetail,284
Whitewood,80
Whitfield,155
Whitham,4
Whiting,92
Whitley,5
Whitmore,180
Whitney,158
Whittier,257
Whittier Place,73
Whittinghill,28
Wichita,1008
Wichita-Scott,4
Wick,19
Wicker,36
Wickersham,56
Wickham,73
Wickware,30
Wide Awake,22
Widigan,27
Widmer,1093
Wiebe,2
Wiedemann,2
Wiedmer,7
Wieland,30
Wiest Hall,4
Wieters,5
Wilberforce,39
Wilbre,24
Wilbur,125
Wilburn,7
Wilclif,1
Wilcox,28
Wild Bills,12
Wild Canary,3
Wild Horse,115
Wild Plum,114
Wild Red,33
Wild Rose,475
Wild Thicket,75
Wild Turkey,83
Wild Wood,10
Wildcat,561
Wildcat Creek,51
Wildcat Hollow,3
Wildcat Run,150
Wilde,6
Wilder,109
Wilderness,399
Wildfire,53
Wildflower,155
Wildgrass,3
Wildlife,13
Wildmeadow,21
Wildoak,23
Wildridge,46
Wildrose,33
Wildwood,331
Wiles,1
Wiley,64
Wilhelm,36
Wilkens Heizer,6
Wilkie,7
Wilkinson,152
Will,21
Will Kent,9
Willard,95
Willards,3
Willett,14
William,322
William Wood,9
Williams,356
Williamsburg,298
Williamsgate,48
Williamson,127
Williby,14
Willie,35
Willie Mae,5
Willimon,17
Willis,110
Willison,142
Willits,10
Willmett Crossing,6
Willo Esque,124
Willoughby,19
Willow,3129
Willow Bend,86
Willow Brook,136
Willow Creek,171
Willow Glen,14
Willow Grove,42
Willow Lake,75
Willow Oak,59
Willow Point,271
Willow Ridge,4
Willow Springs,21
Willowbend,75
Willowbrook,300
Willowdell,43
Willowgreen,165
Willowleaf,2
Willowood,43
Willowpond,4
Wills,10
Willshire,40
Willy,4
Wilma,225
Wilman,74
Wilmar,11
Wilmer,15
Wilmett,3
Wilmington,24
Wilmohr,13
Wilmot,13
Wilroads Gardens,27
Wilshire,115
Wilson,1856
Wilson Creek,7
Wilson Estates,123
Wilson Galatia,1
Wilson Lake,3
Wilton,95
Wiltshire,46
Wimbledon,356
Wimmer,28
Winchester,444
Wind,8
Wind Rows Lake,69
Windbreak,18
Windcrest Drive,27
Windemere,90
Windermere,99
Windgate,15
Windham,83
Windimere,10
Winding,7
Winding Creek,6
Winding Lane,97
Windllawn Court,8
Windmill,154
Windmill Court,9
Windmill Run,26
Windover,2
Windridge,11
Windrose,57
Windslow,50
Windsong,129
Windsong Way,34
Windsor,1635
Windsor Creek,25
Windwalker,17
Windward,69
Windwood,234
Windy,24
Windy Hill,21
Windy Knoll,7
Windyview,39
Winesap,91
Winfield,286
Wing,8
Wingard,3
Wingate,18
Winged Foot,64
Wingert,2
Wingfoot,76
Winifred,30
Wink,30
Winkler,25
Winkler Mills,3
Winn,44
Winne,37
Winnebago,7
Winnie,44
Winona,119
Winstead,147
Winston,154
Wint,3
Winter,31
Winterberry,140
Winterbrook,140
Winterbrooke,167
Winters,6
Winterset,210
Winterwood,35
Winthrop,18
Winwood,143
Wire,118
Wirt,2
Wirth,67
Wisconsin,805
Wise,47
Wiseman,6
Wiser,4
Wisteria,66
Witch Hollow,71
Withdean,45
Withington,6
Withrow,15
Witmarsum,15
Witmarsum West,55
Witt,21
Wittenberg,15
Wofford,52
Wohler,1
Wolcott,113
Wolf,157
Wolfberry,10
Wolff,3
Wollmann,29
Womack,15
Womer,80
Wonka,22
Wood,1284
Wood Bridge,46
Wood Green,7
Wood Hollow,16
Wood River,2
Wood Valley,88
Wood View,21
Wood View Ridge,345
Woodard,42
Woodberry,78
Woodbine,7
Woodbridge,168
Woodbrook,66
Woodbury,164
Woodchuck,266
Woodcliffe,26
Woodcreek,110
Woodcrest,79
Woodcroft,55
Woodcut,4
Wooddale,86
Woodduck,43
Wooded Way,2
Wooden,55
Woodend,451
Woodfield,31
Woodgate,92
Woodglen,34
Woodhaven,6
Woodhill,6
Woodhull,75
Woodland,1843
Woodland Hills,36
Woodland Hills-Dearing,10
Woodlane,14
Woodlawn,2316
Woodlawn Heights,46
Woodlow,38
Woodmont,27
Woodmoor,121
Woodmor,12
Woodoak,17
Woodridge,662
Woodring,93
Woodrow,517
Woodruff,48
Woods,149
Woodsdale,6
Woodsfield,46
Woodside,146
Woodson,1807
Woodsonia,80
Woodspring,132
Woodstock,411
Woodstone,517
Woodsway,4
Woodthrush,25
Woodvalley,70
Woodward,1066
Woodway,31
Woodworth,9
Woody Creek,2
Woofter,28
Woolery,6
Woolsey,3
Woolsey/Chautauqua,2
Wooster,19
Wooten,51
Worden,29
Work,4
Workman,74
Worl,10
Worthington,102
Worwick Town,73
Wovoka,9
Wp,1
Wrangler,49
Wreath,92
Wren,94
Wren Field,41
Wright,117
Wrigley,36
Wulf,2
Wulff,8
WW I Memorial,2
WW II Memorial,16
Wyandot,4
Wyandott,4
Wyandotte,637
Wyatt,21
Wyatt Earp,62
Wyatt Earps,7
Wyckford,38
Wycklow,58
Wycliffe,7
Wycoff,19
Wyman,8
Wyncote,18
Wyncroft,57
Wyndham,385
Wynkoop,4
Wyoming,292
X,302
X-Ranch,2
X-Ray,36
X 50,2
X X,11
X4,36
X6,5
Xavier,147
Xeric,29
Xpressway,2
Xray,6
Xylan,21
Xylem,15
Y,240
Y 25,2
Y 35,1
Y 45,1
Y 50,12
Y 70,2
Y Rd Lovewell Lake,4
Y25,2
Yaeger,28
Yager,13
Yaggy,48
Yale,833
Yancy,3
Yankee,59
Yankee Bit,20
Yankee Tank,41
Yard,5
Yarrow,59
Yates,58
Yauger,50
Yeager,15
Yearling,14
Yecker,555
Yellow Rose,15
Yellowstar,73
Yellowstone,481
Yesteryear,55
Yocemento,53
Yoder,75
Yoeke,18
Yoeman,2
Yolande,6
Yonder,27
York,353
York Dr-Dearing,7
Yorkshire,118
Yorktown,8
Yorktowne,24
Yosemite,223
Young,398
Younkin,16
Yuba,33
Yucca,173
Yucca Path,12
Yukon,7
Yuma,194
YY,51
Z,140
Z 50,6
Z W,2
Z Z,27
Z Z P,2
Zachary,91
Zachery,2
Zacs,2
Zaldivar,1
Zane,6
Zarah,37
Zarah Cliffs,3
Zarda,258
Zeal,3
Zeandale,87
Zebra,11
Zebulon,15
Zeim Grade,5
Zelfer,10
Zella,10
Zelpha,11
Zelta,145
Zenith,55
Zenith Broadway,2
Zest,17
Zigzag,6
Zimmerly,561
Zimmerman,2
Zinc,1
Zinnia,54
Zion,6
Zipper,29
Zodiac,7
Zolman,7
Zoo,62
Zumbrunn,8
Zuni,45
Zuni Alley,2
Zyba,12
