date_of_birth,Count
01/01/1801,3
01/01/1900,6
01/01/1901,8
01/01/1914,1
01/01/1922,1
01/01/1923,3
01/01/1924,1
01/01/1925,2
01/01/1926,2
01/01/1927,1
01/01/1928,5
01/01/1929,2
01/01/1930,6
01/01/1931,8
01/01/1932,8
01/01/1933,8
01/01/1934,11
01/01/1935,19
01/01/1936,30
01/01/1937,25
01/01/1938,26
01/01/1939,31
01/01/1940,39
01/01/1941,30
01/01/1942,31
01/01/1943,43
01/01/1944,47
01/01/1945,49
01/01/1946,43
01/01/1947,77
01/01/1948,65
01/01/1949,84
01/01/1950,70
01/01/1951,66
01/01/1952,96
01/01/1953,82
01/01/1954,83
01/01/1955,96
01/01/1956,85
01/01/1957,95
01/01/1958,109
01/01/1959,89
01/01/1960,105
01/01/1961,91
01/01/1962,108
01/01/1963,104
01/01/1964,88
01/01/1965,87
01/01/1966,88
01/01/1967,88
01/01/1968,104
01/01/1969,109
01/01/1970,95
01/01/1971,90
01/01/1972,87
01/01/1973,76
01/01/1974,98
01/01/1975,130
01/01/1976,101
01/01/1977,106
01/01/1978,98
01/01/1979,98
01/01/1980,142
01/01/1981,122
01/01/1982,125
01/01/1983,125
01/01/1984,114
01/01/1985,129
01/01/1986,144
01/01/1987,120
01/01/1988,123
01/01/1989,111
01/01/1990,112
01/01/1991,100
01/01/1992,121
01/01/1993,96
01/01/1994,103
01/01/1995,90
01/01/1996,95
01/01/1997,94
01/01/1998,82
01/01/1999,87
01/01/2000,84
01/01/2001,71
01/01/2002,73
01/01/2003,61
01/01/2004,70
01/01/2005,41
01/01/2006,37
01/01/2007,27
01/01/2008,19
01/02/1922,2
01/02/1928,5
01/02/1929,2
01/02/1930,4
01/02/1931,4
01/02/1932,8
01/02/1933,5
01/02/1934,5
01/02/1935,11
01/02/1936,8
01/02/1937,17
01/02/1938,13
01/02/1939,18
01/02/1940,15
01/02/1941,17
01/02/1942,36
01/02/1943,26
01/02/1944,38
01/02/1945,36
01/02/1946,40
01/02/1947,71
01/02/1948,68
01/02/1949,60
01/02/1950,52
01/02/1951,47
01/02/1952,56
01/02/1953,89
01/02/1954,72
01/02/1955,82
01/02/1956,76
01/02/1957,56
01/02/1958,84
01/02/1959,85
01/02/1960,83
01/02/1961,84
01/02/1962,90
01/02/1963,98
01/02/1964,81
01/02/1965,58
01/02/1966,71
01/02/1967,63
01/02/1968,81
01/02/1969,68
01/02/1970,61
01/02/1971,83
01/02/1972,80
01/02/1973,71
01/02/1974,79
01/02/1975,81
01/02/1976,55
01/02/1977,76
01/02/1978,74
01/02/1979,82
01/02/1980,73
01/02/1981,83
01/02/1982,69
01/02/1983,79
01/02/1984,75
01/02/1985,66
01/02/1986,71
01/02/1987,78
01/02/1988,63
01/02/1989,69
01/02/1990,88
01/02/1991,92
01/02/1992,81
01/02/1993,76
01/02/1994,52
01/02/1995,62
01/02/1996,73
01/02/1997,91
01/02/1998,74
01/02/1999,58
01/02/2000,78
01/02/2001,97
01/02/2002,106
01/02/2003,83
01/02/2004,81
01/02/2005,45
01/02/2006,56
01/02/2007,44
01/02/2008,35
01/03/1923,1
01/03/1928,1
01/03/1929,5
01/03/1930,5
01/03/1931,5
01/03/1932,4
01/03/1933,9
01/03/1934,11
01/03/1935,16
01/03/1936,9
01/03/1937,10
01/03/1938,11
01/03/1939,23
01/03/1940,16
01/03/1941,29
01/03/1942,30
01/03/1943,45
01/03/1944,40
01/03/1945,38
01/03/1946,36
01/03/1947,68
01/03/1948,59
01/03/1949,58
01/03/1950,44
01/03/1951,68
01/03/1952,63
01/03/1953,78
01/03/1954,77
01/03/1955,73
01/03/1956,94
01/03/1957,89
01/03/1958,90
01/03/1959,79
01/03/1960,75
01/03/1961,87
01/03/1962,76
01/03/1963,77
01/03/1964,70
01/03/1965,81
01/03/1966,71
01/03/1967,64
01/03/1968,61
01/03/1969,84
01/03/1970,69
01/03/1971,69
01/03/1972,77
01/03/1973,73
01/03/1974,70
01/03/1975,67
01/03/1976,67
01/03/1977,91
01/03/1978,81
01/03/1979,81
01/03/1980,77
01/03/1981,86
01/03/1982,83
01/03/1983,91
01/03/1984,85
01/03/1985,76
01/03/1986,69
01/03/1987,64
01/03/1988,58
01/03/1989,97
01/03/1990,77
01/03/1991,95
01/03/1992,84
01/03/1993,52
01/03/1994,77
01/03/1995,96
01/03/1996,99
01/03/1997,83
01/03/1998,90
01/03/1999,52
01/03/2000,98
01/03/2001,113
01/03/2002,98
01/03/2003,97
01/03/2004,47
01/03/2005,72
01/03/2006,70
01/03/2007,53
01/03/2008,26
01/04/1922,1
01/04/1927,1
01/04/1928,2
01/04/1929,1
01/04/1930,2
01/04/1931,2
01/04/1932,6
01/04/1933,5
01/04/1934,11
01/04/1935,14
01/04/1936,13
01/04/1937,16
01/04/1938,12
01/04/1939,27
01/04/1940,32
01/04/1941,25
01/04/1942,29
01/04/1943,37
01/04/1944,45
01/04/1945,47
01/04/1946,35
01/04/1947,67
01/04/1948,42
01/04/1949,85
01/04/1950,58
01/04/1951,60
01/04/1952,59
01/04/1953,53
01/04/1954,72
01/04/1955,55
01/04/1956,77
01/04/1957,76
01/04/1958,76
01/04/1959,84
01/04/1960,72
01/04/1961,87
01/04/1962,96
01/04/1963,83
01/04/1964,75
01/04/1965,92
01/04/1966,86
01/04/1967,84
01/04/1968,63
01/04/1969,66
01/04/1970,64
01/04/1971,72
01/04/1972,84
01/04/1973,76
01/04/1974,89
01/04/1975,59
01/04/1976,70
01/04/1977,74
01/04/1978,78
01/04/1979,78
01/04/1980,83
01/04/1981,72
01/04/1982,81
01/04/1983,87
01/04/1984,90
01/04/1985,98
01/04/1986,67
01/04/1987,58
01/04/1988,89
01/04/1989,89
01/04/1990,98
01/04/1991,97
01/04/1992,71
01/04/1993,90
01/04/1994,108
01/04/1995,102
01/04/1996,104
01/04/1997,75
01/04/1998,76
01/04/1999,90
01/04/2000,104
01/04/2001,133
01/04/2002,108
01/04/2003,67
01/04/2004,53
01/04/2005,107
01/04/2006,84
01/04/2007,37
01/04/2008,42
01/05/1917,1
01/05/1922,1
01/05/1925,2
01/05/1926,2
01/05/1927,1
01/05/1929,3
01/05/1930,3
01/05/1931,10
01/05/1932,9
01/05/1933,9
01/05/1934,5
01/05/1935,11
01/05/1936,14
01/05/1937,21
01/05/1938,23
01/05/1939,18
01/05/1940,17
01/05/1941,29
01/05/1942,25
01/05/1943,41
01/05/1944,41
01/05/1945,36
01/05/1946,45
01/05/1947,68
01/05/1948,63
01/05/1949,66
01/05/1950,59
01/05/1951,90
01/05/1952,68
01/05/1953,69
01/05/1954,81
01/05/1955,91
01/05/1956,72
01/05/1957,85
01/05/1958,77
01/05/1959,75
01/05/1960,86
01/05/1961,94
01/05/1962,110
01/05/1963,100
01/05/1964,68
01/05/1965,90
01/05/1966,60
01/05/1967,86
01/05/1968,68
01/05/1969,78
01/05/1970,72
01/05/1971,95
01/05/1972,64
01/05/1973,80
01/05/1974,76
01/05/1975,75
01/05/1976,83
01/05/1977,75
01/05/1978,75
01/05/1979,93
01/05/1980,106
01/05/1981,97
01/05/1982,91
01/05/1983,94
01/05/1984,85
01/05/1985,72
01/05/1986,60
01/05/1987,93
01/05/1988,111
01/05/1989,101
01/05/1990,96
01/05/1991,66
01/05/1992,85
01/05/1993,120
01/05/1994,97
01/05/1995,120
01/05/1996,104
01/05/1997,64
01/05/1998,95
01/05/1999,126
01/05/2000,112
01/05/2001,114
01/05/2002,65
01/05/2003,65
01/05/2004,86
01/05/2005,93
01/05/2006,82
01/05/2007,40
01/05/2008,20
01/06/1924,1
01/06/1925,1
01/06/1928,1
01/06/1929,3
01/06/1930,6
01/06/1931,4
01/06/1932,8
01/06/1933,11
01/06/1934,10
01/06/1935,9
01/06/1936,12
01/06/1937,18
01/06/1938,21
01/06/1939,13
01/06/1940,21
01/06/1941,26
01/06/1942,24
01/06/1943,41
01/06/1944,44
01/06/1945,27
01/06/1946,40
01/06/1947,63
01/06/1948,48
01/06/1949,57
01/06/1950,57
01/06/1951,53
01/06/1952,60
01/06/1953,76
01/06/1954,56
01/06/1955,83
01/06/1956,79
01/06/1957,69
01/06/1958,93
01/06/1959,84
01/06/1960,73
01/06/1961,90
01/06/1962,79
01/06/1963,94
01/06/1964,84
01/06/1965,64
01/06/1966,71
01/06/1967,75
01/06/1968,70
01/06/1969,79
01/06/1970,74
01/06/1971,81
01/06/1972,71
01/06/1973,79
01/06/1974,63
01/06/1975,81
01/06/1976,84
01/06/1977,73
01/06/1978,86
01/06/1979,89
01/06/1980,86
01/06/1981,99
01/06/1982,89
01/06/1983,82
01/06/1984,86
01/06/1985,77
01/06/1986,112
01/06/1987,109
01/06/1988,85
01/06/1989,97
01/06/1990,74
01/06/1991,75
01/06/1992,85
01/06/1993,99
01/06/1994,91
01/06/1995,113
01/06/1996,66
01/06/1997,87
01/06/1998,94
01/06/1999,87
01/06/2000,115
01/06/2001,84
01/06/2002,68
01/06/2003,90
01/06/2004,100
01/06/2005,98
01/06/2006,66
01/06/2007,21
01/06/2008,11
01/07/1901,1
01/07/1918,1
01/07/1926,1
01/07/1928,4
01/07/1929,4
01/07/1930,3
01/07/1931,5
01/07/1932,7
01/07/1933,6
01/07/1934,17
01/07/1935,8
01/07/1936,13
01/07/1937,13
01/07/1938,27
01/07/1939,17
01/07/1940,30
01/07/1941,25
01/07/1942,29
01/07/1943,31
01/07/1944,32
01/07/1945,43
01/07/1946,50
01/07/1947,64
01/07/1948,54
01/07/1949,51
01/07/1950,65
01/07/1951,58
01/07/1952,66
01/07/1953,54
01/07/1954,71
01/07/1955,69
01/07/1956,75
01/07/1957,76
01/07/1958,77
01/07/1959,75
01/07/1960,68
01/07/1961,79
01/07/1962,83
01/07/1963,76
01/07/1964,87
01/07/1965,81
01/07/1966,69
01/07/1967,56
01/07/1968,55
01/07/1969,67
01/07/1970,101
01/07/1971,82
01/07/1972,69
01/07/1973,78
01/07/1974,71
01/07/1975,86
01/07/1976,98
01/07/1977,90
01/07/1978,68
01/07/1979,85
01/07/1980,83
01/07/1981,115
01/07/1982,109
01/07/1983,95
01/07/1984,61
01/07/1985,96
01/07/1986,97
01/07/1987,103
01/07/1988,111
01/07/1989,74
01/07/1990,67
01/07/1991,95
01/07/1992,90
01/07/1993,87
01/07/1994,107
01/07/1995,66
01/07/1996,57
01/07/1997,110
01/07/1998,117
01/07/1999,106
01/07/2000,109
01/07/2001,69
01/07/2002,105
01/07/2003,109
01/07/2004,100
01/07/2005,90
01/07/2006,45
01/07/2007,28
01/07/2008,31
01/08/1923,1
01/08/1926,1
01/08/1928,2
01/08/1929,1
01/08/1930,3
01/08/1931,3
01/08/1932,7
01/08/1933,6
01/08/1934,7
01/08/1935,11
01/08/1936,14
01/08/1937,15
01/08/1938,18
01/08/1939,25
01/08/1940,16
01/08/1941,28
01/08/1942,25
01/08/1943,45
01/08/1944,48
01/08/1945,47
01/08/1946,38
01/08/1947,47
01/08/1948,45
01/08/1949,54
01/08/1950,48
01/08/1951,71
01/08/1952,84
01/08/1953,95
01/08/1954,65
01/08/1955,73
01/08/1956,71
01/08/1957,76
01/08/1958,76
01/08/1959,82
01/08/1960,82
01/08/1961,96
01/08/1962,88
01/08/1963,74
01/08/1964,82
01/08/1965,80
01/08/1966,65
01/08/1967,56
01/08/1968,81
01/08/1969,92
01/08/1970,75
01/08/1971,89
01/08/1972,53
01/08/1973,69
01/08/1974,70
01/08/1975,85
01/08/1976,78
01/08/1977,73
01/08/1978,72
01/08/1979,88
01/08/1980,83
01/08/1981,72
01/08/1982,82
01/08/1983,67
01/08/1984,76
01/08/1985,85
01/08/1986,109
01/08/1987,90
01/08/1988,96
01/08/1989,70
01/08/1990,123
01/08/1991,93
01/08/1992,79
01/08/1993,93
01/08/1994,59
01/08/1995,61
01/08/1996,96
01/08/1997,86
01/08/1998,106
01/08/1999,106
01/08/2000,86
01/08/2001,94
01/08/2002,114
01/08/2003,104
01/08/2004,98
01/08/2005,47
01/08/2006,39
01/08/2007,54
01/08/2008,31
01/09/1919,1
01/09/1925,1
01/09/1926,2
01/09/1928,3
01/09/1929,1
01/09/1930,1
01/09/1931,7
01/09/1932,5
01/09/1933,10
01/09/1934,9
01/09/1935,7
01/09/1936,6
01/09/1937,12
01/09/1938,30
01/09/1939,19
01/09/1940,29
01/09/1941,32
01/09/1942,22
01/09/1943,44
01/09/1944,39
01/09/1945,32
01/09/1946,40
01/09/1947,51
01/09/1948,57
01/09/1949,55
01/09/1950,65
01/09/1951,68
01/09/1952,69
01/09/1953,73
01/09/1954,90
01/09/1955,68
01/09/1956,79
01/09/1957,83
01/09/1958,96
01/09/1959,82
01/09/1960,63
01/09/1961,87
01/09/1962,98
01/09/1963,73
01/09/1964,78
01/09/1965,70
01/09/1966,66
01/09/1967,63
01/09/1968,72
01/09/1969,74
01/09/1970,85
01/09/1971,76
01/09/1972,69
01/09/1973,62
01/09/1974,68
01/09/1975,75
01/09/1976,82
01/09/1977,58
01/09/1978,81
01/09/1979,83
01/09/1980,85
01/09/1981,81
01/09/1982,87
01/09/1983,78
01/09/1984,101
01/09/1985,77
01/09/1986,98
01/09/1987,100
01/09/1988,89
01/09/1989,83
01/09/1990,100
01/09/1991,79
01/09/1992,80
01/09/1993,66
01/09/1994,80
01/09/1995,95
01/09/1996,95
01/09/1997,104
01/09/1998,102
01/09/1999,61
01/09/2000,68
01/09/2001,139
01/09/2002,90
01/09/2003,91
01/09/2004,101
01/09/2005,42
01/09/2006,84
01/09/2007,46
01/09/2008,43
01/10/1919,1
01/10/1927,3
01/10/1928,2
01/10/1929,3
01/10/1930,6
01/10/1931,4
01/10/1932,10
01/10/1933,7
01/10/1934,13
01/10/1935,12
01/10/1936,11
01/10/1937,9
01/10/1938,14
01/10/1939,16
01/10/1940,17
01/10/1941,19
01/10/1942,39
01/10/1943,43
01/10/1944,36
01/10/1945,49
01/10/1946,40
01/10/1947,65
01/10/1948,50
01/10/1949,54
01/10/1950,53
01/10/1951,66
01/10/1952,70
01/10/1953,71
01/10/1954,66
01/10/1955,96
01/10/1956,83
01/10/1957,77
01/10/1958,85
01/10/1959,87
01/10/1960,80
01/10/1961,101
01/10/1962,82
01/10/1963,93
01/10/1964,81
01/10/1965,74
01/10/1966,57
01/10/1967,61
01/10/1968,70
01/10/1969,77
01/10/1970,75
01/10/1971,68
01/10/1972,78
01/10/1973,63
01/10/1974,72
01/10/1975,78
01/10/1976,64
01/10/1977,73
01/10/1978,86
01/10/1979,90
01/10/1980,89
01/10/1981,65
01/10/1982,83
01/10/1983,100
01/10/1984,84
01/10/1985,89
01/10/1986,115
01/10/1987,62
01/10/1988,75
01/10/1989,99
01/10/1990,130
01/10/1991,94
01/10/1992,90
01/10/1993,54
01/10/1994,88
01/10/1995,104
01/10/1996,86
01/10/1997,100
01/10/1998,78
01/10/1999,58
01/10/2000,115
01/10/2001,99
01/10/2002,115
01/10/2003,105
01/10/2004,55
01/10/2005,77
01/10/2006,99
01/10/2007,44
01/10/2008,44
01/11/1916,1
01/11/1917,1
01/11/1920,1
01/11/1922,1
01/11/1924,1
01/11/1926,1
01/11/1927,1
01/11/1928,4
01/11/1929,6
01/11/1930,1
01/11/1931,5
01/11/1932,8
01/11/1933,4
01/11/1934,9
01/11/1935,11
01/11/1936,12
01/11/1937,10
01/11/1938,19
01/11/1939,25
01/11/1940,26
01/11/1941,25
01/11/1942,31
01/11/1943,41
01/11/1944,33
01/11/1945,37
01/11/1946,34
01/11/1947,50
01/11/1948,53
01/11/1949,57
01/11/1950,51
01/11/1951,61
01/11/1952,73
01/11/1953,77
01/11/1954,71
01/11/1955,92
01/11/1956,92
01/11/1957,54
01/11/1958,85
01/11/1959,89
01/11/1960,82
01/11/1961,77
01/11/1962,76
01/11/1963,64
01/11/1964,76
01/11/1965,86
01/11/1966,64
01/11/1967,73
01/11/1968,75
01/11/1969,82
01/11/1970,79
01/11/1971,103
01/11/1972,85
01/11/1973,80
01/11/1974,83
01/11/1975,68
01/11/1976,63
01/11/1977,78
01/11/1978,88
01/11/1979,90
01/11/1980,93
01/11/1981,87
01/11/1982,93
01/11/1983,98
01/11/1984,94
01/11/1985,83
01/11/1986,74
01/11/1987,70
01/11/1988,95
01/11/1989,106
01/11/1990,100
01/11/1991,93
01/11/1992,77
01/11/1993,104
01/11/1994,101
01/11/1995,99
01/11/1996,90
01/11/1997,74
01/11/1998,67
01/11/1999,94
01/11/2000,109
01/11/2001,130
01/11/2002,99
01/11/2003,53
01/11/2004,41
01/11/2005,85
01/11/2006,79
01/11/2007,43
01/11/2008,46
01/12/1913,1
01/12/1914,1
01/12/1921,1
01/12/1925,1
01/12/1927,2
01/12/1928,3
01/12/1929,3
01/12/1931,4
01/12/1932,3
01/12/1933,3
01/12/1934,6
01/12/1935,14
01/12/1936,11
01/12/1937,9
01/12/1938,17
01/12/1939,28
01/12/1940,21
01/12/1941,36
01/12/1942,24
01/12/1943,39
01/12/1944,37
01/12/1945,46
01/12/1946,34
01/12/1947,73
01/12/1948,54
01/12/1949,56
01/12/1950,63
01/12/1951,49
01/12/1952,79
01/12/1953,69
01/12/1954,81
01/12/1955,85
01/12/1956,86
01/12/1957,100
01/12/1958,88
01/12/1959,82
01/12/1960,87
01/12/1961,93
01/12/1962,86
01/12/1963,84
01/12/1964,63
01/12/1965,73
01/12/1966,57
01/12/1967,79
01/12/1968,74
01/12/1969,77
01/12/1970,82
01/12/1971,76
01/12/1972,63
01/12/1973,53
01/12/1974,76
01/12/1975,62
01/12/1976,73
01/12/1977,80
01/12/1978,84
01/12/1979,101
01/12/1980,78
01/12/1981,90
01/12/1982,99
01/12/1983,83
01/12/1984,90
01/12/1985,79
01/12/1986,59
01/12/1987,98
01/12/1988,115
01/12/1989,91
01/12/1990,93
01/12/1991,74
01/12/1992,71
01/12/1993,92
01/12/1994,89
01/12/1995,92
01/12/1996,99
01/12/1997,61
01/12/1998,107
01/12/1999,110
01/12/2000,101
01/12/2001,129
01/12/2002,66
01/12/2003,58
01/12/2004,97
01/12/2005,103
01/12/2006,72
01/12/2007,49
01/12/2008,25
01/13/1919,1
01/13/1923,1
01/13/1926,1
01/13/1927,2
01/13/1928,1
01/13/1929,2
01/13/1930,3
01/13/1931,8
01/13/1932,3
01/13/1933,7
01/13/1934,9
01/13/1935,11
01/13/1936,15
01/13/1937,15
01/13/1938,21
01/13/1939,19
01/13/1940,20
01/13/1941,31
01/13/1942,29
01/13/1943,30
01/13/1944,35
01/13/1945,37
01/13/1946,21
01/13/1947,57
01/13/1948,59
01/13/1949,70
01/13/1950,65
01/13/1951,81
01/13/1952,59
01/13/1953,78
01/13/1954,79
01/13/1955,75
01/13/1956,75
01/13/1957,71
01/13/1958,84
01/13/1959,86
01/13/1960,97
01/13/1961,92
01/13/1962,75
01/13/1963,53
01/13/1964,75
01/13/1965,82
01/13/1966,65
01/13/1967,90
01/13/1968,61
01/13/1969,96
01/13/1970,84
01/13/1971,92
01/13/1972,85
01/13/1973,80
01/13/1974,77
01/13/1975,62
01/13/1976,77
01/13/1977,88
01/13/1978,75
01/13/1979,63
01/13/1980,79
01/13/1981,100
01/13/1982,96
01/13/1983,91
01/13/1984,84
01/13/1985,58
01/13/1986,89
01/13/1987,85
01/13/1988,96
01/13/1989,100
01/13/1990,75
01/13/1991,86
01/13/1992,91
01/13/1993,88
01/13/1994,100
01/13/1995,99
01/13/1996,66
01/13/1997,104
01/13/1998,117
01/13/1999,100
01/13/2000,100
01/13/2001,79
01/13/2002,67
01/13/2003,76
01/13/2004,118
01/13/2005,85
01/13/2006,61
01/13/2007,25
01/13/2008,18
01/14/1922,1
01/14/1925,1
01/14/1927,1
01/14/1928,3
01/14/1929,3
01/14/1930,1
01/14/1931,3
01/14/1932,2
01/14/1933,8
01/14/1934,7
01/14/1935,16
01/14/1936,10
01/14/1937,17
01/14/1938,16
01/14/1939,15
01/14/1940,27
01/14/1941,29
01/14/1942,31
01/14/1943,39
01/14/1944,36
01/14/1945,28
01/14/1946,28
01/14/1947,63
01/14/1948,59
01/14/1949,60
01/14/1950,48
01/14/1951,70
01/14/1952,83
01/14/1953,67
01/14/1954,70
01/14/1955,89
01/14/1956,82
01/14/1957,89
01/14/1958,71
01/14/1959,96
01/14/1960,83
01/14/1961,101
01/14/1962,81
01/14/1963,79
01/14/1964,98
01/14/1965,95
01/14/1966,90
01/14/1967,83
01/14/1968,54
01/14/1969,77
01/14/1970,86
01/14/1971,92
01/14/1972,57
01/14/1973,71
01/14/1974,77
01/14/1975,80
01/14/1976,86
01/14/1977,87
01/14/1978,67
01/14/1979,66
01/14/1980,99
01/14/1981,85
01/14/1982,89
01/14/1983,89
01/14/1984,71
01/14/1985,93
01/14/1986,101
01/14/1987,100
01/14/1988,93
01/14/1989,81
01/14/1990,67
01/14/1991,95
01/14/1992,88
01/14/1993,96
01/14/1994,97
01/14/1995,91
01/14/1996,52
01/14/1997,114
01/14/1998,105
01/14/1999,112
01/14/2000,107
01/14/2001,56
01/14/2002,100
01/14/2003,104
01/14/2004,98
01/14/2005,84
01/14/2006,58
01/14/2007,33
01/14/2008,30
01/15/1920,1
01/15/1922,1
01/15/1923,1
01/15/1924,1
01/15/1925,1
01/15/1926,1
01/15/1928,1
01/15/1929,3
01/15/1930,6
01/15/1931,13
01/15/1932,7
01/15/1933,6
01/15/1934,12
01/15/1935,11
01/15/1936,14
01/15/1937,18
01/15/1938,16
01/15/1939,17
01/15/1940,18
01/15/1941,21
01/15/1942,44
01/15/1943,34
01/15/1944,28
01/15/1945,44
01/15/1946,46
01/15/1947,54
01/15/1948,59
01/15/1949,72
01/15/1950,50
01/15/1951,58
01/15/1952,81
01/15/1953,85
01/15/1954,63
01/15/1955,86
01/15/1956,82
01/15/1957,97
01/15/1958,72
01/15/1959,101
01/15/1960,92
01/15/1961,85
01/15/1962,93
01/15/1963,113
01/15/1964,71
01/15/1965,95
01/15/1966,78
01/15/1967,66
01/15/1968,65
01/15/1969,82
01/15/1970,66
01/15/1971,107
01/15/1972,64
01/15/1973,63
01/15/1974,80
01/15/1975,65
01/15/1976,99
01/15/1977,58
01/15/1978,58
01/15/1979,87
01/15/1980,90
01/15/1981,104
01/15/1982,93
01/15/1983,84
01/15/1984,68
01/15/1985,84
01/15/1986,103
01/15/1987,91
01/15/1988,100
01/15/1989,82
01/15/1990,83
01/15/1991,104
01/15/1992,97
01/15/1993,93
01/15/1994,60
01/15/1995,72
01/15/1996,86
01/15/1997,98
01/15/1998,111
01/15/1999,119
01/15/2000,65
01/15/2001,92
01/15/2002,92
01/15/2003,106
01/15/2004,104
01/15/2005,55
01/15/2006,34
01/15/2007,46
01/15/2008,34
01/16/1921,2
01/16/1926,1
01/16/1927,1
01/16/1928,1
01/16/1929,3
01/16/1930,4
01/16/1931,5
01/16/1932,7
01/16/1933,9
01/16/1934,9
01/16/1935,15
01/16/1936,13
01/16/1937,10
01/16/1938,12
01/16/1939,15
01/16/1940,19
01/16/1941,30
01/16/1942,22
01/16/1943,25
01/16/1944,31
01/16/1945,48
01/16/1946,37
01/16/1947,46
01/16/1948,51
01/16/1949,56
01/16/1950,47
01/16/1951,63
01/16/1952,70
01/16/1953,79
01/16/1954,77
01/16/1955,84
01/16/1956,81
01/16/1957,81
01/16/1958,78
01/16/1959,89
01/16/1960,78
01/16/1961,99
01/16/1962,107
01/16/1963,78
01/16/1964,95
01/16/1965,78
01/16/1966,66
01/16/1967,76
01/16/1968,76
01/16/1969,67
01/16/1970,85
01/16/1971,74
01/16/1972,72
01/16/1973,83
01/16/1974,76
01/16/1975,66
01/16/1976,83
01/16/1977,63
01/16/1978,82
01/16/1979,84
01/16/1980,84
01/16/1981,91
01/16/1982,61
01/16/1983,73
01/16/1984,91
01/16/1985,93
01/16/1986,101
01/16/1987,92
01/16/1988,76
01/16/1989,91
01/16/1990,117
01/16/1991,100
01/16/1992,88
01/16/1993,66
01/16/1994,76
01/16/1995,84
01/16/1996,107
01/16/1997,89
01/16/1998,91
01/16/1999,95
01/16/2000,71
01/16/2001,103
01/16/2002,94
01/16/2003,97
01/16/2004,103
01/16/2005,37
01/16/2006,79
01/16/2007,46
01/16/2008,24
01/17/1926,1
01/17/1928,1
01/17/1929,5
01/17/1930,3
01/17/1931,5
01/17/1932,4
01/17/1933,4
01/17/1934,8
01/17/1935,10
01/17/1936,10
01/17/1937,12
01/17/1938,15
01/17/1939,22
01/17/1940,17
01/17/1941,28
01/17/1942,44
01/17/1943,30
01/17/1944,34
01/17/1945,47
01/17/1946,42
01/17/1947,54
01/17/1948,66
01/17/1949,53
01/17/1950,66
01/17/1951,74
01/17/1952,72
01/17/1953,66
01/17/1954,68
01/17/1955,81
01/17/1956,90
01/17/1957,72
01/17/1958,82
01/17/1959,103
01/17/1960,80
01/17/1961,82
01/17/1962,93
01/17/1963,87
01/17/1964,81
01/17/1965,73
01/17/1966,83
01/17/1967,90
01/17/1968,67
01/17/1969,88
01/17/1970,84
01/17/1971,63
01/17/1972,89
01/17/1973,65
01/17/1974,82
01/17/1975,91
01/17/1976,82
01/17/1977,66
01/17/1978,92
01/17/1979,81
01/17/1980,98
01/17/1981,76
01/17/1982,76
01/17/1983,75
01/17/1984,99
01/17/1985,87
01/17/1986,96
01/17/1987,74
01/17/1988,76
01/17/1989,97
01/17/1990,92
01/17/1991,82
01/17/1992,98
01/17/1993,64
01/17/1994,92
01/17/1995,96
01/17/1996,109
01/17/1997,81
01/17/1998,78
01/17/1999,75
01/17/2000,98
01/17/2001,112
01/17/2002,118
01/17/2003,88
01/17/2004,78
01/17/2005,83
01/17/2006,84
01/17/2007,43
01/17/2008,34
01/18/1920,1
01/18/1922,1
01/18/1924,2
01/18/1925,1
01/18/1926,1
01/18/1927,1
01/18/1928,4
01/18/1929,3
01/18/1930,4
01/18/1931,7
01/18/1932,10
01/18/1933,8
01/18/1934,6
01/18/1935,10
01/18/1936,15
01/18/1937,12
01/18/1938,18
01/18/1939,23
01/18/1940,20
01/18/1941,24
01/18/1942,33
01/18/1943,31
01/18/1944,36
01/18/1945,39
01/18/1946,36
01/18/1947,82
01/18/1948,62
01/18/1949,49
01/18/1950,67
01/18/1951,79
01/18/1952,61
01/18/1953,59
01/18/1954,77
01/18/1955,97
01/18/1956,80
01/18/1957,91
01/18/1958,83
01/18/1959,85
01/18/1960,96
01/18/1961,87
01/18/1962,81
01/18/1963,89
01/18/1964,87
01/18/1965,95
01/18/1966,67
01/18/1967,65
01/18/1968,64
01/18/1969,77
01/18/1970,59
01/18/1971,79
01/18/1972,99
01/18/1973,70
01/18/1974,81
01/18/1975,63
01/18/1976,67
01/18/1977,81
01/18/1978,93
01/18/1979,79
01/18/1980,100
01/18/1981,95
01/18/1982,78
01/18/1983,105
01/18/1984,84
01/18/1985,109
01/18/1986,82
01/18/1987,58
01/18/1988,91
01/18/1989,93
01/18/1990,102
01/18/1991,109
01/18/1992,60
01/18/1993,106
01/18/1994,105
01/18/1995,108
01/18/1996,120
01/18/1997,52
01/18/1998,57
01/18/1999,75
01/18/2000,109
01/18/2001,101
01/18/2002,85
01/18/2003,57
01/18/2004,52
01/18/2005,97
01/18/2006,87
01/18/2007,65
01/18/2008,48
01/19/1923,1
01/19/1926,2
01/19/1928,4
01/19/1929,4
01/19/1930,2
01/19/1931,5
01/19/1932,5
01/19/1933,7
01/19/1934,7
01/19/1935,13
01/19/1936,2
01/19/1937,14
01/19/1938,14
01/19/1939,26
01/19/1940,32
01/19/1941,34
01/19/1942,37
01/19/1943,36
01/19/1944,42
01/19/1945,50
01/19/1946,32
01/19/1947,60
01/19/1948,53
01/19/1949,63
01/19/1950,57
01/19/1951,63
01/19/1952,62
01/19/1953,89
01/19/1954,67
01/19/1955,87
01/19/1956,82
01/19/1957,98
01/19/1958,79
01/19/1959,87
01/19/1960,81
01/19/1961,66
01/19/1962,98
01/19/1963,76
01/19/1964,76
01/19/1965,92
01/19/1966,68
01/19/1967,82
01/19/1968,74
01/19/1969,60
01/19/1970,70
01/19/1971,74
01/19/1972,61
01/19/1973,87
01/19/1974,72
01/19/1975,64
01/19/1976,78
01/19/1977,90
01/19/1978,83
01/19/1979,79
01/19/1980,82
01/19/1981,90
01/19/1982,94
01/19/1983,79
01/19/1984,86
01/19/1985,85
01/19/1986,79
01/19/1987,92
01/19/1988,102
01/19/1989,92
01/19/1990,96
01/19/1991,67
01/19/1992,58
01/19/1993,108
01/19/1994,92
01/19/1995,90
01/19/1996,99
01/19/1997,59
01/19/1998,108
01/19/1999,115
01/19/2000,104
01/19/2001,121
01/19/2002,59
01/19/2003,62
01/19/2004,74
01/19/2005,92
01/19/2006,75
01/19/2007,45
01/19/2008,12
01/20/1923,1
01/20/1925,1
01/20/1926,1
01/20/1927,1
01/20/1928,1
01/20/1929,2
01/20/1930,6
01/20/1931,7
01/20/1932,5
01/20/1933,12
01/20/1934,7
01/20/1935,12
01/20/1936,11
01/20/1937,13
01/20/1938,19
01/20/1939,17
01/20/1940,19
01/20/1941,29
01/20/1942,27
01/20/1943,36
01/20/1944,35
01/20/1945,32
01/20/1946,36
01/20/1947,74
01/20/1948,62
01/20/1949,52
01/20/1950,65
01/20/1951,66
01/20/1952,56
01/20/1953,71
01/20/1954,79
01/20/1955,80
01/20/1956,93
01/20/1957,92
01/20/1958,95
01/20/1959,101
01/20/1960,83
01/20/1961,97
01/20/1962,92
01/20/1963,88
01/20/1964,86
01/20/1965,89
01/20/1966,78
01/20/1967,66
01/20/1968,74
01/20/1969,83
01/20/1970,83
01/20/1971,86
01/20/1972,69
01/20/1973,78
01/20/1974,61
01/20/1975,77
01/20/1976,84
01/20/1977,83
01/20/1978,87
01/20/1979,89
01/20/1980,74
01/20/1981,92
01/20/1982,100
01/20/1983,92
01/20/1984,100
01/20/1985,73
01/20/1986,103
01/20/1987,97
01/20/1988,92
01/20/1989,107
01/20/1990,80
01/20/1991,84
01/20/1992,99
01/20/1993,89
01/20/1994,88
01/20/1995,112
01/20/1996,73
01/20/1997,104
01/20/1998,103
01/20/1999,112
01/20/2000,109
01/20/2001,75
01/20/2002,56
01/20/2003,89
01/20/2004,110
01/20/2005,80
01/20/2006,84
01/20/2007,33
01/20/2008,16
01/21/1924,1
01/21/1926,1
01/21/1928,3
01/21/1929,5
01/21/1930,8
01/21/1931,5
01/21/1932,12
01/21/1933,8
01/21/1934,18
01/21/1935,15
01/21/1936,17
01/21/1937,15
01/21/1938,15
01/21/1939,22
01/21/1940,27
01/21/1941,22
01/21/1942,20
01/21/1943,52
01/21/1944,38
01/21/1945,25
01/21/1946,41
01/21/1947,63
01/21/1948,60
01/21/1949,69
01/21/1950,55
01/21/1951,74
01/21/1952,70
01/21/1953,77
01/21/1954,86
01/21/1955,66
01/21/1956,91
01/21/1957,77
01/21/1958,100
01/21/1959,76
01/21/1960,94
01/21/1961,110
01/21/1962,94
01/21/1963,97
01/21/1964,93
01/21/1965,91
01/21/1966,80
01/21/1967,88
01/21/1968,61
01/21/1969,86
01/21/1970,93
01/21/1971,85
01/21/1972,74
01/21/1973,66
01/21/1974,72
01/21/1975,85
01/21/1976,85
01/21/1977,62
01/21/1978,71
01/21/1979,60
01/21/1980,71
01/21/1981,84
01/21/1982,99
01/21/1983,92
01/21/1984,74
01/21/1985,98
01/21/1986,105
01/21/1987,89
01/21/1988,83
01/21/1989,75
01/21/1990,90
01/21/1991,67
01/21/1992,114
01/21/1993,96
01/21/1994,110
01/21/1995,56
01/21/1996,64
01/21/1997,110
01/21/1998,109
01/21/1999,110
01/21/2000,103
01/21/2001,62
01/21/2002,85
01/21/2003,118
01/21/2004,107
01/21/2005,101
01/21/2006,49
01/21/2007,18
01/21/2008,36
01/22/1924,1
01/22/1926,1
01/22/1927,5
01/22/1928,2
01/22/1929,2
01/22/1930,2
01/22/1931,4
01/22/1932,9
01/22/1933,5
01/22/1934,8
01/22/1935,10
01/22/1936,10
01/22/1937,10
01/22/1938,21
01/22/1939,24
01/22/1940,21
01/22/1941,18
01/22/1942,34
01/22/1943,49
01/22/1944,33
01/22/1945,41
01/22/1946,37
01/22/1947,61
01/22/1948,50
01/22/1949,47
01/22/1950,62
01/22/1951,75
01/22/1952,69
01/22/1953,74
01/22/1954,93
01/22/1955,93
01/22/1956,86
01/22/1957,79
01/22/1958,81
01/22/1959,96
01/22/1960,78
01/22/1961,83
01/22/1962,88
01/22/1963,93
01/22/1964,92
01/22/1965,80
01/22/1966,72
01/22/1967,77
01/22/1968,76
01/22/1969,96
01/22/1970,88
01/22/1971,85
01/22/1972,88
01/22/1973,77
01/22/1974,64
01/22/1975,77
01/22/1976,70
01/22/1977,65
01/22/1978,65
01/22/1979,90
01/22/1980,78
01/22/1981,107
01/22/1982,88
01/22/1983,80
01/22/1984,56
01/22/1985,107
01/22/1986,83
01/22/1987,99
01/22/1988,113
01/22/1989,70
01/22/1990,91
01/22/1991,95
01/22/1992,111
01/22/1993,85
01/22/1994,63
01/22/1995,49
01/22/1996,102
01/22/1997,95
01/22/1998,91
01/22/1999,115
01/22/2000,69
01/22/2001,113
01/22/2002,98
01/22/2003,108
01/22/2004,96
01/22/2005,51
01/22/2006,51
01/22/2007,38
01/22/2008,35
01/23/1916,1
01/23/1923,1
01/23/1924,1
01/23/1925,1
01/23/1926,1
01/23/1927,2
01/23/1928,6
01/23/1929,2
01/23/1930,3
01/23/1931,5
01/23/1932,6
01/23/1933,13
01/23/1934,8
01/23/1935,10
01/23/1936,9
01/23/1937,17
01/23/1938,23
01/23/1939,21
01/23/1940,29
01/23/1941,21
01/23/1942,32
01/23/1943,34
01/23/1944,33
01/23/1945,38
01/23/1946,33
01/23/1947,69
01/23/1948,61
01/23/1949,54
01/23/1950,59
01/23/1951,60
01/23/1952,61
01/23/1953,76
01/23/1954,90
01/23/1955,70
01/23/1956,64
01/23/1957,74
01/23/1958,91
01/23/1959,80
01/23/1960,86
01/23/1961,69
01/23/1962,90
01/23/1963,105
01/23/1964,90
01/23/1965,83
01/23/1966,60
01/23/1967,74
01/23/1968,81
01/23/1969,98
01/23/1970,73
01/23/1971,86
01/23/1972,63
01/23/1973,75
01/23/1974,72
01/23/1975,76
01/23/1976,92
01/23/1977,79
01/23/1978,94
01/23/1979,88
01/23/1980,102
01/23/1981,109
01/23/1982,84
01/23/1983,80
01/23/1984,90
01/23/1985,79
01/23/1986,96
01/23/1987,104
01/23/1988,62
01/23/1989,106
01/23/1990,97
01/23/1991,85
01/23/1992,92
01/23/1993,67
01/23/1994,64
01/23/1995,85
01/23/1996,96
01/23/1997,107
01/23/1998,114
01/23/1999,79
01/23/2000,68
01/23/2001,109
01/23/2002,83
01/23/2003,115
01/23/2004,116
01/23/2005,37
01/23/2006,91
01/23/2007,59
01/23/2008,30
01/24/1914,1
01/24/1925,2
01/24/1926,1
01/24/1927,1
01/24/1928,3
01/24/1929,6
01/24/1930,3
01/24/1931,7
01/24/1932,6
01/24/1933,9
01/24/1934,11
01/24/1935,15
01/24/1936,15
01/24/1937,17
01/24/1938,20
01/24/1939,24
01/24/1940,23
01/24/1941,13
01/24/1942,35
01/24/1943,38
01/24/1944,40
01/24/1945,42
01/24/1946,26
01/24/1947,61
01/24/1948,58
01/24/1949,52
01/24/1950,71
01/24/1951,65
01/24/1952,55
01/24/1953,82
01/24/1954,76
01/24/1955,72
01/24/1956,94
01/24/1957,69
01/24/1958,83
01/24/1959,84
01/24/1960,76
01/24/1961,99
01/24/1962,84
01/24/1963,64
01/24/1964,80
01/24/1965,86
01/24/1966,78
01/24/1967,78
01/24/1968,79
01/24/1969,76
01/24/1970,75
01/24/1971,72
01/24/1972,80
01/24/1973,86
01/24/1974,62
01/24/1975,66
01/24/1976,68
01/24/1977,87
01/24/1978,72
01/24/1979,94
01/24/1980,92
01/24/1981,74
01/24/1982,74
01/24/1983,97
01/24/1984,96
01/24/1985,86
01/24/1986,85
01/24/1987,62
01/24/1988,71
01/24/1989,105
01/24/1990,107
01/24/1991,83
01/24/1992,121
01/24/1993,67
01/24/1994,96
01/24/1995,90
01/24/1996,106
01/24/1997,103
01/24/1998,58
01/24/1999,64
01/24/2000,108
01/24/2001,107
01/24/2002,95
01/24/2003,135
01/24/2004,53
01/24/2005,80
01/24/2006,91
01/24/2007,45
01/24/2008,51
01/25/1913,1
01/25/1922,2
01/25/1925,1
01/25/1926,2
01/25/1927,3
01/25/1928,2
01/25/1929,1
01/25/1930,4
01/25/1931,8
01/25/1932,2
01/25/1933,8
01/25/1934,14
01/25/1935,12
01/25/1936,10
01/25/1937,18
01/25/1938,23
01/25/1939,15
01/25/1940,25
01/25/1941,32
01/25/1942,36
01/25/1943,40
01/25/1944,38
01/25/1945,40
01/25/1946,35
01/25/1947,60
01/25/1948,55
01/25/1949,54
01/25/1950,64
01/25/1951,80
01/25/1952,72
01/25/1953,71
01/25/1954,81
01/25/1955,69
01/25/1956,94
01/25/1957,89
01/25/1958,102
01/25/1959,100
01/25/1960,83
01/25/1961,80
01/25/1962,79
01/25/1963,93
01/25/1964,86
01/25/1965,72
01/25/1966,69
01/25/1967,73
01/25/1968,73
01/25/1969,68
01/25/1970,68
01/25/1971,91
01/25/1972,83
01/25/1973,72
01/25/1974,64
01/25/1975,69
01/25/1976,52
01/25/1977,79
01/25/1978,83
01/25/1979,101
01/25/1980,76
01/25/1981,81
01/25/1982,93
01/25/1983,89
01/25/1984,104
01/25/1985,79
01/25/1986,77
01/25/1987,66
01/25/1988,81
01/25/1989,88
01/25/1990,78
01/25/1991,84
01/25/1992,66
01/25/1993,103
01/25/1994,120
01/25/1995,100
01/25/1996,105
01/25/1997,68
01/25/1998,52
01/25/1999,99
01/25/2000,103
01/25/2001,114
01/25/2002,96
01/25/2003,69
01/25/2004,46
01/25/2005,99
01/25/2006,63
01/25/2007,47
01/25/2008,37
01/26/1923,1
01/26/1924,2
01/26/1926,1
01/26/1927,1
01/26/1928,1
01/26/1929,1
01/26/1930,8
01/26/1931,5
01/26/1932,7
01/26/1933,5
01/26/1934,12
01/26/1935,8
01/26/1936,12
01/26/1937,11
01/26/1938,16
01/26/1939,21
01/26/1940,21
01/26/1941,37
01/26/1942,25
01/26/1943,46
01/26/1944,43
01/26/1945,31
01/26/1946,32
01/26/1947,45
01/26/1948,57
01/26/1949,53
01/26/1950,46
01/26/1951,62
01/26/1952,67
01/26/1953,61
01/26/1954,87
01/26/1955,104
01/26/1956,78
01/26/1957,80
01/26/1958,74
01/26/1959,82
01/26/1960,97
01/26/1961,89
01/26/1962,86
01/26/1963,88
01/26/1964,78
01/26/1965,89
01/26/1966,74
01/26/1967,74
01/26/1968,58
01/26/1969,69
01/26/1970,82
01/26/1971,92
01/26/1972,77
01/26/1973,78
01/26/1974,70
01/26/1975,62
01/26/1976,79
01/26/1977,78
01/26/1978,76
01/26/1979,88
01/26/1980,77
01/26/1981,94
01/26/1982,106
01/26/1983,92
01/26/1984,93
01/26/1985,69
01/26/1986,69
01/26/1987,93
01/26/1988,89
01/26/1989,97
01/26/1990,87
01/26/1991,75
01/26/1992,65
01/26/1993,108
01/26/1994,106
01/26/1995,88
01/26/1996,99
01/26/1997,72
01/26/1998,91
01/26/1999,105
01/26/2000,118
01/26/2001,108
01/26/2002,69
01/26/2003,45
01/26/2004,92
01/26/2005,96
01/26/2006,87
01/26/2007,46
01/26/2008,20
01/27/1921,1
01/27/1924,1
01/27/1925,1
01/27/1926,1
01/27/1930,5
01/27/1931,9
01/27/1932,4
01/27/1933,9
01/27/1934,10
01/27/1935,19
01/27/1936,12
01/27/1937,16
01/27/1938,19
01/27/1939,19
01/27/1940,22
01/27/1941,26
01/27/1942,32
01/27/1943,23
01/27/1944,42
01/27/1945,44
01/27/1946,37
01/27/1947,57
01/27/1948,66
01/27/1949,69
01/27/1950,48
01/27/1951,64
01/27/1952,69
01/27/1953,77
01/27/1954,91
01/27/1955,86
01/27/1956,89
01/27/1957,87
01/27/1958,87
01/27/1959,95
01/27/1960,98
01/27/1961,93
01/27/1962,93
01/27/1963,79
01/27/1964,90
01/27/1965,83
01/27/1966,75
01/27/1967,69
01/27/1968,80
01/27/1969,81
01/27/1970,91
01/27/1971,100
01/27/1972,74
01/27/1973,53
01/27/1974,55
01/27/1975,83
01/27/1976,78
01/27/1977,92
01/27/1978,78
01/27/1979,64
01/27/1980,81
01/27/1981,90
01/27/1982,86
01/27/1983,105
01/27/1984,81
01/27/1985,66
01/27/1986,85
01/27/1987,111
01/27/1988,74
01/27/1989,98
01/27/1990,76
01/27/1991,75
01/27/1992,104
01/27/1993,96
01/27/1994,99
01/27/1995,90
01/27/1996,53
01/27/1997,87
01/27/1998,98
01/27/1999,103
01/27/2000,108
01/27/2001,60
01/27/2002,68
01/27/2003,96
01/27/2004,101
01/27/2005,84
01/27/2006,88
01/27/2007,21
01/27/2008,19
01/28/1913,1
01/28/1922,1
01/28/1925,1
01/28/1926,2
01/28/1927,1
01/28/1928,3
01/28/1929,6
01/28/1930,5
01/28/1931,7
01/28/1932,11
01/28/1933,6
01/28/1934,9
01/28/1935,11
01/28/1936,13
01/28/1937,14
01/28/1938,19
01/28/1939,23
01/28/1940,18
01/28/1941,23
01/28/1942,27
01/28/1943,44
01/28/1944,40
01/28/1945,35
01/28/1946,43
01/28/1947,61
01/28/1948,57
01/28/1949,51
01/28/1950,67
01/28/1951,74
01/28/1952,76
01/28/1953,62
01/28/1954,76
01/28/1955,82
01/28/1956,78
01/28/1957,86
01/28/1958,83
01/28/1959,97
01/28/1960,91
01/28/1961,100
01/28/1962,80
01/28/1963,84
01/28/1964,93
01/28/1965,84
01/28/1966,75
01/28/1967,75
01/28/1968,66
01/28/1969,77
01/28/1970,80
01/28/1971,93
01/28/1972,67
01/28/1973,69
01/28/1974,61
01/28/1975,77
01/28/1976,69
01/28/1977,52
01/28/1978,83
01/28/1979,76
01/28/1980,91
01/28/1981,100
01/28/1982,105
01/28/1983,108
01/28/1984,69
01/28/1985,91
01/28/1986,98
01/28/1987,104
01/28/1988,100
01/28/1989,85
01/28/1990,68
01/28/1991,114
01/28/1992,94
01/28/1993,107
01/28/1994,99
01/28/1995,61
01/28/1996,59
01/28/1997,119
01/28/1998,110
01/28/1999,102
01/28/2000,95
01/28/2001,57
01/28/2002,97
01/28/2003,114
01/28/2004,89
01/28/2005,86
01/28/2006,49
01/28/2007,26
01/28/2008,33
01/29/1912,1
01/29/1922,1
01/29/1925,2
01/29/1927,2
01/29/1928,2
01/29/1929,3
01/29/1930,1
01/29/1931,4
01/29/1932,12
01/29/1933,7
01/29/1934,5
01/29/1935,5
01/29/1936,17
01/29/1937,10
01/29/1938,18
01/29/1939,29
01/29/1940,25
01/29/1941,32
01/29/1942,34
01/29/1943,30
01/29/1944,44
01/29/1945,41
01/29/1946,39
01/29/1947,57
01/29/1948,71
01/29/1949,55
01/29/1950,80
01/29/1951,56
01/29/1952,79
01/29/1953,75
01/29/1954,75
01/29/1955,92
01/29/1956,84
01/29/1957,101
01/29/1958,86
01/29/1959,96
01/29/1960,104
01/29/1961,80
01/29/1962,82
01/29/1963,97
01/29/1964,93
01/29/1965,70
01/29/1966,69
01/29/1967,70
01/29/1968,67
01/29/1969,74
01/29/1970,79
01/29/1971,82
01/29/1972,64
01/29/1973,84
01/29/1974,65
01/29/1975,70
01/29/1976,64
01/29/1977,68
01/29/1978,61
01/29/1979,90
01/29/1980,89
01/29/1981,95
01/29/1982,78
01/29/1983,83
01/29/1984,59
01/29/1985,90
01/29/1986,89
01/29/1987,88
01/29/1988,91
01/29/1989,66
01/29/1990,97
01/29/1991,104
01/29/1992,101
01/29/1993,98
01/29/1994,69
01/29/1995,59
01/29/1996,104
01/29/1997,97
01/29/1998,100
01/29/1999,100
01/29/2000,71
01/29/2001,99
01/29/2002,96
01/29/2003,100
01/29/2004,99
01/29/2005,47
01/29/2006,46
01/29/2007,48
01/29/2008,33
01/30/1922,1
01/30/1924,1
01/30/1925,1
01/30/1926,2
01/30/1927,2
01/30/1928,5
01/30/1929,5
01/30/1930,2
01/30/1931,2
01/30/1932,5
01/30/1933,4
01/30/1934,6
01/30/1935,15
01/30/1936,13
01/30/1937,11
01/30/1938,22
01/30/1939,14
01/30/1940,25
01/30/1941,32
01/30/1942,26
01/30/1943,34
01/30/1944,48
01/30/1945,40
01/30/1946,44
01/30/1947,82
01/30/1948,62
01/30/1949,46
01/30/1950,67
01/30/1951,55
01/30/1952,59
01/30/1953,68
01/30/1954,85
01/30/1955,58
01/30/1956,87
01/30/1957,99
01/30/1958,80
01/30/1959,84
01/30/1960,75
01/30/1961,97
01/30/1962,85
01/30/1963,90
01/30/1964,78
01/30/1965,86
01/30/1966,74
01/30/1967,74
01/30/1968,81
01/30/1969,85
01/30/1970,91
01/30/1971,68
01/30/1972,89
01/30/1973,79
01/30/1974,63
01/30/1975,72
01/30/1976,91
01/30/1977,66
01/30/1978,79
01/30/1979,84
01/30/1980,104
01/30/1981,92
01/30/1982,77
01/30/1983,79
01/30/1984,94
01/30/1985,80
01/30/1986,100
01/30/1987,100
01/30/1988,78
01/30/1989,78
01/30/1990,107
01/30/1991,105
01/30/1992,98
01/30/1993,80
01/30/1994,65
01/30/1995,92
01/30/1996,90
01/30/1997,99
01/30/1998,102
01/30/1999,57
01/30/2000,66
01/30/2001,89
01/30/2002,115
01/30/2003,106
01/30/2004,84
01/30/2005,55
01/30/2006,76
01/30/2007,47
01/30/2008,34
01/31/1924,1
01/31/1925,1
01/31/1926,2
01/31/1927,2
01/31/1928,2
01/31/1929,5
01/31/1930,3
01/31/1931,5
01/31/1932,2
01/31/1933,11
01/31/1934,7
01/31/1935,13
01/31/1936,10
01/31/1937,23
01/31/1938,12
01/31/1939,23
01/31/1940,18
01/31/1941,25
01/31/1942,20
01/31/1943,30
01/31/1944,30
01/31/1945,37
01/31/1946,31
01/31/1947,56
01/31/1948,66
01/31/1949,42
01/31/1950,63
01/31/1951,71
01/31/1952,71
01/31/1953,77
01/31/1954,62
01/31/1955,73
01/31/1956,79
01/31/1957,89
01/31/1958,94
01/31/1959,75
01/31/1960,71
01/31/1961,106
01/31/1962,79
01/31/1963,77
01/31/1964,77
01/31/1965,81
01/31/1966,68
01/31/1967,69
01/31/1968,81
01/31/1969,79
01/31/1970,70
01/31/1971,57
01/31/1972,94
01/31/1973,65
01/31/1974,59
01/31/1975,66
01/31/1976,58
01/31/1977,69
01/31/1978,73
01/31/1979,98
01/31/1980,73
01/31/1981,73
01/31/1982,76
01/31/1983,85
01/31/1984,98
01/31/1985,86
01/31/1986,92
01/31/1987,73
01/31/1988,77
01/31/1989,80
01/31/1990,105
01/31/1991,110
01/31/1992,94
01/31/1993,68
01/31/1994,95
01/31/1995,125
01/31/1996,93
01/31/1997,92
01/31/1998,56
01/31/1999,54
01/31/2000,118
01/31/2001,120
01/31/2002,101
01/31/2003,93
01/31/2004,42
01/31/2005,92
01/31/2006,74
01/31/2007,48
01/31/2008,36
02/01/1923,1
02/01/1925,1
02/01/1926,1
02/01/1927,2
02/01/1929,6
02/01/1930,4
02/01/1931,5
02/01/1932,6
02/01/1933,9
02/01/1934,13
02/01/1935,16
02/01/1936,14
02/01/1937,18
02/01/1938,30
02/01/1939,21
02/01/1940,24
02/01/1941,29
02/01/1942,35
02/01/1943,33
02/01/1944,41
02/01/1945,43
02/01/1946,39
02/01/1947,58
02/01/1948,59
02/01/1949,60
02/01/1950,83
02/01/1951,64
02/01/1952,71
02/01/1953,60
02/01/1954,74
02/01/1955,98
02/01/1956,91
02/01/1957,92
02/01/1958,96
02/01/1959,75
02/01/1960,91
02/01/1961,90
02/01/1962,101
02/01/1963,94
02/01/1964,78
02/01/1965,69
02/01/1966,85
02/01/1967,74
02/01/1968,65
02/01/1969,94
02/01/1970,74
02/01/1971,78
02/01/1972,90
02/01/1973,88
02/01/1974,67
02/01/1975,68
02/01/1976,68
02/01/1977,89
02/01/1978,85
02/01/1979,89
02/01/1980,94
02/01/1981,76
02/01/1982,83
02/01/1983,99
02/01/1984,93
02/01/1985,96
02/01/1986,80
02/01/1987,66
02/01/1988,100
02/01/1989,101
02/01/1990,100
02/01/1991,117
02/01/1992,74
02/01/1993,112
02/01/1994,101
02/01/1995,94
02/01/1996,104
02/01/1997,73
02/01/1998,67
02/01/1999,96
02/01/2000,115
02/01/2001,100
02/01/2002,105
02/01/2003,67
02/01/2004,37
02/01/2005,99
02/01/2006,103
02/01/2007,56
02/01/2008,38
02/02/1923,1
02/02/1924,1
02/02/1926,3
02/02/1927,3
02/02/1928,2
02/02/1929,4
02/02/1930,3
02/02/1931,9
02/02/1932,10
02/02/1933,9
02/02/1934,7
02/02/1935,12
02/02/1936,8
02/02/1937,22
02/02/1938,27
02/02/1939,20
02/02/1940,24
02/02/1941,29
02/02/1942,34
02/02/1943,34
02/02/1944,38
02/02/1945,42
02/02/1946,44
02/02/1947,63
02/02/1948,47
02/02/1949,79
02/02/1950,55
02/02/1951,60
02/02/1952,93
02/02/1953,95
02/02/1954,79
02/02/1955,90
02/02/1956,83
02/02/1957,79
02/02/1958,87
02/02/1959,86
02/02/1960,91
02/02/1961,100
02/02/1962,89
02/02/1963,87
02/02/1964,78
02/02/1965,77
02/02/1966,80
02/02/1967,76
02/02/1968,82
02/02/1969,88
02/02/1970,90
02/02/1971,97
02/02/1972,107
02/02/1973,72
02/02/1974,75
02/02/1975,62
02/02/1976,83
02/02/1977,109
02/02/1978,92
02/02/1979,93
02/02/1980,81
02/02/1981,105
02/02/1982,92
02/02/1983,99
02/02/1984,86
02/02/1985,82
02/02/1986,59
02/02/1987,101
02/02/1988,90
02/02/1989,79
02/02/1990,101
02/02/1991,79
02/02/1992,69
02/02/1993,94
02/02/1994,92
02/02/1995,80
02/02/1996,116
02/02/1997,76
02/02/1998,114
02/02/1999,100
02/02/2000,114
02/02/2001,114
02/02/2002,75
02/02/2003,64
02/02/2004,97
02/02/2005,85
02/02/2006,89
02/02/2007,54
02/02/2008,18
02/03/1923,1
02/03/1928,2
02/03/1929,1
02/03/1930,4
02/03/1931,2
02/03/1932,11
02/03/1933,7
02/03/1934,13
02/03/1935,10
02/03/1936,14
02/03/1937,18
02/03/1938,26
02/03/1939,23
02/03/1940,28
02/03/1941,17
02/03/1942,36
02/03/1943,45
02/03/1944,33
02/03/1945,43
02/03/1946,31
02/03/1947,63
02/03/1948,62
02/03/1949,65
02/03/1950,62
02/03/1951,79
02/03/1952,59
02/03/1953,91
02/03/1954,79
02/03/1955,81
02/03/1956,79
02/03/1957,71
02/03/1958,94
02/03/1959,91
02/03/1960,88
02/03/1961,107
02/03/1962,78
02/03/1963,80
02/03/1964,79
02/03/1965,75
02/03/1966,86
02/03/1967,63
02/03/1968,70
02/03/1969,88
02/03/1970,85
02/03/1971,91
02/03/1972,67
02/03/1973,63
02/03/1974,57
02/03/1975,79
02/03/1976,97
02/03/1977,86
02/03/1978,80
02/03/1979,85
02/03/1980,61
02/03/1981,88
02/03/1982,73
02/03/1983,81
02/03/1984,102
02/03/1985,63
02/03/1986,92
02/03/1987,107
02/03/1988,94
02/03/1989,100
02/03/1990,77
02/03/1991,71
02/03/1992,91
02/03/1993,95
02/03/1994,91
02/03/1995,103
02/03/1996,66
02/03/1997,85
02/03/1998,106
02/03/1999,96
02/03/2000,102
02/03/2001,72
02/03/2002,47
02/03/2003,101
02/03/2004,103
02/03/2005,95
02/03/2006,79
02/03/2007,32
02/03/2008,21
02/04/1925,1
02/04/1926,2
02/04/1927,3
02/04/1928,1
02/04/1930,4
02/04/1931,3
02/04/1932,11
02/04/1933,8
02/04/1934,9
02/04/1935,12
02/04/1936,20
02/04/1937,15
02/04/1938,20
02/04/1939,18
02/04/1940,26
02/04/1941,27
02/04/1942,23
02/04/1943,34
02/04/1944,33
02/04/1945,44
02/04/1946,36
02/04/1947,62
02/04/1948,66
02/04/1949,60
02/04/1950,61
02/04/1951,84
02/04/1952,73
02/04/1953,66
02/04/1954,80
02/04/1955,77
02/04/1956,97
02/04/1957,91
02/04/1958,77
02/04/1959,99
02/04/1960,76
02/04/1961,97
02/04/1962,88
02/04/1963,91
02/04/1964,76
02/04/1965,79
02/04/1966,63
02/04/1967,78
02/04/1968,56
02/04/1969,90
02/04/1970,85
02/04/1971,77
02/04/1972,73
02/04/1973,71
02/04/1974,89
02/04/1975,89
02/04/1976,85
02/04/1977,73
02/04/1978,65
02/04/1979,55
02/04/1980,96
02/04/1981,92
02/04/1982,96
02/04/1983,87
02/04/1984,67
02/04/1985,99
02/04/1986,117
02/04/1987,86
02/04/1988,89
02/04/1989,83
02/04/1990,87
02/04/1991,85
02/04/1992,100
02/04/1993,99
02/04/1994,102
02/04/1995,81
02/04/1996,52
02/04/1997,97
02/04/1998,117
02/04/1999,95
02/04/2000,114
02/04/2001,63
02/04/2002,104
02/04/2003,101
02/04/2004,102
02/04/2005,93
02/04/2006,41
02/04/2007,31
02/04/2008,41
02/05/1924,1
02/05/1925,2
02/05/1927,1
02/05/1928,2
02/05/1929,5
02/05/1930,3
02/05/1931,6
02/05/1932,13
02/05/1933,8
02/05/1934,15
02/05/1935,9
02/05/1936,16
02/05/1937,15
02/05/1938,18
02/05/1939,12
02/05/1940,23
02/05/1941,30
02/05/1942,26
02/05/1943,35
02/05/1944,46
02/05/1945,45
02/05/1946,48
02/05/1947,65
02/05/1948,57
02/05/1949,68
02/05/1950,60
02/05/1951,68
02/05/1952,71
02/05/1953,69
02/05/1954,67
02/05/1955,90
02/05/1956,86
02/05/1957,96
02/05/1958,93
02/05/1959,96
02/05/1960,76
02/05/1961,84
02/05/1962,85
02/05/1963,95
02/05/1964,85
02/05/1965,87
02/05/1966,72
02/05/1967,60
02/05/1968,78
02/05/1969,66
02/05/1970,85
02/05/1971,83
02/05/1972,78
02/05/1973,79
02/05/1974,72
02/05/1975,61
02/05/1976,84
02/05/1977,70
02/05/1978,75
02/05/1979,90
02/05/1980,74
02/05/1981,95
02/05/1982,89
02/05/1983,66
02/05/1984,67
02/05/1985,99
02/05/1986,95
02/05/1987,96
02/05/1988,103
02/05/1989,82
02/05/1990,99
02/05/1991,85
02/05/1992,83
02/05/1993,115
02/05/1994,78
02/05/1995,66
02/05/1996,96
02/05/1997,111
02/05/1998,110
02/05/1999,113
02/05/2000,66
02/05/2001,90
02/05/2002,109
02/05/2003,88
02/05/2004,106
02/05/2005,42
02/05/2006,44
02/05/2007,52
02/05/2008,33
02/06/1927,3
02/06/1928,3
02/06/1929,1
02/06/1930,4
02/06/1931,3
02/06/1932,11
02/06/1933,2
02/06/1934,9
02/06/1935,16
02/06/1936,14
02/06/1937,16
02/06/1938,17
02/06/1939,20
02/06/1940,28
02/06/1941,28
02/06/1942,24
02/06/1943,36
02/06/1944,37
02/06/1945,25
02/06/1946,26
02/06/1947,50
02/06/1948,65
02/06/1949,57
02/06/1950,56
02/06/1951,83
02/06/1952,68
02/06/1953,67
02/06/1954,89
02/06/1955,78
02/06/1956,87
02/06/1957,84
02/06/1958,88
02/06/1959,82
02/06/1960,65
02/06/1961,105
02/06/1962,102
02/06/1963,88
02/06/1964,93
02/06/1965,70
02/06/1966,93
02/06/1967,72
02/06/1968,70
02/06/1969,81
02/06/1970,78
02/06/1971,86
02/06/1972,67
02/06/1973,87
02/06/1974,85
02/06/1975,67
02/06/1976,61
02/06/1977,62
02/06/1978,71
02/06/1979,88
02/06/1980,99
02/06/1981,91
02/06/1982,76
02/06/1983,71
02/06/1984,85
02/06/1985,96
02/06/1986,92
02/06/1987,103
02/06/1988,71
02/06/1989,64
02/06/1990,112
02/06/1991,86
02/06/1992,109
02/06/1993,72
02/06/1994,58
02/06/1995,83
02/06/1996,97
02/06/1997,115
02/06/1998,128
02/06/1999,76
02/06/2000,74
02/06/2001,112
02/06/2002,125
02/06/2003,110
02/06/2004,96
02/06/2005,62
02/06/2006,65
02/06/2007,52
02/06/2008,28
02/07/1928,2
02/07/1929,2
02/07/1930,3
02/07/1931,4
02/07/1932,7
02/07/1933,8
02/07/1934,14
02/07/1935,14
02/07/1936,12
02/07/1937,16
02/07/1938,19
02/07/1939,17
02/07/1940,18
02/07/1941,26
02/07/1942,24
02/07/1943,34
02/07/1944,38
02/07/1945,36
02/07/1946,41
02/07/1947,70
02/07/1948,62
02/07/1949,52
02/07/1950,59
02/07/1951,59
02/07/1952,77
02/07/1953,74
02/07/1954,87
02/07/1955,76
02/07/1956,99
02/07/1957,89
02/07/1958,89
02/07/1959,73
02/07/1960,79
02/07/1961,100
02/07/1962,96
02/07/1963,77
02/07/1964,86
02/07/1965,82
02/07/1966,81
02/07/1967,78
02/07/1968,48
02/07/1969,73
02/07/1970,74
02/07/1971,73
02/07/1972,71
02/07/1973,75
02/07/1974,70
02/07/1975,80
02/07/1976,72
02/07/1977,74
02/07/1978,104
02/07/1979,85
02/07/1980,86
02/07/1981,64
02/07/1982,86
02/07/1983,96
02/07/1984,104
02/07/1985,97
02/07/1986,101
02/07/1987,64
02/07/1988,74
02/07/1989,76
02/07/1990,90
02/07/1991,102
02/07/1992,108
02/07/1993,61
02/07/1994,104
02/07/1995,84
02/07/1996,102
02/07/1997,93
02/07/1998,74
02/07/1999,74
02/07/2000,107
02/07/2001,112
02/07/2002,118
02/07/2003,115
02/07/2004,56
02/07/2005,84
02/07/2006,92
02/07/2007,43
02/07/2008,34
02/08/1921,1
02/08/1922,1
02/08/1923,1
02/08/1926,1
02/08/1928,2
02/08/1929,5
02/08/1930,4
02/08/1931,6
02/08/1932,9
02/08/1933,10
02/08/1934,12
02/08/1935,11
02/08/1936,15
02/08/1937,16
02/08/1938,26
02/08/1939,18
02/08/1940,15
02/08/1941,24
02/08/1942,26
02/08/1943,46
02/08/1944,36
02/08/1945,48
02/08/1946,35
02/08/1947,64
02/08/1948,58
02/08/1949,58
02/08/1950,61
02/08/1951,49
02/08/1952,73
02/08/1953,70
02/08/1954,73
02/08/1955,83
02/08/1956,81
02/08/1957,69
02/08/1958,86
02/08/1959,73
02/08/1960,94
02/08/1961,98
02/08/1962,75
02/08/1963,91
02/08/1964,78
02/08/1965,71
02/08/1966,86
02/08/1967,59
02/08/1968,75
02/08/1969,73
02/08/1970,68
02/08/1971,64
02/08/1972,92
02/08/1973,64
02/08/1974,66
02/08/1975,58
02/08/1976,50
02/08/1977,83
02/08/1978,82
02/08/1979,88
02/08/1980,103
02/08/1981,76
02/08/1982,98
02/08/1983,85
02/08/1984,100
02/08/1985,94
02/08/1986,68
02/08/1987,71
02/08/1988,78
02/08/1989,98
02/08/1990,89
02/08/1991,89
02/08/1992,73
02/08/1993,100
02/08/1994,110
02/08/1995,114
02/08/1996,107
02/08/1997,57
02/08/1998,69
02/08/1999,98
02/08/2000,98
02/08/2001,124
02/08/2002,115
02/08/2003,67
02/08/2004,42
02/08/2005,75
02/08/2006,96
02/08/2007,53
02/08/2008,38
02/09/1922,1
02/09/1923,1
02/09/1925,1
02/09/1926,2
02/09/1927,2
02/09/1928,3
02/09/1929,2
02/09/1930,4
02/09/1931,4
02/09/1932,8
02/09/1933,8
02/09/1934,2
02/09/1935,17
02/09/1936,12
02/09/1937,15
02/09/1938,12
02/09/1939,25
02/09/1940,21
02/09/1941,27
02/09/1942,30
02/09/1943,45
02/09/1944,39
02/09/1945,40
02/09/1946,34
02/09/1947,61
02/09/1948,61
02/09/1949,61
02/09/1950,61
02/09/1951,82
02/09/1952,78
02/09/1953,80
02/09/1954,93
02/09/1955,71
02/09/1956,88
02/09/1957,74
02/09/1958,104
02/09/1959,110
02/09/1960,78
02/09/1961,84
02/09/1962,75
02/09/1963,65
02/09/1964,78
02/09/1965,65
02/09/1966,83
02/09/1967,72
02/09/1968,76
02/09/1969,78
02/09/1970,77
02/09/1971,94
02/09/1972,82
02/09/1973,75
02/09/1974,70
02/09/1975,76
02/09/1976,82
02/09/1977,94
02/09/1978,95
02/09/1979,99
02/09/1980,78
02/09/1981,85
02/09/1982,91
02/09/1983,95
02/09/1984,84
02/09/1985,83
02/09/1986,67
02/09/1987,84
02/09/1988,98
02/09/1989,92
02/09/1990,108
02/09/1991,70
02/09/1992,76
02/09/1993,119
02/09/1994,111
02/09/1995,98
02/09/1996,96
02/09/1997,71
02/09/1998,86
02/09/1999,122
02/09/2000,121
02/09/2001,114
02/09/2002,64
02/09/2003,56
02/09/2004,97
02/09/2005,79
02/09/2006,65
02/09/2007,50
02/09/2008,19
02/10/1924,2
02/10/1925,2
02/10/1926,2
02/10/1927,1
02/10/1928,1
02/10/1929,4
02/10/1930,5
02/10/1931,5
02/10/1932,7
02/10/1933,7
02/10/1934,17
02/10/1935,13
02/10/1936,8
02/10/1937,22
02/10/1938,10
02/10/1939,10
02/10/1940,26
02/10/1941,15
02/10/1942,24
02/10/1943,33
02/10/1944,39
02/10/1945,39
02/10/1946,41
02/10/1947,64
02/10/1948,62
02/10/1949,43
02/10/1950,64
02/10/1951,66
02/10/1952,67
02/10/1953,77
02/10/1954,77
02/10/1955,87
02/10/1956,94
02/10/1957,78
02/10/1958,89
02/10/1959,100
02/10/1960,89
02/10/1961,87
02/10/1962,97
02/10/1963,88
02/10/1964,74
02/10/1965,94
02/10/1966,89
02/10/1967,76
02/10/1968,78
02/10/1969,87
02/10/1970,85
02/10/1971,79
02/10/1972,60
02/10/1973,70
02/10/1974,60
02/10/1975,80
02/10/1976,75
02/10/1977,91
02/10/1978,81
02/10/1979,64
02/10/1980,95
02/10/1981,99
02/10/1982,100
02/10/1983,95
02/10/1984,118
02/10/1985,70
02/10/1986,91
02/10/1987,99
02/10/1988,91
02/10/1989,116
02/10/1990,84
02/10/1991,51
02/10/1992,102
02/10/1993,107
02/10/1994,107
02/10/1995,100
02/10/1996,71
02/10/1997,110
02/10/1998,105
02/10/1999,105
02/10/2000,107
02/10/2001,68
02/10/2002,67
02/10/2003,100
02/10/2004,105
02/10/2005,104
02/10/2006,83
02/10/2007,31
02/10/2008,12
02/11/1926,1
02/11/1927,2
02/11/1928,1
02/11/1929,6
02/11/1930,3
02/11/1931,3
02/11/1932,5
02/11/1933,13
02/11/1934,13
02/11/1935,6
02/11/1936,15
02/11/1937,16
02/11/1938,28
02/11/1939,22
02/11/1940,20
02/11/1941,34
02/11/1942,30
02/11/1943,37
02/11/1944,38
02/11/1945,44
02/11/1946,32
02/11/1947,68
02/11/1948,66
02/11/1949,50
02/11/1950,55
02/11/1951,76
02/11/1952,79
02/11/1953,70
02/11/1954,82
02/11/1955,72
02/11/1956,80
02/11/1957,84
02/11/1958,82
02/11/1959,90
02/11/1960,89
02/11/1961,99
02/11/1962,81
02/11/1963,73
02/11/1964,98
02/11/1965,57
02/11/1966,91
02/11/1967,76
02/11/1968,63
02/11/1969,81
02/11/1970,85
02/11/1971,83
02/11/1972,74
02/11/1973,65
02/11/1974,67
02/11/1975,89
02/11/1976,81
02/11/1977,84
02/11/1978,66
02/11/1979,75
02/11/1980,85
02/11/1981,93
02/11/1982,74
02/11/1983,112
02/11/1984,81
02/11/1985,84
02/11/1986,98
02/11/1987,96
02/11/1988,106
02/11/1989,62
02/11/1990,76
02/11/1991,92
02/11/1992,114
02/11/1993,100
02/11/1994,114
02/11/1995,77
02/11/1996,57
02/11/1997,93
02/11/1998,106
02/11/1999,100
02/11/2000,99
02/11/2001,56
02/11/2002,107
02/11/2003,87
02/11/2004,96
02/11/2005,90
02/11/2006,43
02/11/2007,27
02/11/2008,26
02/12/1924,1
02/12/1928,3
02/12/1929,3
02/12/1930,7
02/12/1931,5
02/12/1932,8
02/12/1933,3
02/12/1934,6
02/12/1935,4
02/12/1936,16
02/12/1937,10
02/12/1938,24
02/12/1939,21
02/12/1940,20
02/12/1941,30
02/12/1942,29
02/12/1943,38
02/12/1944,50
02/12/1945,44
02/12/1946,41
02/12/1947,71
02/12/1948,70
02/12/1949,55
02/12/1950,54
02/12/1951,74
02/12/1952,65
02/12/1953,83
02/12/1954,67
02/12/1955,77
02/12/1956,75
02/12/1957,93
02/12/1958,90
02/12/1959,87
02/12/1960,74
02/12/1961,88
02/12/1962,97
02/12/1963,69
02/12/1964,106
02/12/1965,84
02/12/1966,68
02/12/1967,62
02/12/1968,79
02/12/1969,83
02/12/1970,71
02/12/1971,82
02/12/1972,65
02/12/1973,64
02/12/1974,77
02/12/1975,84
02/12/1976,91
02/12/1977,65
02/12/1978,67
02/12/1979,81
02/12/1980,81
02/12/1981,97
02/12/1982,89
02/12/1983,73
02/12/1984,92
02/12/1985,94
02/12/1986,94
02/12/1987,88
02/12/1988,104
02/12/1989,53
02/12/1990,107
02/12/1991,94
02/12/1992,127
02/12/1993,102
02/12/1994,87
02/12/1995,52
02/12/1996,114
02/12/1997,95
02/12/1998,123
02/12/1999,102
02/12/2000,66
02/12/2001,113
02/12/2002,92
02/12/2003,118
02/12/2004,112
02/12/2005,58
02/12/2006,55
02/12/2007,44
02/12/2008,35
02/13/1913,1
02/13/1922,1
02/13/1923,1
02/13/1924,1
02/13/1925,1
02/13/1928,3
02/13/1929,3
02/13/1930,3
02/13/1931,10
02/13/1932,5
02/13/1933,4
02/13/1934,10
02/13/1935,8
02/13/1936,10
02/13/1937,15
02/13/1938,17
02/13/1939,13
02/13/1940,20
02/13/1941,18
02/13/1942,26
02/13/1943,36
02/13/1944,49
02/13/1945,29
02/13/1946,35
02/13/1947,60
02/13/1948,49
02/13/1949,66
02/13/1950,46
02/13/1951,71
02/13/1952,67
02/13/1953,72
02/13/1954,91
02/13/1955,69
02/13/1956,88
02/13/1957,91
02/13/1958,92
02/13/1959,77
02/13/1960,95
02/13/1961,90
02/13/1962,93
02/13/1963,85
02/13/1964,76
02/13/1965,83
02/13/1966,60
02/13/1967,75
02/13/1968,59
02/13/1969,72
02/13/1970,83
02/13/1971,67
02/13/1972,75
02/13/1973,77
02/13/1974,75
02/13/1975,73
02/13/1976,64
02/13/1977,59
02/13/1978,77
02/13/1979,77
02/13/1980,95
02/13/1981,84
02/13/1982,86
02/13/1983,85
02/13/1984,104
02/13/1985,94
02/13/1986,79
02/13/1987,93
02/13/1988,88
02/13/1989,80
02/13/1990,105
02/13/1991,110
02/13/1992,105
02/13/1993,65
02/13/1994,81
02/13/1995,93
02/13/1996,104
02/13/1997,108
02/13/1998,104
02/13/1999,75
02/13/2000,61
02/13/2001,106
02/13/2002,92
02/13/2003,112
02/13/2004,96
02/13/2005,35
02/13/2006,84
02/13/2007,52
02/13/2008,33
02/14/1925,1
02/14/1926,2
02/14/1929,5
02/14/1930,4
02/14/1931,3
02/14/1932,4
02/14/1933,3
02/14/1934,10
02/14/1935,14
02/14/1936,12
02/14/1937,16
02/14/1938,15
02/14/1939,12
02/14/1940,14
02/14/1941,21
02/14/1942,36
02/14/1943,41
02/14/1944,43
02/14/1945,43
02/14/1946,33
02/14/1947,63
02/14/1948,51
02/14/1949,60
02/14/1950,60
02/14/1951,57
02/14/1952,84
02/14/1953,85
02/14/1954,80
02/14/1955,66
02/14/1956,91
02/14/1957,92
02/14/1958,96
02/14/1959,82
02/14/1960,87
02/14/1961,93
02/14/1962,127
02/14/1963,87
02/14/1964,91
02/14/1965,78
02/14/1966,76
02/14/1967,73
02/14/1968,79
02/14/1969,79
02/14/1970,79
02/14/1971,74
02/14/1972,108
02/14/1973,76
02/14/1974,80
02/14/1975,70
02/14/1976,73
02/14/1977,94
02/14/1978,105
02/14/1979,83
02/14/1980,107
02/14/1981,78
02/14/1982,79
02/14/1983,94
02/14/1984,101
02/14/1985,113
02/14/1986,117
02/14/1987,74
02/14/1988,75
02/14/1989,93
02/14/1990,98
02/14/1991,108
02/14/1992,117
02/14/1993,72
02/14/1994,114
02/14/1995,115
02/14/1996,113
02/14/1997,110
02/14/1998,80
02/14/1999,72
02/14/2000,121
02/14/2001,110
02/14/2002,109
02/14/2003,136
02/14/2004,62
02/14/2005,84
02/14/2006,89
02/14/2007,47
02/14/2008,35
02/15/1916,1
02/15/1922,1
02/15/1926,2
02/15/1927,2
02/15/1928,1
02/15/1929,3
02/15/1930,7
02/15/1931,3
02/15/1932,10
02/15/1933,7
02/15/1934,10
02/15/1935,15
02/15/1936,12
02/15/1937,12
02/15/1938,21
02/15/1939,23
02/15/1940,19
02/15/1941,32
02/15/1942,21
02/15/1943,40
02/15/1944,33
02/15/1945,40
02/15/1946,35
02/15/1947,46
02/15/1948,53
02/15/1949,64
02/15/1950,73
02/15/1951,78
02/15/1952,64
02/15/1953,72
02/15/1954,82
02/15/1955,92
02/15/1956,81
02/15/1957,76
02/15/1958,95
02/15/1959,95
02/15/1960,90
02/15/1961,91
02/15/1962,98
02/15/1963,99
02/15/1964,92
02/15/1965,86
02/15/1966,80
02/15/1967,87
02/15/1968,75
02/15/1969,74
02/15/1970,77
02/15/1971,75
02/15/1972,68
02/15/1973,65
02/15/1974,70
02/15/1975,63
02/15/1976,70
02/15/1977,92
02/15/1978,82
02/15/1979,87
02/15/1980,93
02/15/1981,70
02/15/1982,102
02/15/1983,96
02/15/1984,101
02/15/1985,89
02/15/1986,75
02/15/1987,60
02/15/1988,91
02/15/1989,99
02/15/1990,89
02/15/1991,114
02/15/1992,87
02/15/1993,114
02/15/1994,102
02/15/1995,107
02/15/1996,98
02/15/1997,74
02/15/1998,63
02/15/1999,91
02/15/2000,112
02/15/2001,122
02/15/2002,111
02/15/2003,54
02/15/2004,42
02/15/2005,89
02/15/2006,88
02/15/2007,47
02/15/2008,31
02/16/1924,1
02/16/1925,1
02/16/1927,3
02/16/1928,2
02/16/1929,4
02/16/1930,9
02/16/1931,4
02/16/1932,6
02/16/1933,5
02/16/1934,11
02/16/1935,14
02/16/1936,15
02/16/1937,9
02/16/1938,14
02/16/1939,18
02/16/1940,19
02/16/1941,21
02/16/1942,28
02/16/1943,44
02/16/1944,24
02/16/1945,26
02/16/1946,30
02/16/1947,54
02/16/1948,55
02/16/1949,58
02/16/1950,67
02/16/1951,80
02/16/1952,72
02/16/1953,79
02/16/1954,90
02/16/1955,73
02/16/1956,98
02/16/1957,68
02/16/1958,93
02/16/1959,90
02/16/1960,79
02/16/1961,94
02/16/1962,103
02/16/1963,79
02/16/1964,80
02/16/1965,79
02/16/1966,92
02/16/1967,78
02/16/1968,68
02/16/1969,66
02/16/1970,95
02/16/1971,77
02/16/1972,67
02/16/1973,81
02/16/1974,70
02/16/1975,58
02/16/1976,79
02/16/1977,84
02/16/1978,90
02/16/1979,91
02/16/1980,90
02/16/1981,64
02/16/1982,84
02/16/1983,93
02/16/1984,105
02/16/1985,63
02/16/1986,72
02/16/1987,101
02/16/1988,108
02/16/1989,96
02/16/1990,104
02/16/1991,70
02/16/1992,69
02/16/1993,82
02/16/1994,117
02/16/1995,116
02/16/1996,96
02/16/1997,61
02/16/1998,107
02/16/1999,126
02/16/2000,104
02/16/2001,114
02/16/2002,71
02/16/2003,57
02/16/2004,95
02/16/2005,106
02/16/2006,95
02/16/2007,48
02/16/2008,20
02/17/1925,2
02/17/1927,1
02/17/1928,4
02/17/1929,5
02/17/1930,5
02/17/1931,5
02/17/1932,6
02/17/1933,10
02/17/1934,8
02/17/1935,10
02/17/1936,17
02/17/1937,10
02/17/1938,28
02/17/1939,18
02/17/1940,18
02/17/1941,28
02/17/1942,32
02/17/1943,35
02/17/1944,39
02/17/1945,33
02/17/1946,45
02/17/1947,61
02/17/1948,48
02/17/1949,69
02/17/1950,66
02/17/1951,64
02/17/1952,60
02/17/1953,57
02/17/1954,75
02/17/1955,67
02/17/1956,83
02/17/1957,73
02/17/1958,78
02/17/1959,83
02/17/1960,96
02/17/1961,84
02/17/1962,81
02/17/1963,71
02/17/1964,85
02/17/1965,74
02/17/1966,70
02/17/1967,79
02/17/1968,75
02/17/1969,81
02/17/1970,107
02/17/1971,67
02/17/1972,90
02/17/1973,71
02/17/1974,60
02/17/1975,64
02/17/1976,88
02/17/1977,100
02/17/1978,79
02/17/1979,83
02/17/1980,81
02/17/1981,93
02/17/1982,102
02/17/1983,104
02/17/1984,89
02/17/1985,76
02/17/1986,93
02/17/1987,94
02/17/1988,88
02/17/1989,100
02/17/1990,70
02/17/1991,83
02/17/1992,90
02/17/1993,101
02/17/1994,102
02/17/1995,104
02/17/1996,70
02/17/1997,80
02/17/1998,118
02/17/1999,112
02/17/2000,123
02/17/2001,64
02/17/2002,64
02/17/2003,72
02/17/2004,112
02/17/2005,96
02/17/2006,89
02/17/2007,27
02/17/2008,21
02/18/1919,1
02/18/1920,1
02/18/1924,2
02/18/1925,1
02/18/1926,1
02/18/1928,2
02/18/1929,5
02/18/1930,4
02/18/1931,5
02/18/1932,3
02/18/1933,7
02/18/1934,13
02/18/1935,9
02/18/1936,14
02/18/1937,24
02/18/1938,19
02/18/1939,22
02/18/1940,28
02/18/1941,19
02/18/1942,43
02/18/1943,32
02/18/1944,37
02/18/1945,37
02/18/1946,37
02/18/1947,63
02/18/1948,64
02/18/1949,51
02/18/1950,62
02/18/1951,84
02/18/1952,72
02/18/1953,65
02/18/1954,84
02/18/1955,71
02/18/1956,65
02/18/1957,76
02/18/1958,88
02/18/1959,107
02/18/1960,84
02/18/1961,82
02/18/1962,74
02/18/1963,90
02/18/1964,105
02/18/1965,73
02/18/1966,85
02/18/1967,84
02/18/1968,66
02/18/1969,96
02/18/1970,97
02/18/1971,65
02/18/1972,67
02/18/1973,78
02/18/1974,68
02/18/1975,91
02/18/1976,80
02/18/1977,85
02/18/1978,65
02/18/1979,62
02/18/1980,95
02/18/1981,100
02/18/1982,108
02/18/1983,83
02/18/1984,81
02/18/1985,94
02/18/1986,103
02/18/1987,97
02/18/1988,101
02/18/1989,72
02/18/1990,70
02/18/1991,97
02/18/1992,98
02/18/1993,94
02/18/1994,107
02/18/1995,62
02/18/1996,64
02/18/1997,113
02/18/1998,106
02/18/1999,103
02/18/2000,118
02/18/2001,55
02/18/2002,108
02/18/2003,109
02/18/2004,106
02/18/2005,113
02/18/2006,48
02/18/2007,14
02/18/2008,35
02/19/1926,1
02/19/1927,4
02/19/1928,2
02/19/1929,1
02/19/1930,4
02/19/1931,4
02/19/1932,9
02/19/1933,6
02/19/1934,8
02/19/1935,8
02/19/1936,12
02/19/1937,16
02/19/1938,16
02/19/1939,14
02/19/1940,24
02/19/1941,18
02/19/1942,25
02/19/1943,34
02/19/1944,46
02/19/1945,41
02/19/1946,35
02/19/1947,54
02/19/1948,66
02/19/1949,64
02/19/1950,57
02/19/1951,62
02/19/1952,72
02/19/1953,61
02/19/1954,73
02/19/1955,81
02/19/1956,63
02/19/1957,77
02/19/1958,73
02/19/1959,85
02/19/1960,89
02/19/1961,74
02/19/1962,103
02/19/1963,89
02/19/1964,84
02/19/1965,87
02/19/1966,75
02/19/1967,72
02/19/1968,74
02/19/1969,75
02/19/1970,77
02/19/1971,74
02/19/1972,61
02/19/1973,92
02/19/1974,90
02/19/1975,64
02/19/1976,63
02/19/1977,79
02/19/1978,75
02/19/1979,83
02/19/1980,89
02/19/1981,100
02/19/1982,82
02/19/1983,83
02/19/1984,72
02/19/1985,110
02/19/1986,99
02/19/1987,99
02/19/1988,115
02/19/1989,53
02/19/1990,110
02/19/1991,102
02/19/1992,118
02/19/1993,112
02/19/1994,76
02/19/1995,57
02/19/1996,81
02/19/1997,102
02/19/1998,115
02/19/1999,104
02/19/2000,69
02/19/2001,91
02/19/2002,117
02/19/2003,92
02/19/2004,104
02/19/2005,54
02/19/2006,35
02/19/2007,58
02/19/2008,37
02/20/1910,1
02/20/1923,1
02/20/1927,3
02/20/1928,4
02/20/1929,3
02/20/1930,3
02/20/1931,9
02/20/1932,9
02/20/1933,11
02/20/1934,9
02/20/1935,13
02/20/1936,24
02/20/1937,18
02/20/1938,22
02/20/1939,25
02/20/1940,18
02/20/1941,23
02/20/1942,36
02/20/1943,34
02/20/1944,47
02/20/1945,45
02/20/1946,35
02/20/1947,66
02/20/1948,61
02/20/1949,53
02/20/1950,58
02/20/1951,81
02/20/1952,71
02/20/1953,88
02/20/1954,80
02/20/1955,72
02/20/1956,76
02/20/1957,83
02/20/1958,79
02/20/1959,81
02/20/1960,97
02/20/1961,101
02/20/1962,91
02/20/1963,92
02/20/1964,89
02/20/1965,79
02/20/1966,77
02/20/1967,69
02/20/1968,82
02/20/1969,87
02/20/1970,77
02/20/1971,80
02/20/1972,67
02/20/1973,65
02/20/1974,77
02/20/1975,67
02/20/1976,85
02/20/1977,61
02/20/1978,79
02/20/1979,93
02/20/1980,90
02/20/1981,88
02/20/1982,88
02/20/1983,88
02/20/1984,82
02/20/1985,96
02/20/1986,90
02/20/1987,108
02/20/1988,92
02/20/1989,92
02/20/1990,116
02/20/1991,109
02/20/1992,87
02/20/1993,68
02/20/1994,66
02/20/1995,107
02/20/1996,92
02/20/1997,96
02/20/1998,119
02/20/1999,85
02/20/2000,59
02/20/2001,99
02/20/2002,114
02/20/2003,100
02/20/2004,96
02/20/2005,42
02/20/2006,81
02/20/2007,56
02/20/2008,39
02/21/1905,1
02/21/1925,1
02/21/1927,1
02/21/1928,1
02/21/1929,3
02/21/1930,5
02/21/1931,7
02/21/1932,9
02/21/1933,10
02/21/1934,8
02/21/1935,13
02/21/1936,11
02/21/1937,13
02/21/1938,11
02/21/1939,14
02/21/1940,27
02/21/1941,37
02/21/1942,19
02/21/1943,43
02/21/1944,21
02/21/1945,37
02/21/1946,42
02/21/1947,59
02/21/1948,56
02/21/1949,78
02/21/1950,71
02/21/1951,77
02/21/1952,76
02/21/1953,80
02/21/1954,60
02/21/1955,76
02/21/1956,68
02/21/1957,89
02/21/1958,88
02/21/1959,79
02/21/1960,83
02/21/1961,103
02/21/1962,100
02/21/1963,117
02/21/1964,74
02/21/1965,74
02/21/1966,72
02/21/1967,67
02/21/1968,84
02/21/1969,94
02/21/1970,45
02/21/1971,91
02/21/1972,70
02/21/1973,68
02/21/1974,77
02/21/1975,89
02/21/1976,69
02/21/1977,85
02/21/1978,90
02/21/1979,90
02/21/1980,112
02/21/1981,77
02/21/1982,77
02/21/1983,81
02/21/1984,101
02/21/1985,100
02/21/1986,101
02/21/1987,74
02/21/1988,71
02/21/1989,99
02/21/1990,102
02/21/1991,103
02/21/1992,91
02/21/1993,85
02/21/1994,94
02/21/1995,99
02/21/1996,97
02/21/1997,96
02/21/1998,68
02/21/1999,69
02/21/2000,103
02/21/2001,115
02/21/2002,115
02/21/2003,102
02/21/2004,53
02/21/2005,89
02/21/2006,72
02/21/2007,49
02/21/2008,34
02/22/1914,1
02/22/1915,1
02/22/1921,1
02/22/1924,1
02/22/1927,4
02/22/1928,3
02/22/1929,5
02/22/1930,3
02/22/1931,4
02/22/1932,6
02/22/1933,6
02/22/1934,6
02/22/1935,10
02/22/1936,10
02/22/1937,11
02/22/1938,19
02/22/1939,17
02/22/1940,22
02/22/1941,33
02/22/1942,35
02/22/1943,28
02/22/1944,34
02/22/1945,36
02/22/1946,66
02/22/1947,74
02/22/1948,51
02/22/1949,51
02/22/1950,61
02/22/1951,64
02/22/1952,81
02/22/1953,81
02/22/1954,78
02/22/1955,85
02/22/1956,79
02/22/1957,89
02/22/1958,97
02/22/1959,76
02/22/1960,100
02/22/1961,105
02/22/1962,98
02/22/1963,92
02/22/1964,82
02/22/1965,64
02/22/1966,73
02/22/1967,71
02/22/1968,47
02/22/1969,63
02/22/1970,83
02/22/1971,92
02/22/1972,86
02/22/1973,63
02/22/1974,82
02/22/1975,66
02/22/1976,63
02/22/1977,110
02/22/1978,76
02/22/1979,87
02/22/1980,103
02/22/1981,78
02/22/1982,97
02/22/1983,90
02/22/1984,109
02/22/1985,108
02/22/1986,76
02/22/1987,78
02/22/1988,103
02/22/1989,110
02/22/1990,121
02/22/1991,100
02/22/1992,79
02/22/1993,119
02/22/1994,93
02/22/1995,100
02/22/1996,100
02/22/1997,67
02/22/1998,53
02/22/1999,93
02/22/2000,113
02/22/2001,104
02/22/2002,129
02/22/2003,63
02/22/2004,45
02/22/2005,94
02/22/2006,79
02/22/2007,49
02/22/2008,28
02/23/1918,1
02/23/1921,1
02/23/1923,1
02/23/1925,3
02/23/1926,1
02/23/1927,2
02/23/1929,4
02/23/1930,4
02/23/1931,5
02/23/1932,6
02/23/1933,10
02/23/1934,10
02/23/1935,10
02/23/1936,17
02/23/1937,17
02/23/1938,27
02/23/1939,21
02/23/1940,19
02/23/1941,23
02/23/1942,21
02/23/1943,31
02/23/1944,28
02/23/1945,38
02/23/1946,33
02/23/1947,61
02/23/1948,58
02/23/1949,58
02/23/1950,72
02/23/1951,59
02/23/1952,58
02/23/1953,69
02/23/1954,89
02/23/1955,88
02/23/1956,89
02/23/1957,89
02/23/1958,72
02/23/1959,85
02/23/1960,76
02/23/1961,92
02/23/1962,80
02/23/1963,67
02/23/1964,70
02/23/1965,85
02/23/1966,84
02/23/1967,75
02/23/1968,75
02/23/1969,86
02/23/1970,86
02/23/1971,87
02/23/1972,93
02/23/1973,80
02/23/1974,60
02/23/1975,64
02/23/1976,76
02/23/1977,80
02/23/1978,64
02/23/1979,80
02/23/1980,69
02/23/1981,97
02/23/1982,95
02/23/1983,94
02/23/1984,86
02/23/1985,80
02/23/1986,70
02/23/1987,102
02/23/1988,108
02/23/1989,94
02/23/1990,109
02/23/1991,72
02/23/1992,64
02/23/1993,82
02/23/1994,81
02/23/1995,93
02/23/1996,85
02/23/1997,46
02/23/1998,112
02/23/1999,117
02/23/2000,122
02/23/2001,101
02/23/2002,75
02/23/2003,57
02/23/2004,85
02/23/2005,84
02/23/2006,90
02/23/2007,48
02/23/2008,14
02/24/1922,1
02/24/1925,1
02/24/1926,3
02/24/1928,2
02/24/1929,2
02/24/1930,3
02/24/1931,2
02/24/1932,13
02/24/1933,2
02/24/1934,19
02/24/1935,8
02/24/1936,11
02/24/1937,12
02/24/1938,12
02/24/1939,21
02/24/1940,27
02/24/1941,21
02/24/1942,31
02/24/1943,42
02/24/1944,32
02/24/1945,32
02/24/1946,36
02/24/1947,44
02/24/1948,59
02/24/1949,65
02/24/1950,59
02/24/1951,59
02/24/1952,56
02/24/1953,79
02/24/1954,86
02/24/1955,70
02/24/1956,83
02/24/1957,78
02/24/1958,84
02/24/1959,84
02/24/1960,94
02/24/1961,78
02/24/1962,84
02/24/1963,90
02/24/1964,75
02/24/1965,93
02/24/1966,57
02/24/1967,73
02/24/1968,73
02/24/1969,74
02/24/1970,84
02/24/1971,91
02/24/1972,78
02/24/1973,60
02/24/1974,70
02/24/1975,82
02/24/1976,98
02/24/1977,104
02/24/1978,75
02/24/1979,103
02/24/1980,77
02/24/1981,96
02/24/1982,99
02/24/1983,98
02/24/1984,105
02/24/1985,93
02/24/1986,88
02/24/1987,111
02/24/1988,89
02/24/1989,92
02/24/1990,81
02/24/1991,88
02/24/1992,99
02/24/1993,132
02/24/1994,103
02/24/1995,113
02/24/1996,66
02/24/1997,84
02/24/1998,105
02/24/1999,96
02/24/2000,121
02/24/2001,70
02/24/2002,60
02/24/2003,102
02/24/2004,121
02/24/2005,91
02/24/2006,80
02/24/2007,40
02/24/2008,20
02/25/1920,1
02/25/1921,2
02/25/1926,1
02/25/1927,2
02/25/1928,3
02/25/1929,1
02/25/1930,3
02/25/1931,6
02/25/1932,5
02/25/1933,8
02/25/1934,8
02/25/1935,12
02/25/1936,9
02/25/1937,17
02/25/1938,12
02/25/1939,23
02/25/1940,22
02/25/1941,28
02/25/1942,34
02/25/1943,30
02/25/1944,38
02/25/1945,41
02/25/1946,39
02/25/1947,59
02/25/1948,66
02/25/1949,63
02/25/1950,59
02/25/1951,73
02/25/1952,75
02/25/1953,69
02/25/1954,87
02/25/1955,77
02/25/1956,93
02/25/1957,94
02/25/1958,93
02/25/1959,88
02/25/1960,85
02/25/1961,82
02/25/1962,85
02/25/1963,80
02/25/1964,96
02/25/1965,77
02/25/1966,89
02/25/1967,67
02/25/1968,51
02/25/1969,86
02/25/1970,77
02/25/1971,94
02/25/1972,72
02/25/1973,64
02/25/1974,74
02/25/1975,93
02/25/1976,91
02/25/1977,88
02/25/1978,75
02/25/1979,68
02/25/1980,95
02/25/1981,100
02/25/1982,107
02/25/1983,91
02/25/1984,92
02/25/1985,98
02/25/1986,95
02/25/1987,92
02/25/1988,86
02/25/1989,65
02/25/1990,82
02/25/1991,111
02/25/1992,91
02/25/1993,104
02/25/1994,116
02/25/1995,66
02/25/1996,72
02/25/1997,113
02/25/1998,119
02/25/1999,106
02/25/2000,110
02/25/2001,48
02/25/2002,102
02/25/2003,94
02/25/2004,101
02/25/2005,96
02/25/2006,45
02/25/2007,22
02/25/2008,31
02/26/1919,1
02/26/1922,1
02/26/1924,1
02/26/1926,1
02/26/1927,3
02/26/1928,1
02/26/1929,2
02/26/1930,6
02/26/1931,7
02/26/1932,8
02/26/1933,4
02/26/1934,5
02/26/1935,14
02/26/1936,23
02/26/1937,16
02/26/1938,18
02/26/1939,22
02/26/1940,26
02/26/1941,17
02/26/1942,34
02/26/1943,36
02/26/1944,37
02/26/1945,36
02/26/1946,38
02/26/1947,61
02/26/1948,59
02/26/1949,62
02/26/1950,50
02/26/1951,79
02/26/1952,61
02/26/1953,66
02/26/1954,71
02/26/1955,80
02/26/1956,78
02/26/1957,74
02/26/1958,82
02/26/1959,96
02/26/1960,93
02/26/1961,86
02/26/1962,98
02/26/1963,88
02/26/1964,101
02/26/1965,86
02/26/1966,85
02/26/1967,67
02/26/1968,76
02/26/1969,78
02/26/1970,82
02/26/1971,99
02/26/1972,77
02/26/1973,84
02/26/1974,84
02/26/1975,102
02/26/1976,75
02/26/1977,76
02/26/1978,69
02/26/1979,82
02/26/1980,89
02/26/1981,94
02/26/1982,111
02/26/1983,89
02/26/1984,70
02/26/1985,99
02/26/1986,84
02/26/1987,87
02/26/1988,91
02/26/1989,58
02/26/1990,107
02/26/1991,96
02/26/1992,104
02/26/1993,88
02/26/1994,76
02/26/1995,63
02/26/1996,105
02/26/1997,99
02/26/1998,116
02/26/1999,104
02/26/2000,71
02/26/2001,96
02/26/2002,114
02/26/2003,93
02/26/2004,106
02/26/2005,56
02/26/2006,36
02/26/2007,49
02/26/2008,35
02/27/1924,1
02/27/1927,3
02/27/1928,2
02/27/1929,1
02/27/1930,6
02/27/1931,5
02/27/1932,6
02/27/1933,6
02/27/1934,10
02/27/1935,12
02/27/1936,13
02/27/1937,17
02/27/1938,21
02/27/1939,23
02/27/1940,20
02/27/1941,31
02/27/1942,30
02/27/1943,35
02/27/1944,25
02/27/1945,40
02/27/1946,29
02/27/1947,78
02/27/1948,55
02/27/1949,51
02/27/1950,57
02/27/1951,71
02/27/1952,79
02/27/1953,85
02/27/1954,76
02/27/1955,78
02/27/1956,78
02/27/1957,84
02/27/1958,74
02/27/1959,100
02/27/1960,101
02/27/1961,96
02/27/1962,98
02/27/1963,82
02/27/1964,98
02/27/1965,85
02/27/1966,68
02/27/1967,66
02/27/1968,69
02/27/1969,79
02/27/1970,84
02/27/1971,90
02/27/1972,59
02/27/1973,76
02/27/1974,72
02/27/1975,78
02/27/1976,67
02/27/1977,59
02/27/1978,67
02/27/1979,101
02/27/1980,105
02/27/1981,97
02/27/1982,68
02/27/1983,71
02/27/1984,92
02/27/1985,89
02/27/1986,89
02/27/1987,93
02/27/1988,68
02/27/1989,94
02/27/1990,102
02/27/1991,111
02/27/1992,98
02/27/1993,72
02/27/1994,75
02/27/1995,85
02/27/1996,101
02/27/1997,127
02/27/1998,117
02/27/1999,72
02/27/2000,58
02/27/2001,118
02/27/2002,110
02/27/2003,90
02/27/2004,83
02/27/2005,38
02/27/2006,84
02/27/2007,63
02/27/2008,35
02/28/1922,1
02/28/1923,1
02/28/1925,1
02/28/1926,1
02/28/1928,1
02/28/1929,2
02/28/1930,3
02/28/1931,7
02/28/1932,6
02/28/1933,8
02/28/1934,9
02/28/1935,9
02/28/1936,14
02/28/1937,15
02/28/1938,13
02/28/1939,25
02/28/1940,15
02/28/1941,20
02/28/1942,22
02/28/1943,42
02/28/1944,30
02/28/1945,29
02/28/1946,40
02/28/1947,73
02/28/1948,58
02/28/1949,60
02/28/1950,59
02/28/1951,59
02/28/1952,80
02/28/1953,67
02/28/1954,69
02/28/1955,92
02/28/1956,85
02/28/1957,84
02/28/1958,98
02/28/1959,77
02/28/1960,71
02/28/1961,87
02/28/1962,98
02/28/1963,85
02/28/1964,92
02/28/1965,71
02/28/1966,77
02/28/1967,97
02/28/1968,63
02/28/1969,85
02/28/1970,63
02/28/1971,60
02/28/1972,61
02/28/1973,74
02/28/1974,81
02/28/1975,75
02/28/1976,70
02/28/1977,107
02/28/1978,95
02/28/1979,96
02/28/1980,96
02/28/1981,81
02/28/1982,76
02/28/1983,95
02/28/1984,118
02/28/1985,99
02/28/1986,95
02/28/1987,83
02/28/1988,69
02/28/1989,108
02/28/1990,113
02/28/1991,99
02/28/1992,116
02/28/1993,74
02/28/1994,85
02/28/1995,111
02/28/1996,111
02/28/1997,89
02/28/1998,64
02/28/1999,59
02/28/2000,92
02/28/2001,105
02/28/2002,126
02/28/2003,91
02/28/2004,48
02/28/2005,75
02/28/2006,101
02/28/2007,56
02/28/2008,45
02/29/1928,2
02/29/1932,9
02/29/1936,15
02/29/1940,16
02/29/1944,30
02/29/1948,40
02/29/1952,66
02/29/1956,73
02/29/1960,82
02/29/1964,102
02/29/1968,75
02/29/1972,65
02/29/1976,63
02/29/1980,93
02/29/1984,77
02/29/1988,87
02/29/1992,83
02/29/1996,105
02/29/2000,106
02/29/2004,56
02/29/2008,25
03/01/1915,1
03/01/1927,1
03/01/1928,3
03/01/1929,4
03/01/1930,4
03/01/1931,10
03/01/1932,8
03/01/1933,8
03/01/1934,8
03/01/1935,16
03/01/1936,17
03/01/1937,11
03/01/1938,20
03/01/1939,16
03/01/1940,25
03/01/1941,26
03/01/1942,41
03/01/1943,33
03/01/1944,23
03/01/1945,42
03/01/1946,32
03/01/1947,68
03/01/1948,77
03/01/1949,51
03/01/1950,66
03/01/1951,66
03/01/1952,79
03/01/1953,74
03/01/1954,75
03/01/1955,83
03/01/1956,79
03/01/1957,106
03/01/1958,95
03/01/1959,88
03/01/1960,81
03/01/1961,106
03/01/1962,86
03/01/1963,88
03/01/1964,81
03/01/1965,87
03/01/1966,90
03/01/1967,72
03/01/1968,75
03/01/1969,100
03/01/1970,89
03/01/1971,89
03/01/1972,77
03/01/1973,78
03/01/1974,75
03/01/1975,69
03/01/1976,84
03/01/1977,95
03/01/1978,88
03/01/1979,79
03/01/1980,75
03/01/1981,74
03/01/1982,109
03/01/1983,82
03/01/1984,115
03/01/1985,117
03/01/1986,88
03/01/1987,84
03/01/1988,90
03/01/1989,98
03/01/1990,104
03/01/1991,102
03/01/1992,67
03/01/1993,89
03/01/1994,94
03/01/1995,111
03/01/1996,109
03/01/1997,76
03/01/1998,74
03/01/1999,102
03/01/2000,102
03/01/2001,104
03/01/2002,117
03/01/2003,61
03/01/2004,97
03/01/2005,104
03/01/2006,80
03/01/2007,46
03/01/2008,18
03/02/1924,1
03/02/1926,1
03/02/1927,5
03/02/1928,3
03/02/1929,1
03/02/1930,4
03/02/1931,5
03/02/1932,6
03/02/1933,9
03/02/1934,4
03/02/1935,9
03/02/1936,15
03/02/1937,19
03/02/1938,16
03/02/1939,22
03/02/1940,24
03/02/1941,31
03/02/1942,31
03/02/1943,37
03/02/1944,33
03/02/1945,40
03/02/1946,34
03/02/1947,62
03/02/1948,70
03/02/1949,67
03/02/1950,61
03/02/1951,75
03/02/1952,74
03/02/1953,71
03/02/1954,81
03/02/1955,94
03/02/1956,91
03/02/1957,93
03/02/1958,87
03/02/1959,91
03/02/1960,93
03/02/1961,99
03/02/1962,74
03/02/1963,74
03/02/1964,67
03/02/1965,110
03/02/1966,86
03/02/1967,80
03/02/1968,64
03/02/1969,72
03/02/1970,80
03/02/1971,89
03/02/1972,87
03/02/1973,91
03/02/1974,81
03/02/1975,65
03/02/1976,88
03/02/1977,83
03/02/1978,84
03/02/1979,92
03/02/1980,86
03/02/1981,94
03/02/1982,109
03/02/1983,97
03/02/1984,103
03/02/1985,88
03/02/1986,72
03/02/1987,86
03/02/1988,107
03/02/1989,96
03/02/1990,105
03/02/1991,64
03/02/1992,102
03/02/1993,106
03/02/1994,84
03/02/1995,88
03/02/1996,69
03/02/1997,71
03/02/1998,100
03/02/1999,111
03/02/2000,114
03/02/2001,104
03/02/2002,82
03/02/2003,59
03/02/2004,115
03/02/2005,90
03/02/2006,79
03/02/2007,34
03/02/2008,8
03/03/1916,1
03/03/1926,1
03/03/1927,2
03/03/1929,4
03/03/1930,5
03/03/1931,10
03/03/1932,3
03/03/1933,7
03/03/1934,11
03/03/1935,14
03/03/1936,22
03/03/1937,13
03/03/1938,20
03/03/1939,17
03/03/1940,17
03/03/1941,25
03/03/1942,37
03/03/1943,39
03/03/1944,40
03/03/1945,40
03/03/1946,47
03/03/1947,41
03/03/1948,62
03/03/1949,63
03/03/1950,54
03/03/1951,64
03/03/1952,74
03/03/1953,66
03/03/1954,83
03/03/1955,74
03/03/1956,78
03/03/1957,80
03/03/1958,103
03/03/1959,90
03/03/1960,87
03/03/1961,105
03/03/1962,90
03/03/1963,77
03/03/1964,82
03/03/1965,94
03/03/1966,64
03/03/1967,97
03/03/1968,69
03/03/1969,79
03/03/1970,94
03/03/1971,93
03/03/1972,72
03/03/1973,68
03/03/1974,66
03/03/1975,85
03/03/1976,76
03/03/1977,85
03/03/1978,88
03/03/1979,77
03/03/1980,95
03/03/1981,101
03/03/1982,105
03/03/1983,102
03/03/1984,75
03/03/1985,78
03/03/1986,97
03/03/1987,99
03/03/1988,105
03/03/1989,123
03/03/1990,95
03/03/1991,75
03/03/1992,99
03/03/1993,102
03/03/1994,142
03/03/1995,113
03/03/1996,65
03/03/1997,88
03/03/1998,120
03/03/1999,106
03/03/2000,119
03/03/2001,63
03/03/2002,66
03/03/2003,114
03/03/2004,92
03/03/2005,101
03/03/2006,88
03/03/2007,24
03/03/2008,34
03/04/1925,1
03/04/1926,1
03/04/1928,2
03/04/1929,1
03/04/1930,4
03/04/1931,6
03/04/1932,5
03/04/1933,12
03/04/1934,11
03/04/1935,15
03/04/1936,10
03/04/1937,12
03/04/1938,19
03/04/1939,25
03/04/1940,22
03/04/1941,20
03/04/1942,30
03/04/1943,30
03/04/1944,28
03/04/1945,35
03/04/1946,45
03/04/1947,59
03/04/1948,46
03/04/1949,58
03/04/1950,53
03/04/1951,70
03/04/1952,71
03/04/1953,75
03/04/1954,67
03/04/1955,74
03/04/1956,76
03/04/1957,76
03/04/1958,76
03/04/1959,90
03/04/1960,99
03/04/1961,85
03/04/1962,81
03/04/1963,88
03/04/1964,94
03/04/1965,80
03/04/1966,85
03/04/1967,78
03/04/1968,70
03/04/1969,79
03/04/1970,88
03/04/1971,89
03/04/1972,74
03/04/1973,63
03/04/1974,84
03/04/1975,75
03/04/1976,80
03/04/1977,74
03/04/1978,78
03/04/1979,83
03/04/1980,109
03/04/1981,90
03/04/1982,95
03/04/1983,85
03/04/1984,57
03/04/1985,102
03/04/1986,110
03/04/1987,115
03/04/1988,95
03/04/1989,81
03/04/1990,76
03/04/1991,91
03/04/1992,123
03/04/1993,104
03/04/1994,117
03/04/1995,63
03/04/1996,88
03/04/1997,101
03/04/1998,102
03/04/1999,112
03/04/2000,75
03/04/2001,70
03/04/2002,116
03/04/2003,113
03/04/2004,113
03/04/2005,84
03/04/2006,54
03/04/2007,27
03/04/2008,34
03/05/1919,1
03/05/1922,1
03/05/1926,1
03/05/1927,1
03/05/1928,3
03/05/1929,4
03/05/1930,8
03/05/1931,7
03/05/1932,7
03/05/1933,8
03/05/1934,5
03/05/1935,14
03/05/1936,14
03/05/1937,13
03/05/1938,20
03/05/1939,24
03/05/1940,26
03/05/1941,36
03/05/1942,28
03/05/1943,40
03/05/1944,38
03/05/1945,40
03/05/1946,48
03/05/1947,66
03/05/1948,60
03/05/1949,58
03/05/1950,58
03/05/1951,64
03/05/1952,87
03/05/1953,70
03/05/1954,87
03/05/1955,80
03/05/1956,79
03/05/1957,97
03/05/1958,98
03/05/1959,79
03/05/1960,85
03/05/1961,76
03/05/1962,89
03/05/1963,94
03/05/1964,78
03/05/1965,86
03/05/1966,85
03/05/1967,80
03/05/1968,79
03/05/1969,86
03/05/1970,80
03/05/1971,96
03/05/1972,53
03/05/1973,73
03/05/1974,101
03/05/1975,106
03/05/1976,77
03/05/1977,70
03/05/1978,70
03/05/1979,96
03/05/1980,83
03/05/1981,78
03/05/1982,89
03/05/1983,76
03/05/1984,100
03/05/1985,95
03/05/1986,91
03/05/1987,105
03/05/1988,68
03/05/1989,76
03/05/1990,86
03/05/1991,102
03/05/1992,94
03/05/1993,82
03/05/1994,80
03/05/1995,55
03/05/1996,124
03/05/1997,119
03/05/1998,129
03/05/1999,112
03/05/2000,63
03/05/2001,97
03/05/2002,111
03/05/2003,97
03/05/2004,107
03/05/2005,60
03/05/2006,41
03/05/2007,44
03/05/2008,32
03/06/1924,1
03/06/1927,3
03/06/1928,4
03/06/1929,3
03/06/1931,5
03/06/1932,3
03/06/1933,9
03/06/1934,11
03/06/1935,11
03/06/1936,17
03/06/1937,18
03/06/1938,23
03/06/1939,23
03/06/1940,26
03/06/1941,30
03/06/1942,29
03/06/1943,36
03/06/1944,30
03/06/1945,34
03/06/1946,38
03/06/1947,67
03/06/1948,50
03/06/1949,54
03/06/1950,65
03/06/1951,66
03/06/1952,72
03/06/1953,66
03/06/1954,76
03/06/1955,64
03/06/1956,84
03/06/1957,73
03/06/1958,96
03/06/1959,93
03/06/1960,90
03/06/1961,104
03/06/1962,79
03/06/1963,84
03/06/1964,97
03/06/1965,95
03/06/1966,67
03/06/1967,87
03/06/1968,70
03/06/1969,99
03/06/1970,67
03/06/1971,76
03/06/1972,80
03/06/1973,79
03/06/1974,87
03/06/1975,79
03/06/1976,78
03/06/1977,88
03/06/1978,77
03/06/1979,88
03/06/1980,94
03/06/1981,96
03/06/1982,71
03/06/1983,85
03/06/1984,102
03/06/1985,105
03/06/1986,94
03/06/1987,111
03/06/1988,83
03/06/1989,101
03/06/1990,101
03/06/1991,110
03/06/1992,111
03/06/1993,74
03/06/1994,62
03/06/1995,108
03/06/1996,87
03/06/1997,90
03/06/1998,84
03/06/1999,80
03/06/2000,97
03/06/2001,106
03/06/2002,125
03/06/2003,81
03/06/2004,69
03/06/2005,51
03/06/2006,85
03/06/2007,45
03/06/2008,33
03/07/1924,1
03/07/1925,1
03/07/1927,3
03/07/1928,3
03/07/1929,2
03/07/1930,5
03/07/1931,4
03/07/1932,7
03/07/1933,5
03/07/1934,7
03/07/1935,9
03/07/1936,19
03/07/1937,12
03/07/1938,18
03/07/1939,22
03/07/1940,24
03/07/1941,23
03/07/1942,28
03/07/1943,20
03/07/1944,33
03/07/1945,42
03/07/1946,42
03/07/1947,61
03/07/1948,62
03/07/1949,48
03/07/1950,64
03/07/1951,68
03/07/1952,81
03/07/1953,62
03/07/1954,70
03/07/1955,62
03/07/1956,79
03/07/1957,83
03/07/1958,79
03/07/1959,93
03/07/1960,86
03/07/1961,89
03/07/1962,82
03/07/1963,86
03/07/1964,83
03/07/1965,57
03/07/1966,75
03/07/1967,80
03/07/1968,62
03/07/1969,72
03/07/1970,82
03/07/1971,80
03/07/1972,79
03/07/1973,87
03/07/1974,81
03/07/1975,67
03/07/1976,71
03/07/1977,82
03/07/1978,84
03/07/1979,92
03/07/1980,74
03/07/1981,85
03/07/1982,78
03/07/1983,73
03/07/1984,89
03/07/1985,104
03/07/1986,122
03/07/1987,65
03/07/1988,105
03/07/1989,96
03/07/1990,121
03/07/1991,111
03/07/1992,73
03/07/1993,69
03/07/1994,83
03/07/1995,118
03/07/1996,104
03/07/1997,98
03/07/1998,74
03/07/1999,72
03/07/2000,108
03/07/2001,113
03/07/2002,123
03/07/2003,114
03/07/2004,51
03/07/2005,90
03/07/2006,92
03/07/2007,44
03/07/2008,42
03/08/1919,1
03/08/1921,1
03/08/1923,1
03/08/1928,2
03/08/1929,2
03/08/1930,3
03/08/1931,7
03/08/1932,4
03/08/1933,7
03/08/1934,19
03/08/1935,11
03/08/1936,17
03/08/1937,20
03/08/1938,25
03/08/1939,15
03/08/1940,20
03/08/1941,27
03/08/1942,26
03/08/1943,31
03/08/1944,37
03/08/1945,38
03/08/1946,39
03/08/1947,49
03/08/1948,61
03/08/1949,61
03/08/1950,52
03/08/1951,61
03/08/1952,73
03/08/1953,57
03/08/1954,90
03/08/1955,78
03/08/1956,59
03/08/1957,82
03/08/1958,74
03/08/1959,88
03/08/1960,103
03/08/1961,80
03/08/1962,92
03/08/1963,105
03/08/1964,95
03/08/1965,74
03/08/1966,76
03/08/1967,77
03/08/1968,71
03/08/1969,89
03/08/1970,63
03/08/1971,84
03/08/1972,68
03/08/1973,66
03/08/1974,90
03/08/1975,59
03/08/1976,83
03/08/1977,99
03/08/1978,75
03/08/1979,96
03/08/1980,78
03/08/1981,75
03/08/1982,110
03/08/1983,94
03/08/1984,94
03/08/1985,102
03/08/1986,80
03/08/1987,52
03/08/1988,115
03/08/1989,94
03/08/1990,91
03/08/1991,86
03/08/1992,72
03/08/1993,85
03/08/1994,92
03/08/1995,104
03/08/1996,99
03/08/1997,65
03/08/1998,66
03/08/1999,94
03/08/2000,111
03/08/2001,114
03/08/2002,107
03/08/2003,69
03/08/2004,109
03/08/2005,107
03/08/2006,84
03/08/2007,62
03/08/2008,19
03/09/1920,1
03/09/1923,1
03/09/1924,1
03/09/1926,2
03/09/1928,1
03/09/1929,1
03/09/1930,1
03/09/1931,9
03/09/1932,6
03/09/1933,11
03/09/1934,11
03/09/1935,8
03/09/1936,7
03/09/1937,17
03/09/1938,20
03/09/1939,19
03/09/1940,21
03/09/1941,49
03/09/1942,23
03/09/1943,29
03/09/1944,40
03/09/1945,43
03/09/1946,39
03/09/1947,66
03/09/1948,54
03/09/1949,60
03/09/1950,63
03/09/1951,67
03/09/1952,68
03/09/1953,68
03/09/1954,89
03/09/1955,76
03/09/1956,79
03/09/1957,86
03/09/1958,89
03/09/1959,99
03/09/1960,94
03/09/1961,88
03/09/1962,108
03/09/1963,95
03/09/1964,77
03/09/1965,96
03/09/1966,65
03/09/1967,80
03/09/1968,82
03/09/1969,59
03/09/1970,87
03/09/1971,81
03/09/1972,74
03/09/1973,68
03/09/1974,86
03/09/1975,66
03/09/1976,70
03/09/1977,97
03/09/1978,84
03/09/1979,100
03/09/1980,76
03/09/1981,97
03/09/1982,105
03/09/1983,107
03/09/1984,90
03/09/1985,68
03/09/1986,71
03/09/1987,89
03/09/1988,79
03/09/1989,93
03/09/1990,99
03/09/1991,78
03/09/1992,106
03/09/1993,101
03/09/1994,99
03/09/1995,95
03/09/1996,67
03/09/1997,72
03/09/1998,104
03/09/1999,112
03/09/2000,110
03/09/2001,108
03/09/2002,71
03/09/2003,59
03/09/2004,103
03/09/2005,122
03/09/2006,95
03/09/2007,56
03/09/2008,18
03/10/1924,1
03/10/1926,1
03/10/1928,5
03/10/1929,2
03/10/1930,5
03/10/1931,7
03/10/1932,6
03/10/1933,8
03/10/1934,10
03/10/1935,2
03/10/1936,13
03/10/1937,19
03/10/1938,23
03/10/1939,20
03/10/1940,16
03/10/1941,23
03/10/1942,30
03/10/1943,37
03/10/1944,29
03/10/1945,37
03/10/1946,36
03/10/1947,59
03/10/1948,70
03/10/1949,64
03/10/1950,74
03/10/1951,78
03/10/1952,84
03/10/1953,84
03/10/1954,85
03/10/1955,81
03/10/1956,82
03/10/1957,84
03/10/1958,94
03/10/1959,93
03/10/1960,96
03/10/1961,88
03/10/1962,82
03/10/1963,87
03/10/1964,87
03/10/1965,81
03/10/1966,84
03/10/1967,79
03/10/1968,61
03/10/1969,93
03/10/1970,96
03/10/1971,82
03/10/1972,68
03/10/1973,73
03/10/1974,58
03/10/1975,61
03/10/1976,78
03/10/1977,95
03/10/1978,86
03/10/1979,81
03/10/1980,88
03/10/1981,87
03/10/1982,93
03/10/1983,99
03/10/1984,71
03/10/1985,67
03/10/1986,110
03/10/1987,107
03/10/1988,117
03/10/1989,109
03/10/1990,84
03/10/1991,83
03/10/1992,94
03/10/1993,105
03/10/1994,95
03/10/1995,98
03/10/1996,62
03/10/1997,105
03/10/1998,111
03/10/1999,106
03/10/2000,102
03/10/2001,61
03/10/2002,53
03/10/2003,109
03/10/2004,92
03/10/2005,87
03/10/2006,98
03/10/2007,26
03/10/2008,20
03/11/1927,1
03/11/1928,7
03/11/1929,3
03/11/1930,6
03/11/1931,4
03/11/1932,7
03/11/1933,8
03/11/1934,9
03/11/1935,13
03/11/1936,12
03/11/1937,11
03/11/1938,11
03/11/1939,23
03/11/1940,24
03/11/1941,29
03/11/1942,30
03/11/1943,27
03/11/1944,25
03/11/1945,42
03/11/1946,41
03/11/1947,63
03/11/1948,45
03/11/1949,47
03/11/1950,75
03/11/1951,68
03/11/1952,69
03/11/1953,77
03/11/1954,82
03/11/1955,81
03/11/1956,70
03/11/1957,81
03/11/1958,92
03/11/1959,96
03/11/1960,92
03/11/1961,84
03/11/1962,84
03/11/1963,81
03/11/1964,81
03/11/1965,67
03/11/1966,85
03/11/1967,57
03/11/1968,72
03/11/1969,73
03/11/1970,85
03/11/1971,93
03/11/1972,64
03/11/1973,73
03/11/1974,75
03/11/1975,89
03/11/1976,65
03/11/1977,78
03/11/1978,58
03/11/1979,58
03/11/1980,93
03/11/1981,83
03/11/1982,99
03/11/1983,88
03/11/1984,83
03/11/1985,112
03/11/1986,104
03/11/1987,95
03/11/1988,88
03/11/1989,82
03/11/1990,65
03/11/1991,99
03/11/1992,101
03/11/1993,108
03/11/1994,105
03/11/1995,62
03/11/1996,92
03/11/1997,105
03/11/1998,103
03/11/1999,96
03/11/2000,67
03/11/2001,62
03/11/2002,102
03/11/2003,93
03/11/2004,113
03/11/2005,103
03/11/2006,44
03/11/2007,24
03/11/2008,37
03/12/1918,1
03/12/1922,1
03/12/1923,1
03/12/1925,1
03/12/1926,3
03/12/1927,3
03/12/1928,2
03/12/1929,3
03/12/1930,3
03/12/1931,5
03/12/1932,13
03/12/1933,12
03/12/1934,10
03/12/1935,13
03/12/1936,21
03/12/1937,18
03/12/1938,19
03/12/1939,19
03/12/1940,15
03/12/1941,27
03/12/1942,27
03/12/1943,24
03/12/1944,29
03/12/1945,38
03/12/1946,25
03/12/1947,69
03/12/1948,59
03/12/1949,61
03/12/1950,59
03/12/1951,90
03/12/1952,72
03/12/1953,73
03/12/1954,77
03/12/1955,75
03/12/1956,77
03/12/1957,96
03/12/1958,108
03/12/1959,105
03/12/1960,71
03/12/1961,65
03/12/1962,89
03/12/1963,93
03/12/1964,93
03/12/1965,76
03/12/1966,65
03/12/1967,61
03/12/1968,67
03/12/1969,96
03/12/1970,93
03/12/1971,73
03/12/1972,59
03/12/1973,70
03/12/1974,74
03/12/1975,69
03/12/1976,81
03/12/1977,77
03/12/1978,61
03/12/1979,85
03/12/1980,90
03/12/1981,90
03/12/1982,96
03/12/1983,80
03/12/1984,76
03/12/1985,104
03/12/1986,98
03/12/1987,88
03/12/1988,93
03/12/1989,64
03/12/1990,99
03/12/1991,103
03/12/1992,91
03/12/1993,95
03/12/1994,77
03/12/1995,68
03/12/1996,107
03/12/1997,103
03/12/1998,112
03/12/1999,115
03/12/2000,67
03/12/2001,98
03/12/2002,118
03/12/2003,111
03/12/2004,105
03/12/2005,59
03/12/2006,56
03/12/2007,48
03/12/2008,28
03/13/1925,1
03/13/1926,2
03/13/1927,3
03/13/1928,4
03/13/1929,1
03/13/1930,3
03/13/1931,2
03/13/1932,7
03/13/1933,6
03/13/1934,14
03/13/1935,16
03/13/1936,13
03/13/1937,20
03/13/1938,20
03/13/1939,20
03/13/1940,29
03/13/1941,18
03/13/1942,29
03/13/1943,29
03/13/1944,40
03/13/1945,40
03/13/1946,43
03/13/1947,60
03/13/1948,74
03/13/1949,54
03/13/1950,69
03/13/1951,67
03/13/1952,87
03/13/1953,56
03/13/1954,91
03/13/1955,87
03/13/1956,82
03/13/1957,70
03/13/1958,87
03/13/1959,101
03/13/1960,75
03/13/1961,84
03/13/1962,96
03/13/1963,87
03/13/1964,86
03/13/1965,94
03/13/1966,74
03/13/1967,80
03/13/1968,81
03/13/1969,87
03/13/1970,85
03/13/1971,79
03/13/1972,80
03/13/1973,92
03/13/1974,66
03/13/1975,88
03/13/1976,87
03/13/1977,62
03/13/1978,71
03/13/1979,88
03/13/1980,77
03/13/1981,79
03/13/1982,79
03/13/1983,59
03/13/1984,103
03/13/1985,91
03/13/1986,97
03/13/1987,86
03/13/1988,63
03/13/1989,71
03/13/1990,107
03/13/1991,105
03/13/1992,72
03/13/1993,79
03/13/1994,68
03/13/1995,94
03/13/1996,112
03/13/1997,94
03/13/1998,117
03/13/1999,87
03/13/2000,96
03/13/2001,117
03/13/2002,111
03/13/2003,102
03/13/2004,70
03/13/2005,48
03/13/2006,67
03/13/2007,42
03/13/2008,31
03/14/1927,1
03/14/1928,3
03/14/1929,3
03/14/1930,6
03/14/1931,6
03/14/1932,3
03/14/1933,9
03/14/1934,6
03/14/1935,12
03/14/1936,11
03/14/1937,14
03/14/1938,12
03/14/1939,22
03/14/1940,23
03/14/1941,33
03/14/1942,38
03/14/1943,32
03/14/1944,30
03/14/1945,37
03/14/1946,36
03/14/1947,62
03/14/1948,67
03/14/1949,46
03/14/1950,59
03/14/1951,48
03/14/1952,69
03/14/1953,77
03/14/1954,49
03/14/1955,60
03/14/1956,80
03/14/1957,86
03/14/1958,86
03/14/1959,84
03/14/1960,86
03/14/1961,92
03/14/1962,96
03/14/1963,88
03/14/1964,60
03/14/1965,68
03/14/1966,75
03/14/1967,98
03/14/1968,87
03/14/1969,91
03/14/1970,76
03/14/1971,64
03/14/1972,75
03/14/1973,83
03/14/1974,81
03/14/1975,72
03/14/1976,68
03/14/1977,95
03/14/1978,90
03/14/1979,96
03/14/1980,96
03/14/1981,75
03/14/1982,67
03/14/1983,99
03/14/1984,85
03/14/1985,101
03/14/1986,92
03/14/1987,63
03/14/1988,89
03/14/1989,105
03/14/1990,118
03/14/1991,110
03/14/1992,82
03/14/1993,66
03/14/1994,99
03/14/1995,100
03/14/1996,114
03/14/1997,112
03/14/1998,63
03/14/1999,70
03/14/2000,117
03/14/2001,134
03/14/2002,109
03/14/2003,101
03/14/2004,43
03/14/2005,94
03/14/2006,96
03/14/2007,50
03/14/2008,34
03/15/1921,1
03/15/1924,1
03/15/1926,1
03/15/1928,8
03/15/1929,2
03/15/1930,3
03/15/1931,7
03/15/1932,7
03/15/1933,9
03/15/1934,7
03/15/1935,17
03/15/1936,9
03/15/1937,14
03/15/1938,20
03/15/1939,18
03/15/1940,22
03/15/1941,24
03/15/1942,26
03/15/1943,40
03/15/1944,39
03/15/1945,45
03/15/1946,37
03/15/1947,67
03/15/1948,46
03/15/1949,62
03/15/1950,68
03/15/1951,68
03/15/1952,76
03/15/1953,71
03/15/1954,61
03/15/1955,85
03/15/1956,90
03/15/1957,72
03/15/1958,74
03/15/1959,75
03/15/1960,92
03/15/1961,74
03/15/1962,82
03/15/1963,94
03/15/1964,77
03/15/1965,75
03/15/1966,90
03/15/1967,77
03/15/1968,85
03/15/1969,62
03/15/1970,69
03/15/1971,89
03/15/1972,77
03/15/1973,73
03/15/1974,77
03/15/1975,79
03/15/1976,76
03/15/1977,91
03/15/1978,81
03/15/1979,95
03/15/1980,91
03/15/1981,70
03/15/1982,83
03/15/1983,111
03/15/1984,94
03/15/1985,104
03/15/1986,75
03/15/1987,75
03/15/1988,101
03/15/1989,97
03/15/1990,111
03/15/1991,93
03/15/1992,80
03/15/1993,106
03/15/1994,106
03/15/1995,99
03/15/1996,97
03/15/1997,63
03/15/1998,78
03/15/1999,111
03/15/2000,125
03/15/2001,121
03/15/2002,128
03/15/2003,76
03/15/2004,93
03/15/2005,106
03/15/2006,109
03/15/2007,40
03/15/2008,19
03/16/1924,1
03/16/1925,1
03/16/1926,2
03/16/1927,4
03/16/1928,1
03/16/1929,1
03/16/1930,4
03/16/1931,6
03/16/1932,10
03/16/1933,7
03/16/1934,14
03/16/1935,11
03/16/1936,15
03/16/1937,9
03/16/1938,24
03/16/1939,21
03/16/1940,21
03/16/1941,26
03/16/1942,29
03/16/1943,32
03/16/1944,36
03/16/1945,40
03/16/1946,34
03/16/1947,63
03/16/1948,69
03/16/1949,69
03/16/1950,56
03/16/1951,63
03/16/1952,62
03/16/1953,61
03/16/1954,75
03/16/1955,74
03/16/1956,79
03/16/1957,77
03/16/1958,78
03/16/1959,95
03/16/1960,93
03/16/1961,78
03/16/1962,82
03/16/1963,82
03/16/1964,69
03/16/1965,73
03/16/1966,80
03/16/1967,67
03/16/1968,74
03/16/1969,73
03/16/1970,87
03/16/1971,72
03/16/1972,68
03/16/1973,81
03/16/1974,85
03/16/1975,57
03/16/1976,82
03/16/1977,81
03/16/1978,73
03/16/1979,88
03/16/1980,81
03/16/1981,97
03/16/1982,99
03/16/1983,84
03/16/1984,100
03/16/1985,63
03/16/1986,66
03/16/1987,93
03/16/1988,112
03/16/1989,89
03/16/1990,99
03/16/1991,67
03/16/1992,91
03/16/1993,79
03/16/1994,96
03/16/1995,102
03/16/1996,72
03/16/1997,61
03/16/1998,113
03/16/1999,87
03/16/2000,123
03/16/2001,119
03/16/2002,61
03/16/2003,55
03/16/2004,107
03/16/2005,77
03/16/2006,102
03/16/2007,54
03/16/2008,7
03/17/1923,1
03/17/1924,2
03/17/1925,2
03/17/1926,1
03/17/1928,4
03/17/1929,5
03/17/1930,5
03/17/1931,8
03/17/1932,7
03/17/1933,6
03/17/1934,11
03/17/1935,10
03/17/1936,13
03/17/1937,19
03/17/1938,21
03/17/1939,19
03/17/1940,26
03/17/1941,34
03/17/1942,26
03/17/1943,37
03/17/1944,34
03/17/1945,35
03/17/1946,27
03/17/1947,54
03/17/1948,51
03/17/1949,56
03/17/1950,46
03/17/1951,78
03/17/1952,67
03/17/1953,79
03/17/1954,67
03/17/1955,67
03/17/1956,69
03/17/1957,91
03/17/1958,86
03/17/1959,81
03/17/1960,89
03/17/1961,108
03/17/1962,92
03/17/1963,78
03/17/1964,74
03/17/1965,93
03/17/1966,84
03/17/1967,69
03/17/1968,60
03/17/1969,77
03/17/1970,82
03/17/1971,83
03/17/1972,60
03/17/1973,58
03/17/1974,72
03/17/1975,80
03/17/1976,71
03/17/1977,70
03/17/1978,83
03/17/1979,73
03/17/1980,87
03/17/1981,99
03/17/1982,101
03/17/1983,95
03/17/1984,83
03/17/1985,83
03/17/1986,101
03/17/1987,105
03/17/1988,86
03/17/1989,90
03/17/1990,77
03/17/1991,69
03/17/1992,117
03/17/1993,101
03/17/1994,97
03/17/1995,116
03/17/1996,60
03/17/1997,86
03/17/1998,131
03/17/1999,89
03/17/2000,93
03/17/2001,88
03/17/2002,62
03/17/2003,91
03/17/2004,106
03/17/2005,100
03/17/2006,74
03/17/2007,25
03/17/2008,23
03/18/1918,1
03/18/1925,1
03/18/1926,2
03/18/1927,2
03/18/1928,3
03/18/1929,2
03/18/1930,7
03/18/1931,6
03/18/1932,4
03/18/1933,9
03/18/1934,5
03/18/1935,13
03/18/1936,21
03/18/1937,11
03/18/1938,15
03/18/1939,16
03/18/1940,21
03/18/1941,22
03/18/1942,23
03/18/1943,34
03/18/1944,34
03/18/1945,37
03/18/1946,31
03/18/1947,62
03/18/1948,49
03/18/1949,53
03/18/1950,68
03/18/1951,67
03/18/1952,86
03/18/1953,66
03/18/1954,54
03/18/1955,59
03/18/1956,89
03/18/1957,95
03/18/1958,91
03/18/1959,87
03/18/1960,86
03/18/1961,106
03/18/1962,69
03/18/1963,83
03/18/1964,85
03/18/1965,75
03/18/1966,66
03/18/1967,73
03/18/1968,67
03/18/1969,91
03/18/1970,87
03/18/1971,100
03/18/1972,62
03/18/1973,46
03/18/1974,63
03/18/1975,58
03/18/1976,70
03/18/1977,61
03/18/1978,64
03/18/1979,69
03/18/1980,88
03/18/1981,79
03/18/1982,87
03/18/1983,107
03/18/1984,80
03/18/1985,101
03/18/1986,109
03/18/1987,98
03/18/1988,78
03/18/1989,69
03/18/1990,69
03/18/1991,114
03/18/1992,111
03/18/1993,96
03/18/1994,97
03/18/1995,83
03/18/1996,92
03/18/1997,95
03/18/1998,124
03/18/1999,89
03/18/2000,69
03/18/2001,62
03/18/2002,97
03/18/2003,89
03/18/2004,111
03/18/2005,109
03/18/2006,48
03/18/2007,27
03/18/2008,36
03/19/1924,1
03/19/1925,2
03/19/1926,1
03/19/1928,1
03/19/1929,3
03/19/1930,4
03/19/1931,2
03/19/1932,5
03/19/1933,8
03/19/1934,8
03/19/1935,7
03/19/1936,10
03/19/1937,12
03/19/1938,25
03/19/1939,27
03/19/1940,29
03/19/1941,24
03/19/1942,31
03/19/1943,34
03/19/1944,26
03/19/1945,37
03/19/1946,42
03/19/1947,59
03/19/1948,56
03/19/1949,57
03/19/1950,61
03/19/1951,71
03/19/1952,64
03/19/1953,55
03/19/1954,67
03/19/1955,73
03/19/1956,76
03/19/1957,80
03/19/1958,82
03/19/1959,87
03/19/1960,89
03/19/1961,83
03/19/1962,96
03/19/1963,97
03/19/1964,85
03/19/1965,61
03/19/1966,94
03/19/1967,62
03/19/1968,92
03/19/1969,91
03/19/1970,96
03/19/1971,81
03/19/1972,58
03/19/1973,72
03/19/1974,75
03/19/1975,81
03/19/1976,82
03/19/1977,90
03/19/1978,62
03/19/1979,87
03/19/1980,98
03/19/1981,74
03/19/1982,105
03/19/1983,97
03/19/1984,97
03/19/1985,96
03/19/1986,105
03/19/1987,77
03/19/1988,82
03/19/1989,69
03/19/1990,93
03/19/1991,109
03/19/1992,93
03/19/1993,123
03/19/1994,67
03/19/1995,66
03/19/1996,125
03/19/1997,103
03/19/1998,103
03/19/1999,100
03/19/2000,81
03/19/2001,84
03/19/2002,92
03/19/2003,96
03/19/2004,103
03/19/2005,49
03/19/2006,40
03/19/2007,55
03/19/2008,25
03/20/1922,1
03/20/1925,1
03/20/1926,1
03/20/1927,3
03/20/1928,2
03/20/1929,3
03/20/1930,2
03/20/1931,4
03/20/1932,6
03/20/1933,7
03/20/1934,7
03/20/1935,10
03/20/1936,10
03/20/1937,19
03/20/1938,18
03/20/1939,25
03/20/1940,19
03/20/1941,25
03/20/1942,28
03/20/1943,47
03/20/1944,37
03/20/1945,31
03/20/1946,43
03/20/1947,60
03/20/1948,43
03/20/1949,53
03/20/1950,71
03/20/1951,68
03/20/1952,69
03/20/1953,73
03/20/1954,82
03/20/1955,68
03/20/1956,69
03/20/1957,55
03/20/1958,89
03/20/1959,100
03/20/1960,69
03/20/1961,74
03/20/1962,106
03/20/1963,92
03/20/1964,84
03/20/1965,67
03/20/1966,61
03/20/1967,91
03/20/1968,78
03/20/1969,67
03/20/1970,78
03/20/1971,84
03/20/1972,84
03/20/1973,90
03/20/1974,71
03/20/1975,86
03/20/1976,56
03/20/1977,85
03/20/1978,85
03/20/1979,94
03/20/1980,103
03/20/1981,87
03/20/1982,79
03/20/1983,76
03/20/1984,110
03/20/1985,95
03/20/1986,83
03/20/1987,102
03/20/1988,74
03/20/1989,98
03/20/1990,121
03/20/1991,98
03/20/1992,115
03/20/1993,84
03/20/1994,57
03/20/1995,91
03/20/1996,78
03/20/1997,103
03/20/1998,105
03/20/1999,63
03/20/2000,100
03/20/2001,121
03/20/2002,98
03/20/2003,100
03/20/2004,63
03/20/2005,53
03/20/2006,80
03/20/2007,40
03/20/2008,25
03/21/1920,1
03/21/1921,1
03/21/1922,1
03/21/1927,3
03/21/1928,1
03/21/1930,1
03/21/1931,3
03/21/1932,5
03/21/1933,14
03/21/1934,8
03/21/1935,8
03/21/1936,11
03/21/1937,12
03/21/1938,22
03/21/1939,20
03/21/1940,21
03/21/1941,36
03/21/1942,26
03/21/1943,27
03/21/1944,38
03/21/1945,39
03/21/1946,39
03/21/1947,50
03/21/1948,64
03/21/1949,81
03/21/1950,65
03/21/1951,64
03/21/1952,67
03/21/1953,77
03/21/1954,78
03/21/1955,70
03/21/1956,80
03/21/1957,80
03/21/1958,80
03/21/1959,87
03/21/1960,83
03/21/1961,115
03/21/1962,90
03/21/1963,95
03/21/1964,82
03/21/1965,63
03/21/1966,79
03/21/1967,78
03/21/1968,75
03/21/1969,66
03/21/1970,76
03/21/1971,60
03/21/1972,77
03/21/1973,93
03/21/1974,67
03/21/1975,93
03/21/1976,67
03/21/1977,71
03/21/1978,89
03/21/1979,85
03/21/1980,83
03/21/1981,83
03/21/1982,67
03/21/1983,84
03/21/1984,110
03/21/1985,92
03/21/1986,95
03/21/1987,74
03/21/1988,89
03/21/1989,117
03/21/1990,104
03/21/1991,92
03/21/1992,88
03/21/1993,61
03/21/1994,89
03/21/1995,101
03/21/1996,100
03/21/1997,108
03/21/1998,70
03/21/1999,71
03/21/2000,111
03/21/2001,91
03/21/2002,108
03/21/2003,89
03/21/2004,50
03/21/2005,97
03/21/2006,85
03/21/2007,46
03/21/2008,30
03/22/1925,1
03/22/1926,1
03/22/1927,1
03/22/1928,3
03/22/1929,4
03/22/1930,3
03/22/1931,7
03/22/1932,7
03/22/1933,6
03/22/1934,16
03/22/1935,10
03/22/1936,12
03/22/1937,13
03/22/1938,15
03/22/1939,21
03/22/1940,20
03/22/1941,29
03/22/1942,29
03/22/1943,38
03/22/1944,42
03/22/1945,44
03/22/1946,22
03/22/1947,54
03/22/1948,55
03/22/1949,60
03/22/1950,60
03/22/1951,71
03/22/1952,62
03/22/1953,66
03/22/1954,85
03/22/1955,86
03/22/1956,107
03/22/1957,68
03/22/1958,87
03/22/1959,83
03/22/1960,100
03/22/1961,97
03/22/1962,84
03/22/1963,87
03/22/1964,71
03/22/1965,75
03/22/1966,89
03/22/1967,74
03/22/1968,74
03/22/1969,90
03/22/1970,76
03/22/1971,79
03/22/1972,87
03/22/1973,82
03/22/1974,75
03/22/1975,81
03/22/1976,67
03/22/1977,84
03/22/1978,85
03/22/1979,88
03/22/1980,73
03/22/1981,68
03/22/1982,72
03/22/1983,82
03/22/1984,88
03/22/1985,110
03/22/1986,75
03/22/1987,86
03/22/1988,116
03/22/1989,96
03/22/1990,108
03/22/1991,90
03/22/1992,77
03/22/1993,92
03/22/1994,109
03/22/1995,85
03/22/1996,107
03/22/1997,72
03/22/1998,57
03/22/1999,105
03/22/2000,123
03/22/2001,118
03/22/2002,108
03/22/2003,37
03/22/2004,80
03/22/2005,98
03/22/2006,77
03/22/2007,46
03/22/2008,14
03/23/1922,1
03/23/1926,3
03/23/1927,1
03/23/1928,1
03/23/1929,2
03/23/1931,3
03/23/1932,6
03/23/1933,11
03/23/1934,5
03/23/1935,12
03/23/1936,16
03/23/1937,17
03/23/1938,19
03/23/1939,27
03/23/1940,18
03/23/1941,24
03/23/1942,31
03/23/1943,36
03/23/1944,38
03/23/1945,32
03/23/1946,40
03/23/1947,45
03/23/1948,67
03/23/1949,58
03/23/1950,48
03/23/1951,77
03/23/1952,71
03/23/1953,53
03/23/1954,78
03/23/1955,68
03/23/1956,83
03/23/1957,77
03/23/1958,72
03/23/1959,81
03/23/1960,83
03/23/1961,113
03/23/1962,87
03/23/1963,100
03/23/1964,92
03/23/1965,83
03/23/1966,98
03/23/1967,72
03/23/1968,57
03/23/1969,71
03/23/1970,84
03/23/1971,81
03/23/1972,70
03/23/1973,72
03/23/1974,50
03/23/1975,65
03/23/1976,67
03/23/1977,80
03/23/1978,85
03/23/1979,83
03/23/1980,70
03/23/1981,92
03/23/1982,89
03/23/1983,92
03/23/1984,97
03/23/1985,88
03/23/1986,76
03/23/1987,91
03/23/1988,79
03/23/1989,110
03/23/1990,94
03/23/1991,77
03/23/1992,94
03/23/1993,92
03/23/1994,93
03/23/1995,99
03/23/1996,69
03/23/1997,74
03/23/1998,88
03/23/1999,106
03/23/2000,112
03/23/2001,91
03/23/2002,61
03/23/2003,64
03/23/2004,103
03/23/2005,80
03/23/2006,86
03/23/2007,51
03/23/2008,18
03/24/1920,1
03/24/1924,1
03/24/1926,3
03/24/1928,5
03/24/1929,4
03/24/1930,3
03/24/1931,6
03/24/1932,7
03/24/1933,11
03/24/1934,15
03/24/1935,12
03/24/1936,12
03/24/1937,15
03/24/1938,22
03/24/1939,25
03/24/1940,13
03/24/1941,31
03/24/1942,33
03/24/1943,43
03/24/1944,39
03/24/1945,27
03/24/1946,37
03/24/1947,68
03/24/1948,62
03/24/1949,62
03/24/1950,54
03/24/1951,63
03/24/1952,73
03/24/1953,59
03/24/1954,68
03/24/1955,86
03/24/1956,75
03/24/1957,77
03/24/1958,82
03/24/1959,89
03/24/1960,100
03/24/1961,97
03/24/1962,77
03/24/1963,78
03/24/1964,85
03/24/1965,83
03/24/1966,89
03/24/1967,77
03/24/1968,59
03/24/1969,75
03/24/1970,90
03/24/1971,84
03/24/1972,86
03/24/1973,71
03/24/1974,65
03/24/1975,78
03/24/1976,77
03/24/1977,77
03/24/1978,86
03/24/1979,81
03/24/1980,80
03/24/1981,86
03/24/1982,99
03/24/1983,87
03/24/1984,82
03/24/1985,72
03/24/1986,88
03/24/1987,88
03/24/1988,85
03/24/1989,119
03/24/1990,74
03/24/1991,51
03/24/1992,114
03/24/1993,97
03/24/1994,97
03/24/1995,94
03/24/1996,79
03/24/1997,92
03/24/1998,136
03/24/1999,95
03/24/2000,82
03/24/2001,83
03/24/2002,55
03/24/2003,101
03/24/2004,107
03/24/2005,101
03/24/2006,84
03/24/2007,22
03/24/2008,24
03/25/1904,1
03/25/1916,1
03/25/1919,1
03/25/1924,1
03/25/1925,1
03/25/1926,2
03/25/1928,1
03/25/1929,1
03/25/1930,2
03/25/1931,6
03/25/1932,7
03/25/1933,6
03/25/1934,12
03/25/1935,14
03/25/1936,11
03/25/1937,16
03/25/1938,16
03/25/1939,14
03/25/1940,15
03/25/1941,23
03/25/1942,28
03/25/1943,35
03/25/1944,35
03/25/1945,28
03/25/1946,31
03/25/1947,59
03/25/1948,55
03/25/1949,69
03/25/1950,59
03/25/1951,58
03/25/1952,68
03/25/1953,58
03/25/1954,90
03/25/1955,77
03/25/1956,78
03/25/1957,87
03/25/1958,87
03/25/1959,84
03/25/1960,74
03/25/1961,87
03/25/1962,83
03/25/1963,82
03/25/1964,75
03/25/1965,77
03/25/1966,87
03/25/1967,69
03/25/1968,71
03/25/1969,99
03/25/1970,83
03/25/1971,80
03/25/1972,76
03/25/1973,57
03/25/1974,73
03/25/1975,89
03/25/1976,91
03/25/1977,90
03/25/1978,60
03/25/1979,83
03/25/1980,106
03/25/1981,88
03/25/1982,102
03/25/1983,81
03/25/1984,75
03/25/1985,104
03/25/1986,96
03/25/1987,81
03/25/1988,86
03/25/1989,79
03/25/1990,73
03/25/1991,96
03/25/1992,93
03/25/1993,103
03/25/1994,90
03/25/1995,62
03/25/1996,93
03/25/1997,113
03/25/1998,112
03/25/1999,107
03/25/2000,80
03/25/2001,48
03/25/2002,95
03/25/2003,95
03/25/2004,98
03/25/2005,94
03/25/2006,56
03/25/2007,28
03/25/2008,32
03/26/1923,1
03/26/1924,2
03/26/1926,1
03/26/1927,2
03/26/1928,1
03/26/1929,3
03/26/1930,1
03/26/1931,3
03/26/1932,5
03/26/1933,7
03/26/1934,8
03/26/1935,9
03/26/1936,13
03/26/1937,11
03/26/1938,20
03/26/1939,20
03/26/1940,23
03/26/1941,42
03/26/1942,26
03/26/1943,31
03/26/1944,39
03/26/1945,41
03/26/1946,43
03/26/1947,54
03/26/1948,61
03/26/1949,62
03/26/1950,68
03/26/1951,60
03/26/1952,69
03/26/1953,68
03/26/1954,53
03/26/1955,69
03/26/1956,86
03/26/1957,92
03/26/1958,76
03/26/1959,87
03/26/1960,87
03/26/1961,94
03/26/1962,83
03/26/1963,89
03/26/1964,89
03/26/1965,70
03/26/1966,69
03/26/1967,71
03/26/1968,85
03/26/1969,78
03/26/1970,77
03/26/1971,73
03/26/1972,64
03/26/1973,87
03/26/1974,62
03/26/1975,79
03/26/1976,96
03/26/1977,74
03/26/1978,51
03/26/1979,79
03/26/1980,90
03/26/1981,92
03/26/1982,89
03/26/1983,89
03/26/1984,103
03/26/1985,97
03/26/1986,110
03/26/1987,98
03/26/1988,81
03/26/1989,74
03/26/1990,100
03/26/1991,116
03/26/1992,104
03/26/1993,100
03/26/1994,68
03/26/1995,70
03/26/1996,119
03/26/1997,114
03/26/1998,104
03/26/1999,109
03/26/2000,62
03/26/2001,87
03/26/2002,117
03/26/2003,85
03/26/2004,87
03/26/2005,41
03/26/2006,43
03/26/2007,61
03/26/2008,28
03/27/1927,2
03/27/1928,2
03/27/1929,1
03/27/1930,5
03/27/1931,3
03/27/1932,5
03/27/1933,5
03/27/1934,9
03/27/1935,8
03/27/1936,13
03/27/1937,11
03/27/1938,15
03/27/1939,19
03/27/1940,25
03/27/1941,24
03/27/1942,28
03/27/1943,20
03/27/1944,34
03/27/1945,41
03/27/1946,30
03/27/1947,46
03/27/1948,46
03/27/1949,56
03/27/1950,46
03/27/1951,68
03/27/1952,68
03/27/1953,87
03/27/1954,68
03/27/1955,57
03/27/1956,91
03/27/1957,85
03/27/1958,74
03/27/1959,87
03/27/1960,79
03/27/1961,90
03/27/1962,88
03/27/1963,90
03/27/1964,67
03/27/1965,76
03/27/1966,64
03/27/1967,85
03/27/1968,59
03/27/1969,75
03/27/1970,73
03/27/1971,76
03/27/1972,64
03/27/1973,73
03/27/1974,66
03/27/1975,77
03/27/1976,72
03/27/1977,60
03/27/1978,66
03/27/1979,88
03/27/1980,96
03/27/1981,100
03/27/1982,82
03/27/1983,73
03/27/1984,104
03/27/1985,85
03/27/1986,102
03/27/1987,108
03/27/1988,57
03/27/1989,91
03/27/1990,103
03/27/1991,103
03/27/1992,85
03/27/1993,73
03/27/1994,61
03/27/1995,82
03/27/1996,102
03/27/1997,96
03/27/1998,102
03/27/1999,70
03/27/2000,109
03/27/2001,121
03/27/2002,109
03/27/2003,103
03/27/2004,59
03/27/2005,37
03/27/2006,89
03/27/2007,54
03/27/2008,41
03/28/1908,1
03/28/1918,1
03/28/1919,1
03/28/1922,1
03/28/1926,1
03/28/1927,1
03/28/1928,1
03/28/1929,4
03/28/1930,3
03/28/1931,5
03/28/1932,4
03/28/1933,5
03/28/1934,4
03/28/1935,10
03/28/1936,11
03/28/1937,5
03/28/1938,12
03/28/1939,19
03/28/1940,19
03/28/1941,21
03/28/1942,22
03/28/1943,49
03/28/1944,37
03/28/1945,49
03/28/1946,41
03/28/1947,51
03/28/1948,44
03/28/1949,59
03/28/1950,62
03/28/1951,59
03/28/1952,74
03/28/1953,65
03/28/1954,68
03/28/1955,73
03/28/1956,96
03/28/1957,94
03/28/1958,75
03/28/1959,87
03/28/1960,86
03/28/1961,103
03/28/1962,88
03/28/1963,90
03/28/1964,67
03/28/1965,79
03/28/1966,93
03/28/1967,82
03/28/1968,68
03/28/1969,78
03/28/1970,64
03/28/1971,69
03/28/1972,79
03/28/1973,68
03/28/1974,65
03/28/1975,67
03/28/1976,67
03/28/1977,93
03/28/1978,89
03/28/1979,80
03/28/1980,87
03/28/1981,67
03/28/1982,77
03/28/1983,80
03/28/1984,92
03/28/1985,99
03/28/1986,99
03/28/1987,67
03/28/1988,95
03/28/1989,109
03/28/1990,91
03/28/1991,98
03/28/1992,72
03/28/1993,80
03/28/1994,97
03/28/1995,117
03/28/1996,96
03/28/1997,110
03/28/1998,66
03/28/1999,46
03/28/2000,124
03/28/2001,95
03/28/2002,117
03/28/2003,98
03/28/2004,38
03/28/2005,90
03/28/2006,83
03/28/2007,41
03/28/2008,23
03/29/1908,1
03/29/1924,1
03/29/1926,2
03/29/1927,1
03/29/1928,3
03/29/1930,3
03/29/1931,6
03/29/1932,7
03/29/1933,11
03/29/1934,12
03/29/1935,11
03/29/1936,12
03/29/1937,15
03/29/1938,20
03/29/1939,18
03/29/1940,12
03/29/1941,24
03/29/1942,35
03/29/1943,24
03/29/1944,33
03/29/1945,41
03/29/1946,45
03/29/1947,61
03/29/1948,57
03/29/1949,56
03/29/1950,48
03/29/1951,50
03/29/1952,71
03/29/1953,72
03/29/1954,62
03/29/1955,79
03/29/1956,67
03/29/1957,90
03/29/1958,77
03/29/1959,72
03/29/1960,87
03/29/1961,70
03/29/1962,102
03/29/1963,77
03/29/1964,74
03/29/1965,78
03/29/1966,84
03/29/1967,71
03/29/1968,75
03/29/1969,82
03/29/1970,76
03/29/1971,73
03/29/1972,73
03/29/1973,71
03/29/1974,76
03/29/1975,53
03/29/1976,70
03/29/1977,83
03/29/1978,79
03/29/1979,97
03/29/1980,88
03/29/1981,75
03/29/1982,82
03/29/1983,106
03/29/1984,88
03/29/1985,87
03/29/1986,72
03/29/1987,79
03/29/1988,108
03/29/1989,110
03/29/1990,116
03/29/1991,95
03/29/1992,72
03/29/1993,94
03/29/1994,100
03/29/1995,92
03/29/1996,103
03/29/1997,65
03/29/1998,55
03/29/1999,108
03/29/2000,103
03/29/2001,116
03/29/2002,99
03/29/2003,66
03/29/2004,100
03/29/2005,94
03/29/2006,87
03/29/2007,43
03/29/2008,14
03/30/1926,1
03/30/1927,3
03/30/1928,1
03/30/1929,2
03/30/1930,4
03/30/1931,4
03/30/1932,4
03/30/1933,14
03/30/1934,16
03/30/1935,4
03/30/1936,13
03/30/1937,13
03/30/1938,19
03/30/1939,16
03/30/1940,28
03/30/1941,18
03/30/1942,23
03/30/1943,39
03/30/1944,34
03/30/1945,42
03/30/1946,35
03/30/1947,51
03/30/1948,54
03/30/1949,46
03/30/1950,51
03/30/1951,53
03/30/1952,71
03/30/1953,68
03/30/1954,85
03/30/1955,74
03/30/1956,94
03/30/1957,73
03/30/1958,55
03/30/1959,74
03/30/1960,87
03/30/1961,94
03/30/1962,92
03/30/1963,87
03/30/1964,74
03/30/1965,80
03/30/1966,77
03/30/1967,72
03/30/1968,80
03/30/1969,69
03/30/1970,84
03/30/1971,75
03/30/1972,64
03/30/1973,69
03/30/1974,61
03/30/1975,62
03/30/1976,69
03/30/1977,94
03/30/1978,92
03/30/1979,83
03/30/1980,79
03/30/1981,85
03/30/1982,108
03/30/1983,90
03/30/1984,116
03/30/1985,82
03/30/1986,92
03/30/1987,89
03/30/1988,89
03/30/1989,89
03/30/1990,121
03/30/1991,60
03/30/1992,97
03/30/1993,93
03/30/1994,107
03/30/1995,93
03/30/1996,59
03/30/1997,49
03/30/1998,121
03/30/1999,94
03/30/2000,110
03/30/2001,113
03/30/2002,74
03/30/2003,58
03/30/2004,118
03/30/2005,102
03/30/2006,96
03/30/2007,45
03/30/2008,13
03/31/1916,1
03/31/1924,2
03/31/1925,1
03/31/1926,1
03/31/1927,1
03/31/1928,1
03/31/1930,2
03/31/1931,5
03/31/1932,4
03/31/1933,9
03/31/1934,12
03/31/1935,12
03/31/1936,16
03/31/1937,18
03/31/1938,17
03/31/1939,16
03/31/1940,27
03/31/1941,26
03/31/1942,29
03/31/1943,26
03/31/1944,20
03/31/1945,33
03/31/1946,42
03/31/1947,59
03/31/1948,52
03/31/1949,55
03/31/1950,37
03/31/1951,73
03/31/1952,58
03/31/1953,75
03/31/1954,72
03/31/1955,85
03/31/1956,81
03/31/1957,71
03/31/1958,82
03/31/1959,98
03/31/1960,88
03/31/1961,97
03/31/1962,83
03/31/1963,76
03/31/1964,99
03/31/1965,84
03/31/1966,81
03/31/1967,76
03/31/1968,68
03/31/1969,67
03/31/1970,93
03/31/1971,75
03/31/1972,73
03/31/1973,83
03/31/1974,66
03/31/1975,64
03/31/1976,84
03/31/1977,99
03/31/1978,89
03/31/1979,65
03/31/1980,83
03/31/1981,107
03/31/1982,87
03/31/1983,89
03/31/1984,67
03/31/1985,82
03/31/1986,103
03/31/1987,100
03/31/1988,89
03/31/1989,120
03/31/1990,91
03/31/1991,61
03/31/1992,108
03/31/1993,107
03/31/1994,104
03/31/1995,111
03/31/1996,48
03/31/1997,99
03/31/1998,116
03/31/1999,110
03/31/2000,113
03/31/2001,68
03/31/2002,63
03/31/2003,93
03/31/2004,109
03/31/2005,97
03/31/2006,81
03/31/2007,20
03/31/2008,29
04/01/1911,1
04/01/1921,1
04/01/1926,1
04/01/1929,3
04/01/1930,4
04/01/1931,2
04/01/1932,7
04/01/1933,4
04/01/1934,9
04/01/1935,9
04/01/1936,13
04/01/1937,25
04/01/1938,13
04/01/1939,23
04/01/1940,22
04/01/1941,22
04/01/1942,31
04/01/1943,29
04/01/1944,24
04/01/1945,34
04/01/1946,39
04/01/1947,55
04/01/1948,52
04/01/1949,47
04/01/1950,54
04/01/1951,58
04/01/1952,65
04/01/1953,64
04/01/1954,91
04/01/1955,72
04/01/1956,70
04/01/1957,82
04/01/1958,95
04/01/1959,100
04/01/1960,85
04/01/1961,79
04/01/1962,93
04/01/1963,78
04/01/1964,88
04/01/1965,87
04/01/1966,76
04/01/1967,79
04/01/1968,61
04/01/1969,87
04/01/1970,86
04/01/1971,60
04/01/1972,57
04/01/1973,73
04/01/1974,77
04/01/1975,80
04/01/1976,72
04/01/1977,88
04/01/1978,76
04/01/1979,61
04/01/1980,93
04/01/1981,104
04/01/1982,72
04/01/1983,82
04/01/1984,73
04/01/1985,85
04/01/1986,119
04/01/1987,78
04/01/1988,95
04/01/1989,82
04/01/1990,79
04/01/1991,67
04/01/1992,75
04/01/1993,100
04/01/1994,89
04/01/1995,80
04/01/1996,65
04/01/1997,75
04/01/1998,94
04/01/1999,110
04/01/2000,64
04/01/2001,54
04/01/2002,82
04/01/2003,108
04/01/2004,90
04/01/2005,84
04/01/2006,49
04/01/2007,25
04/01/2008,26
04/02/1914,1
04/02/1923,1
04/02/1926,1
04/02/1927,2
04/02/1928,1
04/02/1929,6
04/02/1930,4
04/02/1931,5
04/02/1932,10
04/02/1933,6
04/02/1934,8
04/02/1935,13
04/02/1936,13
04/02/1937,13
04/02/1938,14
04/02/1939,16
04/02/1940,34
04/02/1941,27
04/02/1942,34
04/02/1943,43
04/02/1944,34
04/02/1945,41
04/02/1946,39
04/02/1947,48
04/02/1948,52
04/02/1949,57
04/02/1950,52
04/02/1951,65
04/02/1952,67
04/02/1953,65
04/02/1954,80
04/02/1955,70
04/02/1956,92
04/02/1957,82
04/02/1958,111
04/02/1959,87
04/02/1960,80
04/02/1961,91
04/02/1962,75
04/02/1963,99
04/02/1964,84
04/02/1965,65
04/02/1966,69
04/02/1967,63
04/02/1968,80
04/02/1969,81
04/02/1970,77
04/02/1971,83
04/02/1972,59
04/02/1973,59
04/02/1974,90
04/02/1975,81
04/02/1976,74
04/02/1977,63
04/02/1978,76
04/02/1979,86
04/02/1980,83
04/02/1981,82
04/02/1982,105
04/02/1983,74
04/02/1984,98
04/02/1985,127
04/02/1986,106
04/02/1987,103
04/02/1988,77
04/02/1989,72
04/02/1990,106
04/02/1991,107
04/02/1992,102
04/02/1993,121
04/02/1994,78
04/02/1995,50
04/02/1996,105
04/02/1997,107
04/02/1998,105
04/02/1999,113
04/02/2000,71
04/02/2001,114
04/02/2002,128
04/02/2003,96
04/02/2004,116
04/02/2005,54
04/02/2006,40
04/02/2007,49
04/02/2008,20
04/03/1915,1
04/03/1923,1
04/03/1924,1
04/03/1926,1
04/03/1927,2
04/03/1928,2
04/03/1929,3
04/03/1930,4
04/03/1931,6
04/03/1932,4
04/03/1933,5
04/03/1934,8
04/03/1935,5
04/03/1936,14
04/03/1937,19
04/03/1938,14
04/03/1939,20
04/03/1940,12
04/03/1941,28
04/03/1942,36
04/03/1943,31
04/03/1944,28
04/03/1945,22
04/03/1946,25
04/03/1947,48
04/03/1948,47
04/03/1949,69
04/03/1950,69
04/03/1951,53
04/03/1952,64
04/03/1953,77
04/03/1954,75
04/03/1955,70
04/03/1956,99
04/03/1957,90
04/03/1958,87
04/03/1959,81
04/03/1960,82
04/03/1961,79
04/03/1962,76
04/03/1963,90
04/03/1964,92
04/03/1965,71
04/03/1966,67
04/03/1967,86
04/03/1968,67
04/03/1969,87
04/03/1970,76
04/03/1971,69
04/03/1972,71
04/03/1973,70
04/03/1974,81
04/03/1975,68
04/03/1976,79
04/03/1977,73
04/03/1978,58
04/03/1979,96
04/03/1980,112
04/03/1981,81
04/03/1982,86
04/03/1983,65
04/03/1984,95
04/03/1985,92
04/03/1986,100
04/03/1987,110
04/03/1988,62
04/03/1989,87
04/03/1990,106
04/03/1991,97
04/03/1992,134
04/03/1993,90
04/03/1994,58
04/03/1995,82
04/03/1996,111
04/03/1997,102
04/03/1998,99
04/03/1999,72
04/03/2000,107
04/03/2001,109
04/03/2002,108
04/03/2003,95
04/03/2004,65
04/03/2005,38
04/03/2006,85
04/03/2007,61
04/03/2008,22
04/04/1921,1
04/04/1922,1
04/04/1925,1
04/04/1926,1
04/04/1928,2
04/04/1929,1
04/04/1930,3
04/04/1931,6
04/04/1932,4
04/04/1933,9
04/04/1934,10
04/04/1935,14
04/04/1936,9
04/04/1937,18
04/04/1938,15
04/04/1939,19
04/04/1940,20
04/04/1941,22
04/04/1942,31
04/04/1943,33
04/04/1944,34
04/04/1945,33
04/04/1946,33
04/04/1947,66
04/04/1948,61
04/04/1949,52
04/04/1950,50
04/04/1951,53
04/04/1952,75
04/04/1953,71
04/04/1954,75
04/04/1955,62
04/04/1956,85
04/04/1957,79
04/04/1958,81
04/04/1959,86
04/04/1960,77
04/04/1961,88
04/04/1962,104
04/04/1963,78
04/04/1964,68
04/04/1965,70
04/04/1966,56
04/04/1967,67
04/04/1968,78
04/04/1969,83
04/04/1970,63
04/04/1971,68
04/04/1972,84
04/04/1973,52
04/04/1974,61
04/04/1975,81
04/04/1976,59
04/04/1977,100
04/04/1978,111
04/04/1979,73
04/04/1980,79
04/04/1981,77
04/04/1982,62
04/04/1983,94
04/04/1984,118
04/04/1985,92
04/04/1986,106
04/04/1987,63
04/04/1988,83
04/04/1989,96
04/04/1990,110
04/04/1991,95
04/04/1992,80
04/04/1993,71
04/04/1994,85
04/04/1995,103
04/04/1996,103
04/04/1997,100
04/04/1998,79
04/04/1999,56
04/04/2000,134
04/04/2001,101
04/04/2002,137
04/04/2003,90
04/04/2004,67
04/04/2005,91
04/04/2006,114
04/04/2007,64
04/04/2008,27
04/05/1920,1
04/05/1926,1
04/05/1927,2
04/05/1928,2
04/05/1929,2
04/05/1930,4
04/05/1931,5
04/05/1932,6
04/05/1933,8
04/05/1934,14
04/05/1935,8
04/05/1936,12
04/05/1937,11
04/05/1938,16
04/05/1939,18
04/05/1940,18
04/05/1941,21
04/05/1942,30
04/05/1943,41
04/05/1944,33
04/05/1945,37
04/05/1946,48
04/05/1947,65
04/05/1948,61
04/05/1949,53
04/05/1950,62
04/05/1951,61
04/05/1952,73
04/05/1953,62
04/05/1954,56
04/05/1955,84
04/05/1956,73
04/05/1957,92
04/05/1958,87
04/05/1959,90
04/05/1960,74
04/05/1961,105
04/05/1962,84
04/05/1963,94
04/05/1964,74
04/05/1965,84
04/05/1966,72
04/05/1967,73
04/05/1968,72
04/05/1969,68
04/05/1970,72
04/05/1971,92
04/05/1972,70
04/05/1973,76
04/05/1974,87
04/05/1975,69
04/05/1976,70
04/05/1977,89
04/05/1978,84
04/05/1979,81
04/05/1980,76
04/05/1981,79
04/05/1982,93
04/05/1983,103
04/05/1984,93
04/05/1985,94
04/05/1986,86
04/05/1987,68
04/05/1988,100
04/05/1989,111
04/05/1990,98
04/05/1991,104
04/05/1992,64
04/05/1993,96
04/05/1994,114
04/05/1995,122
04/05/1996,97
04/05/1997,77
04/05/1998,66
04/05/1999,107
04/05/2000,104
04/05/2001,107
04/05/2002,95
04/05/2003,59
04/05/2004,103
04/05/2005,108
04/05/2006,88
04/05/2007,44
04/05/2008,13
04/06/1920,1
04/06/1926,3
04/06/1927,1
04/06/1928,2
04/06/1929,3
04/06/1930,4
04/06/1931,6
04/06/1932,5
04/06/1933,9
04/06/1934,9
04/06/1935,16
04/06/1936,9
04/06/1937,15
04/06/1938,17
04/06/1939,24
04/06/1940,14
04/06/1941,25
04/06/1942,25
04/06/1943,31
04/06/1944,33
04/06/1945,39
04/06/1946,31
04/06/1947,57
04/06/1948,43
04/06/1949,68
04/06/1950,68
04/06/1951,60
04/06/1952,61
04/06/1953,67
04/06/1954,82
04/06/1955,61
04/06/1956,84
04/06/1957,68
04/06/1958,80
04/06/1959,81
04/06/1960,81
04/06/1961,76
04/06/1962,114
04/06/1963,67
04/06/1964,74
04/06/1965,75
04/06/1966,67
04/06/1967,65
04/06/1968,73
04/06/1969,63
04/06/1970,80
04/06/1971,83
04/06/1972,78
04/06/1973,65
04/06/1974,51
04/06/1975,79
04/06/1976,73
04/06/1977,80
04/06/1978,77
04/06/1979,81
04/06/1980,61
04/06/1981,100
04/06/1982,101
04/06/1983,93
04/06/1984,104
04/06/1985,69
04/06/1986,78
04/06/1987,104
04/06/1988,87
04/06/1989,86
04/06/1990,94
04/06/1991,61
04/06/1992,94
04/06/1993,125
04/06/1994,90
04/06/1995,112
04/06/1996,86
04/06/1997,63
04/06/1998,96
04/06/1999,97
04/06/2000,122
04/06/2001,105
04/06/2002,66
04/06/2003,56
04/06/2004,97
04/06/2005,95
04/06/2006,96
04/06/2007,47
04/06/2008,17
04/07/1926,1
04/07/1927,1
04/07/1930,3
04/07/1931,3
04/07/1932,5
04/07/1933,5
04/07/1934,9
04/07/1935,12
04/07/1936,12
04/07/1937,17
04/07/1938,26
04/07/1939,25
04/07/1940,17
04/07/1941,31
04/07/1942,31
04/07/1943,23
04/07/1944,41
04/07/1945,40
04/07/1946,44
04/07/1947,71
04/07/1948,59
04/07/1949,53
04/07/1950,62
04/07/1951,67
04/07/1952,74
04/07/1953,81
04/07/1954,83
04/07/1955,69
04/07/1956,88
04/07/1957,77
04/07/1958,77
04/07/1959,91
04/07/1960,87
04/07/1961,89
04/07/1962,72
04/07/1963,78
04/07/1964,79
04/07/1965,79
04/07/1966,73
04/07/1967,81
04/07/1968,74
04/07/1969,64
04/07/1970,75
04/07/1971,61
04/07/1972,77
04/07/1973,76
04/07/1974,55
04/07/1975,82
04/07/1976,77
04/07/1977,91
04/07/1978,87
04/07/1979,79
04/07/1980,88
04/07/1981,77
04/07/1982,110
04/07/1983,103
04/07/1984,70
04/07/1985,82
04/07/1986,104
04/07/1987,104
04/07/1988,98
04/07/1989,95
04/07/1990,59
04/07/1991,76
04/07/1992,87
04/07/1993,99
04/07/1994,102
04/07/1995,121
04/07/1996,74
04/07/1997,85
04/07/1998,111
04/07/1999,114
04/07/2000,109
04/07/2001,71
04/07/2002,54
04/07/2003,98
04/07/2004,91
04/07/2005,92
04/07/2006,74
04/07/2007,22
04/07/2008,22
04/08/1926,1
04/08/1927,1
04/08/1928,5
04/08/1929,5
04/08/1930,5
04/08/1931,6
04/08/1933,7
04/08/1934,12
04/08/1935,13
04/08/1936,11
04/08/1937,13
04/08/1938,14
04/08/1939,25
04/08/1940,17
04/08/1941,26
04/08/1942,27
04/08/1943,37
04/08/1944,40
04/08/1945,34
04/08/1946,47
04/08/1947,51
04/08/1948,42
04/08/1949,70
04/08/1950,54
04/08/1951,70
04/08/1952,63
04/08/1953,74
04/08/1954,73
04/08/1955,70
04/08/1956,73
04/08/1957,66
04/08/1958,85
04/08/1959,89
04/08/1960,95
04/08/1961,101
04/08/1962,68
04/08/1963,84
04/08/1964,73
04/08/1965,80
04/08/1966,76
04/08/1967,74
04/08/1968,89
04/08/1969,69
04/08/1970,96
04/08/1971,71
04/08/1972,69
04/08/1973,56
04/08/1974,79
04/08/1975,80
04/08/1976,74
04/08/1977,93
04/08/1978,66
04/08/1979,61
04/08/1980,85
04/08/1981,89
04/08/1982,76
04/08/1983,79
04/08/1984,74
04/08/1985,91
04/08/1986,115
04/08/1987,105
04/08/1988,106
04/08/1989,84
04/08/1990,50
04/08/1991,114
04/08/1992,78
04/08/1993,113
04/08/1994,116
04/08/1995,75
04/08/1996,97
04/08/1997,108
04/08/1998,119
04/08/1999,131
04/08/2000,70
04/08/2001,77
04/08/2002,114
04/08/2003,109
04/08/2004,119
04/08/2005,87
04/08/2006,47
04/08/2007,14
04/08/2008,33
04/09/1926,1
04/09/1927,1
04/09/1928,3
04/09/1929,4
04/09/1930,5
04/09/1931,5
04/09/1932,7
04/09/1933,10
04/09/1934,13
04/09/1935,13
04/09/1936,11
04/09/1937,11
04/09/1938,17
04/09/1939,15
04/09/1940,22
04/09/1941,23
04/09/1942,25
04/09/1943,40
04/09/1944,26
04/09/1945,27
04/09/1946,54
04/09/1947,46
04/09/1948,45
04/09/1949,60
04/09/1950,49
04/09/1951,62
04/09/1952,63
04/09/1953,71
04/09/1954,80
04/09/1955,79
04/09/1956,77
04/09/1957,73
04/09/1958,69
04/09/1959,95
04/09/1960,56
04/09/1961,87
04/09/1962,73
04/09/1963,94
04/09/1964,92
04/09/1965,82
04/09/1966,69
04/09/1967,52
04/09/1968,72
04/09/1969,79
04/09/1970,74
04/09/1971,67
04/09/1972,59
04/09/1973,73
04/09/1974,64
04/09/1975,82
04/09/1976,76
04/09/1977,58
04/09/1978,68
04/09/1979,82
04/09/1980,90
04/09/1981,83
04/09/1982,86
04/09/1983,84
04/09/1984,78
04/09/1985,87
04/09/1986,108
04/09/1987,90
04/09/1988,74
04/09/1989,52
04/09/1990,91
04/09/1991,102
04/09/1992,113
04/09/1993,112
04/09/1994,57
04/09/1995,76
04/09/1996,106
04/09/1997,97
04/09/1998,111
04/09/1999,94
04/09/2000,50
04/09/2001,93
04/09/2002,135
04/09/2003,97
04/09/2004,96
04/09/2005,53
04/09/2006,45
04/09/2007,36
04/09/2008,20
04/10/1925,1
04/10/1927,3
04/10/1929,4
04/10/1930,3
04/10/1931,7
04/10/1932,5
04/10/1933,12
04/10/1934,12
04/10/1935,16
04/10/1936,11
04/10/1937,18
04/10/1938,12
04/10/1939,20
04/10/1940,29
04/10/1941,29
04/10/1942,30
04/10/1943,39
04/10/1944,28
04/10/1945,34
04/10/1946,42
04/10/1947,63
04/10/1948,62
04/10/1949,37
04/10/1950,51
04/10/1951,58
04/10/1952,63
04/10/1953,56
04/10/1954,67
04/10/1955,66
04/10/1956,78
04/10/1957,79
04/10/1958,84
04/10/1959,94
04/10/1960,86
04/10/1961,102
04/10/1962,88
04/10/1963,75
04/10/1964,67
04/10/1965,67
04/10/1966,63
04/10/1967,83
04/10/1968,72
04/10/1969,56
04/10/1970,77
04/10/1971,75
04/10/1972,70
04/10/1973,58
04/10/1974,68
04/10/1975,83
04/10/1976,68
04/10/1977,80
04/10/1978,77
04/10/1979,75
04/10/1980,99
04/10/1981,87
04/10/1982,66
04/10/1983,75
04/10/1984,86
04/10/1985,104
04/10/1986,97
04/10/1987,91
04/10/1988,64
04/10/1989,88
04/10/1990,119
04/10/1991,105
04/10/1992,114
04/10/1993,70
04/10/1994,76
04/10/1995,98
04/10/1996,92
04/10/1997,91
04/10/1998,106
04/10/1999,77
04/10/2000,92
04/10/2001,124
04/10/2002,120
04/10/2003,100
04/10/2004,55
04/10/2005,49
04/10/2006,72
04/10/2007,50
04/10/2008,20
04/11/1919,1
04/11/1923,1
04/11/1924,1
04/11/1925,2
04/11/1926,4
04/11/1927,3
04/11/1928,2
04/11/1929,3
04/11/1930,5
04/11/1931,7
04/11/1932,6
04/11/1933,7
04/11/1934,7
04/11/1935,11
04/11/1936,17
04/11/1937,19
04/11/1938,10
04/11/1939,15
04/11/1940,18
04/11/1941,26
04/11/1942,28
04/11/1943,33
04/11/1944,32
04/11/1945,36
04/11/1946,37
04/11/1947,32
04/11/1948,49
04/11/1949,58
04/11/1950,45
04/11/1951,70
04/11/1952,63
04/11/1953,64
04/11/1954,63
04/11/1955,78
04/11/1956,82
04/11/1957,90
04/11/1958,82
04/11/1959,88
04/11/1960,77
04/11/1961,80
04/11/1962,104
04/11/1963,80
04/11/1964,88
04/11/1965,81
04/11/1966,75
04/11/1967,69
04/11/1968,72
04/11/1969,83
04/11/1970,77
04/11/1971,58
04/11/1972,71
04/11/1973,93
04/11/1974,69
04/11/1975,76
04/11/1976,60
04/11/1977,85
04/11/1978,91
04/11/1979,80
04/11/1980,81
04/11/1981,61
04/11/1982,66
04/11/1983,98
04/11/1984,104
04/11/1985,103
04/11/1986,102
04/11/1987,74
04/11/1988,100
04/11/1989,111
04/11/1990,114
04/11/1991,87
04/11/1992,72
04/11/1993,74
04/11/1994,89
04/11/1995,94
04/11/1996,108
04/11/1997,98
04/11/1998,65
04/11/1999,52
04/11/2000,92
04/11/2001,122
04/11/2002,99
04/11/2003,93
04/11/2004,66
04/11/2005,80
04/11/2006,88
04/11/2007,50
04/11/2008,26
04/12/1913,1
04/12/1925,2
04/12/1926,1
04/12/1928,2
04/12/1929,2
04/12/1930,4
04/12/1931,5
04/12/1932,5
04/12/1933,11
04/12/1934,14
04/12/1935,9
04/12/1936,7
04/12/1937,14
04/12/1938,18
04/12/1939,14
04/12/1940,16
04/12/1941,21
04/12/1942,18
04/12/1943,34
04/12/1944,34
04/12/1945,35
04/12/1946,47
04/12/1947,51
04/12/1948,54
04/12/1949,70
04/12/1950,58
04/12/1951,57
04/12/1952,63
04/12/1953,61
04/12/1954,77
04/12/1955,56
04/12/1956,69
04/12/1957,90
04/12/1958,82
04/12/1959,58
04/12/1960,88
04/12/1961,102
04/12/1962,109
04/12/1963,86
04/12/1964,74
04/12/1965,75
04/12/1966,67
04/12/1967,73
04/12/1968,81
04/12/1969,71
04/12/1970,57
04/12/1971,99
04/12/1972,77
04/12/1973,87
04/12/1974,60
04/12/1975,63
04/12/1976,62
04/12/1977,96
04/12/1978,88
04/12/1979,87
04/12/1980,87
04/12/1981,86
04/12/1982,106
04/12/1983,87
04/12/1984,91
04/12/1985,117
04/12/1986,90
04/12/1987,67
04/12/1988,113
04/12/1989,89
04/12/1990,117
04/12/1991,88
04/12/1992,66
04/12/1993,116
04/12/1994,101
04/12/1995,101
04/12/1996,120
04/12/1997,67
04/12/1998,59
04/12/1999,95
04/12/2000,104
04/12/2001,117
04/12/2002,107
04/12/2003,70
04/12/2004,118
04/12/2005,88
04/12/2006,92
04/12/2007,53
04/12/2008,21
04/13/1924,1
04/13/1925,1
04/13/1927,1
04/13/1928,2
04/13/1929,1
04/13/1930,4
04/13/1931,5
04/13/1932,11
04/13/1933,4
04/13/1934,6
04/13/1935,12
04/13/1936,12
04/13/1937,13
04/13/1938,17
04/13/1939,20
04/13/1940,25
04/13/1941,27
04/13/1942,21
04/13/1943,37
04/13/1944,29
04/13/1945,38
04/13/1946,42
04/13/1947,53
04/13/1948,56
04/13/1949,51
04/13/1950,62
04/13/1951,59
04/13/1952,74
04/13/1953,67
04/13/1954,59
04/13/1955,69
04/13/1956,65
04/13/1957,65
04/13/1958,63
04/13/1959,74
04/13/1960,73
04/13/1961,95
04/13/1962,91
04/13/1963,79
04/13/1964,75
04/13/1965,79
04/13/1966,70
04/13/1967,64
04/13/1968,59
04/13/1969,65
04/13/1970,66
04/13/1971,64
04/13/1972,77
04/13/1973,60
04/13/1974,76
04/13/1975,66
04/13/1976,82
04/13/1977,80
04/13/1978,71
04/13/1979,67
04/13/1980,73
04/13/1981,83
04/13/1982,98
04/13/1983,89
04/13/1984,96
04/13/1985,83
04/13/1986,70
04/13/1987,84
04/13/1988,86
04/13/1989,92
04/13/1990,92
04/13/1991,75
04/13/1992,108
04/13/1993,110
04/13/1994,79
04/13/1995,90
04/13/1996,71
04/13/1997,58
04/13/1998,100
04/13/1999,124
04/13/2000,97
04/13/2001,76
04/13/2002,38
04/13/2003,45
04/13/2004,93
04/13/2005,97
04/13/2006,89
04/13/2007,37
04/13/2008,10
04/14/1919,1
04/14/1923,1
04/14/1924,1
04/14/1926,1
04/14/1928,1
04/14/1930,6
04/14/1931,4
04/14/1932,2
04/14/1933,7
04/14/1934,3
04/14/1935,12
04/14/1936,14
04/14/1937,15
04/14/1938,13
04/14/1939,13
04/14/1940,20
04/14/1941,27
04/14/1942,36
04/14/1943,27
04/14/1944,34
04/14/1945,40
04/14/1946,37
04/14/1947,45
04/14/1948,61
04/14/1949,59
04/14/1950,54
04/14/1951,82
04/14/1952,72
04/14/1953,69
04/14/1954,79
04/14/1955,72
04/14/1956,76
04/14/1957,81
04/14/1958,77
04/14/1959,87
04/14/1960,107
04/14/1961,69
04/14/1962,71
04/14/1963,90
04/14/1964,61
04/14/1965,76
04/14/1966,67
04/14/1967,82
04/14/1968,61
04/14/1969,74
04/14/1970,98
04/14/1971,86
04/14/1972,89
04/14/1973,72
04/14/1974,55
04/14/1975,85
04/14/1976,83
04/14/1977,88
04/14/1978,71
04/14/1979,76
04/14/1980,88
04/14/1981,88
04/14/1982,96
04/14/1983,96
04/14/1984,85
04/14/1985,79
04/14/1986,110
04/14/1987,107
04/14/1988,91
04/14/1989,91
04/14/1990,95
04/14/1991,74
04/14/1992,109
04/14/1993,92
04/14/1994,121
04/14/1995,109
04/14/1996,63
04/14/1997,84
04/14/1998,100
04/14/1999,95
04/14/2000,131
04/14/2001,72
04/14/2002,65
04/14/2003,118
04/14/2004,107
04/14/2005,101
04/14/2006,84
04/14/2007,19
04/14/2008,29
04/15/1921,1
04/15/1923,1
04/15/1925,1
04/15/1927,1
04/15/1928,1
04/15/1930,2
04/15/1931,5
04/15/1932,7
04/15/1933,12
04/15/1934,7
04/15/1935,9
04/15/1936,15
04/15/1937,19
04/15/1938,13
04/15/1939,19
04/15/1940,29
04/15/1941,25
04/15/1942,40
04/15/1943,47
04/15/1944,39
04/15/1945,29
04/15/1946,44
04/15/1947,60
04/15/1948,59
04/15/1949,64
04/15/1950,48
04/15/1951,73
04/15/1952,56
04/15/1953,65
04/15/1954,75
04/15/1955,61
04/15/1956,81
04/15/1957,79
04/15/1958,86
04/15/1959,81
04/15/1960,89
04/15/1961,78
04/15/1962,83
04/15/1963,93
04/15/1964,100
04/15/1965,65
04/15/1966,61
04/15/1967,64
04/15/1968,68
04/15/1969,85
04/15/1970,67
04/15/1971,65
04/15/1972,72
04/15/1973,58
04/15/1974,80
04/15/1975,80
04/15/1976,92
04/15/1977,100
04/15/1978,50
04/15/1979,68
04/15/1980,84
04/15/1981,85
04/15/1982,99
04/15/1983,83
04/15/1984,87
04/15/1985,85
04/15/1986,105
04/15/1987,104
04/15/1988,93
04/15/1989,72
04/15/1990,60
04/15/1991,103
04/15/1992,128
04/15/1993,95
04/15/1994,117
04/15/1995,81
04/15/1996,93
04/15/1997,74
04/15/1998,123
04/15/1999,105
04/15/2000,67
04/15/2001,75
04/15/2002,88
04/15/2003,119
04/15/2004,97
04/15/2005,85
04/15/2006,64
04/15/2007,31
04/15/2008,22
04/16/1920,1
04/16/1923,2
04/16/1926,1
04/16/1927,2
04/16/1928,2
04/16/1929,3
04/16/1930,1
04/16/1931,6
04/16/1932,8
04/16/1933,7
04/16/1934,7
04/16/1935,18
04/16/1936,13
04/16/1937,17
04/16/1938,19
04/16/1939,18
04/16/1940,24
04/16/1941,22
04/16/1942,35
04/16/1943,38
04/16/1944,37
04/16/1945,39
04/16/1946,43
04/16/1947,44
04/16/1948,57
04/16/1949,54
04/16/1950,52
04/16/1951,57
04/16/1952,73
04/16/1953,64
04/16/1954,82
04/16/1955,70
04/16/1956,70
04/16/1957,81
04/16/1958,79
04/16/1959,83
04/16/1960,93
04/16/1961,64
04/16/1962,90
04/16/1963,80
04/16/1964,97
04/16/1965,73
04/16/1966,87
04/16/1967,60
04/16/1968,76
04/16/1969,79
04/16/1970,75
04/16/1971,94
04/16/1972,70
04/16/1973,72
04/16/1974,89
04/16/1975,72
04/16/1976,63
04/16/1977,81
04/16/1978,74
04/16/1979,87
04/16/1980,89
04/16/1981,75
04/16/1982,104
04/16/1983,84
04/16/1984,87
04/16/1985,105
04/16/1986,106
04/16/1987,108
04/16/1988,87
04/16/1989,67
04/16/1990,92
04/16/1991,110
04/16/1992,106
04/16/1993,108
04/16/1994,73
04/16/1995,57
04/16/1996,115
04/16/1997,91
04/16/1998,107
04/16/1999,123
04/16/2000,66
04/16/2001,86
04/16/2002,119
04/16/2003,102
04/16/2004,106
04/16/2005,59
04/16/2006,35
04/16/2007,47
04/16/2008,24
04/17/1925,2
04/17/1926,1
04/17/1927,3
04/17/1928,1
04/17/1929,2
04/17/1930,1
04/17/1932,8
04/17/1933,9
04/17/1934,3
04/17/1935,16
04/17/1936,9
04/17/1937,15
04/17/1938,14
04/17/1939,23
04/17/1940,23
04/17/1941,21
04/17/1942,32
04/17/1943,36
04/17/1944,30
04/17/1945,33
04/17/1946,44
04/17/1947,70
04/17/1948,52
04/17/1949,59
04/17/1950,50
04/17/1951,63
04/17/1952,76
04/17/1953,56
04/17/1954,75
04/17/1955,67
04/17/1956,65
04/17/1957,86
04/17/1958,91
04/17/1959,98
04/17/1960,84
04/17/1961,81
04/17/1962,96
04/17/1963,102
04/17/1964,80
04/17/1965,87
04/17/1966,64
04/17/1967,59
04/17/1968,63
04/17/1969,81
04/17/1970,76
04/17/1971,69
04/17/1972,60
04/17/1973,64
04/17/1974,72
04/17/1975,73
04/17/1976,68
04/17/1977,76
04/17/1978,78
04/17/1979,88
04/17/1980,84
04/17/1981,100
04/17/1982,66
04/17/1983,74
04/17/1984,99
04/17/1985,90
04/17/1986,87
04/17/1987,78
04/17/1988,69
04/17/1989,90
04/17/1990,124
04/17/1991,93
04/17/1992,90
04/17/1993,86
04/17/1994,79
04/17/1995,104
04/17/1996,107
04/17/1997,111
04/17/1998,107
04/17/1999,68
04/17/2000,86
04/17/2001,107
04/17/2002,109
04/17/2003,108
04/17/2004,60
04/17/2005,54
04/17/2006,89
04/17/2007,54
04/17/2008,31
04/18/1921,1
04/18/1925,1
04/18/1926,1
04/18/1927,2
04/18/1928,3
04/18/1930,2
04/18/1931,3
04/18/1932,3
04/18/1933,10
04/18/1934,11
04/18/1935,8
04/18/1936,13
04/18/1937,20
04/18/1938,25
04/18/1939,24
04/18/1940,18
04/18/1941,29
04/18/1942,33
04/18/1943,25
04/18/1944,27
04/18/1945,34
04/18/1946,44
04/18/1947,38
04/18/1948,60
04/18/1949,51
04/18/1950,62
04/18/1951,65
04/18/1952,75
04/18/1953,60
04/18/1954,74
04/18/1955,77
04/18/1956,74
04/18/1957,77
04/18/1958,86
04/18/1959,87
04/18/1960,80
04/18/1961,84
04/18/1962,85
04/18/1963,72
04/18/1964,86
04/18/1965,60
04/18/1966,75
04/18/1967,57
04/18/1968,80
04/18/1969,87
04/18/1970,64
04/18/1971,67
04/18/1972,83
04/18/1973,78
04/18/1974,78
04/18/1975,86
04/18/1976,69
04/18/1977,94
04/18/1978,81
04/18/1979,89
04/18/1980,92
04/18/1981,64
04/18/1982,62
04/18/1983,91
04/18/1984,96
04/18/1985,91
04/18/1986,84
04/18/1987,78
04/18/1988,108
04/18/1989,115
04/18/1990,86
04/18/1991,107
04/18/1992,58
04/18/1993,60
04/18/1994,106
04/18/1995,103
04/18/1996,103
04/18/1997,115
04/18/1998,71
04/18/1999,51
04/18/2000,129
04/18/2001,103
04/18/2002,108
04/18/2003,107
04/18/2004,62
04/18/2005,85
04/18/2006,92
04/18/2007,48
04/18/2008,23
04/19/1921,1
04/19/1925,1
04/19/1927,1
04/19/1928,1
04/19/1929,2
04/19/1930,4
04/19/1931,7
04/19/1932,3
04/19/1933,10
04/19/1934,8
04/19/1935,10
04/19/1936,6
04/19/1937,11
04/19/1938,16
04/19/1939,16
04/19/1940,27
04/19/1941,29
04/19/1942,31
04/19/1943,30
04/19/1944,30
04/19/1945,48
04/19/1946,51
04/19/1947,48
04/19/1948,58
04/19/1949,48
04/19/1950,61
04/19/1951,60
04/19/1952,49
04/19/1953,67
04/19/1954,62
04/19/1955,62
04/19/1956,81
04/19/1957,86
04/19/1958,79
04/19/1959,83
04/19/1960,91
04/19/1961,80
04/19/1962,71
04/19/1963,70
04/19/1964,61
04/19/1965,59
04/19/1966,70
04/19/1967,70
04/19/1968,77
04/19/1969,75
04/19/1970,57
04/19/1971,65
04/19/1972,76
04/19/1973,58
04/19/1974,78
04/19/1975,51
04/19/1976,77
04/19/1977,86
04/19/1978,78
04/19/1979,74
04/19/1980,64
04/19/1981,73
04/19/1982,97
04/19/1983,89
04/19/1984,85
04/19/1985,99
04/19/1986,73
04/19/1987,70
04/19/1988,95
04/19/1989,94
04/19/1990,102
04/19/1991,102
04/19/1992,62
04/19/1993,112
04/19/1994,81
04/19/1995,93
04/19/1996,86
04/19/1997,61
04/19/1998,57
04/19/1999,94
04/19/2000,110
04/19/2001,109
04/19/2002,92
04/19/2003,64
04/19/2004,85
04/19/2005,81
04/19/2006,92
04/19/2007,44
04/19/2008,8
04/20/1921,1
04/20/1923,1
04/20/1925,3
04/20/1926,2
04/20/1927,2
04/20/1928,2
04/20/1929,2
04/20/1930,6
04/20/1931,6
04/20/1932,9
04/20/1933,5
04/20/1934,9
04/20/1935,12
04/20/1936,17
04/20/1937,16
04/20/1938,7
04/20/1939,19
04/20/1940,21
04/20/1941,14
04/20/1942,29
04/20/1943,28
04/20/1944,27
04/20/1945,33
04/20/1946,39
04/20/1947,56
04/20/1948,60
04/20/1949,67
04/20/1950,74
04/20/1951,67
04/20/1952,62
04/20/1953,69
04/20/1954,66
04/20/1955,73
04/20/1956,67
04/20/1957,75
04/20/1958,64
04/20/1959,70
04/20/1960,73
04/20/1961,82
04/20/1962,90
04/20/1963,79
04/20/1964,64
04/20/1965,75
04/20/1966,68
04/20/1967,60
04/20/1968,60
04/20/1969,65
04/20/1970,73
04/20/1971,68
04/20/1972,62
04/20/1973,70
04/20/1974,71
04/20/1975,54
04/20/1976,75
04/20/1977,80
04/20/1978,71
04/20/1979,86
04/20/1980,72
04/20/1981,80
04/20/1982,83
04/20/1983,96
04/20/1984,87
04/20/1985,67
04/20/1986,81
04/20/1987,94
04/20/1988,111
04/20/1989,102
04/20/1990,117
04/20/1991,80
04/20/1992,102
04/20/1993,122
04/20/1994,96
04/20/1995,101
04/20/1996,67
04/20/1997,53
04/20/1998,113
04/20/1999,120
04/20/2000,111
04/20/2001,124
04/20/2002,63
04/20/2003,40
04/20/2004,142
04/20/2005,101
04/20/2006,101
04/20/2007,55
04/20/2008,8
04/21/1924,1
04/21/1925,3
04/21/1926,2
04/21/1928,1
04/21/1929,3
04/21/1930,3
04/21/1931,4
04/21/1932,3
04/21/1933,5
04/21/1934,6
04/21/1935,8
04/21/1936,12
04/21/1937,15
04/21/1938,15
04/21/1939,18
04/21/1940,19
04/21/1941,32
04/21/1942,21
04/21/1943,35
04/21/1944,30
04/21/1945,35
04/21/1946,44
04/21/1947,61
04/21/1948,47
04/21/1949,55
04/21/1950,50
04/21/1951,75
04/21/1952,61
04/21/1953,72
04/21/1954,63
04/21/1955,60
04/21/1956,70
04/21/1957,62
04/21/1958,56
04/21/1959,86
04/21/1960,86
04/21/1961,85
04/21/1962,87
04/21/1963,63
04/21/1964,83
04/21/1965,94
04/21/1966,79
04/21/1967,68
04/21/1968,50
04/21/1969,70
04/21/1970,92
04/21/1971,82
04/21/1972,58
04/21/1973,57
04/21/1974,66
04/21/1975,70
04/21/1976,78
04/21/1977,76
04/21/1978,64
04/21/1979,77
04/21/1980,69
04/21/1981,86
04/21/1982,97
04/21/1983,86
04/21/1984,57
04/21/1985,83
04/21/1986,106
04/21/1987,90
04/21/1988,102
04/21/1989,91
04/21/1990,86
04/21/1991,74
04/21/1992,105
04/21/1993,94
04/21/1994,98
04/21/1995,106
04/21/1996,74
04/21/1997,104
04/21/1998,125
04/21/1999,123
04/21/2000,82
04/21/2001,70
04/21/2002,54
04/21/2003,97
04/21/2004,97
04/21/2005,87
04/21/2006,70
04/21/2007,23
04/21/2008,14
04/22/1917,1
04/22/1919,1
04/22/1921,1
04/22/1924,1
04/22/1927,2
04/22/1928,2
04/22/1929,3
04/22/1930,5
04/22/1931,3
04/22/1932,3
04/22/1933,4
04/22/1934,13
04/22/1935,13
04/22/1936,13
04/22/1937,11
04/22/1938,17
04/22/1939,13
04/22/1940,17
04/22/1941,29
04/22/1942,23
04/22/1943,33
04/22/1944,29
04/22/1945,43
04/22/1946,36
04/22/1947,41
04/22/1948,65
04/22/1949,51
04/22/1950,53
04/22/1951,63
04/22/1952,68
04/22/1953,72
04/22/1954,61
04/22/1955,56
04/22/1956,70
04/22/1957,65
04/22/1958,93
04/22/1959,84
04/22/1960,93
04/22/1961,74
04/22/1962,79
04/22/1963,76
04/22/1964,60
04/22/1965,68
04/22/1966,72
04/22/1967,75
04/22/1968,68
04/22/1969,76
04/22/1970,66
04/22/1971,81
04/22/1972,65
04/22/1973,62
04/22/1974,74
04/22/1975,85
04/22/1976,66
04/22/1977,84
04/22/1978,67
04/22/1979,71
04/22/1980,88
04/22/1981,100
04/22/1982,86
04/22/1983,107
04/22/1984,77
04/22/1985,87
04/22/1986,102
04/22/1987,96
04/22/1988,87
04/22/1989,91
04/22/1990,80
04/22/1991,103
04/22/1992,105
04/22/1993,107
04/22/1994,108
04/22/1995,69
04/22/1996,112
04/22/1997,97
04/22/1998,115
04/22/1999,104
04/22/2000,86
04/22/2001,73
04/22/2002,100
04/22/2003,82
04/22/2004,94
04/22/2005,99
04/22/2006,62
04/22/2007,24
04/22/2008,24
04/23/1922,1
04/23/1925,1
04/23/1927,1
04/23/1928,1
04/23/1929,5
04/23/1930,3
04/23/1931,3
04/23/1932,6
04/23/1933,7
04/23/1934,7
04/23/1935,19
04/23/1936,11
04/23/1937,18
04/23/1938,18
04/23/1939,16
04/23/1940,18
04/23/1941,17
04/23/1942,29
04/23/1943,27
04/23/1944,32
04/23/1945,28
04/23/1946,39
04/23/1947,57
04/23/1948,73
04/23/1949,82
04/23/1950,55
04/23/1951,85
04/23/1952,80
04/23/1953,75
04/23/1954,87
04/23/1955,56
04/23/1956,55
04/23/1957,83
04/23/1958,85
04/23/1959,72
04/23/1960,89
04/23/1961,79
04/23/1962,102
04/23/1963,87
04/23/1964,74
04/23/1965,68
04/23/1966,64
04/23/1967,57
04/23/1968,77
04/23/1969,86
04/23/1970,75
04/23/1971,80
04/23/1972,62
04/23/1973,74
04/23/1974,78
04/23/1975,70
04/23/1976,61
04/23/1977,73
04/23/1978,57
04/23/1979,87
04/23/1980,87
04/23/1981,107
04/23/1982,101
04/23/1983,81
04/23/1984,93
04/23/1985,98
04/23/1986,61
04/23/1987,95
04/23/1988,71
04/23/1989,83
04/23/1990,115
04/23/1991,116
04/23/1992,113
04/23/1993,94
04/23/1994,73
04/23/1995,69
04/23/1996,110
04/23/1997,94
04/23/1998,110
04/23/1999,105
04/23/2000,61
04/23/2001,85
04/23/2002,103
04/23/2003,100
04/23/2004,84
04/23/2005,52
04/23/2006,37
04/23/2007,39
04/23/2008,26
04/24/1925,1
04/24/1928,1
04/24/1929,1
04/24/1930,6
04/24/1931,2
04/24/1932,6
04/24/1933,7
04/24/1934,3
04/24/1935,7
04/24/1936,10
04/24/1937,17
04/24/1938,9
04/24/1939,14
04/24/1940,25
04/24/1941,16
04/24/1942,27
04/24/1943,32
04/24/1944,27
04/24/1945,29
04/24/1946,37
04/24/1947,56
04/24/1948,47
04/24/1949,56
04/24/1950,55
04/24/1951,55
04/24/1952,74
04/24/1953,57
04/24/1954,63
04/24/1955,66
04/24/1956,80
04/24/1957,71
04/24/1958,76
04/24/1959,86
04/24/1960,73
04/24/1961,83
04/24/1962,90
04/24/1963,83
04/24/1964,92
04/24/1965,57
04/24/1966,58
04/24/1967,68
04/24/1968,71
04/24/1969,68
04/24/1970,84
04/24/1971,74
04/24/1972,72
04/24/1973,79
04/24/1974,72
04/24/1975,68
04/24/1976,52
04/24/1977,57
04/24/1978,82
04/24/1979,80
04/24/1980,70
04/24/1981,90
04/24/1982,75
04/24/1983,63
04/24/1984,105
04/24/1985,91
04/24/1986,92
04/24/1987,98
04/24/1988,51
04/24/1989,106
04/24/1990,119
04/24/1991,92
04/24/1992,109
04/24/1993,75
04/24/1994,74
04/24/1995,121
04/24/1996,99
04/24/1997,119
04/24/1998,99
04/24/1999,79
04/24/2000,135
04/24/2001,126
04/24/2002,100
04/24/2003,113
04/24/2004,60
04/24/2005,47
04/24/2006,87
04/24/2007,47
04/24/2008,24
04/25/1925,1
04/25/1926,1
04/25/1928,3
04/25/1929,2
04/25/1930,5
04/25/1931,6
04/25/1932,3
04/25/1933,8
04/25/1934,10
04/25/1935,11
04/25/1936,12
04/25/1937,15
04/25/1938,18
04/25/1939,18
04/25/1940,20
04/25/1941,19
04/25/1942,21
04/25/1943,33
04/25/1944,33
04/25/1945,23
04/25/1946,39
04/25/1947,40
04/25/1948,52
04/25/1949,65
04/25/1950,40
04/25/1951,66
04/25/1952,73
04/25/1953,77
04/25/1954,76
04/25/1955,65
04/25/1956,51
04/25/1957,70
04/25/1958,71
04/25/1959,67
04/25/1960,88
04/25/1961,96
04/25/1962,83
04/25/1963,79
04/25/1964,69
04/25/1965,73
04/25/1966,69
04/25/1967,57
04/25/1968,70
04/25/1969,84
04/25/1970,74
04/25/1971,52
04/25/1972,60
04/25/1973,70
04/25/1974,89
04/25/1975,56
04/25/1976,47
04/25/1977,86
04/25/1978,89
04/25/1979,85
04/25/1980,79
04/25/1981,72
04/25/1982,73
04/25/1983,84
04/25/1984,95
04/25/1985,94
04/25/1986,96
04/25/1987,66
04/25/1988,84
04/25/1989,113
04/25/1990,103
04/25/1991,104
04/25/1992,67
04/25/1993,82
04/25/1994,85
04/25/1995,114
04/25/1996,109
04/25/1997,95
04/25/1998,70
04/25/1999,52
04/25/2000,122
04/25/2001,97
04/25/2002,108
04/25/2003,102
04/25/2004,53
04/25/2005,99
04/25/2006,80
04/25/2007,45
04/25/2008,25
04/26/1923,1
04/26/1924,1
04/26/1925,1
04/26/1926,2
04/26/1928,1
04/26/1929,1
04/26/1930,3
04/26/1931,6
04/26/1932,8
04/26/1933,10
04/26/1934,8
04/26/1935,6
04/26/1936,12
04/26/1937,15
04/26/1938,20
04/26/1939,18
04/26/1940,12
04/26/1941,29
04/26/1942,18
04/26/1943,36
04/26/1944,28
04/26/1945,36
04/26/1946,46
04/26/1947,48
04/26/1948,56
04/26/1949,62
04/26/1950,55
04/26/1951,70
04/26/1952,83
04/26/1953,60
04/26/1954,64
04/26/1955,84
04/26/1956,63
04/26/1957,90
04/26/1958,61
04/26/1959,71
04/26/1960,88
04/26/1961,95
04/26/1962,82
04/26/1963,87
04/26/1964,75
04/26/1965,89
04/26/1966,61
04/26/1967,71
04/26/1968,67
04/26/1969,93
04/26/1970,69
04/26/1971,73
04/26/1972,69
04/26/1973,66
04/26/1974,81
04/26/1975,64
04/26/1976,82
04/26/1977,86
04/26/1978,82
04/26/1979,78
04/26/1980,82
04/26/1981,76
04/26/1982,92
04/26/1983,94
04/26/1984,89
04/26/1985,99
04/26/1986,75
04/26/1987,85
04/26/1988,90
04/26/1989,115
04/26/1990,98
04/26/1991,98
04/26/1992,71
04/26/1993,88
04/26/1994,119
04/26/1995,100
04/26/1996,84
04/26/1997,67
04/26/1998,57
04/26/1999,84
04/26/2000,116
04/26/2001,111
04/26/2002,89
04/26/2003,59
04/26/2004,94
04/26/2005,92
04/26/2006,89
04/26/2007,45
04/26/2008,13
04/27/1923,1
04/27/1926,2
04/27/1928,1
04/27/1929,3
04/27/1930,3
04/27/1931,2
04/27/1932,4
04/27/1933,10
04/27/1934,5
04/27/1935,8
04/27/1936,10
04/27/1937,11
04/27/1938,19
04/27/1939,14
04/27/1940,19
04/27/1941,22
04/27/1942,26
04/27/1943,31
04/27/1944,26
04/27/1945,40
04/27/1946,42
04/27/1947,51
04/27/1948,57
04/27/1949,52
04/27/1950,60
04/27/1951,84
04/27/1952,58
04/27/1953,69
04/27/1954,76
04/27/1955,74
04/27/1956,64
04/27/1957,72
04/27/1958,84
04/27/1959,77
04/27/1960,82
04/27/1961,80
04/27/1962,99
04/27/1963,83
04/27/1964,76
04/27/1965,81
04/27/1966,66
04/27/1967,53
04/27/1968,79
04/27/1969,68
04/27/1970,83
04/27/1971,91
04/27/1972,81
04/27/1973,56
04/27/1974,75
04/27/1975,70
04/27/1976,69
04/27/1977,84
04/27/1978,71
04/27/1979,76
04/27/1980,73
04/27/1981,78
04/27/1982,81
04/27/1983,87
04/27/1984,99
04/27/1985,75
04/27/1986,68
04/27/1987,81
04/27/1988,97
04/27/1989,90
04/27/1990,134
04/27/1991,70
04/27/1992,98
04/27/1993,103
04/27/1994,111
04/27/1995,119
04/27/1996,72
04/27/1997,55
04/27/1998,99
04/27/1999,116
04/27/2000,102
04/27/2001,106
04/27/2002,69
04/27/2003,53
04/27/2004,113
04/27/2005,84
04/27/2006,72
04/27/2007,41
04/27/2008,14
04/28/1924,1
04/28/1927,4
04/28/1928,1
04/28/1929,5
04/28/1930,4
04/28/1931,9
04/28/1932,7
04/28/1933,4
04/28/1934,14
04/28/1935,10
04/28/1936,15
04/28/1937,9
04/28/1938,12
04/28/1939,16
04/28/1940,19
04/28/1941,19
04/28/1942,33
04/28/1943,40
04/28/1944,22
04/28/1945,45
04/28/1946,35
04/28/1947,47
04/28/1948,44
04/28/1949,48
04/28/1950,54
04/28/1951,73
04/28/1952,62
04/28/1953,75
04/28/1954,64
04/28/1955,64
04/28/1956,72
04/28/1957,70
04/28/1958,66
04/28/1959,83
04/28/1960,102
04/28/1961,95
04/28/1962,104
04/28/1963,73
04/28/1964,72
04/28/1965,85
04/28/1966,78
04/28/1967,73
04/28/1968,65
04/28/1969,75
04/28/1970,82
04/28/1971,77
04/28/1972,62
04/28/1973,59
04/28/1974,44
04/28/1975,83
04/28/1976,86
04/28/1977,88
04/28/1978,95
04/28/1979,45
04/28/1980,71
04/28/1981,100
04/28/1982,87
04/28/1983,99
04/28/1984,76
04/28/1985,75
04/28/1986,104
04/28/1987,85
04/28/1988,90
04/28/1989,110
04/28/1990,68
04/28/1991,71
04/28/1992,95
04/28/1993,104
04/28/1994,103
04/28/1995,112
04/28/1996,76
04/28/1997,99
04/28/1998,121
04/28/1999,107
04/28/2000,109
04/28/2001,58
04/28/2002,52
04/28/2003,90
04/28/2004,110
04/28/2005,100
04/28/2006,71
04/28/2007,23
04/28/2008,26
04/29/1923,1
04/29/1926,1
04/29/1927,1
04/29/1928,5
04/29/1929,3
04/29/1930,4
04/29/1931,2
04/29/1932,4
04/29/1933,7
04/29/1934,9
04/29/1935,7
04/29/1936,10
04/29/1937,16
04/29/1938,19
04/29/1939,20
04/29/1940,23
04/29/1941,26
04/29/1942,34
04/29/1943,41
04/29/1944,37
04/29/1945,36
04/29/1946,38
04/29/1947,54
04/29/1948,50
04/29/1949,49
04/29/1950,55
04/29/1951,61
04/29/1952,61
04/29/1953,74
04/29/1954,88
04/29/1955,69
04/29/1956,62
04/29/1957,76
04/29/1958,66
04/29/1959,111
04/29/1960,86
04/29/1961,83
04/29/1962,66
04/29/1963,89
04/29/1964,78
04/29/1965,77
04/29/1966,85
04/29/1967,73
04/29/1968,65
04/29/1969,91
04/29/1970,83
04/29/1971,79
04/29/1972,71
04/29/1973,71
04/29/1974,66
04/29/1975,82
04/29/1976,70
04/29/1977,71
04/29/1978,82
04/29/1979,68
04/29/1980,90
04/29/1981,91
04/29/1982,89
04/29/1983,96
04/29/1984,73
04/29/1985,104
04/29/1986,110
04/29/1987,94
04/29/1988,98
04/29/1989,75
04/29/1990,70
04/29/1991,84
04/29/1992,115
04/29/1993,101
04/29/1994,87
04/29/1995,85
04/29/1996,78
04/29/1997,103
04/29/1998,101
04/29/1999,91
04/29/2000,78
04/29/2001,61
04/29/2002,98
04/29/2003,102
04/29/2004,94
04/29/2005,75
04/29/2006,41
04/29/2007,19
04/29/2008,20
04/30/1908,1
04/30/1918,1
04/30/1923,1
04/30/1925,1
04/30/1926,1
04/30/1927,2
04/30/1928,2
04/30/1929,1
04/30/1930,4
04/30/1931,3
04/30/1932,3
04/30/1933,11
04/30/1934,7
04/30/1935,9
04/30/1936,15
04/30/1937,16
04/30/1938,16
04/30/1939,19
04/30/1940,27
04/30/1941,26
04/30/1942,27
04/30/1943,15
04/30/1944,23
04/30/1945,42
04/30/1946,42
04/30/1947,44
04/30/1948,47
04/30/1949,45
04/30/1950,61
04/30/1951,60
04/30/1952,60
04/30/1953,63
04/30/1954,77
04/30/1955,67
04/30/1956,72
04/30/1957,82
04/30/1958,64
04/30/1959,93
04/30/1960,91
04/30/1961,84
04/30/1962,91
04/30/1963,78
04/30/1964,80
04/30/1965,82
04/30/1966,53
04/30/1967,60
04/30/1968,87
04/30/1969,52
04/30/1970,64
04/30/1971,78
04/30/1972,64
04/30/1973,65
04/30/1974,49
04/30/1975,102
04/30/1976,70
04/30/1977,78
04/30/1978,67
04/30/1979,73
04/30/1980,88
04/30/1981,85
04/30/1982,102
04/30/1983,80
04/30/1984,109
04/30/1985,89
04/30/1986,104
04/30/1987,80
04/30/1988,67
04/30/1989,63
04/30/1990,87
04/30/1991,93
04/30/1992,96
04/30/1993,105
04/30/1994,74
04/30/1995,57
04/30/1996,106
04/30/1997,121
04/30/1998,99
04/30/1999,112
04/30/2000,68
04/30/2001,111
04/30/2002,101
04/30/2003,104
04/30/2004,86
04/30/2005,48
04/30/2006,40
04/30/2007,38
04/30/2008,27
05/01/1891,1
05/01/1922,1
05/01/1925,1
05/01/1927,2
05/01/1928,2
05/01/1929,1
05/01/1930,6
05/01/1931,5
05/01/1932,3
05/01/1933,10
05/01/1934,11
05/01/1935,10
05/01/1936,11
05/01/1937,11
05/01/1938,22
05/01/1939,19
05/01/1940,23
05/01/1941,25
05/01/1942,22
05/01/1943,28
05/01/1944,26
05/01/1945,47
05/01/1946,35
05/01/1947,64
05/01/1948,56
05/01/1949,55
05/01/1950,63
05/01/1951,53
05/01/1952,63
05/01/1953,79
05/01/1954,83
05/01/1955,73
05/01/1956,80
05/01/1957,94
05/01/1958,99
05/01/1959,83
05/01/1960,84
05/01/1961,96
05/01/1962,90
05/01/1963,81
05/01/1964,67
05/01/1965,78
05/01/1966,74
05/01/1967,87
05/01/1968,73
05/01/1969,84
05/01/1970,64
05/01/1971,71
05/01/1972,70
05/01/1973,75
05/01/1974,67
05/01/1975,79
05/01/1976,66
05/01/1977,54
05/01/1978,77
05/01/1979,99
05/01/1980,98
05/01/1981,90
05/01/1982,54
05/01/1983,71
05/01/1984,96
05/01/1985,93
05/01/1986,105
05/01/1987,92
05/01/1988,64
05/01/1989,86
05/01/1990,106
05/01/1991,80
05/01/1992,100
05/01/1993,74
05/01/1994,76
05/01/1995,117
05/01/1996,104
05/01/1997,110
05/01/1998,101
05/01/1999,65
05/01/2000,95
05/01/2001,109
05/01/2002,122
05/01/2003,103
05/01/2004,66
05/01/2005,51
05/01/2006,75
05/01/2007,47
05/01/2008,29
05/02/1922,1
05/02/1923,1
05/02/1924,2
05/02/1925,2
05/02/1926,1
05/02/1927,1
05/02/1928,1
05/02/1929,4
05/02/1930,1
05/02/1931,8
05/02/1932,3
05/02/1933,7
05/02/1934,7
05/02/1935,12
05/02/1936,8
05/02/1937,10
05/02/1938,23
05/02/1939,21
05/02/1940,21
05/02/1941,16
05/02/1942,20
05/02/1943,31
05/02/1944,38
05/02/1945,34
05/02/1946,37
05/02/1947,52
05/02/1948,43
05/02/1949,64
05/02/1950,56
05/02/1951,81
05/02/1952,62
05/02/1953,67
05/02/1954,79
05/02/1955,79
05/02/1956,79
05/02/1957,69
05/02/1958,73
05/02/1959,69
05/02/1960,78
05/02/1961,84
05/02/1962,84
05/02/1963,72
05/02/1964,70
05/02/1965,58
05/02/1966,56
05/02/1967,72
05/02/1968,73
05/02/1969,83
05/02/1970,72
05/02/1971,66
05/02/1972,75
05/02/1973,58
05/02/1974,71
05/02/1975,72
05/02/1976,62
05/02/1977,89
05/02/1978,78
05/02/1979,95
05/02/1980,98
05/02/1981,88
05/02/1982,79
05/02/1983,84
05/02/1984,106
05/02/1985,109
05/02/1986,81
05/02/1987,59
05/02/1988,94
05/02/1989,99
05/02/1990,106
05/02/1991,89
05/02/1992,71
05/02/1993,63
05/02/1994,100
05/02/1995,91
05/02/1996,123
05/02/1997,111
05/02/1998,78
05/02/1999,55
05/02/2000,123
05/02/2001,112
05/02/2002,111
05/02/2003,87
05/02/2004,66
05/02/2005,87
05/02/2006,103
05/02/2007,49
05/02/2008,20
05/03/1916,1
05/03/1922,1
05/03/1923,1
05/03/1925,4
05/03/1926,1
05/03/1927,2
05/03/1928,4
05/03/1929,1
05/03/1930,3
05/03/1931,5
05/03/1932,5
05/03/1933,8
05/03/1934,7
05/03/1935,6
05/03/1936,5
05/03/1937,12
05/03/1938,17
05/03/1939,23
05/03/1940,20
05/03/1941,35
05/03/1942,28
05/03/1943,29
05/03/1944,34
05/03/1945,37
05/03/1946,49
05/03/1947,61
05/03/1948,37
05/03/1949,68
05/03/1950,65
05/03/1951,74
05/03/1952,76
05/03/1953,69
05/03/1954,77
05/03/1955,69
05/03/1956,84
05/03/1957,89
05/03/1958,93
05/03/1959,89
05/03/1960,76
05/03/1961,88
05/03/1962,101
05/03/1963,100
05/03/1964,69
05/03/1965,67
05/03/1966,72
05/03/1967,72
05/03/1968,86
05/03/1969,62
05/03/1970,72
05/03/1971,57
05/03/1972,85
05/03/1973,65
05/03/1974,74
05/03/1975,64
05/03/1976,80
05/03/1977,79
05/03/1978,80
05/03/1979,79
05/03/1980,73
05/03/1981,68
05/03/1982,87
05/03/1983,101
05/03/1984,106
05/03/1985,104
05/03/1986,81
05/03/1987,70
05/03/1988,96
05/03/1989,90
05/03/1990,110
05/03/1991,107
05/03/1992,71
05/03/1993,106
05/03/1994,122
05/03/1995,101
05/03/1996,115
05/03/1997,80
05/03/1998,56
05/03/1999,95
05/03/2000,95
05/03/2001,102
05/03/2002,109
05/03/2003,68
05/03/2004,98
05/03/2005,79
05/03/2006,80
05/03/2007,47
05/03/2008,5
05/04/1927,2
05/04/1929,2
05/04/1930,5
05/04/1931,6
05/04/1932,3
05/04/1933,6
05/04/1934,9
05/04/1935,11
05/04/1936,13
05/04/1937,11
05/04/1938,13
05/04/1939,19
05/04/1940,15
05/04/1941,34
05/04/1942,21
05/04/1943,27
05/04/1944,28
05/04/1945,32
05/04/1946,44
05/04/1947,52
05/04/1948,46
05/04/1949,51
05/04/1950,52
05/04/1951,75
05/04/1952,64
05/04/1953,60
05/04/1954,76
05/04/1955,74
05/04/1956,73
05/04/1957,69
05/04/1958,72
05/04/1959,88
05/04/1960,83
05/04/1961,84
05/04/1962,97
05/04/1963,82
05/04/1964,82
05/04/1965,89
05/04/1966,65
05/04/1967,65
05/04/1968,72
05/04/1969,53
05/04/1970,85
05/04/1971,83
05/04/1972,84
05/04/1973,67
05/04/1974,57
05/04/1975,58
05/04/1976,72
05/04/1977,98
05/04/1978,70
05/04/1979,87
05/04/1980,83
05/04/1981,77
05/04/1982,112
05/04/1983,108
05/04/1984,112
05/04/1985,62
05/04/1986,61
05/04/1987,79
05/04/1988,97
05/04/1989,107
05/04/1990,98
05/04/1991,81
05/04/1992,85
05/04/1993,96
05/04/1994,95
05/04/1995,106
05/04/1996,59
05/04/1997,68
05/04/1998,118
05/04/1999,105
05/04/2000,107
05/04/2001,97
05/04/2002,77
05/04/2003,65
05/04/2004,100
05/04/2005,75
05/04/2006,106
05/04/2007,42
05/04/2008,12
05/05/1919,1
05/05/1925,1
05/05/1927,3
05/05/1928,1
05/05/1929,1
05/05/1930,6
05/05/1931,3
05/05/1932,8
05/05/1933,8
05/05/1934,8
05/05/1935,7
05/05/1936,9
05/05/1937,10
05/05/1938,12
05/05/1939,15
05/05/1940,33
05/05/1941,20
05/05/1942,26
05/05/1943,39
05/05/1944,36
05/05/1945,27
05/05/1946,36
05/05/1947,48
05/05/1948,46
05/05/1949,62
05/05/1950,54
05/05/1951,61
05/05/1952,64
05/05/1953,76
05/05/1954,86
05/05/1955,63
05/05/1956,83
05/05/1957,63
05/05/1958,81
05/05/1959,97
05/05/1960,94
05/05/1961,101
05/05/1962,76
05/05/1963,79
05/05/1964,80
05/05/1965,79
05/05/1966,61
05/05/1967,73
05/05/1968,55
05/05/1969,74
05/05/1970,82
05/05/1971,80
05/05/1972,82
05/05/1973,76
05/05/1974,71
05/05/1975,83
05/05/1976,78
05/05/1977,88
05/05/1978,76
05/05/1979,66
05/05/1980,94
05/05/1981,125
05/05/1982,100
05/05/1983,90
05/05/1984,75
05/05/1985,83
05/05/1986,98
05/05/1987,109
05/05/1988,100
05/05/1989,106
05/05/1990,85
05/05/1991,76
05/05/1992,111
05/05/1993,118
05/05/1994,123
05/05/1995,112
05/05/1996,68
05/05/1997,91
05/05/1998,100
05/05/1999,109
05/05/2000,107
05/05/2001,73
05/05/2002,58
05/05/2003,95
05/05/2004,94
05/05/2005,106
05/05/2006,91
05/05/2007,24
05/06/1919,1
05/06/1923,1
05/06/1924,1
05/06/1925,5
05/06/1926,1
05/06/1927,1
05/06/1928,2
05/06/1929,3
05/06/1930,5
05/06/1931,5
05/06/1932,6
05/06/1933,4
05/06/1934,11
05/06/1935,13
05/06/1936,14
05/06/1937,17
05/06/1938,17
05/06/1939,17
05/06/1940,23
05/06/1941,32
05/06/1942,28
05/06/1943,32
05/06/1944,41
05/06/1945,45
05/06/1946,41
05/06/1947,40
05/06/1948,54
05/06/1949,57
05/06/1950,48
05/06/1951,52
05/06/1952,56
05/06/1953,70
05/06/1954,57
05/06/1955,76
05/06/1956,71
05/06/1957,82
05/06/1958,82
05/06/1959,77
05/06/1960,98
05/06/1961,73
05/06/1962,66
05/06/1963,80
05/06/1964,112
05/06/1965,80
05/06/1966,65
05/06/1967,68
05/06/1968,59
05/06/1969,89
05/06/1970,83
05/06/1971,81
05/06/1972,70
05/06/1973,63
05/06/1974,58
05/06/1975,78
05/06/1976,60
05/06/1977,79
05/06/1978,68
05/06/1979,66
05/06/1980,93
05/06/1981,81
05/06/1982,119
05/06/1983,86
05/06/1984,64
05/06/1985,115
05/06/1986,103
05/06/1987,115
05/06/1988,98
05/06/1989,73
05/06/1990,73
05/06/1991,90
05/06/1992,117
05/06/1993,109
05/06/1994,98
05/06/1995,68
05/06/1996,78
05/06/1997,86
05/06/1998,108
05/06/1999,103
05/06/2000,88
05/06/2001,62
05/06/2002,116
05/06/2003,105
05/06/2004,114
05/06/2005,81
05/06/2006,57
05/06/2007,18
05/07/1921,3
05/07/1922,2
05/07/1923,1
05/07/1924,1
05/07/1927,2
05/07/1928,4
05/07/1929,3
05/07/1930,6
05/07/1931,4
05/07/1932,8
05/07/1933,6
05/07/1934,10
05/07/1935,9
05/07/1936,19
05/07/1937,16
05/07/1938,19
05/07/1939,25
05/07/1940,24
05/07/1941,17
05/07/1942,21
05/07/1943,33
05/07/1944,17
05/07/1945,25
05/07/1946,30
05/07/1947,63
05/07/1948,43
05/07/1949,48
05/07/1950,43
05/07/1951,63
05/07/1952,61
05/07/1953,82
05/07/1954,71
05/07/1955,83
05/07/1956,75
05/07/1957,66
05/07/1958,79
05/07/1959,75
05/07/1960,68
05/07/1961,75
05/07/1962,83
05/07/1963,106
05/07/1964,84
05/07/1965,76
05/07/1966,73
05/07/1967,66
05/07/1968,81
05/07/1969,106
05/07/1970,77
05/07/1971,86
05/07/1972,67
05/07/1973,72
05/07/1974,84
05/07/1975,66
05/07/1976,71
05/07/1977,69
05/07/1978,55
05/07/1979,78
05/07/1980,85
05/07/1981,75
05/07/1982,107
05/07/1983,100
05/07/1984,107
05/07/1985,107
05/07/1986,106
05/07/1987,81
05/07/1988,63
05/07/1989,79
05/07/1990,100
05/07/1991,98
05/07/1992,129
05/07/1993,114
05/07/1994,75
05/07/1995,70
05/07/1996,98
05/07/1997,109
05/07/1998,112
05/07/1999,90
05/07/2000,49
05/07/2001,95
05/07/2002,110
05/07/2003,104
05/07/2004,109
05/07/2005,45
05/07/2006,46
05/07/2007,44
05/08/1920,1
05/08/1927,3
05/08/1928,4
05/08/1929,3
05/08/1930,4
05/08/1931,4
05/08/1932,3
05/08/1933,4
05/08/1934,6
05/08/1935,13
05/08/1936,9
05/08/1937,15
05/08/1938,21
05/08/1939,18
05/08/1940,24
05/08/1941,20
05/08/1942,24
05/08/1943,37
05/08/1944,34
05/08/1945,31
05/08/1946,40
05/08/1947,55
05/08/1948,53
05/08/1949,46
05/08/1950,65
05/08/1951,68
05/08/1952,75
05/08/1953,68
05/08/1954,56
05/08/1955,62
05/08/1956,79
05/08/1957,89
05/08/1958,77
05/08/1959,68
05/08/1960,71
05/08/1961,90
05/08/1962,97
05/08/1963,64
05/08/1964,84
05/08/1965,72
05/08/1966,65
05/08/1967,74
05/08/1968,79
05/08/1969,81
05/08/1970,89
05/08/1971,65
05/08/1972,76
05/08/1973,76
05/08/1974,65
05/08/1975,77
05/08/1976,69
05/08/1977,64
05/08/1978,82
05/08/1979,87
05/08/1980,86
05/08/1981,97
05/08/1982,88
05/08/1983,83
05/08/1984,89
05/08/1985,77
05/08/1986,86
05/08/1987,75
05/08/1988,88
05/08/1989,82
05/08/1990,122
05/08/1991,82
05/08/1992,94
05/08/1993,82
05/08/1994,67
05/08/1995,104
05/08/1996,90
05/08/1997,112
05/08/1998,127
05/08/1999,67
05/08/2000,91
05/08/2001,127
05/08/2002,92
05/08/2003,121
05/08/2004,55
05/08/2005,43
05/08/2006,87
05/08/2007,49
05/09/1925,2
05/09/1926,2
05/09/1927,3
05/09/1928,1
05/09/1929,4
05/09/1930,2
05/09/1931,1
05/09/1932,8
05/09/1933,3
05/09/1934,10
05/09/1935,12
05/09/1936,7
05/09/1937,23
05/09/1938,12
05/09/1939,26
05/09/1940,18
05/09/1941,29
05/09/1942,30
05/09/1943,34
05/09/1944,23
05/09/1945,26
05/09/1946,35
05/09/1947,53
05/09/1948,34
05/09/1949,55
05/09/1950,51
05/09/1951,66
05/09/1952,72
05/09/1953,64
05/09/1954,70
05/09/1955,66
05/09/1956,72
05/09/1957,89
05/09/1958,78
05/09/1959,87
05/09/1960,84
05/09/1961,79
05/09/1962,75
05/09/1963,106
05/09/1964,73
05/09/1965,75
05/09/1966,69
05/09/1967,76
05/09/1968,83
05/09/1969,78
05/09/1970,70
05/09/1971,74
05/09/1972,68
05/09/1973,58
05/09/1974,73
05/09/1975,61
05/09/1976,69
05/09/1977,85
05/09/1978,96
05/09/1979,76
05/09/1980,103
05/09/1981,60
05/09/1982,90
05/09/1983,85
05/09/1984,83
05/09/1985,97
05/09/1986,116
05/09/1987,66
05/09/1988,98
05/09/1989,94
05/09/1990,96
05/09/1991,97
05/09/1992,65
05/09/1993,81
05/09/1994,76
05/09/1995,105
05/09/1996,120
05/09/1997,115
05/09/1998,69
05/09/1999,47
05/09/2000,114
05/09/2001,92
05/09/2002,104
05/09/2003,105
05/09/2004,54
05/09/2005,104
05/09/2006,81
05/09/2007,42
05/10/1923,1
05/10/1927,1
05/10/1928,5
05/10/1929,4
05/10/1930,3
05/10/1931,7
05/10/1932,8
05/10/1933,7
05/10/1934,8
05/10/1935,12
05/10/1936,11
05/10/1937,8
05/10/1938,17
05/10/1939,13
05/10/1940,19
05/10/1941,18
05/10/1942,30
05/10/1943,45
05/10/1944,28
05/10/1945,28
05/10/1946,43
05/10/1947,39
05/10/1948,45
05/10/1949,54
05/10/1950,53
05/10/1951,71
05/10/1952,68
05/10/1953,74
05/10/1954,81
05/10/1955,73
05/10/1956,77
05/10/1957,69
05/10/1958,66
05/10/1959,77
05/10/1960,85
05/10/1961,70
05/10/1962,91
05/10/1963,109
05/10/1964,66
05/10/1965,65
05/10/1966,85
05/10/1967,66
05/10/1968,84
05/10/1969,81
05/10/1970,80
05/10/1971,74
05/10/1972,76
05/10/1973,71
05/10/1974,66
05/10/1975,55
05/10/1976,78
05/10/1977,92
05/10/1978,84
05/10/1979,75
05/10/1980,69
05/10/1981,77
05/10/1982,103
05/10/1983,95
05/10/1984,93
05/10/1985,110
05/10/1986,88
05/10/1987,84
05/10/1988,88
05/10/1989,89
05/10/1990,104
05/10/1991,114
05/10/1992,62
05/10/1993,91
05/10/1994,103
05/10/1995,102
05/10/1996,110
05/10/1997,73
05/10/1998,74
05/10/1999,82
05/10/2000,113
05/10/2001,111
05/10/2002,86
05/10/2003,58
05/10/2004,103
05/10/2005,96
05/10/2006,83
05/10/2007,48
05/11/1925,1
05/11/1927,2
05/11/1928,4
05/11/1929,1
05/11/1930,6
05/11/1931,4
05/11/1932,10
05/11/1933,5
05/11/1934,5
05/11/1935,9
05/11/1936,16
05/11/1937,16
05/11/1938,15
05/11/1939,16
05/11/1940,13
05/11/1941,22
05/11/1942,21
05/11/1943,28
05/11/1944,32
05/11/1945,28
05/11/1946,54
05/11/1947,60
05/11/1948,44
05/11/1949,43
05/11/1950,45
05/11/1951,58
05/11/1952,75
05/11/1953,64
05/11/1954,78
05/11/1955,76
05/11/1956,62
05/11/1957,86
05/11/1958,61
05/11/1959,77
05/11/1960,83
05/11/1961,82
05/11/1962,81
05/11/1963,69
05/11/1964,71
05/11/1965,64
05/11/1966,71
05/11/1967,66
05/11/1968,60
05/11/1969,57
05/11/1970,80
05/11/1971,68
05/11/1972,76
05/11/1973,74
05/11/1974,61
05/11/1975,68
05/11/1976,81
05/11/1977,86
05/11/1978,84
05/11/1979,87
05/11/1980,77
05/11/1981,90
05/11/1982,87
05/11/1983,97
05/11/1984,92
05/11/1985,78
05/11/1986,63
05/11/1987,105
05/11/1988,81
05/11/1989,102
05/11/1990,124
05/11/1991,78
05/11/1992,128
05/11/1993,102
05/11/1994,91
05/11/1995,122
05/11/1996,62
05/11/1997,66
05/11/1998,83
05/11/1999,98
05/11/2000,125
05/11/2001,112
05/11/2002,71
05/11/2003,55
05/11/2004,94
05/11/2005,100
05/11/2006,91
05/11/2007,50
05/12/1921,1
05/12/1924,1
05/12/1925,1
05/12/1926,1
05/12/1927,2
05/12/1928,2
05/12/1929,2
05/12/1930,1
05/12/1931,4
05/12/1932,7
05/12/1933,7
05/12/1934,14
05/12/1935,9
05/12/1936,12
05/12/1937,10
05/12/1938,13
05/12/1939,20
05/12/1940,22
05/12/1941,15
05/12/1942,22
05/12/1943,36
05/12/1944,40
05/12/1945,42
05/12/1946,28
05/12/1947,48
05/12/1948,47
05/12/1949,63
05/12/1950,70
05/12/1951,61
05/12/1952,64
05/12/1953,71
05/12/1954,54
05/12/1955,66
05/12/1956,76
05/12/1957,92
05/12/1958,76
05/12/1959,91
05/12/1960,73
05/12/1961,110
05/12/1962,92
05/12/1963,71
05/12/1964,77
05/12/1965,61
05/12/1966,76
05/12/1967,66
05/12/1968,65
05/12/1969,66
05/12/1970,78
05/12/1971,72
05/12/1972,70
05/12/1973,63
05/12/1974,63
05/12/1975,65
05/12/1976,75
05/12/1977,85
05/12/1978,95
05/12/1979,62
05/12/1980,84
05/12/1981,99
05/12/1982,71
05/12/1983,100
05/12/1984,81
05/12/1985,80
05/12/1986,75
05/12/1987,76
05/12/1988,86
05/12/1989,106
05/12/1990,84
05/12/1991,72
05/12/1992,103
05/12/1993,102
05/12/1994,111
05/12/1995,101
05/12/1996,71
05/12/1997,104
05/12/1998,109
05/12/1999,107
05/12/2000,93
05/12/2001,73
05/12/2002,56
05/12/2003,100
05/12/2004,81
05/12/2005,101
05/12/2006,97
05/12/2007,28
05/13/1911,1
05/13/1928,3
05/13/1929,6
05/13/1930,2
05/13/1931,7
05/13/1932,5
05/13/1933,8
05/13/1934,14
05/13/1935,7
05/13/1936,9
05/13/1937,10
05/13/1938,15
05/13/1939,12
05/13/1940,27
05/13/1941,29
05/13/1942,27
05/13/1943,26
05/13/1944,32
05/13/1945,31
05/13/1946,35
05/13/1947,60
05/13/1948,44
05/13/1949,46
05/13/1950,63
05/13/1951,72
05/13/1952,62
05/13/1953,51
05/13/1954,74
05/13/1955,73
05/13/1956,66
05/13/1957,87
05/13/1958,84
05/13/1959,85
05/13/1960,84
05/13/1961,94
05/13/1962,86
05/13/1963,89
05/13/1964,79
05/13/1965,80
05/13/1966,65
05/13/1967,68
05/13/1968,81
05/13/1969,102
05/13/1970,69
05/13/1971,73
05/13/1972,62
05/13/1973,61
05/13/1974,90
05/13/1975,86
05/13/1976,66
05/13/1977,91
05/13/1978,72
05/13/1979,66
05/13/1980,105
05/13/1981,94
05/13/1982,102
05/13/1983,81
05/13/1984,89
05/13/1985,99
05/13/1986,91
05/13/1987,104
05/13/1988,77
05/13/1989,65
05/13/1990,60
05/13/1991,91
05/13/1992,85
05/13/1993,105
05/13/1994,107
05/13/1995,77
05/13/1996,80
05/13/1997,111
05/13/1998,95
05/13/1999,125
05/13/2000,79
05/13/2001,50
05/13/2002,100
05/13/2003,92
05/13/2004,81
05/13/2005,66
05/13/2006,44
05/13/2007,23
05/14/1923,1
05/14/1924,1
05/14/1925,1
05/14/1926,3
05/14/1928,2
05/14/1929,5
05/14/1930,6
05/14/1931,6
05/14/1932,8
05/14/1933,9
05/14/1934,9
05/14/1935,7
05/14/1936,12
05/14/1937,13
05/14/1938,24
05/14/1939,20
05/14/1940,15
05/14/1941,21
05/14/1942,32
05/14/1943,40
05/14/1944,33
05/14/1945,37
05/14/1946,51
05/14/1947,58
05/14/1948,44
05/14/1949,56
05/14/1950,48
05/14/1951,63
05/14/1952,54
05/14/1953,55
05/14/1954,77
05/14/1955,77
05/14/1956,76
05/14/1957,72
05/14/1958,77
05/14/1959,79
05/14/1960,80
05/14/1961,81
05/14/1962,79
05/14/1963,85
05/14/1964,92
05/14/1965,74
05/14/1966,69
05/14/1967,74
05/14/1968,81
05/14/1969,77
05/14/1970,85
05/14/1971,74
05/14/1972,83
05/14/1973,73
05/14/1974,93
05/14/1975,57
05/14/1976,73
05/14/1977,66
05/14/1978,75
05/14/1979,77
05/14/1980,94
05/14/1981,104
05/14/1982,93
05/14/1983,70
05/14/1984,85
05/14/1985,108
05/14/1986,87
05/14/1987,105
05/14/1988,74
05/14/1989,76
05/14/1990,102
05/14/1991,98
05/14/1992,84
05/14/1993,110
05/14/1994,81
05/14/1995,63
05/14/1996,112
05/14/1997,96
05/14/1998,110
05/14/1999,98
05/14/2000,67
05/14/2001,106
05/14/2002,108
05/14/2003,118
05/14/2004,97
05/14/2005,48
05/14/2006,44
05/14/2007,44
05/15/1923,1
05/15/1924,1
05/15/1925,1
05/15/1926,1
05/15/1927,3
05/15/1928,3
05/15/1929,1
05/15/1930,6
05/15/1931,8
05/15/1932,6
05/15/1933,7
05/15/1934,10
05/15/1935,6
05/15/1936,15
05/15/1937,10
05/15/1938,21
05/15/1939,16
05/15/1940,13
05/15/1941,17
05/15/1942,32
05/15/1943,36
05/15/1944,27
05/15/1945,35
05/15/1946,37
05/15/1947,49
05/15/1948,52
05/15/1949,56
05/15/1950,61
05/15/1951,71
05/15/1952,73
05/15/1953,82
05/15/1954,80
05/15/1955,61
05/15/1956,66
05/15/1957,71
05/15/1958,68
05/15/1959,78
05/15/1960,78
05/15/1961,68
05/15/1962,85
05/15/1963,84
05/15/1964,96
05/15/1965,82
05/15/1966,68
05/15/1967,57
05/15/1968,74
05/15/1969,73
05/15/1970,78
05/15/1971,86
05/15/1972,77
05/15/1973,80
05/15/1974,77
05/15/1975,77
05/15/1976,69
05/15/1977,70
05/15/1978,79
05/15/1979,96
05/15/1980,111
05/15/1981,75
05/15/1982,74
05/15/1983,69
05/15/1984,99
05/15/1985,79
05/15/1986,85
05/15/1987,85
05/15/1988,57
05/15/1989,94
05/15/1990,96
05/15/1991,109
05/15/1992,118
05/15/1993,77
05/15/1994,74
05/15/1995,121
05/15/1996,104
05/15/1997,107
05/15/1998,106
05/15/1999,75
05/15/2000,122
05/15/2001,107
05/15/2002,116
05/15/2003,103
05/15/2004,68
05/15/2005,58
05/15/2006,96
05/15/2007,52
05/16/1919,1
05/16/1924,2
05/16/1925,2
05/16/1926,3
05/16/1927,1
05/16/1928,1
05/16/1929,5
05/16/1930,1
05/16/1931,6
05/16/1932,11
05/16/1933,5
05/16/1934,10
05/16/1935,7
05/16/1936,14
05/16/1937,11
05/16/1938,22
05/16/1939,19
05/16/1940,22
05/16/1941,21
05/16/1942,27
05/16/1943,38
05/16/1944,32
05/16/1945,28
05/16/1946,37
05/16/1947,58
05/16/1948,43
05/16/1949,36
05/16/1950,59
05/16/1951,67
05/16/1952,70
05/16/1953,70
05/16/1954,79
05/16/1955,64
05/16/1956,74
05/16/1957,67
05/16/1958,69
05/16/1959,85
05/16/1960,86
05/16/1961,81
05/16/1962,73
05/16/1963,82
05/16/1964,89
05/16/1965,54
05/16/1966,74
05/16/1967,68
05/16/1968,68
05/16/1969,78
05/16/1970,81
05/16/1971,84
05/16/1972,79
05/16/1973,63
05/16/1974,79
05/16/1975,83
05/16/1976,63
05/16/1977,92
05/16/1978,94
05/16/1979,96
05/16/1980,81
05/16/1981,73
05/16/1982,72
05/16/1983,94
05/16/1984,72
05/16/1985,104
05/16/1986,94
05/16/1987,78
05/16/1988,85
05/16/1989,109
05/16/1990,104
05/16/1991,101
05/16/1992,74
05/16/1993,66
05/16/1994,113
05/16/1995,122
05/16/1996,89
05/16/1997,100
05/16/1998,84
05/16/1999,70
05/16/2000,124
05/16/2001,117
05/16/2002,101
05/16/2003,98
05/16/2004,56
05/16/2005,76
05/16/2006,100
05/16/2007,39
05/17/1923,1
05/17/1924,1
05/17/1925,1
05/17/1927,1
05/17/1928,2
05/17/1929,3
05/17/1930,3
05/17/1931,6
05/17/1932,5
05/17/1933,8
05/17/1934,6
05/17/1935,12
05/17/1936,11
05/17/1937,10
05/17/1938,13
05/17/1939,19
05/17/1940,20
05/17/1941,27
05/17/1942,32
05/17/1943,41
05/17/1944,22
05/17/1945,34
05/17/1946,38
05/17/1947,59
05/17/1948,35
05/17/1949,56
05/17/1950,54
05/17/1951,58
05/17/1952,61
05/17/1953,68
05/17/1954,79
05/17/1955,74
05/17/1956,95
05/17/1957,85
05/17/1958,76
05/17/1959,68
05/17/1960,81
05/17/1961,80
05/17/1962,102
05/17/1963,73
05/17/1964,88
05/17/1965,55
05/17/1966,60
05/17/1967,96
05/17/1968,78
05/17/1969,98
05/17/1970,64
05/17/1971,81
05/17/1972,78
05/17/1973,75
05/17/1974,77
05/17/1975,62
05/17/1976,80
05/17/1977,96
05/17/1978,96
05/17/1979,90
05/17/1980,58
05/17/1981,70
05/17/1982,80
05/17/1983,119
05/17/1984,85
05/17/1985,86
05/17/1986,80
05/17/1987,89
05/17/1988,102
05/17/1989,106
05/17/1990,110
05/17/1991,114
05/17/1992,78
05/17/1993,96
05/17/1994,119
05/17/1995,117
05/17/1996,92
05/17/1997,76
05/17/1998,53
05/17/1999,102
05/17/2000,133
05/17/2001,109
05/17/2002,100
05/17/2003,60
05/17/2004,99
05/17/2005,88
05/17/2006,96
05/17/2007,44
05/18/1926,1
05/18/1927,3
05/18/1928,2
05/18/1929,3
05/18/1930,1
05/18/1931,5
05/18/1932,5
05/18/1933,6
05/18/1934,5
05/18/1935,14
05/18/1936,19
05/18/1937,18
05/18/1938,17
05/18/1939,18
05/18/1940,25
05/18/1941,19
05/18/1942,37
05/18/1943,23
05/18/1944,36
05/18/1945,30
05/18/1946,34
05/18/1947,67
05/18/1948,53
05/18/1949,56
05/18/1950,47
05/18/1951,59
05/18/1952,69
05/18/1953,59
05/18/1954,55
05/18/1955,66
05/18/1956,72
05/18/1957,88
05/18/1958,68
05/18/1959,79
05/18/1960,84
05/18/1961,84
05/18/1962,104
05/18/1963,84
05/18/1964,71
05/18/1965,69
05/18/1966,88
05/18/1967,60
05/18/1968,77
05/18/1969,56
05/18/1970,63
05/18/1971,90
05/18/1972,92
05/18/1973,67
05/18/1974,63
05/18/1975,54
05/18/1976,76
05/18/1977,66
05/18/1978,70
05/18/1979,97
05/18/1980,87
05/18/1981,72
05/18/1982,103
05/18/1983,95
05/18/1984,83
05/18/1985,72
05/18/1986,88
05/18/1987,94
05/18/1988,103
05/18/1989,113
05/18/1990,112
05/18/1991,73
05/18/1992,113
05/18/1993,100
05/18/1994,106
05/18/1995,112
05/18/1996,67
05/18/1997,88
05/18/1998,100
05/18/1999,127
05/18/2000,111
05/18/2001,92
05/18/2002,69
05/18/2003,38
05/18/2004,100
05/18/2005,93
05/18/2006,76
05/18/2007,47
05/19/1924,1
05/19/1926,2
05/19/1927,2
05/19/1928,1
05/19/1930,7
05/19/1931,3
05/19/1932,6
05/19/1933,7
05/19/1934,11
05/19/1935,8
05/19/1936,15
05/19/1937,20
05/19/1938,15
05/19/1939,25
05/19/1940,26
05/19/1941,19
05/19/1942,34
05/19/1943,25
05/19/1944,40
05/19/1945,37
05/19/1946,23
05/19/1947,41
05/19/1948,47
05/19/1949,58
05/19/1950,56
05/19/1951,71
05/19/1952,69
05/19/1953,63
05/19/1954,66
05/19/1955,74
05/19/1956,83
05/19/1957,88
05/19/1958,77
05/19/1959,78
05/19/1960,74
05/19/1961,71
05/19/1962,90
05/19/1963,74
05/19/1964,91
05/19/1965,79
05/19/1966,72
05/19/1967,78
05/19/1968,71
05/19/1969,91
05/19/1970,92
05/19/1971,77
05/19/1972,89
05/19/1973,56
05/19/1974,47
05/19/1975,87
05/19/1976,62
05/19/1977,76
05/19/1978,64
05/19/1979,75
05/19/1980,92
05/19/1981,99
05/19/1982,81
05/19/1983,99
05/19/1984,51
05/19/1985,56
05/19/1986,97
05/19/1987,101
05/19/1988,110
05/19/1989,98
05/19/1990,70
05/19/1991,78
05/19/1992,111
05/19/1993,84
05/19/1994,104
05/19/1995,98
05/19/1996,62
05/19/1997,91
05/19/1998,140
05/19/1999,123
05/19/2000,116
05/19/2001,50
05/19/2002,73
05/19/2003,105
05/19/2004,112
05/19/2005,87
05/19/2006,69
05/19/2007,24
05/20/1923,2
05/20/1926,1
05/20/1927,2
05/20/1928,2
05/20/1929,1
05/20/1930,4
05/20/1931,6
05/20/1932,4
05/20/1933,10
05/20/1934,12
05/20/1935,3
05/20/1936,11
05/20/1937,13
05/20/1938,24
05/20/1939,21
05/20/1940,23
05/20/1941,21
05/20/1942,23
05/20/1943,39
05/20/1944,27
05/20/1945,40
05/20/1946,37
05/20/1947,44
05/20/1948,40
05/20/1949,44
05/20/1950,58
05/20/1951,71
05/20/1952,65
05/20/1953,68
05/20/1954,69
05/20/1955,83
05/20/1956,51
05/20/1957,96
05/20/1958,79
05/20/1959,85
05/20/1960,94
05/20/1961,93
05/20/1962,67
05/20/1963,97
05/20/1964,91
05/20/1965,67
05/20/1966,79
05/20/1967,96
05/20/1968,63
05/20/1969,90
05/20/1970,79
05/20/1971,79
05/20/1972,71
05/20/1973,59
05/20/1974,83
05/20/1975,85
05/20/1976,82
05/20/1977,89
05/20/1978,69
05/20/1979,71
05/20/1980,100
05/20/1981,103
05/20/1982,92
05/20/1983,92
05/20/1984,79
05/20/1985,106
05/20/1986,87
05/20/1987,83
05/20/1988,71
05/20/1989,68
05/20/1990,73
05/20/1991,98
05/20/1992,96
05/20/1993,107
05/20/1994,92
05/20/1995,76
05/20/1996,100
05/20/1997,104
05/20/1998,90
05/20/1999,98
05/20/2000,70
05/20/2001,56
05/20/2002,112
05/20/2003,106
05/20/2004,119
05/20/2005,91
05/20/2006,49
05/20/2007,16
05/21/1911,1
05/21/1922,1
05/21/1923,1
05/21/1926,2
05/21/1927,6
05/21/1928,2
05/21/1929,3
05/21/1930,3
05/21/1931,5
05/21/1932,8
05/21/1933,8
05/21/1934,5
05/21/1935,14
05/21/1936,7
05/21/1937,11
05/21/1938,13
05/21/1939,14
05/21/1940,21
05/21/1941,21
05/21/1942,23
05/21/1943,33
05/21/1944,28
05/21/1945,33
05/21/1946,50
05/21/1947,47
05/21/1948,50
05/21/1949,59
05/21/1950,50
05/21/1951,56
05/21/1952,52
05/21/1953,89
05/21/1954,78
05/21/1955,69
05/21/1956,81
05/21/1957,86
05/21/1958,75
05/21/1959,79
05/21/1960,95
05/21/1961,79
05/21/1962,76
05/21/1963,98
05/21/1964,85
05/21/1965,81
05/21/1966,71
05/21/1967,53
05/21/1968,75
05/21/1969,85
05/21/1970,76
05/21/1971,86
05/21/1972,70
05/21/1973,82
05/21/1974,82
05/21/1975,63
05/21/1976,92
05/21/1977,66
05/21/1978,60
05/21/1979,98
05/21/1980,100
05/21/1981,97
05/21/1982,106
05/21/1983,84
05/21/1984,94
05/21/1985,86
05/21/1986,104
05/21/1987,118
05/21/1988,68
05/21/1989,70
05/21/1990,107
05/21/1991,85
05/21/1992,108
05/21/1993,118
05/21/1994,74
05/21/1995,54
05/21/1996,111
05/21/1997,110
05/21/1998,120
05/21/1999,104
05/21/2000,67
05/21/2001,109
05/21/2002,106
05/21/2003,97
05/21/2004,84
05/21/2005,41
05/21/2006,39
05/21/2007,52
05/22/1910,1
05/22/1921,1
05/22/1925,1
05/22/1926,3
05/22/1928,1
05/22/1929,2
05/22/1930,5
05/22/1931,3
05/22/1932,10
05/22/1933,9
05/22/1934,12
05/22/1935,5
05/22/1936,14
05/22/1937,13
05/22/1938,14
05/22/1939,27
05/22/1940,21
05/22/1941,18
05/22/1942,20
05/22/1943,31
05/22/1944,22
05/22/1945,44
05/22/1946,43
05/22/1947,54
05/22/1948,37
05/22/1949,51
05/22/1950,50
05/22/1951,71
05/22/1952,58
05/22/1953,69
05/22/1954,78
05/22/1955,80
05/22/1956,85
05/22/1957,77
05/22/1958,83
05/22/1959,78
05/22/1960,82
05/22/1961,88
05/22/1962,97
05/22/1963,77
05/22/1964,92
05/22/1965,72
05/22/1966,89
05/22/1967,84
05/22/1968,89
05/22/1969,87
05/22/1970,67
05/22/1971,60
05/22/1972,76
05/22/1973,83
05/22/1974,79
05/22/1975,82
05/22/1976,67
05/22/1977,58
05/22/1978,85
05/22/1979,99
05/22/1980,118
05/22/1981,102
05/22/1982,82
05/22/1983,89
05/22/1984,100
05/22/1985,103
05/22/1986,111
05/22/1987,118
05/22/1988,62
05/22/1989,110
05/22/1990,89
05/22/1991,116
05/22/1992,108
05/22/1993,83
05/22/1994,69
05/22/1995,106
05/22/1996,97
05/22/1997,104
05/22/1998,100
05/22/1999,74
05/22/2000,97
05/22/2001,119
05/22/2002,93
05/22/2003,117
05/22/2004,51
05/22/2005,45
05/22/2006,84
05/22/2007,58
05/23/1920,1
05/23/1922,1
05/23/1923,1
05/23/1925,1
05/23/1927,3
05/23/1928,1
05/23/1929,5
05/23/1930,2
05/23/1931,7
05/23/1932,3
05/23/1933,6
05/23/1934,11
05/23/1935,10
05/23/1936,12
05/23/1937,10
05/23/1938,28
05/23/1939,20
05/23/1940,25
05/23/1941,28
05/23/1942,34
05/23/1943,33
05/23/1944,30
05/23/1945,39
05/23/1946,35
05/23/1947,59
05/23/1948,39
05/23/1949,51
05/23/1950,65
05/23/1951,61
05/23/1952,67
05/23/1953,76
05/23/1954,74
05/23/1955,62
05/23/1956,76
05/23/1957,82
05/23/1958,85
05/23/1959,62
05/23/1960,85
05/23/1961,89
05/23/1962,91
05/23/1963,85
05/23/1964,67
05/23/1965,75
05/23/1966,67
05/23/1967,77
05/23/1968,70
05/23/1969,54
05/23/1970,82
05/23/1971,44
05/23/1972,95
05/23/1973,78
05/23/1974,77
05/23/1975,90
05/23/1976,72
05/23/1977,75
05/23/1978,94
05/23/1979,86
05/23/1980,100
05/23/1981,94
05/23/1982,68
05/23/1983,105
05/23/1984,98
05/23/1985,127
05/23/1986,118
05/23/1987,75
05/23/1988,91
05/23/1989,97
05/23/1990,103
05/23/1991,125
05/23/1992,85
05/23/1993,75
05/23/1994,109
05/23/1995,108
05/23/1996,99
05/23/1997,116
05/23/1998,77
05/23/1999,59
05/23/2000,120
05/23/2001,105
05/23/2002,106
05/23/2003,104
05/23/2004,38
05/23/2005,86
05/23/2006,105
05/23/2007,39
05/24/1920,1
05/24/1921,1
05/24/1923,1
05/24/1924,1
05/24/1926,1
05/24/1928,6
05/24/1929,2
05/24/1930,4
05/24/1931,4
05/24/1932,8
05/24/1933,6
05/24/1934,9
05/24/1935,7
05/24/1936,19
05/24/1937,13
05/24/1938,12
05/24/1939,17
05/24/1940,13
05/24/1941,25
05/24/1942,28
05/24/1943,39
05/24/1944,31
05/24/1945,30
05/24/1946,49
05/24/1947,44
05/24/1948,54
05/24/1949,42
05/24/1950,44
05/24/1951,63
05/24/1952,72
05/24/1953,66
05/24/1954,82
05/24/1955,75
05/24/1956,69
05/24/1957,90
05/24/1958,71
05/24/1959,69
05/24/1960,101
05/24/1961,89
05/24/1962,65
05/24/1963,81
05/24/1964,88
05/24/1965,75
05/24/1966,80
05/24/1967,79
05/24/1968,90
05/24/1969,62
05/24/1970,74
05/24/1971,83
05/24/1972,84
05/24/1973,67
05/24/1974,82
05/24/1975,67
05/24/1976,76
05/24/1977,70
05/24/1978,95
05/24/1979,80
05/24/1980,72
05/24/1981,57
05/24/1982,103
05/24/1983,101
05/24/1984,100
05/24/1985,103
05/24/1986,68
05/24/1987,48
05/24/1988,95
05/24/1989,102
05/24/1990,114
05/24/1991,108
05/24/1992,69
05/24/1993,112
05/24/1994,106
05/24/1995,108
05/24/1996,108
05/24/1997,81
05/24/1998,61
05/24/1999,87
05/24/2000,114
05/24/2001,117
05/24/2002,127
05/24/2003,66
05/24/2004,103
05/24/2005,93
05/24/2006,92
05/24/2007,52
05/25/1925,3
05/25/1926,2
05/25/1927,1
05/25/1928,2
05/25/1929,9
05/25/1930,3
05/25/1931,7
05/25/1932,3
05/25/1933,15
05/25/1934,13
05/25/1935,14
05/25/1936,8
05/25/1937,11
05/25/1938,21
05/25/1939,13
05/25/1940,27
05/25/1941,20
05/25/1942,27
05/25/1943,32
05/25/1944,37
05/25/1945,35
05/25/1946,45
05/25/1947,45
05/25/1948,39
05/25/1949,52
05/25/1950,66
05/25/1951,70
05/25/1952,70
05/25/1953,74
05/25/1954,87
05/25/1955,90
05/25/1956,81
05/25/1957,84
05/25/1958,76
05/25/1959,77
05/25/1960,94
05/25/1961,73
05/25/1962,96
05/25/1963,110
05/25/1964,75
05/25/1965,98
05/25/1966,70
05/25/1967,85
05/25/1968,77
05/25/1969,74
05/25/1970,88
05/25/1971,84
05/25/1972,65
05/25/1973,76
05/25/1974,76
05/25/1975,61
05/25/1976,76
05/25/1977,79
05/25/1978,86
05/25/1979,84
05/25/1980,78
05/25/1981,71
05/25/1982,109
05/25/1983,101
05/25/1984,91
05/25/1985,81
05/25/1986,69
05/25/1987,65
05/25/1988,89
05/25/1989,108
05/25/1990,105
05/25/1991,67
05/25/1992,83
05/25/1993,111
05/25/1994,100
05/25/1995,106
05/25/1996,80
05/25/1997,61
05/25/1998,52
05/25/1999,137
05/25/2000,120
05/25/2001,97
05/25/2002,59
05/25/2003,66
05/25/2004,107
05/25/2005,96
05/25/2006,80
05/25/2007,36
05/26/1917,1
05/26/1919,1
05/26/1924,1
05/26/1926,1
05/26/1928,4
05/26/1929,4
05/26/1930,6
05/26/1931,3
05/26/1932,4
05/26/1933,6
05/26/1934,16
05/26/1935,12
05/26/1936,11
05/26/1937,9
05/26/1938,19
05/26/1939,18
05/26/1940,20
05/26/1941,25
05/26/1942,26
05/26/1943,41
05/26/1944,40
05/26/1945,41
05/26/1946,42
05/26/1947,56
05/26/1948,44
05/26/1949,43
05/26/1950,65
05/26/1951,48
05/26/1952,67
05/26/1953,75
05/26/1954,83
05/26/1955,67
05/26/1956,82
05/26/1957,79
05/26/1958,65
05/26/1959,78
05/26/1960,91
05/26/1961,85
05/26/1962,63
05/26/1963,78
05/26/1964,97
05/26/1965,88
05/26/1966,79
05/26/1967,74
05/26/1968,68
05/26/1969,75
05/26/1970,89
05/26/1971,84
05/26/1972,72
05/26/1973,61
05/26/1974,57
05/26/1975,82
05/26/1976,77
05/26/1977,86
05/26/1978,85
05/26/1979,81
05/26/1980,83
05/26/1981,94
05/26/1982,95
05/26/1983,90
05/26/1984,72
05/26/1985,84
05/26/1986,83
05/26/1987,101
05/26/1988,95
05/26/1989,92
05/26/1990,90
05/26/1991,72
05/26/1992,106
05/26/1993,99
05/26/1994,89
05/26/1995,124
05/26/1996,79
05/26/1997,64
05/26/1998,100
05/26/1999,100
05/26/2000,96
05/26/2001,73
05/26/2002,59
05/26/2003,56
05/26/2004,111
05/26/2005,98
05/26/2006,77
05/26/2007,26
05/26/2008,1
05/27/1926,1
05/27/1927,5
05/27/1928,1
05/27/1929,5
05/27/1930,3
05/27/1931,4
05/27/1932,5
05/27/1933,9
05/27/1934,13
05/27/1935,9
05/27/1936,13
05/27/1937,15
05/27/1938,19
05/27/1939,22
05/27/1940,17
05/27/1941,28
05/27/1942,26
05/27/1943,28
05/27/1944,36
05/27/1945,35
05/27/1946,29
05/27/1947,57
05/27/1948,52
05/27/1949,63
05/27/1950,58
05/27/1951,64
05/27/1952,62
05/27/1953,71
05/27/1954,84
05/27/1955,71
05/27/1956,88
05/27/1957,81
05/27/1958,89
05/27/1959,80
05/27/1960,79
05/27/1961,96
05/27/1962,74
05/27/1963,99
05/27/1964,83
05/27/1965,78
05/27/1966,68
05/27/1967,81
05/27/1968,83
05/27/1969,99
05/27/1970,74
05/27/1971,73
05/27/1972,73
05/27/1973,54
05/27/1974,60
05/27/1975,62
05/27/1976,74
05/27/1977,94
05/27/1978,73
05/27/1979,64
05/27/1980,91
05/27/1981,101
05/27/1982,105
05/27/1983,113
05/27/1984,55
05/27/1985,80
05/27/1986,93
05/27/1987,98
05/27/1988,93
05/27/1989,76
05/27/1990,67
05/27/1991,96
05/27/1992,103
05/27/1993,92
05/27/1994,93
05/27/1995,64
05/27/1996,70
05/27/1997,103
05/27/1998,145
05/27/1999,108
05/27/2000,71
05/27/2001,68
05/27/2002,75
05/27/2003,102
05/27/2004,104
05/27/2005,91
05/27/2006,47
05/27/2007,19
05/28/1924,2
05/28/1926,1
05/28/1928,4
05/28/1929,5
05/28/1930,4
05/28/1931,5
05/28/1932,3
05/28/1933,5
05/28/1934,5
05/28/1935,6
05/28/1936,13
05/28/1937,8
05/28/1938,16
05/28/1939,12
05/28/1940,28
05/28/1941,26
05/28/1942,35
05/28/1943,32
05/28/1944,32
05/28/1945,41
05/28/1946,43
05/28/1947,51
05/28/1948,51
05/28/1949,63
05/28/1950,52
05/28/1951,70
05/28/1952,72
05/28/1953,67
05/28/1954,77
05/28/1955,85
05/28/1956,74
05/28/1957,92
05/28/1958,89
05/28/1959,92
05/28/1960,84
05/28/1961,79
05/28/1962,87
05/28/1963,72
05/28/1964,71
05/28/1965,65
05/28/1966,87
05/28/1967,71
05/28/1968,92
05/28/1969,76
05/28/1970,71
05/28/1971,75
05/28/1972,60
05/28/1973,56
05/28/1974,81
05/28/1975,88
05/28/1976,83
05/28/1977,76
05/28/1978,58
05/28/1979,74
05/28/1980,96
05/28/1981,116
05/28/1982,117
05/28/1983,75
05/28/1984,89
05/28/1985,113
05/28/1986,101
05/28/1987,90
05/28/1988,79
05/28/1989,81
05/28/1990,85
05/28/1991,113
05/28/1992,126
05/28/1993,93
05/28/1994,59
05/28/1995,75
05/28/1996,104
05/28/1997,105
05/28/1998,111
05/28/1999,105
05/28/2000,63
05/28/2001,63
05/28/2002,96
05/28/2003,133
05/28/2004,104
05/28/2005,43
05/28/2006,40
05/28/2007,24
05/29/1926,3
05/29/1927,2
05/29/1928,4
05/29/1929,5
05/29/1930,7
05/29/1931,4
05/29/1932,6
05/29/1933,5
05/29/1934,10
05/29/1935,9
05/29/1936,11
05/29/1937,9
05/29/1938,15
05/29/1939,24
05/29/1940,27
05/29/1941,31
05/29/1942,22
05/29/1943,41
05/29/1944,32
05/29/1945,40
05/29/1946,31
05/29/1947,60
05/29/1948,59
05/29/1949,59
05/29/1950,59
05/29/1951,78
05/29/1952,83
05/29/1953,85
05/29/1954,73
05/29/1955,52
05/29/1956,69
05/29/1957,67
05/29/1958,76
05/29/1959,101
05/29/1960,74
05/29/1961,102
05/29/1962,93
05/29/1963,73
05/29/1964,76
05/29/1965,79
05/29/1966,68
05/29/1967,59
05/29/1968,77
05/29/1969,68
05/29/1970,74
05/29/1971,58
05/29/1972,66
05/29/1973,57
05/29/1974,81
05/29/1975,81
05/29/1976,61
05/29/1977,68
05/29/1978,68
05/29/1979,86
05/29/1980,88
05/29/1981,94
05/29/1982,73
05/29/1983,65
05/29/1984,98
05/29/1985,112
05/29/1986,88
05/29/1987,79
05/29/1988,78
05/29/1989,71
05/29/1990,108
05/29/1991,104
05/29/1992,100
05/29/1993,68
05/29/1994,58
05/29/1995,61
05/29/1996,99
05/29/1997,115
05/29/1998,126
05/29/1999,76
05/29/2000,71
05/29/2001,106
05/29/2002,124
05/29/2003,107
05/29/2004,66
05/29/2005,53
05/29/2006,59
05/29/2007,68
05/30/1920,1
05/30/1921,1
05/30/1923,1
05/30/1924,1
05/30/1927,1
05/30/1928,5
05/30/1929,1
05/30/1930,5
05/30/1931,3
05/30/1932,6
05/30/1933,10
05/30/1934,6
05/30/1935,9
05/30/1936,11
05/30/1937,16
05/30/1938,9
05/30/1939,23
05/30/1940,18
05/30/1941,31
05/30/1942,40
05/30/1943,30
05/30/1944,28
05/30/1945,31
05/30/1946,34
05/30/1947,49
05/30/1948,40
05/30/1949,59
05/30/1950,49
05/30/1951,69
05/30/1952,60
05/30/1953,60
05/30/1954,81
05/30/1955,59
05/30/1956,82
05/30/1957,76
05/30/1958,77
05/30/1959,81
05/30/1960,91
05/30/1961,71
05/30/1962,73
05/30/1963,60
05/30/1964,84
05/30/1965,76
05/30/1966,67
05/30/1967,77
05/30/1968,70
05/30/1969,78
05/30/1970,73
05/30/1971,64
05/30/1972,59
05/30/1973,72
05/30/1974,79
05/30/1975,70
05/30/1976,67
05/30/1977,76
05/30/1978,77
05/30/1979,96
05/30/1980,115
05/30/1981,71
05/30/1982,67
05/30/1983,88
05/30/1984,95
05/30/1985,96
05/30/1986,97
05/30/1987,77
05/30/1988,80
05/30/1989,109
05/30/1990,99
05/30/1991,112
05/30/1992,86
05/30/1993,58
05/30/1994,69
05/30/1995,93
05/30/1996,106
05/30/1997,107
05/30/1998,61
05/30/1999,64
05/30/2000,88
05/30/2001,101
05/30/2002,133
05/30/2003,115
05/30/2004,63
05/30/2005,41
05/30/2006,93
05/30/2007,51
05/31/1920,1
05/31/1922,1
05/31/1924,1
05/31/1925,1
05/31/1926,4
05/31/1927,1
05/31/1928,1
05/31/1929,3
05/31/1930,2
05/31/1932,3
05/31/1933,10
05/31/1934,7
05/31/1935,8
05/31/1936,10
05/31/1937,16
05/31/1938,8
05/31/1939,17
05/31/1940,24
05/31/1941,22
05/31/1942,34
05/31/1943,35
05/31/1944,29
05/31/1945,30
05/31/1946,37
05/31/1947,55
05/31/1948,40
05/31/1949,63
05/31/1950,68
05/31/1951,64
05/31/1952,73
05/31/1953,63
05/31/1954,70
05/31/1955,71
05/31/1956,74
05/31/1957,80
05/31/1958,73
05/31/1959,87
05/31/1960,74
05/31/1961,89
05/31/1962,74
05/31/1963,76
05/31/1964,61
05/31/1965,53
05/31/1966,67
05/31/1967,58
05/31/1968,59
05/31/1969,78
05/31/1970,65
05/31/1971,71
05/31/1972,76
05/31/1973,61
05/31/1974,68
05/31/1975,60
05/31/1976,63
05/31/1977,83
05/31/1978,82
05/31/1979,91
05/31/1980,89
05/31/1981,85
05/31/1982,74
05/31/1983,92
05/31/1984,92
05/31/1985,110
05/31/1986,73
05/31/1987,63
05/31/1988,84
05/31/1989,117
05/31/1990,109
05/31/1991,114
05/31/1992,75
05/31/1993,58
05/31/1994,102
05/31/1995,100
05/31/1996,89
05/31/1997,81
05/31/1998,59
05/31/1999,68
05/31/2000,107
05/31/2001,118
05/31/2002,102
05/31/2003,64
05/31/2004,57
05/31/2005,82
05/31/2006,88
05/31/2007,46
06/01/1921,1
06/01/1927,4
06/01/1928,2
06/01/1929,5
06/01/1930,3
06/01/1931,6
06/01/1932,5
06/01/1933,6
06/01/1934,7
06/01/1935,11
06/01/1936,9
06/01/1937,15
06/01/1938,16
06/01/1939,20
06/01/1940,18
06/01/1941,24
06/01/1942,17
06/01/1943,47
06/01/1944,31
06/01/1945,34
06/01/1946,48
06/01/1947,59
06/01/1948,43
06/01/1949,62
06/01/1950,73
06/01/1951,76
06/01/1952,64
06/01/1953,74
06/01/1954,77
06/01/1955,73
06/01/1956,86
06/01/1957,96
06/01/1958,76
06/01/1959,79
06/01/1960,110
06/01/1961,80
06/01/1962,93
06/01/1963,79
06/01/1964,83
06/01/1965,86
06/01/1966,99
06/01/1967,84
06/01/1968,82
06/01/1969,64
06/01/1970,78
06/01/1971,92
06/01/1972,101
06/01/1973,72
06/01/1974,66
06/01/1975,66
06/01/1976,64
06/01/1977,80
06/01/1978,82
06/01/1979,106
06/01/1980,76
06/01/1981,101
06/01/1982,88
06/01/1983,102
06/01/1984,105
06/01/1985,80
06/01/1986,81
06/01/1987,109
06/01/1988,117
06/01/1989,89
06/01/1990,111
06/01/1991,49
06/01/1992,90
06/01/1993,119
06/01/1994,110
06/01/1995,103
06/01/1996,83
06/01/1997,54
06/01/1998,95
06/01/1999,113
06/01/2000,108
06/01/2001,96
06/01/2002,71
06/01/2003,60
06/01/2004,121
06/01/2005,105
06/01/2006,95
06/01/2007,40
06/02/1920,1
06/02/1921,1
06/02/1923,1
06/02/1924,1
06/02/1927,1
06/02/1928,1
06/02/1929,1
06/02/1930,6
06/02/1931,6
06/02/1932,1
06/02/1933,7
06/02/1934,10
06/02/1935,13
06/02/1936,14
06/02/1937,14
06/02/1938,6
06/02/1939,22
06/02/1940,37
06/02/1941,21
06/02/1942,23
06/02/1943,38
06/02/1944,32
06/02/1945,42
06/02/1946,41
06/02/1947,57
06/02/1948,50
06/02/1949,60
06/02/1950,73
06/02/1951,68
06/02/1952,64
06/02/1953,70
06/02/1954,74
06/02/1955,83
06/02/1956,79
06/02/1957,47
06/02/1958,66
06/02/1959,78
06/02/1960,91
06/02/1961,95
06/02/1962,94
06/02/1963,77
06/02/1964,73
06/02/1965,98
06/02/1966,83
06/02/1967,63
06/02/1968,94
06/02/1969,74
06/02/1970,97
06/02/1971,81
06/02/1972,87
06/02/1973,66
06/02/1974,68
06/02/1975,81
06/02/1976,80
06/02/1977,88
06/02/1978,74
06/02/1979,84
06/02/1980,81
06/02/1981,109
06/02/1982,110
06/02/1983,114
06/02/1984,71
06/02/1985,68
06/02/1986,74
06/02/1987,91
06/02/1988,111
06/02/1989,104
06/02/1990,88
06/02/1991,87
06/02/1992,92
06/02/1993,100
06/02/1994,97
06/02/1995,98
06/02/1996,60
06/02/1997,102
06/02/1998,116
06/02/1999,134
06/02/2000,96
06/02/2001,84
06/02/2002,67
06/02/2003,99
06/02/2004,109
06/02/2005,75
06/02/2006,77
06/02/2007,29
06/02/2008,1
06/03/1919,1
06/03/1924,1
06/03/1927,2
06/03/1929,4
06/03/1930,7
06/03/1931,7
06/03/1932,4
06/03/1933,7
06/03/1934,7
06/03/1935,11
06/03/1936,12
06/03/1937,14
06/03/1938,23
06/03/1939,14
06/03/1940,18
06/03/1941,22
06/03/1942,43
06/03/1943,34
06/03/1944,31
06/03/1945,29
06/03/1946,29
06/03/1947,56
06/03/1948,50
06/03/1949,56
06/03/1950,58
06/03/1951,51
06/03/1952,67
06/03/1953,57
06/03/1954,76
06/03/1955,66
06/03/1956,62
06/03/1957,91
06/03/1958,88
06/03/1959,72
06/03/1960,98
06/03/1961,77
06/03/1962,73
06/03/1963,94
06/03/1964,109
06/03/1965,79
06/03/1966,76
06/03/1967,61
06/03/1968,73
06/03/1969,78
06/03/1970,77
06/03/1971,66
06/03/1972,73
06/03/1973,58
06/03/1974,70
06/03/1975,65
06/03/1976,100
06/03/1977,88
06/03/1978,76
06/03/1979,84
06/03/1980,106
06/03/1981,86
06/03/1982,89
06/03/1983,107
06/03/1984,74
06/03/1985,100
06/03/1986,103
06/03/1987,94
06/03/1988,96
06/03/1989,77
06/03/1990,81
06/03/1991,88
06/03/1992,111
06/03/1993,108
06/03/1994,107
06/03/1995,73
06/03/1996,113
06/03/1997,112
06/03/1998,120
06/03/1999,119
06/03/2000,70
06/03/2001,69
06/03/2002,103
06/03/2003,97
06/03/2004,104
06/03/2005,84
06/03/2006,52
06/03/2007,15
06/04/1921,1
06/04/1924,2
06/04/1926,1
06/04/1927,3
06/04/1928,2
06/04/1929,3
06/04/1930,5
06/04/1931,4
06/04/1932,2
06/04/1933,9
06/04/1934,9
06/04/1935,13
06/04/1936,10
06/04/1937,17
06/04/1938,13
06/04/1939,18
06/04/1940,17
06/04/1941,27
06/04/1942,26
06/04/1943,36
06/04/1944,43
06/04/1945,27
06/04/1946,39
06/04/1947,69
06/04/1948,51
06/04/1949,50
06/04/1950,59
06/04/1951,69
06/04/1952,70
06/04/1953,68
06/04/1954,91
06/04/1955,72
06/04/1956,76
06/04/1957,90
06/04/1958,88
06/04/1959,80
06/04/1960,88
06/04/1961,72
06/04/1962,74
06/04/1963,105
06/04/1964,75
06/04/1965,80
06/04/1966,84
06/04/1967,51
06/04/1968,95
06/04/1969,97
06/04/1970,93
06/04/1971,78
06/04/1972,57
06/04/1973,71
06/04/1974,88
06/04/1975,88
06/04/1976,80
06/04/1977,83
06/04/1978,64
06/04/1979,83
06/04/1980,89
06/04/1981,96
06/04/1982,99
06/04/1983,75
06/04/1984,75
06/04/1985,91
06/04/1986,107
06/04/1987,102
06/04/1988,92
06/04/1989,70
06/04/1990,106
06/04/1991,101
06/04/1992,101
06/04/1993,103
06/04/1994,69
06/04/1995,62
06/04/1996,97
06/04/1997,98
06/04/1998,113
06/04/1999,132
06/04/2000,58
06/04/2001,85
06/04/2002,136
06/04/2003,97
06/04/2004,101
06/04/2005,39
06/04/2006,43
06/04/2007,40
06/05/1922,1
06/05/1927,4
06/05/1928,5
06/05/1930,5
06/05/1931,9
06/05/1932,15
06/05/1933,7
06/05/1934,12
06/05/1935,10
06/05/1936,18
06/05/1937,18
06/05/1938,13
06/05/1939,19
06/05/1940,30
06/05/1941,14
06/05/1942,27
06/05/1943,28
06/05/1944,27
06/05/1945,31
06/05/1946,34
06/05/1947,56
06/05/1948,59
06/05/1949,66
06/05/1950,65
06/05/1951,63
06/05/1952,48
06/05/1953,60
06/05/1954,78
06/05/1955,57
06/05/1956,65
06/05/1957,95
06/05/1958,80
06/05/1959,82
06/05/1960,72
06/05/1961,83
06/05/1962,95
06/05/1963,89
06/05/1964,83
06/05/1965,79
06/05/1966,70
06/05/1967,71
06/05/1968,93
06/05/1969,80
06/05/1970,87
06/05/1971,59
06/05/1972,75
06/05/1973,67
06/05/1974,73
06/05/1975,76
06/05/1976,71
06/05/1977,56
06/05/1978,76
06/05/1979,82
06/05/1980,92
06/05/1981,90
06/05/1982,84
06/05/1983,76
06/05/1984,93
06/05/1985,94
06/05/1986,111
06/05/1987,109
06/05/1988,89
06/05/1989,80
06/05/1990,108
06/05/1991,85
06/05/1992,120
06/05/1993,52
06/05/1994,69
06/05/1995,83
06/05/1996,122
06/05/1997,98
06/05/1998,118
06/05/1999,73
06/05/2000,94
06/05/2001,107
06/05/2002,95
06/05/2003,104
06/05/2004,50
06/05/2005,60
06/05/2006,79
06/05/2007,46
06/06/1923,2
06/06/1926,1
06/06/1927,2
06/06/1928,5
06/06/1929,2
06/06/1930,4
06/06/1931,4
06/06/1932,4
06/06/1933,6
06/06/1934,11
06/06/1935,12
06/06/1936,13
06/06/1937,15
06/06/1938,25
06/06/1939,18
06/06/1940,26
06/06/1941,24
06/06/1942,27
06/06/1943,28
06/06/1944,36
06/06/1945,29
06/06/1946,40
06/06/1947,58
06/06/1948,59
06/06/1949,64
06/06/1950,56
06/06/1951,78
06/06/1952,69
06/06/1953,72
06/06/1954,72
06/06/1955,63
06/06/1956,92
06/06/1957,88
06/06/1958,85
06/06/1959,70
06/06/1960,91
06/06/1961,102
06/06/1962,94
06/06/1963,87
06/06/1964,72
06/06/1965,55
06/06/1966,78
06/06/1967,86
06/06/1968,82
06/06/1969,82
06/06/1970,89
06/06/1971,78
06/06/1972,71
06/06/1973,80
06/06/1974,69
06/06/1975,82
06/06/1976,72
06/06/1977,90
06/06/1978,116
06/06/1979,90
06/06/1980,84
06/06/1981,102
06/06/1982,72
06/06/1983,81
06/06/1984,95
06/06/1985,82
06/06/1986,119
06/06/1987,71
06/06/1988,104
06/06/1989,120
06/06/1990,109
06/06/1991,102
06/06/1992,70
06/06/1993,78
06/06/1994,96
06/06/1995,110
06/06/1996,95
06/06/1997,100
06/06/1998,73
06/06/1999,57
06/06/2000,105
06/06/2001,119
06/06/2002,108
06/06/2003,101
06/06/2004,58
06/06/2005,96
06/06/2006,83
06/06/2007,58
06/07/1920,1
06/07/1922,1
06/07/1925,1
06/07/1926,1
06/07/1927,1
06/07/1928,2
06/07/1929,3
06/07/1930,2
06/07/1931,5
06/07/1932,12
06/07/1933,10
06/07/1934,12
06/07/1935,12
06/07/1936,15
06/07/1937,9
06/07/1938,22
06/07/1939,19
06/07/1940,18
06/07/1941,27
06/07/1942,24
06/07/1943,22
06/07/1944,30
06/07/1945,42
06/07/1946,35
06/07/1947,58
06/07/1948,47
06/07/1949,54
06/07/1950,51
06/07/1951,82
06/07/1952,78
06/07/1953,57
06/07/1954,77
06/07/1955,76
06/07/1956,89
06/07/1957,78
06/07/1958,77
06/07/1959,85
06/07/1960,65
06/07/1961,71
06/07/1962,84
06/07/1963,88
06/07/1964,71
06/07/1965,81
06/07/1966,72
06/07/1967,88
06/07/1968,88
06/07/1969,68
06/07/1970,63
06/07/1971,66
06/07/1972,75
06/07/1973,77
06/07/1974,73
06/07/1975,85
06/07/1976,65
06/07/1977,86
06/07/1978,88
06/07/1979,88
06/07/1980,80
06/07/1981,92
06/07/1982,93
06/07/1983,126
06/07/1984,94
06/07/1985,97
06/07/1986,74
06/07/1987,66
06/07/1988,84
06/07/1989,107
06/07/1990,106
06/07/1991,90
06/07/1992,81
06/07/1993,100
06/07/1994,111
06/07/1995,113
06/07/1996,96
06/07/1997,71
06/07/1998,70
06/07/1999,102
06/07/2000,126
06/07/2001,112
06/07/2002,101
06/07/2003,65
06/07/2004,98
06/07/2005,95
06/07/2006,102
06/07/2007,49
06/08/1908,1
06/08/1925,1
06/08/1926,1
06/08/1927,1
06/08/1928,4
06/08/1929,3
06/08/1930,3
06/08/1931,3
06/08/1932,7
06/08/1933,8
06/08/1934,7
06/08/1935,13
06/08/1936,14
06/08/1937,18
06/08/1938,13
06/08/1939,23
06/08/1940,25
06/08/1941,28
06/08/1942,24
06/08/1943,23
06/08/1944,32
06/08/1945,30
06/08/1946,36
06/08/1947,52
06/08/1948,47
06/08/1949,50
06/08/1950,62
06/08/1951,64
06/08/1952,67
06/08/1953,76
06/08/1954,75
06/08/1955,80
06/08/1956,85
06/08/1957,85
06/08/1958,76
06/08/1959,94
06/08/1960,88
06/08/1961,77
06/08/1962,106
06/08/1963,77
06/08/1964,84
06/08/1965,79
06/08/1966,83
06/08/1967,77
06/08/1968,71
06/08/1969,72
06/08/1970,111
06/08/1971,75
06/08/1972,69
06/08/1973,80
06/08/1974,85
06/08/1975,68
06/08/1976,83
06/08/1977,82
06/08/1978,95
06/08/1979,73
06/08/1980,68
06/08/1981,85
06/08/1982,113
06/08/1983,100
06/08/1984,80
06/08/1985,85
06/08/1986,75
06/08/1987,92
06/08/1988,113
06/08/1989,97
06/08/1990,95
06/08/1991,74
06/08/1992,112
06/08/1993,100
06/08/1994,125
06/08/1995,128
06/08/1996,70
06/08/1997,48
06/08/1998,87
06/08/1999,94
06/08/2000,102
06/08/2001,121
06/08/2002,71
06/08/2003,48
06/08/2004,105
06/08/2005,93
06/08/2006,104
06/08/2007,46
06/09/1909,1
06/09/1912,1
06/09/1914,1
06/09/1922,1
06/09/1926,1
06/09/1927,3
06/09/1928,3
06/09/1929,3
06/09/1930,2
06/09/1931,4
06/09/1932,7
06/09/1933,7
06/09/1934,3
06/09/1935,13
06/09/1936,12
06/09/1937,17
06/09/1938,12
06/09/1939,20
06/09/1940,19
06/09/1941,20
06/09/1942,20
06/09/1943,40
06/09/1944,37
06/09/1945,50
06/09/1946,39
06/09/1947,57
06/09/1948,65
06/09/1949,51
06/09/1950,77
06/09/1951,80
06/09/1952,63
06/09/1953,68
06/09/1954,77
06/09/1955,81
06/09/1956,92
06/09/1957,71
06/09/1958,108
06/09/1959,87
06/09/1960,83
06/09/1961,88
06/09/1962,78
06/09/1963,63
06/09/1964,110
06/09/1965,81
06/09/1966,74
06/09/1967,75
06/09/1968,80
06/09/1969,88
06/09/1970,81
06/09/1971,90
06/09/1972,75
06/09/1973,69
06/09/1974,44
06/09/1975,70
06/09/1976,82
06/09/1977,101
06/09/1978,88
06/09/1979,83
06/09/1980,73
06/09/1981,104
06/09/1982,109
06/09/1983,89
06/09/1984,83
06/09/1985,60
06/09/1986,71
06/09/1987,96
06/09/1988,114
06/09/1989,94
06/09/1990,72
06/09/1991,84
06/09/1992,104
06/09/1993,79
06/09/1994,87
06/09/1995,93
06/09/1996,67
06/09/1997,101
06/09/1998,103
06/09/1999,103
06/09/2000,103
06/09/2001,65
06/09/2002,54
06/09/2003,96
06/09/2004,96
06/09/2005,95
06/09/2006,85
06/09/2007,30
06/10/1921,1
06/10/1923,1
06/10/1924,1
06/10/1925,2
06/10/1926,2
06/10/1928,1
06/10/1929,1
06/10/1930,3
06/10/1931,7
06/10/1932,6
06/10/1933,6
06/10/1934,7
06/10/1935,16
06/10/1936,18
06/10/1937,14
06/10/1938,16
06/10/1939,16
06/10/1940,17
06/10/1941,28
06/10/1942,28
06/10/1943,28
06/10/1944,42
06/10/1945,29
06/10/1946,31
06/10/1947,58
06/10/1948,49
06/10/1949,36
06/10/1950,53
06/10/1951,67
06/10/1952,71
06/10/1953,71
06/10/1954,90
06/10/1955,79
06/10/1956,60
06/10/1957,94
06/10/1958,74
06/10/1959,80
06/10/1960,89
06/10/1961,93
06/10/1962,90
06/10/1963,92
06/10/1964,84
06/10/1965,81
06/10/1966,76
06/10/1967,83
06/10/1968,69
06/10/1969,81
06/10/1970,93
06/10/1971,88
06/10/1972,79
06/10/1973,60
06/10/1974,68
06/10/1975,99
06/10/1976,77
06/10/1977,89
06/10/1978,67
06/10/1979,56
06/10/1980,93
06/10/1981,90
06/10/1982,101
06/10/1983,107
06/10/1984,65
06/10/1985,108
06/10/1986,105
06/10/1987,87
06/10/1988,106
06/10/1989,58
06/10/1990,80
06/10/1991,102
06/10/1992,105
06/10/1993,119
06/10/1994,95
06/10/1995,70
06/10/1996,121
06/10/1997,96
06/10/1998,130
06/10/1999,115
06/10/2000,62
06/10/2001,63
06/10/2002,103
06/10/2003,112
06/10/2004,89
06/10/2005,89
06/10/2006,51
06/10/2007,39
06/11/1926,1
06/11/1927,4
06/11/1928,1
06/11/1929,1
06/11/1930,3
06/11/1931,8
06/11/1932,7
06/11/1933,9
06/11/1934,13
06/11/1935,12
06/11/1936,17
06/11/1937,16
06/11/1938,14
06/11/1939,21
06/11/1940,17
06/11/1941,28
06/11/1942,27
06/11/1943,32
06/11/1944,32
06/11/1945,37
06/11/1946,47
06/11/1947,65
06/11/1948,45
06/11/1949,53
06/11/1950,59
06/11/1951,63
06/11/1952,74
06/11/1953,80
06/11/1954,73
06/11/1955,85
06/11/1956,88
06/11/1957,81
06/11/1958,93
06/11/1959,93
06/11/1960,80
06/11/1961,73
06/11/1962,85
06/11/1963,83
06/11/1964,66
06/11/1965,84
06/11/1966,81
06/11/1967,73
06/11/1968,74
06/11/1969,91
06/11/1970,79
06/11/1971,69
06/11/1972,76
06/11/1973,75
06/11/1974,75
06/11/1975,75
06/11/1976,71
06/11/1977,72
06/11/1978,71
06/11/1979,84
06/11/1980,85
06/11/1981,100
06/11/1982,113
06/11/1983,80
06/11/1984,89
06/11/1985,89
06/11/1986,99
06/11/1987,93
06/11/1988,96
06/11/1989,65
06/11/1990,94
06/11/1991,120
06/11/1992,92
06/11/1993,110
06/11/1994,67
06/11/1995,56
06/11/1996,123
06/11/1997,107
06/11/1998,109
06/11/1999,118
06/11/2000,61
06/11/2001,116
06/11/2002,112
06/11/2003,107
06/11/2004,93
06/11/2005,49
06/11/2006,30
06/11/2007,43
06/12/1927,2
06/12/1928,3
06/12/1929,2
06/12/1930,5
06/12/1931,4
06/12/1932,8
06/12/1933,5
06/12/1934,13
06/12/1935,11
06/12/1936,6
06/12/1937,16
06/12/1938,14
06/12/1939,18
06/12/1940,31
06/12/1941,27
06/12/1942,27
06/12/1943,38
06/12/1944,37
06/12/1945,48
06/12/1946,42
06/12/1947,59
06/12/1948,51
06/12/1949,56
06/12/1950,54
06/12/1951,73
06/12/1952,62
06/12/1953,79
06/12/1954,84
06/12/1955,67
06/12/1956,80
06/12/1957,111
06/12/1958,76
06/12/1959,80
06/12/1960,68
06/12/1961,88
06/12/1962,84
06/12/1963,97
06/12/1964,90
06/12/1965,76
06/12/1966,80
06/12/1967,71
06/12/1968,86
06/12/1969,75
06/12/1970,83
06/12/1971,86
06/12/1972,68
06/12/1973,60
06/12/1974,85
06/12/1975,84
06/12/1976,65
06/12/1977,54
06/12/1978,80
06/12/1979,96
06/12/1980,114
06/12/1981,92
06/12/1982,77
06/12/1983,77
06/12/1984,82
06/12/1985,95
06/12/1986,89
06/12/1987,109
06/12/1988,76
06/12/1989,98
06/12/1990,108
06/12/1991,84
06/12/1992,106
06/12/1993,85
06/12/1994,68
06/12/1995,94
06/12/1996,97
06/12/1997,105
06/12/1998,96
06/12/1999,62
06/12/2000,115
06/12/2001,118
06/12/2002,111
06/12/2003,102
06/12/2004,55
06/12/2005,53
06/12/2006,102
06/12/2007,47
06/13/1922,2
06/13/1928,2
06/13/1929,2
06/13/1930,6
06/13/1931,1
06/13/1932,7
06/13/1933,8
06/13/1934,8
06/13/1935,13
06/13/1936,17
06/13/1937,14
06/13/1938,20
06/13/1939,18
06/13/1940,21
06/13/1941,20
06/13/1942,35
06/13/1943,19
06/13/1944,39
06/13/1945,31
06/13/1946,39
06/13/1947,59
06/13/1948,43
06/13/1949,57
06/13/1950,59
06/13/1951,71
06/13/1952,83
06/13/1953,76
06/13/1954,71
06/13/1955,84
06/13/1956,82
06/13/1957,86
06/13/1958,84
06/13/1959,71
06/13/1960,82
06/13/1961,76
06/13/1962,87
06/13/1963,90
06/13/1964,75
06/13/1965,65
06/13/1966,77
06/13/1967,57
06/13/1968,94
06/13/1969,87
06/13/1970,72
06/13/1971,75
06/13/1972,84
06/13/1973,83
06/13/1974,84
06/13/1975,72
06/13/1976,72
06/13/1977,81
06/13/1978,61
06/13/1979,75
06/13/1980,92
06/13/1981,85
06/13/1982,73
06/13/1983,112
06/13/1984,102
06/13/1985,95
06/13/1986,80
06/13/1987,79
06/13/1988,119
06/13/1989,107
06/13/1990,101
06/13/1991,104
06/13/1992,67
06/13/1993,77
06/13/1994,95
06/13/1995,112
06/13/1996,104
06/13/1997,101
06/13/1998,67
06/13/1999,67
06/13/2000,119
06/13/2001,103
06/13/2002,105
06/13/2003,109
06/13/2004,46
06/13/2005,91
06/13/2006,96
06/13/2007,49
06/13/2008,1
06/14/1912,1
06/14/1919,1
06/14/1922,1
06/14/1927,4
06/14/1928,1
06/14/1929,4
06/14/1930,2
06/14/1931,4
06/14/1932,8
06/14/1933,9
06/14/1934,8
06/14/1935,13
06/14/1936,15
06/14/1937,15
06/14/1938,18
06/14/1939,22
06/14/1940,16
06/14/1941,29
06/14/1942,17
06/14/1943,42
06/14/1944,38
06/14/1945,42
06/14/1946,34
06/14/1947,43
06/14/1948,61
06/14/1949,59
06/14/1950,64
06/14/1951,62
06/14/1952,80
06/14/1953,76
06/14/1954,74
06/14/1955,84
06/14/1956,82
06/14/1957,78
06/14/1958,87
06/14/1959,71
06/14/1960,99
06/14/1961,85
06/14/1962,98
06/14/1963,78
06/14/1964,63
06/14/1965,76
06/14/1966,64
06/14/1967,79
06/14/1968,72
06/14/1969,64
06/14/1970,70
06/14/1971,80
06/14/1972,78
06/14/1973,71
06/14/1974,76
06/14/1975,61
06/14/1976,80
06/14/1977,95
06/14/1978,100
06/14/1979,103
06/14/1980,80
06/14/1981,70
06/14/1982,93
06/14/1983,85
06/14/1984,111
06/14/1985,95
06/14/1986,75
06/14/1987,71
06/14/1988,107
06/14/1989,87
06/14/1990,101
06/14/1991,89
06/14/1992,90
06/14/1993,121
06/14/1994,113
06/14/1995,95
06/14/1996,103
06/14/1997,81
06/14/1998,60
06/14/1999,88
06/14/2000,113
06/14/2001,110
06/14/2002,91
06/14/2003,77
06/14/2004,105
06/14/2005,103
06/14/2006,70
06/14/2007,42
06/15/1923,1
06/15/1926,1
06/15/1927,1
06/15/1928,3
06/15/1929,5
06/15/1930,4
06/15/1931,3
06/15/1932,8
06/15/1933,8
06/15/1934,6
06/15/1935,7
06/15/1936,14
06/15/1937,15
06/15/1938,22
06/15/1939,14
06/15/1940,31
06/15/1941,24
06/15/1942,36
06/15/1943,33
06/15/1944,40
06/15/1945,39
06/15/1946,51
06/15/1947,52
06/15/1948,39
06/15/1949,42
06/15/1950,70
06/15/1951,72
06/15/1952,61
06/15/1953,90
06/15/1954,88
06/15/1955,75
06/15/1956,82
06/15/1957,66
06/15/1958,71
06/15/1959,78
06/15/1960,94
06/15/1961,77
06/15/1962,90
06/15/1963,86
06/15/1964,88
06/15/1965,85
06/15/1966,78
06/15/1967,89
06/15/1968,94
06/15/1969,66
06/15/1970,89
06/15/1971,93
06/15/1972,72
06/15/1973,71
06/15/1974,73
06/15/1975,74
06/15/1976,85
06/15/1977,75
06/15/1978,88
06/15/1979,91
06/15/1980,85
06/15/1981,100
06/15/1982,86
06/15/1983,95
06/15/1984,96
06/15/1985,78
06/15/1986,93
06/15/1987,101
06/15/1988,117
06/15/1989,99
06/15/1990,109
06/15/1991,78
06/15/1992,96
06/15/1993,108
06/15/1994,99
06/15/1995,104
06/15/1996,75
06/15/1997,64
06/15/1998,97
06/15/1999,109
06/15/2000,106
06/15/2001,114
06/15/2002,54
06/15/2003,60
06/15/2004,114
06/15/2005,95
06/15/2006,87
06/15/2007,31
06/16/1925,3
06/16/1927,2
06/16/1928,1
06/16/1929,6
06/16/1930,3
06/16/1931,7
06/16/1932,2
06/16/1933,8
06/16/1934,10
06/16/1935,12
06/16/1936,13
06/16/1937,19
06/16/1938,22
06/16/1939,10
06/16/1940,21
06/16/1941,27
06/16/1942,24
06/16/1943,29
06/16/1944,37
06/16/1945,50
06/16/1946,47
06/16/1947,53
06/16/1948,51
06/16/1949,60
06/16/1950,73
06/16/1951,65
06/16/1952,72
06/16/1953,88
06/16/1954,86
06/16/1955,79
06/16/1956,82
06/16/1957,71
06/16/1958,71
06/16/1959,103
06/16/1960,84
06/16/1961,93
06/16/1962,89
06/16/1963,67
06/16/1964,83
06/16/1965,70
06/16/1966,84
06/16/1967,95
06/16/1968,64
06/16/1969,89
06/16/1970,105
06/16/1971,70
06/16/1972,71
06/16/1973,73
06/16/1974,74
06/16/1975,74
06/16/1976,76
06/16/1977,99
06/16/1978,103
06/16/1979,77
06/16/1980,69
06/16/1981,89
06/16/1982,108
06/16/1983,91
06/16/1984,75
06/16/1985,80
06/16/1986,102
06/16/1987,101
06/16/1988,98
06/16/1989,92
06/16/1990,84
06/16/1991,57
06/16/1992,126
06/16/1993,104
06/16/1994,94
06/16/1995,99
06/16/1996,73
06/16/1997,105
06/16/1998,129
06/16/1999,123
06/16/2000,98
06/16/2001,59
06/16/2002,56
06/16/2003,109
06/16/2004,107
06/16/2005,91
06/16/2006,69
06/16/2007,33
06/17/1920,1
06/17/1921,1
06/17/1922,1
06/17/1923,1
06/17/1928,1
06/17/1929,3
06/17/1930,3
06/17/1931,4
06/17/1932,7
06/17/1933,4
06/17/1934,15
06/17/1935,10
06/17/1936,14
06/17/1937,18
06/17/1938,17
06/17/1939,23
06/17/1940,36
06/17/1941,26
06/17/1942,28
06/17/1943,36
06/17/1944,33
06/17/1945,36
06/17/1946,33
06/17/1947,65
06/17/1948,46
06/17/1949,59
06/17/1950,70
06/17/1951,61
06/17/1952,55
06/17/1953,70
06/17/1954,74
06/17/1955,69
06/17/1956,71
06/17/1957,107
06/17/1958,80
06/17/1959,94
06/17/1960,84
06/17/1961,73
06/17/1962,83
06/17/1963,81
06/17/1964,89
06/17/1965,71
06/17/1966,73
06/17/1967,75
06/17/1968,68
06/17/1969,79
06/17/1970,63
06/17/1971,84
06/17/1972,68
06/17/1973,71
06/17/1974,82
06/17/1975,81
06/17/1976,82
06/17/1977,81
06/17/1978,74
06/17/1979,68
06/17/1980,83
06/17/1981,97
06/17/1982,109
06/17/1983,93
06/17/1984,82
06/17/1985,122
06/17/1986,100
06/17/1987,104
06/17/1988,106
06/17/1989,87
06/17/1990,78
06/17/1991,97
06/17/1992,86
06/17/1993,107
06/17/1994,106
06/17/1995,69
06/17/1996,93
06/17/1997,105
06/17/1998,119
06/17/1999,117
06/17/2000,57
06/17/2001,74
06/17/2002,119
06/17/2003,110
06/17/2004,116
06/17/2005,98
06/17/2006,52
06/17/2007,26
06/18/1921,1
06/18/1922,1
06/18/1928,5
06/18/1929,7
06/18/1930,2
06/18/1931,3
06/18/1932,9
06/18/1933,12
06/18/1934,4
06/18/1935,12
06/18/1936,20
06/18/1937,15
06/18/1938,26
06/18/1939,22
06/18/1940,23
06/18/1941,26
06/18/1942,26
06/18/1943,33
06/18/1944,42
06/18/1945,37
06/18/1946,39
06/18/1947,73
06/18/1948,46
06/18/1949,51
06/18/1950,50
06/18/1951,66
06/18/1952,75
06/18/1953,87
06/18/1954,83
06/18/1955,76
06/18/1956,69
06/18/1957,87
06/18/1958,82
06/18/1959,70
06/18/1960,85
06/18/1961,72
06/18/1962,103
06/18/1963,89
06/18/1964,108
06/18/1965,63
06/18/1966,79
06/18/1967,71
06/18/1968,88
06/18/1969,82
06/18/1970,89
06/18/1971,83
06/18/1972,60
06/18/1973,69
06/18/1974,94
06/18/1975,83
06/18/1976,78
06/18/1977,69
06/18/1978,62
06/18/1979,81
06/18/1980,92
06/18/1981,89
06/18/1982,105
06/18/1983,68
06/18/1984,88
06/18/1985,97
06/18/1986,89
06/18/1987,100
06/18/1988,74
06/18/1989,66
06/18/1990,103
06/18/1991,105
06/18/1992,101
06/18/1993,84
06/18/1994,78
06/18/1995,69
06/18/1996,100
06/18/1997,106
06/18/1998,120
06/18/1999,104
06/18/2000,61
06/18/2001,87
06/18/2002,136
06/18/2003,111
06/18/2004,89
06/18/2005,46
06/18/2006,51
06/18/2007,42
06/19/1927,3
06/19/1928,1
06/19/1929,3
06/19/1930,8
06/19/1931,7
06/19/1932,3
06/19/1933,7
06/19/1934,10
06/19/1935,7
06/19/1936,20
06/19/1937,16
06/19/1938,14
06/19/1939,19
06/19/1940,22
06/19/1941,41
06/19/1942,30
06/19/1943,35
06/19/1944,35
06/19/1945,30
06/19/1946,36
06/19/1947,51
06/19/1948,43
06/19/1949,41
06/19/1950,61
06/19/1951,77
06/19/1952,79
06/19/1953,68
06/19/1954,67
06/19/1955,79
06/19/1956,87
06/19/1957,94
06/19/1958,91
06/19/1959,94
06/19/1960,68
06/19/1961,85
06/19/1962,97
06/19/1963,100
06/19/1964,75
06/19/1965,75
06/19/1966,73
06/19/1967,74
06/19/1968,86
06/19/1969,83
06/19/1970,94
06/19/1971,67
06/19/1972,68
06/19/1973,63
06/19/1974,80
06/19/1975,98
06/19/1976,59
06/19/1977,57
06/19/1978,90
06/19/1979,74
06/19/1980,105
06/19/1981,91
06/19/1982,78
06/19/1983,76
06/19/1984,94
06/19/1985,84
06/19/1986,89
06/19/1987,85
06/19/1988,70
06/19/1989,91
06/19/1990,123
06/19/1991,85
06/19/1992,93
06/19/1993,69
06/19/1994,61
06/19/1995,115
06/19/1996,88
06/19/1997,117
06/19/1998,100
06/19/1999,74
06/19/2000,108
06/19/2001,110
06/19/2002,111
06/19/2003,120
06/19/2004,53
06/19/2005,57
06/19/2006,76
06/19/2007,56
06/20/1922,1
06/20/1923,1
06/20/1924,2
06/20/1926,1
06/20/1927,1
06/20/1928,2
06/20/1929,5
06/20/1930,3
06/20/1931,6
06/20/1932,6
06/20/1933,7
06/20/1934,12
06/20/1935,10
06/20/1936,22
06/20/1937,17
06/20/1938,20
06/20/1939,25
06/20/1940,24
06/20/1941,27
06/20/1942,24
06/20/1943,29
06/20/1944,34
06/20/1945,37
06/20/1946,32
06/20/1947,56
06/20/1948,39
06/20/1949,54
06/20/1950,75
06/20/1951,66
06/20/1952,65
06/20/1953,88
06/20/1954,78
06/20/1955,91
06/20/1956,99
06/20/1957,98
06/20/1958,80
06/20/1959,70
06/20/1960,90
06/20/1961,95
06/20/1962,75
06/20/1963,90
06/20/1964,93
06/20/1965,83
06/20/1966,67
06/20/1967,89
06/20/1968,75
06/20/1969,101
06/20/1970,58
06/20/1971,59
06/20/1972,65
06/20/1973,74
06/20/1974,74
06/20/1975,77
06/20/1976,69
06/20/1977,83
06/20/1978,88
06/20/1979,93
06/20/1980,94
06/20/1981,80
06/20/1982,69
06/20/1983,89
06/20/1984,96
06/20/1985,104
06/20/1986,97
06/20/1987,69
06/20/1988,84
06/20/1989,100
06/20/1990,99
06/20/1991,97
06/20/1992,84
06/20/1993,66
06/20/1994,98
06/20/1995,110
06/20/1996,126
06/20/1997,89
06/20/1998,78
06/20/1999,65
06/20/2000,104
06/20/2001,128
06/20/2002,108
06/20/2003,99
06/20/2004,57
06/20/2005,85
06/20/2006,84
06/20/2007,55
06/21/1924,1
06/21/1927,5
06/21/1928,4
06/21/1929,1
06/21/1930,6
06/21/1931,6
06/21/1932,10
06/21/1933,9
06/21/1934,12
06/21/1935,13
06/21/1936,13
06/21/1937,13
06/21/1938,21
06/21/1939,20
06/21/1940,26
06/21/1941,33
06/21/1942,26
06/21/1943,28
06/21/1944,34
06/21/1945,33
06/21/1946,36
06/21/1947,53
06/21/1948,41
06/21/1949,56
06/21/1950,60
06/21/1951,74
06/21/1952,81
06/21/1953,57
06/21/1954,83
06/21/1955,89
06/21/1956,80
06/21/1957,79
06/21/1958,81
06/21/1959,74
06/21/1960,99
06/21/1961,95
06/21/1962,107
06/21/1963,89
06/21/1964,86
06/21/1965,67
06/21/1966,75
06/21/1967,81
06/21/1968,94
06/21/1969,66
06/21/1970,71
06/21/1971,77
06/21/1972,69
06/21/1973,72
06/21/1974,83
06/21/1975,74
06/21/1976,80
06/21/1977,86
06/21/1978,85
06/21/1979,99
06/21/1980,81
06/21/1981,97
06/21/1982,128
06/21/1983,99
06/21/1984,89
06/21/1985,97
06/21/1986,98
06/21/1987,51
06/21/1988,117
06/21/1989,113
06/21/1990,118
06/21/1991,96
06/21/1992,68
06/21/1993,110
06/21/1994,107
06/21/1995,119
06/21/1996,105
06/21/1997,77
06/21/1998,69
06/21/1999,98
06/21/2000,110
06/21/2001,111
06/21/2002,112
06/21/2003,62
06/21/2004,108
06/21/2005,101
06/21/2006,86
06/21/2007,52
06/22/1920,1
06/22/1922,1
06/22/1923,1
06/22/1924,2
06/22/1927,1
06/22/1928,4
06/22/1929,3
06/22/1930,1
06/22/1931,2
06/22/1932,3
06/22/1933,11
06/22/1934,10
06/22/1935,12
06/22/1936,11
06/22/1937,16
06/22/1938,17
06/22/1939,23
06/22/1940,20
06/22/1941,30
06/22/1942,23
06/22/1943,31
06/22/1944,35
06/22/1945,32
06/22/1946,37
06/22/1947,50
06/22/1948,53
06/22/1949,59
06/22/1950,63
06/22/1951,61
06/22/1952,66
06/22/1953,80
06/22/1954,68
06/22/1955,81
06/22/1956,86
06/22/1957,98
06/22/1958,67
06/22/1959,94
06/22/1960,81
06/22/1961,105
06/22/1962,92
06/22/1963,92
06/22/1964,80
06/22/1965,72
06/22/1966,88
06/22/1967,65
06/22/1968,67
06/22/1969,62
06/22/1970,77
06/22/1971,63
06/22/1972,72
06/22/1973,83
06/22/1974,88
06/22/1975,65
06/22/1976,72
06/22/1977,94
06/22/1978,82
06/22/1979,82
06/22/1980,76
06/22/1981,113
06/22/1982,83
06/22/1983,84
06/22/1984,105
06/22/1985,85
06/22/1986,81
06/22/1987,94
06/22/1988,97
06/22/1989,109
06/22/1990,100
06/22/1991,80
06/22/1992,100
06/22/1993,121
06/22/1994,146
06/22/1995,110
06/22/1996,73
06/22/1997,65
06/22/1998,122
06/22/1999,121
06/22/2000,113
06/22/2001,120
06/22/2002,73
06/22/2003,59
06/22/2004,121
06/22/2005,64
06/22/2006,91
06/22/2007,44
06/23/1920,1
06/23/1922,1
06/23/1924,1
06/23/1925,3
06/23/1927,1
06/23/1929,2
06/23/1930,3
06/23/1931,5
06/23/1932,6
06/23/1933,3
06/23/1934,5
06/23/1935,4
06/23/1936,13
06/23/1937,17
06/23/1938,13
06/23/1939,28
06/23/1940,22
06/23/1941,30
06/23/1942,31
06/23/1943,31
06/23/1944,36
06/23/1945,41
06/23/1946,46
06/23/1947,65
06/23/1948,49
06/23/1949,55
06/23/1950,78
06/23/1951,61
06/23/1952,73
06/23/1953,81
06/23/1954,78
06/23/1955,62
06/23/1956,85
06/23/1957,72
06/23/1958,90
06/23/1959,84
06/23/1960,87
06/23/1961,70
06/23/1962,96
06/23/1963,82
06/23/1964,92
06/23/1965,79
06/23/1966,68
06/23/1967,72
06/23/1968,69
06/23/1969,85
06/23/1970,106
06/23/1971,69
06/23/1972,68
06/23/1973,61
06/23/1974,48
06/23/1975,79
06/23/1976,79
06/23/1977,102
06/23/1978,86
06/23/1979,75
06/23/1980,89
06/23/1981,122
06/23/1982,89
06/23/1983,103
06/23/1984,74
06/23/1985,78
06/23/1986,120
06/23/1987,99
06/23/1988,97
06/23/1989,112
06/23/1990,93
06/23/1991,82
06/23/1992,93
06/23/1993,105
06/23/1994,100
06/23/1995,103
06/23/1996,66
06/23/1997,117
06/23/1998,122
06/23/1999,101
06/23/2000,115
06/23/2001,73
06/23/2002,57
06/23/2003,117
06/23/2004,84
06/23/2005,89
06/23/2006,64
06/23/2007,37
06/24/1924,1
06/24/1925,1
06/24/1926,2
06/24/1927,4
06/24/1928,4
06/24/1929,1
06/24/1930,7
06/24/1931,5
06/24/1932,4
06/24/1933,12
06/24/1934,12
06/24/1935,16
06/24/1936,15
06/24/1937,14
06/24/1938,21
06/24/1939,22
06/24/1940,27
06/24/1941,27
06/24/1942,44
06/24/1943,39
06/24/1944,30
06/24/1945,37
06/24/1946,42
06/24/1947,57
06/24/1948,42
06/24/1949,69
06/24/1950,55
06/24/1951,68
06/24/1952,64
06/24/1953,84
06/24/1954,83
06/24/1955,72
06/24/1956,87
06/24/1957,77
06/24/1958,87
06/24/1959,93
06/24/1960,90
06/24/1961,97
06/24/1962,81
06/24/1963,81
06/24/1964,80
06/24/1965,90
06/24/1966,83
06/24/1967,73
06/24/1968,57
06/24/1969,78
06/24/1970,104
06/24/1971,79
06/24/1972,73
06/24/1973,72
06/24/1974,83
06/24/1975,75
06/24/1976,88
06/24/1977,85
06/24/1978,65
06/24/1979,82
06/24/1980,93
06/24/1981,94
06/24/1982,97
06/24/1983,95
06/24/1984,81
06/24/1985,92
06/24/1986,94
06/24/1987,98
06/24/1988,104
06/24/1989,85
06/24/1990,70
06/24/1991,98
06/24/1992,102
06/24/1993,115
06/24/1994,118
06/24/1995,67
06/24/1996,104
06/24/1997,128
06/24/1998,121
06/24/1999,106
06/24/2000,88
06/24/2001,73
06/24/2002,105
06/24/2003,121
06/24/2004,87
06/24/2005,82
06/24/2006,53
06/24/2007,32
06/25/1917,1
06/25/1923,1
06/25/1925,4
06/25/1926,2
06/25/1927,1
06/25/1928,1
06/25/1929,2
06/25/1930,5
06/25/1931,4
06/25/1932,12
06/25/1933,13
06/25/1934,14
06/25/1935,12
06/25/1936,14
06/25/1937,13
06/25/1938,17
06/25/1939,12
06/25/1940,28
06/25/1941,29
06/25/1942,25
06/25/1943,25
06/25/1944,36
06/25/1945,46
06/25/1946,46
06/25/1947,60
06/25/1948,59
06/25/1949,63
06/25/1950,53
06/25/1951,88
06/25/1952,78
06/25/1953,90
06/25/1954,72
06/25/1955,94
06/25/1956,78
06/25/1957,86
06/25/1958,98
06/25/1959,85
06/25/1960,93
06/25/1961,67
06/25/1962,78
06/25/1963,107
06/25/1964,71
06/25/1965,76
06/25/1966,77
06/25/1967,78
06/25/1968,84
06/25/1969,75
06/25/1970,104
06/25/1971,70
06/25/1972,76
06/25/1973,64
06/25/1974,89
06/25/1975,78
06/25/1976,83
06/25/1977,70
06/25/1978,58
06/25/1979,81
06/25/1980,103
06/25/1981,83
06/25/1982,81
06/25/1983,70
06/25/1984,114
06/25/1985,108
06/25/1986,87
06/25/1987,87
06/25/1988,83
06/25/1989,79
06/25/1990,92
06/25/1991,100
06/25/1992,99
06/25/1993,100
06/25/1994,68
06/25/1995,71
06/25/1996,116
06/25/1997,107
06/25/1998,135
06/25/1999,98
06/25/2000,69
06/25/2001,96
06/25/2002,147
06/25/2003,118
06/25/2004,109
06/25/2005,45
06/25/2006,49
06/25/2007,56
06/26/1919,1
06/26/1921,1
06/26/1925,1
06/26/1928,2
06/26/1929,3
06/26/1930,4
06/26/1931,9
06/26/1932,7
06/26/1933,8
06/26/1934,6
06/26/1935,12
06/26/1936,19
06/26/1937,10
06/26/1938,16
06/26/1939,28
06/26/1940,24
06/26/1941,26
06/26/1942,30
06/26/1943,41
06/26/1944,33
06/26/1945,33
06/26/1946,39
06/26/1947,66
06/26/1948,50
06/26/1949,54
06/26/1950,75
06/26/1951,92
06/26/1952,72
06/26/1953,65
06/26/1954,77
06/26/1955,65
06/26/1956,100
06/26/1957,100
06/26/1958,83
06/26/1959,98
06/26/1960,74
06/26/1961,80
06/26/1962,108
06/26/1963,98
06/26/1964,78
06/26/1965,74
06/26/1966,60
06/26/1967,71
06/26/1968,83
06/26/1969,78
06/26/1970,100
06/26/1971,86
06/26/1972,79
06/26/1973,82
06/26/1974,78
06/26/1975,87
06/26/1976,70
06/26/1977,79
06/26/1978,84
06/26/1979,94
06/26/1980,113
06/26/1981,85
06/26/1982,78
06/26/1983,95
06/26/1984,100
06/26/1985,93
06/26/1986,132
06/26/1987,97
06/26/1988,92
06/26/1989,98
06/26/1990,110
06/26/1991,106
06/26/1992,113
06/26/1993,82
06/26/1994,58
06/26/1995,93
06/26/1996,106
06/26/1997,100
06/26/1998,108
06/26/1999,65
06/26/2000,118
06/26/2001,112
06/26/2002,121
06/26/2003,103
06/26/2004,57
06/26/2005,40
06/26/2006,90
06/26/2007,56
06/27/1913,1
06/27/1921,1
06/27/1928,1
06/27/1929,3
06/27/1930,2
06/27/1931,3
06/27/1932,6
06/27/1933,14
06/27/1934,9
06/27/1935,4
06/27/1936,8
06/27/1937,18
06/27/1938,23
06/27/1939,26
06/27/1940,21
06/27/1941,27
06/27/1942,37
06/27/1943,40
06/27/1944,45
06/27/1945,36
06/27/1946,38
06/27/1947,65
06/27/1948,51
06/27/1949,47
06/27/1950,80
06/27/1951,76
06/27/1952,66
06/27/1953,82
06/27/1954,60
06/27/1955,91
06/27/1956,87
06/27/1957,81
06/27/1958,77
06/27/1959,94
06/27/1960,80
06/27/1961,92
06/27/1962,86
06/27/1963,105
06/27/1964,94
06/27/1965,59
06/27/1966,65
06/27/1967,65
06/27/1968,69
06/27/1969,75
06/27/1970,75
06/27/1971,75
06/27/1972,78
06/27/1973,64
06/27/1974,77
06/27/1975,72
06/27/1976,71
06/27/1977,90
06/27/1978,96
06/27/1979,97
06/27/1980,83
06/27/1981,59
06/27/1982,69
06/27/1983,92
06/27/1984,85
06/27/1985,99
06/27/1986,121
06/27/1987,71
06/27/1988,115
06/27/1989,100
06/27/1990,118
06/27/1991,89
06/27/1992,62
06/27/1993,74
06/27/1994,93
06/27/1995,111
06/27/1996,100
06/27/1997,105
06/27/1998,71
06/27/1999,60
06/27/2000,128
06/27/2001,92
06/27/2002,107
06/27/2003,114
06/27/2004,53
06/27/2005,90
06/27/2006,100
06/27/2007,43
06/28/1922,1
06/28/1923,1
06/28/1926,2
06/28/1927,3
06/28/1928,2
06/28/1929,2
06/28/1930,6
06/28/1931,3
06/28/1932,6
06/28/1933,7
06/28/1934,7
06/28/1935,8
06/28/1936,20
06/28/1937,22
06/28/1938,23
06/28/1939,16
06/28/1940,16
06/28/1941,28
06/28/1942,34
06/28/1943,23
06/28/1944,33
06/28/1945,26
06/28/1946,48
06/28/1947,68
06/28/1948,43
06/28/1949,72
06/28/1950,72
06/28/1951,71
06/28/1952,57
06/28/1953,68
06/28/1954,72
06/28/1955,86
06/28/1956,98
06/28/1957,87
06/28/1958,86
06/28/1959,84
06/28/1960,108
06/28/1961,81
06/28/1962,93
06/28/1963,104
06/28/1964,71
06/28/1965,74
06/28/1966,86
06/28/1967,71
06/28/1968,80
06/28/1969,81
06/28/1970,81
06/28/1971,75
06/28/1972,79
06/28/1973,63
06/28/1974,86
06/28/1975,80
06/28/1976,67
06/28/1977,83
06/28/1978,77
06/28/1979,83
06/28/1980,85
06/28/1981,76
06/28/1982,101
06/28/1983,98
06/28/1984,98
06/28/1985,87
06/28/1986,81
06/28/1987,68
06/28/1988,122
06/28/1989,103
06/28/1990,90
06/28/1991,121
06/28/1992,74
06/28/1993,93
06/28/1994,115
06/28/1995,104
06/28/1996,97
06/28/1997,89
06/28/1998,62
06/28/1999,101
06/28/2000,126
06/28/2001,101
06/28/2002,112
06/28/2003,68
06/28/2004,127
06/28/2005,88
06/28/2006,88
06/28/2007,62
06/29/1913,1
06/29/1924,1
06/29/1926,1
06/29/1928,1
06/29/1929,5
06/29/1930,3
06/29/1931,6
06/29/1932,9
06/29/1933,10
06/29/1934,11
06/29/1935,15
06/29/1936,19
06/29/1937,16
06/29/1938,17
06/29/1939,21
06/29/1940,29
06/29/1941,28
06/29/1942,22
06/29/1943,41
06/29/1944,53
06/29/1945,40
06/29/1946,38
06/29/1947,57
06/29/1948,61
06/29/1949,65
06/29/1950,69
06/29/1951,52
06/29/1952,76
06/29/1953,81
06/29/1954,88
06/29/1955,87
06/29/1956,83
06/29/1957,97
06/29/1958,68
06/29/1959,82
06/29/1960,100
06/29/1961,86
06/29/1962,89
06/29/1963,87
06/29/1964,96
06/29/1965,86
06/29/1966,85
06/29/1967,79
06/29/1968,82
06/29/1969,72
06/29/1970,84
06/29/1971,76
06/29/1972,82
06/29/1973,73
06/29/1974,60
06/29/1975,65
06/29/1976,79
06/29/1977,86
06/29/1978,84
06/29/1979,87
06/29/1980,73
06/29/1981,96
06/29/1982,102
06/29/1983,104
06/29/1984,102
06/29/1985,83
06/29/1986,74
06/29/1987,103
06/29/1988,107
06/29/1989,113
06/29/1990,126
06/29/1991,88
06/29/1992,96
06/29/1993,88
06/29/1994,118
06/29/1995,127
06/29/1996,88
06/29/1997,76
06/29/1998,102
06/29/1999,116
06/29/2000,126
06/29/2001,105
06/29/2002,64
06/29/2003,52
06/29/2004,119
06/29/2005,84
06/29/2006,92
06/29/2007,44
06/30/1920,1
06/30/1926,1
06/30/1927,1
06/30/1929,5
06/30/1930,4
06/30/1931,3
06/30/1932,3
06/30/1933,8
06/30/1934,16
06/30/1935,5
06/30/1936,15
06/30/1937,13
06/30/1938,21
06/30/1939,23
06/30/1940,31
06/30/1941,23
06/30/1942,25
06/30/1943,44
06/30/1944,35
06/30/1945,35
06/30/1946,51
06/30/1947,60
06/30/1948,56
06/30/1949,75
06/30/1950,75
06/30/1951,81
06/30/1952,72
06/30/1953,71
06/30/1954,75
06/30/1955,103
06/30/1956,78
06/30/1957,93
06/30/1958,94
06/30/1959,99
06/30/1960,94
06/30/1961,78
06/30/1962,94
06/30/1963,76
06/30/1964,107
06/30/1965,72
06/30/1966,83
06/30/1967,68
06/30/1968,70
06/30/1969,90
06/30/1970,102
06/30/1971,81
06/30/1972,90
06/30/1973,63
06/30/1974,65
06/30/1975,86
06/30/1976,89
06/30/1977,74
06/30/1978,92
06/30/1979,87
06/30/1980,78
06/30/1981,85
06/30/1982,108
06/30/1983,113
06/30/1984,75
06/30/1985,69
06/30/1986,123
06/30/1987,94
06/30/1988,101
06/30/1989,96
06/30/1990,83
06/30/1991,67
06/30/1992,111
06/30/1993,102
06/30/1994,101
06/30/1995,101
06/30/1996,81
06/30/1997,94
06/30/1998,119
06/30/1999,89
06/30/2000,113
06/30/2001,81
06/30/2002,60
06/30/2003,89
06/30/2004,109
06/30/2005,107
06/30/2006,105
06/30/2007,32
07/01/1925,2
07/01/1926,2
07/01/1927,2
07/01/1928,1
07/01/1929,3
07/01/1930,6
07/01/1931,4
07/01/1932,6
07/01/1933,7
07/01/1934,7
07/01/1935,14
07/01/1936,17
07/01/1937,15
07/01/1938,19
07/01/1939,21
07/01/1940,22
07/01/1941,22
07/01/1942,24
07/01/1943,29
07/01/1944,39
07/01/1945,40
07/01/1946,39
07/01/1947,55
07/01/1948,51
07/01/1949,69
07/01/1950,70
07/01/1951,59
07/01/1952,95
07/01/1953,82
07/01/1954,88
07/01/1955,94
07/01/1956,90
07/01/1957,100
07/01/1958,100
07/01/1959,109
07/01/1960,103
07/01/1961,87
07/01/1962,91
07/01/1963,101
07/01/1964,118
07/01/1965,80
07/01/1966,79
07/01/1967,76
07/01/1968,72
07/01/1969,96
07/01/1970,81
07/01/1971,84
07/01/1972,73
07/01/1973,72
07/01/1974,89
07/01/1975,86
07/01/1976,89
07/01/1977,91
07/01/1978,74
07/01/1979,69
07/01/1980,98
07/01/1981,87
07/01/1982,102
07/01/1983,95
07/01/1984,85
07/01/1985,116
07/01/1986,103
07/01/1987,109
07/01/1988,115
07/01/1989,79
07/01/1990,85
07/01/1991,116
07/01/1992,89
07/01/1993,115
07/01/1994,119
07/01/1995,76
07/01/1996,100
07/01/1997,122
07/01/1998,113
07/01/1999,130
07/01/2000,69
07/01/2001,64
07/01/2002,111
07/01/2003,115
07/01/2004,106
07/01/2005,95
07/01/2006,55
07/01/2007,32
07/02/1923,2
07/02/1924,1
07/02/1925,2
07/02/1927,1
07/02/1928,3
07/02/1929,4
07/02/1930,1
07/02/1931,5
07/02/1932,8
07/02/1933,9
07/02/1934,15
07/02/1935,13
07/02/1936,16
07/02/1937,20
07/02/1938,21
07/02/1939,19
07/02/1940,25
07/02/1941,25
07/02/1942,28
07/02/1943,40
07/02/1944,35
07/02/1945,37
07/02/1946,59
07/02/1947,47
07/02/1948,56
07/02/1949,56
07/02/1950,64
07/02/1951,61
07/02/1952,75
07/02/1953,86
07/02/1954,69
07/02/1955,81
07/02/1956,93
07/02/1957,65
07/02/1958,103
07/02/1959,91
07/02/1960,76
07/02/1961,76
07/02/1962,82
07/02/1963,104
07/02/1964,83
07/02/1965,83
07/02/1966,86
07/02/1967,61
07/02/1968,84
07/02/1969,99
07/02/1970,77
07/02/1971,98
07/02/1972,46
07/02/1973,89
07/02/1974,98
07/02/1975,79
07/02/1976,73
07/02/1977,70
07/02/1978,70
07/02/1979,80
07/02/1980,101
07/02/1981,90
07/02/1982,80
07/02/1983,77
07/02/1984,104
07/02/1985,105
07/02/1986,100
07/02/1987,101
07/02/1988,89
07/02/1989,81
07/02/1990,97
07/02/1991,133
07/02/1992,110
07/02/1993,118
07/02/1994,84
07/02/1995,61
07/02/1996,132
07/02/1997,122
07/02/1998,98
07/02/1999,110
07/02/2000,61
07/02/2001,118
07/02/2002,135
07/02/2003,126
07/02/2004,115
07/02/2005,38
07/02/2006,34
07/02/2007,45
07/03/1917,1
07/03/1922,1
07/03/1925,1
07/03/1926,2
07/03/1927,2
07/03/1928,3
07/03/1929,3
07/03/1930,2
07/03/1931,3
07/03/1932,8
07/03/1933,5
07/03/1934,12
07/03/1935,6
07/03/1936,11
07/03/1937,18
07/03/1938,10
07/03/1939,17
07/03/1940,31
07/03/1941,33
07/03/1942,29
07/03/1943,28
07/03/1944,42
07/03/1945,35
07/03/1946,46
07/03/1947,49
07/03/1948,67
07/03/1949,57
07/03/1950,58
07/03/1951,69
07/03/1952,77
07/03/1953,81
07/03/1954,87
07/03/1955,93
07/03/1956,96
07/03/1957,94
07/03/1958,102
07/03/1959,99
07/03/1960,78
07/03/1961,95
07/03/1962,88
07/03/1963,92
07/03/1964,90
07/03/1965,78
07/03/1966,82
07/03/1967,79
07/03/1968,82
07/03/1969,93
07/03/1970,72
07/03/1971,75
07/03/1972,67
07/03/1973,103
07/03/1974,82
07/03/1975,73
07/03/1976,72
07/03/1977,82
07/03/1978,92
07/03/1979,104
07/03/1980,90
07/03/1981,98
07/03/1982,87
07/03/1983,72
07/03/1984,94
07/03/1985,82
07/03/1986,105
07/03/1987,86
07/03/1988,80
07/03/1989,77
07/03/1990,130
07/03/1991,105
07/03/1992,85
07/03/1993,69
07/03/1994,74
07/03/1995,108
07/03/1996,132
07/03/1997,122
07/03/1998,95
07/03/1999,67
07/03/2000,89
07/03/2001,126
07/03/2002,113
07/03/2003,98
07/03/2004,67
07/03/2005,38
07/03/2006,70
07/03/2007,55
07/04/1922,1
07/04/1923,1
07/04/1927,3
07/04/1928,3
07/04/1929,6
07/04/1930,2
07/04/1931,1
07/04/1932,5
07/04/1933,5
07/04/1934,14
07/04/1935,9
07/04/1936,7
07/04/1937,25
07/04/1938,15
07/04/1939,19
07/04/1940,18
07/04/1941,26
07/04/1942,24
07/04/1943,43
07/04/1944,36
07/04/1945,40
07/04/1946,42
07/04/1947,53
07/04/1948,67
07/04/1949,59
07/04/1950,56
07/04/1951,64
07/04/1952,66
07/04/1953,69
07/04/1954,86
07/04/1955,78
07/04/1956,93
07/04/1957,78
07/04/1958,73
07/04/1959,80
07/04/1960,92
07/04/1961,76
07/04/1962,90
07/04/1963,98
07/04/1964,71
07/04/1965,69
07/04/1966,65
07/04/1967,76
07/04/1968,78
07/04/1969,82
07/04/1970,81
07/04/1971,71
07/04/1972,66
07/04/1973,80
07/04/1974,61
07/04/1975,56
07/04/1976,61
07/04/1977,78
07/04/1978,54
07/04/1979,75
07/04/1980,72
07/04/1981,70
07/04/1982,86
07/04/1983,104
07/04/1984,75
07/04/1985,84
07/04/1986,83
07/04/1987,77
07/04/1988,78
07/04/1989,73
07/04/1990,77
07/04/1991,91
07/04/1992,73
07/04/1993,66
07/04/1994,67
07/04/1995,71
07/04/1996,75
07/04/1997,77
07/04/1998,69
07/04/1999,70
07/04/2000,85
07/04/2001,90
07/04/2002,58
07/04/2003,73
07/04/2004,47
07/04/2005,34
07/04/2006,55
07/04/2007,28
07/05/1924,1
07/05/1925,1
07/05/1927,3
07/05/1928,1
07/05/1929,4
07/05/1930,7
07/05/1931,9
07/05/1932,4
07/05/1933,7
07/05/1934,3
07/05/1935,9
07/05/1936,15
07/05/1937,16
07/05/1938,21
07/05/1939,14
07/05/1940,20
07/05/1941,30
07/05/1942,28
07/05/1943,35
07/05/1944,29
07/05/1945,39
07/05/1946,41
07/05/1947,55
07/05/1948,67
07/05/1949,56
07/05/1950,66
07/05/1951,72
07/05/1952,72
07/05/1953,96
07/05/1954,70
07/05/1955,67
07/05/1956,88
07/05/1957,102
07/05/1958,76
07/05/1959,92
07/05/1960,78
07/05/1961,97
07/05/1962,97
07/05/1963,86
07/05/1964,86
07/05/1965,70
07/05/1966,89
07/05/1967,56
07/05/1968,71
07/05/1969,85
07/05/1970,73
07/05/1971,83
07/05/1972,68
07/05/1973,81
07/05/1974,82
07/05/1975,66
07/05/1976,73
07/05/1977,68
07/05/1978,90
07/05/1979,81
07/05/1980,70
07/05/1981,84
07/05/1982,78
07/05/1983,104
07/05/1984,112
07/05/1985,97
07/05/1986,84
07/05/1987,76
07/05/1988,113
07/05/1989,108
07/05/1990,99
07/05/1991,95
07/05/1992,84
07/05/1993,77
07/05/1994,96
07/05/1995,91
07/05/1996,85
07/05/1997,65
07/05/1998,61
07/05/1999,55
07/05/2000,128
07/05/2001,109
07/05/2002,100
07/05/2003,52
07/05/2004,70
07/05/2005,93
07/05/2006,92
07/05/2007,35
07/06/1925,1
07/06/1926,1
07/06/1927,2
07/06/1928,1
07/06/1929,4
07/06/1930,4
07/06/1931,5
07/06/1932,3
07/06/1933,5
07/06/1934,7
07/06/1935,15
07/06/1936,11
07/06/1937,13
07/06/1938,18
07/06/1939,20
07/06/1940,24
07/06/1941,26
07/06/1942,28
07/06/1943,42
07/06/1944,33
07/06/1945,40
07/06/1946,40
07/06/1947,37
07/06/1948,56
07/06/1949,63
07/06/1950,65
07/06/1951,73
07/06/1952,71
07/06/1953,93
07/06/1954,81
07/06/1955,80
07/06/1956,102
07/06/1957,96
07/06/1958,72
07/06/1959,100
07/06/1960,101
07/06/1961,113
07/06/1962,87
07/06/1963,74
07/06/1964,77
07/06/1965,82
07/06/1966,80
07/06/1967,74
07/06/1968,70
07/06/1969,79
07/06/1970,92
07/06/1971,87
07/06/1972,61
07/06/1973,86
07/06/1974,81
07/06/1975,79
07/06/1976,92
07/06/1977,88
07/06/1978,94
07/06/1979,91
07/06/1980,82
07/06/1981,106
07/06/1982,109
07/06/1983,101
07/06/1984,117
07/06/1985,79
07/06/1986,74
07/06/1987,87
07/06/1988,96
07/06/1989,120
07/06/1990,85
07/06/1991,78
07/06/1992,93
07/06/1993,97
07/06/1994,97
07/06/1995,109
07/06/1996,76
07/06/1997,71
07/06/1998,96
07/06/1999,113
07/06/2000,112
07/06/2001,107
07/06/2002,53
07/06/2003,66
07/06/2004,113
07/06/2005,100
07/06/2006,105
07/06/2007,45
07/07/1921,1
07/07/1926,1
07/07/1927,4
07/07/1928,1
07/07/1929,3
07/07/1930,4
07/07/1931,5
07/07/1932,5
07/07/1933,5
07/07/1934,11
07/07/1935,12
07/07/1936,11
07/07/1937,18
07/07/1938,21
07/07/1939,29
07/07/1940,15
07/07/1941,30
07/07/1942,41
07/07/1943,35
07/07/1944,43
07/07/1945,38
07/07/1946,48
07/07/1947,74
07/07/1948,64
07/07/1949,72
07/07/1950,68
07/07/1951,86
07/07/1952,70
07/07/1953,87
07/07/1954,89
07/07/1955,101
07/07/1956,97
07/07/1957,85
07/07/1958,83
07/07/1959,91
07/07/1960,120
07/07/1961,102
07/07/1962,89
07/07/1963,91
07/07/1964,105
07/07/1965,72
07/07/1966,79
07/07/1967,70
07/07/1968,62
07/07/1969,83
07/07/1970,113
07/07/1971,77
07/07/1972,75
07/07/1973,68
07/07/1974,80
07/07/1975,76
07/07/1976,99
07/07/1977,102
07/07/1978,84
07/07/1979,79
07/07/1980,102
07/07/1981,111
07/07/1982,106
07/07/1983,99
07/07/1984,103
07/07/1985,73
07/07/1986,95
07/07/1987,109
07/07/1988,118
07/07/1989,130
07/07/1990,101
07/07/1991,71
07/07/1992,129
07/07/1993,91
07/07/1994,125
07/07/1995,124
07/07/1996,68
07/07/1997,92
07/07/1998,113
07/07/1999,127
07/07/2000,129
07/07/2001,75
07/07/2002,71
07/07/2003,96
07/07/2004,124
07/07/2005,90
07/07/2006,114
07/07/2007,28
07/08/1922,1
07/08/1925,3
07/08/1928,2
07/08/1929,1
07/08/1930,4
07/08/1931,6
07/08/1932,7
07/08/1933,11
07/08/1934,9
07/08/1935,11
07/08/1936,17
07/08/1937,19
07/08/1938,18
07/08/1939,32
07/08/1940,23
07/08/1941,28
07/08/1942,49
07/08/1943,38
07/08/1944,38
07/08/1945,33
07/08/1946,50
07/08/1947,68
07/08/1948,62
07/08/1949,79
07/08/1950,71
07/08/1951,63
07/08/1952,92
07/08/1953,90
07/08/1954,98
07/08/1955,97
07/08/1956,84
07/08/1957,101
07/08/1958,100
07/08/1959,86
07/08/1960,101
07/08/1961,86
07/08/1962,68
07/08/1963,75
07/08/1964,90
07/08/1965,90
07/08/1966,88
07/08/1967,79
07/08/1968,96
07/08/1969,83
07/08/1970,105
07/08/1971,73
07/08/1972,76
07/08/1973,75
07/08/1974,66
07/08/1975,101
07/08/1976,82
07/08/1977,86
07/08/1978,83
07/08/1979,74
07/08/1980,119
07/08/1981,99
07/08/1982,121
07/08/1983,89
07/08/1984,80
07/08/1985,97
07/08/1986,129
07/08/1987,101
07/08/1988,106
07/08/1989,100
07/08/1990,78
07/08/1991,103
07/08/1992,98
07/08/1993,126
07/08/1994,98
07/08/1995,72
07/08/1996,105
07/08/1997,128
07/08/1998,133
07/08/1999,107
07/08/2000,86
07/08/2001,67
07/08/2002,117
07/08/2003,89
07/08/2004,116
07/08/2005,96
07/08/2006,46
07/08/2007,17
07/09/1914,1
07/09/1926,3
07/09/1927,3
07/09/1928,3
07/09/1929,2
07/09/1930,8
07/09/1931,6
07/09/1932,8
07/09/1933,11
07/09/1934,9
07/09/1935,14
07/09/1936,15
07/09/1937,16
07/09/1938,19
07/09/1939,26
07/09/1940,22
07/09/1941,30
07/09/1942,33
07/09/1943,36
07/09/1944,42
07/09/1945,28
07/09/1946,56
07/09/1947,56
07/09/1948,71
07/09/1949,56
07/09/1950,64
07/09/1951,71
07/09/1952,59
07/09/1953,69
07/09/1954,77
07/09/1955,86
07/09/1956,85
07/09/1957,88
07/09/1958,94
07/09/1959,89
07/09/1960,93
07/09/1961,80
07/09/1962,104
07/09/1963,71
07/09/1964,89
07/09/1965,78
07/09/1966,82
07/09/1967,79
07/09/1968,106
07/09/1969,99
07/09/1970,80
07/09/1971,81
07/09/1972,72
07/09/1973,78
07/09/1974,83
07/09/1975,91
07/09/1976,89
07/09/1977,85
07/09/1978,81
07/09/1979,108
07/09/1980,94
07/09/1981,95
07/09/1982,100
07/09/1983,84
07/09/1984,105
07/09/1985,104
07/09/1986,101
07/09/1987,100
07/09/1988,77
07/09/1989,67
07/09/1990,100
07/09/1991,100
07/09/1992,99
07/09/1993,93
07/09/1994,83
07/09/1995,64
07/09/1996,124
07/09/1997,112
07/09/1998,120
07/09/1999,113
07/09/2000,69
07/09/2001,82
07/09/2002,111
07/09/2003,110
07/09/2004,114
07/09/2005,60
07/09/2006,44
07/09/2007,51
07/10/1925,1
07/10/1926,1
07/10/1927,6
07/10/1928,4
07/10/1929,1
07/10/1930,3
07/10/1931,7
07/10/1932,15
07/10/1933,10
07/10/1934,6
07/10/1935,10
07/10/1936,18
07/10/1937,23
07/10/1938,23
07/10/1939,25
07/10/1940,33
07/10/1941,43
07/10/1942,40
07/10/1943,36
07/10/1944,49
07/10/1945,36
07/10/1946,67
07/10/1947,59
07/10/1948,53
07/10/1949,51
07/10/1950,57
07/10/1951,74
07/10/1952,71
07/10/1953,75
07/10/1954,92
07/10/1955,74
07/10/1956,95
07/10/1957,93
07/10/1958,98
07/10/1959,81
07/10/1960,82
07/10/1961,84
07/10/1962,108
07/10/1963,104
07/10/1964,82
07/10/1965,72
07/10/1966,73
07/10/1967,77
07/10/1968,76
07/10/1969,85
07/10/1970,85
07/10/1971,92
07/10/1972,77
07/10/1973,91
07/10/1974,77
07/10/1975,74
07/10/1976,64
07/10/1977,74
07/10/1978,85
07/10/1979,79
07/10/1980,102
07/10/1981,105
07/10/1982,87
07/10/1983,72
07/10/1984,101
07/10/1985,89
07/10/1986,100
07/10/1987,105
07/10/1988,87
07/10/1989,95
07/10/1990,116
07/10/1991,115
07/10/1992,88
07/10/1993,74
07/10/1994,79
07/10/1995,108
07/10/1996,101
07/10/1997,89
07/10/1998,102
07/10/1999,61
07/10/2000,104
07/10/2001,122
07/10/2002,122
07/10/2003,94
07/10/2004,46
07/10/2005,45
07/10/2006,92
07/10/2007,58
07/10/2008,1
07/11/1922,1
07/11/1924,1
07/11/1925,2
07/11/1927,2
07/11/1928,2
07/11/1929,4
07/11/1930,7
07/11/1931,6
07/11/1932,9
07/11/1933,7
07/11/1934,12
07/11/1935,13
07/11/1936,12
07/11/1937,18
07/11/1938,18
07/11/1939,27
07/11/1940,21
07/11/1941,27
07/11/1942,38
07/11/1943,32
07/11/1944,37
07/11/1945,43
07/11/1946,43
07/11/1947,71
07/11/1948,53
07/11/1949,56
07/11/1950,66
07/11/1951,77
07/11/1952,68
07/11/1953,98
07/11/1954,82
07/11/1955,74
07/11/1956,92
07/11/1957,104
07/11/1958,88
07/11/1959,96
07/11/1960,119
07/11/1961,110
07/11/1962,75
07/11/1963,87
07/11/1964,84
07/11/1965,76
07/11/1966,85
07/11/1967,82
07/11/1968,84
07/11/1969,88
07/11/1970,77
07/11/1971,64
07/11/1972,84
07/11/1973,72
07/11/1974,67
07/11/1975,76
07/11/1976,63
07/11/1977,102
07/11/1978,85
07/11/1979,95
07/11/1980,110
07/11/1981,98
07/11/1982,86
07/11/1983,111
07/11/1984,98
07/11/1985,90
07/11/1986,96
07/11/1987,80
07/11/1988,120
07/11/1989,105
07/11/1990,102
07/11/1991,127
07/11/1992,88
07/11/1993,65
07/11/1994,102
07/11/1995,90
07/11/1996,117
07/11/1997,137
07/11/1998,82
07/11/1999,62
07/11/2000,112
07/11/2001,113
07/11/2002,113
07/11/2003,97
07/11/2004,53
07/11/2005,87
07/11/2006,94
07/11/2007,59
07/12/1922,1
07/12/1924,2
07/12/1927,1
07/12/1928,4
07/12/1929,5
07/12/1930,7
07/12/1931,7
07/12/1932,4
07/12/1933,11
07/12/1934,6
07/12/1935,13
07/12/1936,23
07/12/1937,20
07/12/1938,23
07/12/1939,20
07/12/1940,18
07/12/1941,30
07/12/1942,26
07/12/1943,49
07/12/1944,47
07/12/1945,46
07/12/1946,58
07/12/1947,57
07/12/1948,61
07/12/1949,55
07/12/1950,70
07/12/1951,65
07/12/1952,96
07/12/1953,90
07/12/1954,79
07/12/1955,98
07/12/1956,110
07/12/1957,88
07/12/1958,81
07/12/1959,76
07/12/1960,104
07/12/1961,102
07/12/1962,106
07/12/1963,96
07/12/1964,83
07/12/1965,99
07/12/1966,87
07/12/1967,86
07/12/1968,83
07/12/1969,76
07/12/1970,82
07/12/1971,90
07/12/1972,85
07/12/1973,71
07/12/1974,79
07/12/1975,74
07/12/1976,91
07/12/1977,80
07/12/1978,71
07/12/1979,88
07/12/1980,78
07/12/1981,88
07/12/1982,100
07/12/1983,104
07/12/1984,113
07/12/1985,117
07/12/1986,79
07/12/1987,74
07/12/1988,85
07/12/1989,101
07/12/1990,123
07/12/1991,127
07/12/1992,67
07/12/1993,100
07/12/1994,112
07/12/1995,126
07/12/1996,82
07/12/1997,63
07/12/1998,69
07/12/1999,92
07/12/2000,119
07/12/2001,85
07/12/2002,115
07/12/2003,58
07/12/2004,103
07/12/2005,97
07/12/2006,98
07/12/2007,43
07/13/1920,1
07/13/1923,1
07/13/1927,3
07/13/1928,3
07/13/1929,4
07/13/1930,4
07/13/1931,5
07/13/1932,5
07/13/1933,9
07/13/1934,7
07/13/1935,17
07/13/1936,14
07/13/1937,15
07/13/1938,23
07/13/1939,34
07/13/1940,20
07/13/1941,23
07/13/1942,33
07/13/1943,44
07/13/1944,43
07/13/1945,34
07/13/1946,56
07/13/1947,76
07/13/1948,61
07/13/1949,57
07/13/1950,67
07/13/1951,70
07/13/1952,76
07/13/1953,93
07/13/1954,99
07/13/1955,71
07/13/1956,78
07/13/1957,103
07/13/1958,91
07/13/1959,88
07/13/1960,108
07/13/1961,95
07/13/1962,88
07/13/1963,83
07/13/1964,77
07/13/1965,96
07/13/1966,83
07/13/1967,82
07/13/1968,80
07/13/1969,104
07/13/1970,79
07/13/1971,96
07/13/1972,79
07/13/1973,71
07/13/1974,78
07/13/1975,66
07/13/1976,96
07/13/1977,89
07/13/1978,105
07/13/1979,87
07/13/1980,84
07/13/1981,107
07/13/1982,96
07/13/1983,104
07/13/1984,102
07/13/1985,81
07/13/1986,88
07/13/1987,97
07/13/1988,104
07/13/1989,95
07/13/1990,103
07/13/1991,67
07/13/1992,90
07/13/1993,99
07/13/1994,116
07/13/1995,108
07/13/1996,82
07/13/1997,69
07/13/1998,105
07/13/1999,105
07/13/2000,129
07/13/2001,84
07/13/2002,68
07/13/2003,61
07/13/2004,88
07/13/2005,92
07/13/2006,94
07/13/2007,47
07/14/1924,1
07/14/1925,1
07/14/1926,2
07/14/1927,3
07/14/1928,5
07/14/1929,2
07/14/1930,1
07/14/1931,2
07/14/1932,11
07/14/1933,4
07/14/1934,9
07/14/1935,14
07/14/1936,16
07/14/1937,23
07/14/1938,24
07/14/1939,22
07/14/1940,22
07/14/1941,24
07/14/1942,30
07/14/1943,40
07/14/1944,35
07/14/1945,44
07/14/1946,42
07/14/1947,59
07/14/1948,59
07/14/1949,66
07/14/1950,43
07/14/1951,72
07/14/1952,83
07/14/1953,82
07/14/1954,82
07/14/1955,96
07/14/1956,97
07/14/1957,80
07/14/1958,87
07/14/1959,99
07/14/1960,114
07/14/1961,85
07/14/1962,103
07/14/1963,83
07/14/1964,90
07/14/1965,99
07/14/1966,68
07/14/1967,90
07/14/1968,62
07/14/1969,73
07/14/1970,100
07/14/1971,80
07/14/1972,81
07/14/1973,73
07/14/1974,57
07/14/1975,77
07/14/1976,82
07/14/1977,91
07/14/1978,101
07/14/1979,85
07/14/1980,100
07/14/1981,105
07/14/1982,83
07/14/1983,86
07/14/1984,67
07/14/1985,80
07/14/1986,105
07/14/1987,118
07/14/1988,105
07/14/1989,91
07/14/1990,75
07/14/1991,67
07/14/1992,112
07/14/1993,96
07/14/1994,102
07/14/1995,100
07/14/1996,78
07/14/1997,90
07/14/1998,133
07/14/1999,112
07/14/2000,109
07/14/2001,73
07/14/2002,59
07/14/2003,104
07/14/2004,106
07/14/2005,103
07/14/2006,84
07/14/2007,29
07/15/1917,1
07/15/1919,1
07/15/1925,1
07/15/1926,3
07/15/1927,4
07/15/1928,1
07/15/1929,4
07/15/1930,7
07/15/1931,1
07/15/1932,9
07/15/1933,15
07/15/1934,13
07/15/1935,15
07/15/1936,15
07/15/1937,15
07/15/1938,25
07/15/1939,28
07/15/1940,32
07/15/1941,24
07/15/1942,31
07/15/1943,38
07/15/1944,39
07/15/1945,29
07/15/1946,42
07/15/1947,69
07/15/1948,55
07/15/1949,72
07/15/1950,70
07/15/1951,59
07/15/1952,96
07/15/1953,84
07/15/1954,93
07/15/1955,71
07/15/1956,79
07/15/1957,105
07/15/1958,79
07/15/1959,116
07/15/1960,111
07/15/1961,87
07/15/1962,84
07/15/1963,97
07/15/1964,104
07/15/1965,104
07/15/1966,84
07/15/1967,65
07/15/1968,82
07/15/1969,100
07/15/1970,98
07/15/1971,81
07/15/1972,75
07/15/1973,67
07/15/1974,67
07/15/1975,76
07/15/1976,83
07/15/1977,83
07/15/1978,86
07/15/1979,84
07/15/1980,90
07/15/1981,118
07/15/1982,112
07/15/1983,97
07/15/1984,89
07/15/1985,98
07/15/1986,124
07/15/1987,110
07/15/1988,116
07/15/1989,108
07/15/1990,82
07/15/1991,97
07/15/1992,102
07/15/1993,106
07/15/1994,96
07/15/1995,69
07/15/1996,114
07/15/1997,115
07/15/1998,118
07/15/1999,113
07/15/2000,93
07/15/2001,58
07/15/2002,102
07/15/2003,113
07/15/2004,128
07/15/2005,80
07/15/2006,46
07/15/2007,21
07/16/1920,1
07/16/1921,1
07/16/1925,1
07/16/1926,4
07/16/1929,4
07/16/1930,2
07/16/1931,11
07/16/1932,6
07/16/1933,9
07/16/1934,11
07/16/1935,12
07/16/1936,16
07/16/1937,14
07/16/1938,13
07/16/1939,16
07/16/1940,24
07/16/1941,26
07/16/1942,42
07/16/1943,36
07/16/1944,38
07/16/1945,46
07/16/1946,51
07/16/1947,53
07/16/1948,64
07/16/1949,67
07/16/1950,90
07/16/1951,64
07/16/1952,68
07/16/1953,74
07/16/1954,88
07/16/1955,94
07/16/1956,86
07/16/1957,90
07/16/1958,95
07/16/1959,72
07/16/1960,103
07/16/1961,95
07/16/1962,98
07/16/1963,87
07/16/1964,108
07/16/1965,78
07/16/1966,76
07/16/1967,72
07/16/1968,102
07/16/1969,87
07/16/1970,103
07/16/1971,79
07/16/1972,72
07/16/1973,81
07/16/1974,83
07/16/1975,82
07/16/1976,74
07/16/1977,84
07/16/1978,70
07/16/1979,85
07/16/1980,116
07/16/1981,106
07/16/1982,109
07/16/1983,81
07/16/1984,94
07/16/1985,106
07/16/1986,110
07/16/1987,110
07/16/1988,99
07/16/1989,65
07/16/1990,103
07/16/1991,123
07/16/1992,90
07/16/1993,134
07/16/1994,73
07/16/1995,69
07/16/1996,121
07/16/1997,106
07/16/1998,131
07/16/1999,103
07/16/2000,65
07/16/2001,108
07/16/2002,120
07/16/2003,91
07/16/2004,110
07/16/2005,50
07/16/2006,50
07/16/2007,43
07/17/1916,1
07/17/1919,1
07/17/1922,1
07/17/1923,1
07/17/1924,2
07/17/1927,2
07/17/1928,2
07/17/1929,5
07/17/1930,3
07/17/1931,3
07/17/1932,8
07/17/1933,3
07/17/1934,12
07/17/1935,10
07/17/1936,15
07/17/1937,18
07/17/1938,20
07/17/1939,28
07/17/1940,24
07/17/1941,42
07/17/1942,41
07/17/1943,36
07/17/1944,43
07/17/1945,44
07/17/1946,58
07/17/1947,67
07/17/1948,53
07/17/1949,60
07/17/1950,58
07/17/1951,82
07/17/1952,92
07/17/1953,61
07/17/1954,79
07/17/1955,81
07/17/1956,102
07/17/1957,90
07/17/1958,93
07/17/1959,97
07/17/1960,92
07/17/1961,87
07/17/1962,81
07/17/1963,107
07/17/1964,95
07/17/1965,85
07/17/1966,67
07/17/1967,99
07/17/1968,82
07/17/1969,90
07/17/1970,97
07/17/1971,74
07/17/1972,66
07/17/1973,91
07/17/1974,70
07/17/1975,72
07/17/1976,82
07/17/1977,58
07/17/1978,89
07/17/1979,83
07/17/1980,89
07/17/1981,111
07/17/1982,115
07/17/1983,87
07/17/1984,120
07/17/1985,98
07/17/1986,93
07/17/1987,126
07/17/1988,72
07/17/1989,126
07/17/1990,104
07/17/1991,98
07/17/1992,103
07/17/1993,74
07/17/1994,66
07/17/1995,91
07/17/1996,103
07/17/1997,103
07/17/1998,103
07/17/1999,76
07/17/2000,113
07/17/2001,123
07/17/2002,118
07/17/2003,128
07/17/2004,72
07/17/2005,40
07/17/2006,94
07/17/2007,61
07/18/1921,1
07/18/1922,1
07/18/1924,1
07/18/1926,2
07/18/1927,3
07/18/1928,1
07/18/1929,2
07/18/1930,4
07/18/1931,3
07/18/1932,8
07/18/1933,8
07/18/1934,7
07/18/1935,8
07/18/1936,13
07/18/1937,21
07/18/1938,19
07/18/1939,24
07/18/1940,20
07/18/1941,27
07/18/1942,38
07/18/1943,37
07/18/1944,38
07/18/1945,43
07/18/1946,68
07/18/1947,48
07/18/1948,49
07/18/1949,66
07/18/1950,56
07/18/1951,71
07/18/1952,88
07/18/1953,75
07/18/1954,88
07/18/1955,96
07/18/1956,93
07/18/1957,97
07/18/1958,96
07/18/1959,105
07/18/1960,89
07/18/1961,117
07/18/1962,81
07/18/1963,96
07/18/1964,79
07/18/1965,78
07/18/1966,79
07/18/1967,89
07/18/1968,87
07/18/1969,89
07/18/1970,88
07/18/1971,65
07/18/1972,78
07/18/1973,66
07/18/1974,85
07/18/1975,91
07/18/1976,72
07/18/1977,74
07/18/1978,83
07/18/1979,101
07/18/1980,114
07/18/1981,84
07/18/1982,89
07/18/1983,98
07/18/1984,98
07/18/1985,102
07/18/1986,102
07/18/1987,73
07/18/1988,94
07/18/1989,116
07/18/1990,107
07/18/1991,94
07/18/1992,91
07/18/1993,69
07/18/1994,90
07/18/1995,115
07/18/1996,105
07/18/1997,122
07/18/1998,85
07/18/1999,65
07/18/2000,108
07/18/2001,126
07/18/2002,141
07/18/2003,118
07/18/2004,57
07/18/2005,89
07/18/2006,105
07/18/2007,33
07/19/1910,1
07/19/1920,1
07/19/1925,1
07/19/1927,6
07/19/1928,3
07/19/1929,4
07/19/1930,4
07/19/1931,4
07/19/1932,10
07/19/1933,7
07/19/1934,10
07/19/1935,16
07/19/1936,23
07/19/1937,16
07/19/1938,22
07/19/1939,22
07/19/1940,20
07/19/1941,31
07/19/1942,25
07/19/1943,35
07/19/1944,38
07/19/1945,43
07/19/1946,46
07/19/1947,56
07/19/1948,68
07/19/1949,63
07/19/1950,62
07/19/1951,63
07/19/1952,84
07/19/1953,90
07/19/1954,103
07/19/1955,93
07/19/1956,94
07/19/1957,91
07/19/1958,96
07/19/1959,93
07/19/1960,95
07/19/1961,84
07/19/1962,73
07/19/1963,85
07/19/1964,82
07/19/1965,105
07/19/1966,68
07/19/1967,80
07/19/1968,74
07/19/1969,57
07/19/1970,76
07/19/1971,101
07/19/1972,84
07/19/1973,80
07/19/1974,94
07/19/1975,71
07/19/1976,68
07/19/1977,85
07/19/1978,84
07/19/1979,88
07/19/1980,80
07/19/1981,72
07/19/1982,101
07/19/1983,116
07/19/1984,101
07/19/1985,117
07/19/1986,79
07/19/1987,80
07/19/1988,104
07/19/1989,97
07/19/1990,101
07/19/1991,96
07/19/1992,70
07/19/1993,80
07/19/1994,104
07/19/1995,125
07/19/1996,106
07/19/1997,90
07/19/1998,68
07/19/1999,103
07/19/2000,115
07/19/2001,115
07/19/2002,98
07/19/2003,68
07/19/2004,108
07/19/2005,85
07/19/2006,86
07/19/2007,50
07/20/1914,1
07/20/1920,1
07/20/1923,1
07/20/1925,1
07/20/1926,2
07/20/1927,2
07/20/1928,4
07/20/1929,5
07/20/1930,4
07/20/1931,6
07/20/1932,6
07/20/1933,11
07/20/1934,12
07/20/1935,15
07/20/1936,24
07/20/1937,13
07/20/1938,24
07/20/1939,17
07/20/1940,19
07/20/1941,34
07/20/1942,25
07/20/1943,43
07/20/1944,44
07/20/1945,38
07/20/1946,47
07/20/1947,59
07/20/1948,63
07/20/1949,68
07/20/1950,77
07/20/1951,70
07/20/1952,65
07/20/1953,90
07/20/1954,84
07/20/1955,105
07/20/1956,81
07/20/1957,89
07/20/1958,86
07/20/1959,105
07/20/1960,100
07/20/1961,97
07/20/1962,119
07/20/1963,96
07/20/1964,93
07/20/1965,99
07/20/1966,75
07/20/1967,102
07/20/1968,66
07/20/1969,58
07/20/1970,78
07/20/1971,70
07/20/1972,65
07/20/1973,82
07/20/1974,70
07/20/1975,70
07/20/1976,92
07/20/1977,98
07/20/1978,90
07/20/1979,88
07/20/1980,77
07/20/1981,89
07/20/1982,90
07/20/1983,102
07/20/1984,119
07/20/1985,84
07/20/1986,80
07/20/1987,92
07/20/1988,92
07/20/1989,84
07/20/1990,118
07/20/1991,94
07/20/1992,101
07/20/1993,99
07/20/1994,103
07/20/1995,131
07/20/1996,69
07/20/1997,58
07/20/1998,111
07/20/1999,92
07/20/2000,100
07/20/2001,111
07/20/2002,63
07/20/2003,55
07/20/2004,102
07/20/2005,96
07/20/2006,91
07/20/2007,45
07/21/1914,1
07/21/1919,1
07/21/1920,1
07/21/1921,1
07/21/1922,1
07/21/1924,1
07/21/1926,3
07/21/1927,2
07/21/1928,3
07/21/1929,4
07/21/1930,1
07/21/1931,6
07/21/1932,5
07/21/1933,6
07/21/1934,10
07/21/1935,14
07/21/1936,15
07/21/1937,26
07/21/1938,14
07/21/1939,26
07/21/1940,34
07/21/1941,28
07/21/1942,22
07/21/1943,35
07/21/1944,34
07/21/1945,48
07/21/1946,52
07/21/1947,48
07/21/1948,68
07/21/1949,67
07/21/1950,72
07/21/1951,74
07/21/1952,67
07/21/1953,97
07/21/1954,94
07/21/1955,83
07/21/1956,79
07/21/1957,90
07/21/1958,93
07/21/1959,101
07/21/1960,97
07/21/1961,113
07/21/1962,95
07/21/1963,79
07/21/1964,89
07/21/1965,82
07/21/1966,61
07/21/1967,80
07/21/1968,65
07/21/1969,82
07/21/1970,108
07/21/1971,99
07/21/1972,75
07/21/1973,80
07/21/1974,55
07/21/1975,83
07/21/1976,87
07/21/1977,81
07/21/1978,80
07/21/1979,78
07/21/1980,86
07/21/1981,100
07/21/1982,105
07/21/1983,127
07/21/1984,92
07/21/1985,79
07/21/1986,79
07/21/1987,107
07/21/1988,111
07/21/1989,94
07/21/1990,88
07/21/1991,62
07/21/1992,112
07/21/1993,99
07/21/1994,113
07/21/1995,125
07/21/1996,66
07/21/1997,115
07/21/1998,110
07/21/1999,123
07/21/2000,117
07/21/2001,79
07/21/2002,65
07/21/2003,109
07/21/2004,101
07/21/2005,94
07/21/2006,86
07/21/2007,22
07/22/1924,1
07/22/1926,1
07/22/1928,3
07/22/1929,4
07/22/1930,3
07/22/1931,9
07/22/1932,7
07/22/1933,20
07/22/1934,13
07/22/1935,17
07/22/1936,12
07/22/1937,15
07/22/1938,23
07/22/1939,23
07/22/1940,28
07/22/1941,38
07/22/1942,33
07/22/1943,49
07/22/1944,35
07/22/1945,46
07/22/1946,38
07/22/1947,63
07/22/1948,71
07/22/1949,67
07/22/1950,74
07/22/1951,73
07/22/1952,70
07/22/1953,93
07/22/1954,99
07/22/1955,90
07/22/1956,84
07/22/1957,95
07/22/1958,84
07/22/1959,100
07/22/1960,109
07/22/1961,99
07/22/1962,93
07/22/1963,82
07/22/1964,93
07/22/1965,83
07/22/1966,70
07/22/1967,89
07/22/1968,93
07/22/1969,102
07/22/1970,71
07/22/1971,90
07/22/1972,70
07/22/1973,71
07/22/1974,61
07/22/1975,77
07/22/1976,70
07/22/1977,96
07/22/1978,72
07/22/1979,79
07/22/1980,105
07/22/1981,98
07/22/1982,88
07/22/1983,90
07/22/1984,71
07/22/1985,91
07/22/1986,104
07/22/1987,99
07/22/1988,101
07/22/1989,90
07/22/1990,63
07/22/1991,94
07/22/1992,102
07/22/1993,106
07/22/1994,112
07/22/1995,78
07/22/1996,96
07/22/1997,117
07/22/1998,116
07/22/1999,119
07/22/2000,73
07/22/2001,64
07/22/2002,105
07/22/2003,109
07/22/2004,107
07/22/2005,88
07/22/2006,39
07/22/2007,24
07/23/1918,2
07/23/1923,1
07/23/1927,1
07/23/1928,3
07/23/1929,7
07/23/1930,6
07/23/1931,4
07/23/1932,5
07/23/1933,8
07/23/1934,5
07/23/1935,7
07/23/1936,14
07/23/1937,17
07/23/1938,18
07/23/1939,22
07/23/1940,31
07/23/1941,31
07/23/1942,26
07/23/1943,34
07/23/1944,41
07/23/1945,51
07/23/1946,48
07/23/1947,50
07/23/1948,51
07/23/1949,72
07/23/1950,78
07/23/1951,78
07/23/1952,84
07/23/1953,77
07/23/1954,94
07/23/1955,84
07/23/1956,93
07/23/1957,99
07/23/1958,81
07/23/1959,87
07/23/1960,86
07/23/1961,101
07/23/1962,102
07/23/1963,84
07/23/1964,85
07/23/1965,97
07/23/1966,75
07/23/1967,76
07/23/1968,81
07/23/1969,77
07/23/1970,78
07/23/1971,80
07/23/1972,74
07/23/1973,95
07/23/1974,72
07/23/1975,68
07/23/1976,96
07/23/1977,74
07/23/1978,67
07/23/1979,92
07/23/1980,107
07/23/1981,121
07/23/1982,119
07/23/1983,83
07/23/1984,92
07/23/1985,114
07/23/1986,99
07/23/1987,98
07/23/1988,87
07/23/1989,73
07/23/1990,114
07/23/1991,131
07/23/1992,96
07/23/1993,95
07/23/1994,86
07/23/1995,71
07/23/1996,99
07/23/1997,125
07/23/1998,114
07/23/1999,117
07/23/2000,83
07/23/2001,111
07/23/2002,99
07/23/2003,103
07/23/2004,102
07/23/2005,36
07/23/2006,43
07/23/2007,57
07/23/2008,1
07/24/1918,1
07/24/1926,2
07/24/1927,1
07/24/1928,4
07/24/1929,6
07/24/1930,1
07/24/1931,4
07/24/1932,5
07/24/1933,4
07/24/1934,8
07/24/1935,13
07/24/1936,18
07/24/1937,27
07/24/1938,20
07/24/1939,18
07/24/1940,22
07/24/1941,29
07/24/1942,29
07/24/1943,29
07/24/1944,32
07/24/1945,43
07/24/1946,53
07/24/1947,56
07/24/1948,58
07/24/1949,56
07/24/1950,59
07/24/1951,73
07/24/1952,92
07/24/1953,99
07/24/1954,97
07/24/1955,86
07/24/1956,103
07/24/1957,93
07/24/1958,95
07/24/1959,108
07/24/1960,90
07/24/1961,110
07/24/1962,94
07/24/1963,97
07/24/1964,100
07/24/1965,106
07/24/1966,66
07/24/1967,81
07/24/1968,85
07/24/1969,82
07/24/1970,83
07/24/1971,89
07/24/1972,90
07/24/1973,89
07/24/1974,79
07/24/1975,72
07/24/1976,66
07/24/1977,64
07/24/1978,77
07/24/1979,110
07/24/1980,106
07/24/1981,102
07/24/1982,101
07/24/1983,78
07/24/1984,104
07/24/1985,103
07/24/1986,114
07/24/1987,108
07/24/1988,73
07/24/1989,106
07/24/1990,100
07/24/1991,90
07/24/1992,109
07/24/1993,70
07/24/1994,67
07/24/1995,102
07/24/1996,107
07/24/1997,96
07/24/1998,102
07/24/1999,79
07/24/2000,108
07/24/2001,106
07/24/2002,108
07/24/2003,112
07/24/2004,70
07/24/2005,42
07/24/2006,84
07/24/2007,43
07/25/1921,1
07/25/1923,1
07/25/1924,1
07/25/1925,1
07/25/1926,1
07/25/1927,3
07/25/1928,2
07/25/1929,3
07/25/1930,1
07/25/1931,3
07/25/1932,9
07/25/1933,7
07/25/1934,13
07/25/1935,12
07/25/1936,8
07/25/1937,18
07/25/1938,17
07/25/1939,26
07/25/1940,20
07/25/1941,42
07/25/1942,39
07/25/1943,37
07/25/1944,51
07/25/1945,43
07/25/1946,62
07/25/1947,54
07/25/1948,49
07/25/1949,48
07/25/1950,85
07/25/1951,67
07/25/1952,84
07/25/1953,66
07/25/1954,69
07/25/1955,82
07/25/1956,107
07/25/1957,93
07/25/1958,71
07/25/1959,85
07/25/1960,104
07/25/1961,117
07/25/1962,76
07/25/1963,99
07/25/1964,76
07/25/1965,68
07/25/1966,89
07/25/1967,73
07/25/1968,79
07/25/1969,83
07/25/1970,79
07/25/1971,72
07/25/1972,63
07/25/1973,74
07/25/1974,82
07/25/1975,85
07/25/1976,76
07/25/1977,82
07/25/1978,100
07/25/1979,99
07/25/1980,106
07/25/1981,90
07/25/1982,85
07/25/1983,87
07/25/1984,102
07/25/1985,132
07/25/1986,116
07/25/1987,86
07/25/1988,106
07/25/1989,99
07/25/1990,110
07/25/1991,98
07/25/1992,89
07/25/1993,69
07/25/1994,121
07/25/1995,98
07/25/1996,114
07/25/1997,103
07/25/1998,68
07/25/1999,79
07/25/2000,110
07/25/2001,119
07/25/2002,106
07/25/2003,87
07/25/2004,39
07/25/2005,91
07/25/2006,105
07/25/2007,52
07/26/1919,1
07/26/1925,2
07/26/1926,1
07/26/1927,1
07/26/1928,2
07/26/1929,3
07/26/1930,7
07/26/1931,7
07/26/1932,9
07/26/1933,4
07/26/1934,13
07/26/1935,14
07/26/1936,20
07/26/1937,16
07/26/1938,26
07/26/1939,23
07/26/1940,23
07/26/1941,30
07/26/1942,30
07/26/1943,36
07/26/1944,35
07/26/1945,38
07/26/1946,40
07/26/1947,63
07/26/1948,47
07/26/1949,71
07/26/1950,79
07/26/1951,78
07/26/1952,74
07/26/1953,99
07/26/1954,75
07/26/1955,89
07/26/1956,77
07/26/1957,92
07/26/1958,89
07/26/1959,88
07/26/1960,115
07/26/1961,92
07/26/1962,114
07/26/1963,104
07/26/1964,90
07/26/1965,86
07/26/1966,86
07/26/1967,92
07/26/1968,76
07/26/1969,84
07/26/1970,86
07/26/1971,79
07/26/1972,86
07/26/1973,63
07/26/1974,83
07/26/1975,64
07/26/1976,89
07/26/1977,73
07/26/1978,101
07/26/1979,81
07/26/1980,70
07/26/1981,93
07/26/1982,107
07/26/1983,108
07/26/1984,107
07/26/1985,111
07/26/1986,80
07/26/1987,70
07/26/1988,105
07/26/1989,95
07/26/1990,95
07/26/1991,132
07/26/1992,71
07/26/1993,109
07/26/1994,96
07/26/1995,113
07/26/1996,111
07/26/1997,85
07/26/1998,77
07/26/1999,102
07/26/2000,99
07/26/2001,101
07/26/2002,128
07/26/2003,73
07/26/2004,90
07/26/2005,88
07/26/2006,99
07/26/2007,51
07/27/1920,1
07/27/1923,1
07/27/1924,1
07/27/1926,1
07/27/1927,5
07/27/1928,4
07/27/1929,4
07/27/1930,7
07/27/1931,5
07/27/1932,9
07/27/1933,7
07/27/1934,13
07/27/1935,22
07/27/1936,23
07/27/1937,23
07/27/1938,20
07/27/1939,33
07/27/1940,25
07/27/1941,31
07/27/1942,30
07/27/1943,41
07/27/1944,46
07/27/1945,41
07/27/1946,65
07/27/1947,59
07/27/1948,55
07/27/1949,65
07/27/1950,74
07/27/1951,74
07/27/1952,77
07/27/1953,81
07/27/1954,84
07/27/1955,93
07/27/1956,97
07/27/1957,87
07/27/1958,87
07/27/1959,99
07/27/1960,90
07/27/1961,92
07/27/1962,106
07/27/1963,66
07/27/1964,92
07/27/1965,95
07/27/1966,76
07/27/1967,109
07/27/1968,61
07/27/1969,54
07/27/1970,103
07/27/1971,90
07/27/1972,88
07/27/1973,75
07/27/1974,69
07/27/1975,61
07/27/1976,93
07/27/1977,93
07/27/1978,94
07/27/1979,100
07/27/1980,76
07/27/1981,96
07/27/1982,112
07/27/1983,89
07/27/1984,94
07/27/1985,92
07/27/1986,80
07/27/1987,103
07/27/1988,107
07/27/1989,111
07/27/1990,105
07/27/1991,90
07/27/1992,118
07/27/1993,107
07/27/1994,115
07/27/1995,98
07/27/1996,59
07/27/1997,67
07/27/1998,97
07/27/1999,98
07/27/2000,116
07/27/2001,123
07/27/2002,74
07/27/2003,57
07/27/2004,108
07/27/2005,79
07/27/2006,88
07/27/2007,48
07/28/1922,1
07/28/1926,4
07/28/1927,1
07/28/1929,8
07/28/1930,8
07/28/1931,3
07/28/1932,6
07/28/1933,10
07/28/1934,11
07/28/1935,17
07/28/1936,17
07/28/1937,22
07/28/1938,27
07/28/1939,20
07/28/1940,20
07/28/1941,33
07/28/1942,34
07/28/1943,36
07/28/1944,29
07/28/1945,47
07/28/1946,57
07/28/1947,61
07/28/1948,66
07/28/1949,71
07/28/1950,78
07/28/1951,77
07/28/1952,92
07/28/1953,91
07/28/1954,80
07/28/1955,100
07/28/1956,90
07/28/1957,90
07/28/1958,82
07/28/1959,85
07/28/1960,106
07/28/1961,78
07/28/1962,100
07/28/1963,90
07/28/1964,86
07/28/1965,82
07/28/1966,72
07/28/1967,75
07/28/1968,74
07/28/1969,100
07/28/1970,93
07/28/1971,70
07/28/1972,86
07/28/1973,79
07/28/1974,59
07/28/1975,64
07/28/1976,86
07/28/1977,78
07/28/1978,91
07/28/1979,74
07/28/1980,93
07/28/1981,119
07/28/1982,94
07/28/1983,107
07/28/1984,73
07/28/1985,67
07/28/1986,120
07/28/1987,96
07/28/1988,89
07/28/1989,128
07/28/1990,76
07/28/1991,78
07/28/1992,121
07/28/1993,100
07/28/1994,109
07/28/1995,90
07/28/1996,80
07/28/1997,103
07/28/1998,132
07/28/1999,111
07/28/2000,113
07/28/2001,74
07/28/2002,61
07/28/2003,92
07/28/2004,86
07/28/2005,84
07/28/2006,91
07/28/2007,32
07/29/1921,1
07/29/1924,1
07/29/1926,2
07/29/1927,3
07/29/1928,2
07/29/1929,5
07/29/1930,3
07/29/1931,4
07/29/1932,12
07/29/1933,15
07/29/1934,9
07/29/1935,10
07/29/1936,14
07/29/1937,23
07/29/1938,20
07/29/1939,18
07/29/1940,24
07/29/1941,32
07/29/1942,33
07/29/1943,35
07/29/1944,50
07/29/1945,40
07/29/1946,52
07/29/1947,60
07/29/1948,60
07/29/1949,63
07/29/1950,62
07/29/1951,75
07/29/1952,85
07/29/1953,99
07/29/1954,86
07/29/1955,88
07/29/1956,78
07/29/1957,98
07/29/1958,118
07/29/1959,90
07/29/1960,117
07/29/1961,94
07/29/1962,80
07/29/1963,98
07/29/1964,98
07/29/1965,92
07/29/1966,88
07/29/1967,63
07/29/1968,79
07/29/1969,79
07/29/1970,83
07/29/1971,90
07/29/1972,63
07/29/1973,58
07/29/1974,80
07/29/1975,80
07/29/1976,88
07/29/1977,90
07/29/1978,95
07/29/1979,73
07/29/1980,112
07/29/1981,115
07/29/1982,116
07/29/1983,121
07/29/1984,79
07/29/1985,105
07/29/1986,104
07/29/1987,115
07/29/1988,113
07/29/1989,93
07/29/1990,83
07/29/1991,112
07/29/1992,103
07/29/1993,100
07/29/1994,122
07/29/1995,71
07/29/1996,90
07/29/1997,127
07/29/1998,111
07/29/1999,119
07/29/2000,83
07/29/2001,61
07/29/2002,113
07/29/2003,92
07/29/2004,100
07/29/2005,73
07/29/2006,43
07/29/2007,18
07/30/1921,1
07/30/1923,1
07/30/1925,1
07/30/1926,3
07/30/1927,2
07/30/1928,2
07/30/1929,2
07/30/1930,4
07/30/1931,3
07/30/1932,4
07/30/1933,8
07/30/1934,11
07/30/1935,18
07/30/1936,12
07/30/1937,24
07/30/1938,13
07/30/1939,19
07/30/1940,21
07/30/1941,30
07/30/1942,44
07/30/1943,31
07/30/1944,41
07/30/1945,31
07/30/1946,39
07/30/1947,65
07/30/1948,51
07/30/1949,62
07/30/1950,77
07/30/1951,76
07/30/1952,87
07/30/1953,110
07/30/1954,92
07/30/1955,89
07/30/1956,86
07/30/1957,112
07/30/1958,93
07/30/1959,103
07/30/1960,90
07/30/1961,92
07/30/1962,85
07/30/1963,111
07/30/1964,95
07/30/1965,75
07/30/1966,67
07/30/1967,77
07/30/1968,84
07/30/1969,81
07/30/1970,97
07/30/1971,81
07/30/1972,52
07/30/1973,72
07/30/1974,75
07/30/1975,83
07/30/1976,88
07/30/1977,74
07/30/1978,75
07/30/1979,114
07/30/1980,107
07/30/1981,110
07/30/1982,105
07/30/1983,86
07/30/1984,92
07/30/1985,107
07/30/1986,116
07/30/1987,103
07/30/1988,89
07/30/1989,60
07/30/1990,113
07/30/1991,108
07/30/1992,101
07/30/1993,100
07/30/1994,65
07/30/1995,69
07/30/1996,135
07/30/1997,118
07/30/1998,113
07/30/1999,118
07/30/2000,59
07/30/2001,106
07/30/2002,85
07/30/2003,94
07/30/2004,119
07/30/2005,48
07/30/2006,50
07/30/2007,51
07/31/1922,1
07/31/1923,1
07/31/1924,1
07/31/1926,2
07/31/1927,1
07/31/1928,7
07/31/1929,4
07/31/1930,6
07/31/1931,12
07/31/1932,11
07/31/1933,10
07/31/1934,12
07/31/1935,17
07/31/1936,15
07/31/1937,15
07/31/1938,15
07/31/1939,20
07/31/1940,26
07/31/1941,33
07/31/1942,22
07/31/1943,39
07/31/1944,56
07/31/1945,45
07/31/1946,45
07/31/1947,58
07/31/1948,69
07/31/1949,53
07/31/1950,70
07/31/1951,65
07/31/1952,88
07/31/1953,78
07/31/1954,95
07/31/1955,83
07/31/1956,103
07/31/1957,99
07/31/1958,75
07/31/1959,95
07/31/1960,81
07/31/1961,106
07/31/1962,107
07/31/1963,96
07/31/1964,84
07/31/1965,103
07/31/1966,66
07/31/1967,86
07/31/1968,74
07/31/1969,92
07/31/1970,98
07/31/1971,72
07/31/1972,79
07/31/1973,77
07/31/1974,74
07/31/1975,77
07/31/1976,77
07/31/1977,72
07/31/1978,102
07/31/1979,103
07/31/1980,104
07/31/1981,83
07/31/1982,77
07/31/1983,71
07/31/1984,101
07/31/1985,96
07/31/1986,117
07/31/1987,101
07/31/1988,72
07/31/1989,90
07/31/1990,120
07/31/1991,103
07/31/1992,118
07/31/1993,72
07/31/1994,59
07/31/1995,100
07/31/1996,107
07/31/1997,94
07/31/1998,126
07/31/1999,73
07/31/2000,112
07/31/2001,121
07/31/2002,105
07/31/2003,113
07/31/2004,64
07/31/2005,28
07/31/2006,86
07/31/2007,41
08/01/1919,1
08/01/1924,1
08/01/1926,4
08/01/1927,2
08/01/1928,1
08/01/1929,2
08/01/1930,3
08/01/1931,4
08/01/1932,8
08/01/1933,1
08/01/1934,7
08/01/1935,19
08/01/1936,10
08/01/1937,20
08/01/1938,21
08/01/1939,29
08/01/1940,31
08/01/1941,29
08/01/1942,41
08/01/1943,31
08/01/1944,54
08/01/1945,38
08/01/1946,53
08/01/1947,56
08/01/1948,51
08/01/1949,63
08/01/1950,60
08/01/1951,70
08/01/1952,82
08/01/1953,88
08/01/1954,78
08/01/1955,112
08/01/1956,101
08/01/1957,98
08/01/1958,93
08/01/1959,89
08/01/1960,74
08/01/1961,99
08/01/1962,103
08/01/1963,105
08/01/1964,81
08/01/1965,62
08/01/1966,91
08/01/1967,93
08/01/1968,78
08/01/1969,96
08/01/1970,71
08/01/1971,59
08/01/1972,81
08/01/1973,88
08/01/1974,84
08/01/1975,95
08/01/1976,60
08/01/1977,77
08/01/1978,80
08/01/1979,95
08/01/1980,128
08/01/1981,95
08/01/1982,83
08/01/1983,94
08/01/1984,113
08/01/1985,97
08/01/1986,86
08/01/1987,63
08/01/1988,104
08/01/1989,105
08/01/1990,101
08/01/1991,101
08/01/1992,59
08/01/1993,52
08/01/1994,114
08/01/1995,121
08/01/1996,127
08/01/1997,99
08/01/1998,76
08/01/1999,69
08/01/2000,119
08/01/2001,116
08/01/2002,126
08/01/2003,94
08/01/2004,52
08/01/2005,82
08/01/2006,97
08/01/2007,41
08/02/1918,1
08/02/1922,1
08/02/1924,2
08/02/1926,1
08/02/1928,1
08/02/1929,3
08/02/1930,6
08/02/1931,7
08/02/1932,10
08/02/1933,8
08/02/1934,6
08/02/1935,12
08/02/1936,18
08/02/1937,16
08/02/1938,26
08/02/1939,29
08/02/1940,25
08/02/1941,29
08/02/1942,34
08/02/1943,48
08/02/1944,51
08/02/1945,34
08/02/1946,46
08/02/1947,63
08/02/1948,60
08/02/1949,78
08/02/1950,65
08/02/1951,63
08/02/1952,95
08/02/1953,72
08/02/1954,76
08/02/1955,84
08/02/1956,99
08/02/1957,96
08/02/1958,90
08/02/1959,88
08/02/1960,102
08/02/1961,116
08/02/1962,97
08/02/1963,116
08/02/1964,82
08/02/1965,95
08/02/1966,92
08/02/1967,92
08/02/1968,85
08/02/1969,78
08/02/1970,77
08/02/1971,85
08/02/1972,78
08/02/1973,88
08/02/1974,88
08/02/1975,57
08/02/1976,83
08/02/1977,84
08/02/1978,95
08/02/1979,109
08/02/1980,91
08/02/1981,89
08/02/1982,103
08/02/1983,101
08/02/1984,96
08/02/1985,119
08/02/1986,96
08/02/1987,66
08/02/1988,99
08/02/1989,107
08/02/1990,101
08/02/1991,106
08/02/1992,88
08/02/1993,102
08/02/1994,117
08/02/1995,93
08/02/1996,114
08/02/1997,66
08/02/1998,68
08/02/1999,111
08/02/2000,96
08/02/2001,141
08/02/2002,95
08/02/2003,59
08/02/2004,100
08/02/2005,96
08/02/2006,97
08/02/2007,44
08/03/1921,1
08/03/1924,2
08/03/1925,1
08/03/1926,1
08/03/1927,2
08/03/1928,3
08/03/1930,4
08/03/1931,3
08/03/1932,9
08/03/1933,9
08/03/1934,12
08/03/1935,16
08/03/1936,17
08/03/1937,24
08/03/1938,29
08/03/1939,25
08/03/1940,25
08/03/1941,21
08/03/1942,32
08/03/1943,41
08/03/1944,42
08/03/1945,35
08/03/1946,62
08/03/1947,64
08/03/1948,61
08/03/1949,64
08/03/1950,53
08/03/1951,83
08/03/1952,83
08/03/1953,83
08/03/1954,96
08/03/1955,101
08/03/1956,96
08/03/1957,98
08/03/1958,88
08/03/1959,93
08/03/1960,89
08/03/1961,99
08/03/1962,100
08/03/1963,94
08/03/1964,101
08/03/1965,97
08/03/1966,69
08/03/1967,90
08/03/1968,85
08/03/1969,63
08/03/1970,103
08/03/1971,86
08/03/1972,78
08/03/1973,75
08/03/1974,76
08/03/1975,77
08/03/1976,65
08/03/1977,104
08/03/1978,100
08/03/1979,89
08/03/1980,78
08/03/1981,90
08/03/1982,96
08/03/1983,98
08/03/1984,108
08/03/1985,83
08/03/1986,60
08/03/1987,96
08/03/1988,95
08/03/1989,108
08/03/1990,119
08/03/1991,95
08/03/1992,99
08/03/1993,104
08/03/1994,91
08/03/1995,92
08/03/1996,84
08/03/1997,67
08/03/1998,113
08/03/1999,109
08/03/2000,124
08/03/2001,97
08/03/2002,53
08/03/2003,47
08/03/2004,78
08/03/2005,90
08/03/2006,85
08/03/2007,50
08/04/1920,1
08/04/1922,2
08/04/1923,1
08/04/1927,4
08/04/1928,4
08/04/1929,6
08/04/1930,2
08/04/1931,4
08/04/1932,8
08/04/1933,3
08/04/1934,11
08/04/1935,10
08/04/1936,7
08/04/1937,18
08/04/1938,18
08/04/1939,16
08/04/1940,34
08/04/1941,26
08/04/1942,30
08/04/1943,34
08/04/1944,42
08/04/1945,31
08/04/1946,58
08/04/1947,53
08/04/1948,72
08/04/1949,62
08/04/1950,60
08/04/1951,86
08/04/1952,77
08/04/1953,89
08/04/1954,82
08/04/1955,84
08/04/1956,91
08/04/1957,64
08/04/1958,74
08/04/1959,108
08/04/1960,111
08/04/1961,95
08/04/1962,102
08/04/1963,80
08/04/1964,101
08/04/1965,85
08/04/1966,90
08/04/1967,71
08/04/1968,54
08/04/1969,79
08/04/1970,94
08/04/1971,91
08/04/1972,79
08/04/1973,86
08/04/1974,69
08/04/1975,79
08/04/1976,88
08/04/1977,94
08/04/1978,76
08/04/1979,80
08/04/1980,104
08/04/1981,110
08/04/1982,91
08/04/1983,125
08/04/1984,84
08/04/1985,75
08/04/1986,95
08/04/1987,106
08/04/1988,100
08/04/1989,115
08/04/1990,79
08/04/1991,72
08/04/1992,107
08/04/1993,94
08/04/1994,139
08/04/1995,114
08/04/1996,72
08/04/1997,93
08/04/1998,121
08/04/1999,108
08/04/2000,123
08/04/2001,69
08/04/2002,47
08/04/2003,97
08/04/2004,106
08/04/2005,87
08/04/2006,108
08/04/2007,36
08/05/1913,1
08/05/1925,1
08/05/1927,3
08/05/1929,2
08/05/1930,6
08/05/1931,7
08/05/1932,6
08/05/1933,10
08/05/1934,15
08/05/1935,8
08/05/1936,12
08/05/1937,18
08/05/1938,23
08/05/1939,18
08/05/1940,30
08/05/1941,34
08/05/1942,25
08/05/1943,36
08/05/1944,47
08/05/1945,42
08/05/1946,44
08/05/1947,52
08/05/1948,77
08/05/1949,51
08/05/1950,64
08/05/1951,65
08/05/1952,67
08/05/1953,98
08/05/1954,85
08/05/1955,98
08/05/1956,90
08/05/1957,75
08/05/1958,82
08/05/1959,113
08/05/1960,108
08/05/1961,108
08/05/1962,98
08/05/1963,95
08/05/1964,97
08/05/1965,70
08/05/1966,90
08/05/1967,73
08/05/1968,95
08/05/1969,83
08/05/1970,74
08/05/1971,74
08/05/1972,87
08/05/1973,62
08/05/1974,64
08/05/1975,72
08/05/1976,74
08/05/1977,85
08/05/1978,66
08/05/1979,89
08/05/1980,97
08/05/1981,122
08/05/1982,92
08/05/1983,86
08/05/1984,61
08/05/1985,99
08/05/1986,103
08/05/1987,107
08/05/1988,100
08/05/1989,86
08/05/1990,91
08/05/1991,95
08/05/1992,103
08/05/1993,100
08/05/1994,98
08/05/1995,72
08/05/1996,96
08/05/1997,112
08/05/1998,100
08/05/1999,102
08/05/2000,68
08/05/2001,63
08/05/2002,131
08/05/2003,95
08/05/2004,103
08/05/2005,86
08/05/2006,50
08/05/2007,25
08/06/1921,1
08/06/1923,1
08/06/1925,2
08/06/1926,2
08/06/1927,1
08/06/1928,2
08/06/1929,4
08/06/1930,5
08/06/1931,3
08/06/1932,8
08/06/1933,7
08/06/1934,13
08/06/1935,22
08/06/1936,14
08/06/1937,19
08/06/1938,22
08/06/1939,22
08/06/1940,24
08/06/1941,30
08/06/1942,34
08/06/1943,34
08/06/1944,33
08/06/1945,43
08/06/1946,56
08/06/1947,59
08/06/1948,51
08/06/1949,72
08/06/1950,83
08/06/1951,85
08/06/1952,77
08/06/1953,93
08/06/1954,95
08/06/1955,89
08/06/1956,66
08/06/1957,84
08/06/1958,101
08/06/1959,96
08/06/1960,118
08/06/1961,81
08/06/1962,100
08/06/1963,112
08/06/1964,94
08/06/1965,71
08/06/1966,70
08/06/1967,67
08/06/1968,100
08/06/1969,99
08/06/1970,98
08/06/1971,83
08/06/1972,70
08/06/1973,87
08/06/1974,86
08/06/1975,86
08/06/1976,97
08/06/1977,78
08/06/1978,69
08/06/1979,98
08/06/1980,110
08/06/1981,109
08/06/1982,85
08/06/1983,73
08/06/1984,108
08/06/1985,103
08/06/1986,111
08/06/1987,100
08/06/1988,85
08/06/1989,74
08/06/1990,93
08/06/1991,100
08/06/1992,92
08/06/1993,112
08/06/1994,71
08/06/1995,68
08/06/1996,106
08/06/1997,114
08/06/1998,111
08/06/1999,105
08/06/2000,69
08/06/2001,120
08/06/2002,126
08/06/2003,119
08/06/2004,108
08/06/2005,36
08/06/2006,46
08/06/2007,42
08/07/1922,2
08/07/1924,1
08/07/1926,1
08/07/1927,1
08/07/1928,3
08/07/1929,5
08/07/1931,4
08/07/1932,3
08/07/1933,7
08/07/1934,13
08/07/1935,20
08/07/1936,14
08/07/1937,18
08/07/1938,18
08/07/1939,17
08/07/1940,20
08/07/1941,31
08/07/1942,44
08/07/1943,36
08/07/1944,32
08/07/1945,50
08/07/1946,47
08/07/1947,72
08/07/1948,56
08/07/1949,62
08/07/1950,52
08/07/1951,75
08/07/1952,76
08/07/1953,80
08/07/1954,83
08/07/1955,73
08/07/1956,100
08/07/1957,86
08/07/1958,84
08/07/1959,93
08/07/1960,77
08/07/1961,103
08/07/1962,109
08/07/1963,118
08/07/1964,87
08/07/1965,83
08/07/1966,87
08/07/1967,94
08/07/1968,105
08/07/1969,82
08/07/1970,92
08/07/1971,77
08/07/1972,82
08/07/1973,97
08/07/1974,82
08/07/1975,78
08/07/1976,65
08/07/1977,71
08/07/1978,85
08/07/1979,105
08/07/1980,84
08/07/1981,105
08/07/1982,84
08/07/1983,85
08/07/1984,104
08/07/1985,78
08/07/1986,104
08/07/1987,112
08/07/1988,79
08/07/1989,103
08/07/1990,117
08/07/1991,98
08/07/1992,93
08/07/1993,55
08/07/1994,80
08/07/1995,104
08/07/1996,91
08/07/1997,105
08/07/1998,111
08/07/1999,86
08/07/2000,99
08/07/2001,111
08/07/2002,110
08/07/2003,104
08/07/2004,75
08/07/2005,36
08/07/2006,87
08/07/2007,48
08/08/1926,1
08/08/1928,4
08/08/1929,4
08/08/1930,4
08/08/1931,8
08/08/1932,4
08/08/1933,9
08/08/1934,6
08/08/1935,12
08/08/1936,14
08/08/1937,19
08/08/1938,15
08/08/1939,25
08/08/1940,31
08/08/1941,45
08/08/1942,36
08/08/1943,39
08/08/1944,40
08/08/1945,48
08/08/1946,57
08/08/1947,49
08/08/1948,58
08/08/1949,59
08/08/1950,76
08/08/1951,71
08/08/1952,87
08/08/1953,71
08/08/1954,70
08/08/1955,90
08/08/1956,93
08/08/1957,87
08/08/1958,80
08/08/1959,74
08/08/1960,113
08/08/1961,102
08/08/1962,101
08/08/1963,85
08/08/1964,83
08/08/1965,85
08/08/1966,68
08/08/1967,75
08/08/1968,90
08/08/1969,103
08/08/1970,76
08/08/1971,87
08/08/1972,73
08/08/1973,107
08/08/1974,83
08/08/1975,79
08/08/1976,71
08/08/1977,76
08/08/1978,79
08/08/1979,92
08/08/1980,108
08/08/1981,90
08/08/1982,83
08/08/1983,107
08/08/1984,98
08/08/1985,110
08/08/1986,96
08/08/1987,78
08/08/1988,98
08/08/1989,101
08/08/1990,104
08/08/1991,104
08/08/1992,71
08/08/1993,63
08/08/1994,96
08/08/1995,105
08/08/1996,102
08/08/1997,97
08/08/1998,71
08/08/1999,68
08/08/2000,120
08/08/2001,117
08/08/2002,121
08/08/2003,111
08/08/2004,64
08/08/2005,78
08/08/2006,88
08/08/2007,58
08/09/1907,1
08/09/1925,1
08/09/1926,3
08/09/1927,2
08/09/1928,1
08/09/1929,5
08/09/1930,3
08/09/1931,8
08/09/1932,13
08/09/1933,7
08/09/1934,14
08/09/1935,19
08/09/1936,13
08/09/1937,21
08/09/1938,17
08/09/1939,18
08/09/1940,24
08/09/1941,25
08/09/1942,48
08/09/1943,29
08/09/1944,37
08/09/1945,45
08/09/1946,49
08/09/1947,65
08/09/1948,57
08/09/1949,73
08/09/1950,60
08/09/1951,74
08/09/1952,86
08/09/1953,79
08/09/1954,91
08/09/1955,102
08/09/1956,84
08/09/1957,78
08/09/1958,83
08/09/1959,88
08/09/1960,85
08/09/1961,97
08/09/1962,82
08/09/1963,105
08/09/1964,69
08/09/1965,87
08/09/1966,95
08/09/1967,90
08/09/1968,81
08/09/1969,78
08/09/1970,79
08/09/1971,69
08/09/1972,99
08/09/1973,87
08/09/1974,91
08/09/1975,59
08/09/1976,98
08/09/1977,79
08/09/1978,87
08/09/1979,91
08/09/1980,77
08/09/1981,84
08/09/1982,100
08/09/1983,83
08/09/1984,109
08/09/1985,103
08/09/1986,84
08/09/1987,64
08/09/1988,106
08/09/1989,115
08/09/1990,106
08/09/1991,99
08/09/1992,80
08/09/1993,108
08/09/1994,109
08/09/1995,94
08/09/1996,114
08/09/1997,50
08/09/1998,68
08/09/1999,103
08/09/2000,114
08/09/2001,122
08/09/2002,106
08/09/2003,74
08/09/2004,91
08/09/2005,84
08/09/2006,93
08/09/2007,56
08/10/1921,2
08/10/1922,1
08/10/1925,2
08/10/1926,1
08/10/1927,1
08/10/1928,3
08/10/1929,3
08/10/1930,3
08/10/1931,5
08/10/1932,7
08/10/1933,16
08/10/1934,10
08/10/1935,8
08/10/1936,18
08/10/1937,23
08/10/1938,22
08/10/1939,18
08/10/1940,24
08/10/1941,33
08/10/1942,27
08/10/1943,44
08/10/1944,47
08/10/1945,34
08/10/1946,40
08/10/1947,63
08/10/1948,71
08/10/1949,75
08/10/1950,68
08/10/1951,60
08/10/1952,84
08/10/1953,86
08/10/1954,93
08/10/1955,97
08/10/1956,98
08/10/1957,102
08/10/1958,84
08/10/1959,75
08/10/1960,83
08/10/1961,102
08/10/1962,81
08/10/1963,98
08/10/1964,99
08/10/1965,84
08/10/1966,83
08/10/1967,64
08/10/1968,75
08/10/1969,92
08/10/1970,97
08/10/1971,84
08/10/1972,67
08/10/1973,75
08/10/1974,74
08/10/1975,80
08/10/1976,104
08/10/1977,107
08/10/1978,77
08/10/1979,106
08/10/1980,97
08/10/1981,114
08/10/1982,99
08/10/1983,116
08/10/1984,102
08/10/1985,70
08/10/1986,86
08/10/1987,107
08/10/1988,106
08/10/1989,87
08/10/1990,92
08/10/1991,85
08/10/1992,104
08/10/1993,93
08/10/1994,104
08/10/1995,106
08/10/1996,64
08/10/1997,61
08/10/1998,107
08/10/1999,121
08/10/2000,104
08/10/2001,100
08/10/2002,80
08/10/2003,73
08/10/2004,101
08/10/2005,84
08/10/2006,101
08/10/2007,44
08/11/1915,1
08/11/1924,2
08/11/1925,2
08/11/1926,1
08/11/1927,3
08/11/1928,3
08/11/1929,7
08/11/1930,8
08/11/1931,2
08/11/1932,8
08/11/1933,10
08/11/1934,11
08/11/1935,18
08/11/1936,21
08/11/1937,10
08/11/1938,38
08/11/1939,23
08/11/1940,26
08/11/1941,29
08/11/1942,38
08/11/1943,40
08/11/1944,49
08/11/1945,31
08/11/1946,36
08/11/1947,61
08/11/1948,63
08/11/1949,69
08/11/1950,76
08/11/1951,63
08/11/1952,83
08/11/1953,81
08/11/1954,78
08/11/1955,78
08/11/1956,103
08/11/1957,97
08/11/1958,94
08/11/1959,109
08/11/1960,104
08/11/1961,87
08/11/1962,102
08/11/1963,87
08/11/1964,94
08/11/1965,89
08/11/1966,64
08/11/1967,84
08/11/1968,72
08/11/1969,101
08/11/1970,104
08/11/1971,99
08/11/1972,73
08/11/1973,75
08/11/1974,72
08/11/1975,80
08/11/1976,90
08/11/1977,85
08/11/1978,97
08/11/1979,99
08/11/1980,96
08/11/1981,112
08/11/1982,78
08/11/1983,89
08/11/1984,88
08/11/1985,75
08/11/1986,81
08/11/1987,96
08/11/1988,93
08/11/1989,102
08/11/1990,91
08/11/1991,55
08/11/1992,117
08/11/1993,106
08/11/1994,108
08/11/1995,119
08/11/1996,66
08/11/1997,100
08/11/1998,108
08/11/1999,113
08/11/2000,109
08/11/2001,66
08/11/2002,74
08/11/2003,90
08/11/2004,88
08/11/2005,95
08/11/2006,98
08/11/2007,23
08/12/1923,1
08/12/1924,1
08/12/1925,2
08/12/1926,2
08/12/1927,2
08/12/1929,2
08/12/1930,3
08/12/1931,7
08/12/1932,5
08/12/1933,11
08/12/1934,6
08/12/1935,16
08/12/1936,14
08/12/1937,12
08/12/1938,27
08/12/1939,15
08/12/1940,23
08/12/1941,27
08/12/1942,37
08/12/1943,46
08/12/1944,38
08/12/1945,49
08/12/1946,63
08/12/1947,59
08/12/1948,74
08/12/1949,72
08/12/1950,69
08/12/1951,80
08/12/1952,71
08/12/1953,76
08/12/1954,85
08/12/1955,73
08/12/1956,94
08/12/1957,112
08/12/1958,101
08/12/1959,101
08/12/1960,101
08/12/1961,105
08/12/1962,78
08/12/1963,112
08/12/1964,96
08/12/1965,91
08/12/1966,91
08/12/1967,70
08/12/1968,67
08/12/1969,88
08/12/1970,70
08/12/1971,95
08/12/1972,88
08/12/1973,60
08/12/1974,99
08/12/1975,85
08/12/1976,86
08/12/1977,79
08/12/1978,85
08/12/1979,71
08/12/1980,102
08/12/1981,87
08/12/1982,95
08/12/1983,87
08/12/1984,79
08/12/1985,110
08/12/1986,111
08/12/1987,90
08/12/1988,103
08/12/1989,79
08/12/1990,97
08/12/1991,105
08/12/1992,107
08/12/1993,108
08/12/1994,98
08/12/1995,71
08/12/1996,114
08/12/1997,115
08/12/1998,121
08/12/1999,110
08/12/2000,74
08/12/2001,75
08/12/2002,107
08/12/2003,98
08/12/2004,111
08/12/2005,105
08/12/2006,48
08/12/2007,26
08/13/1901,1
08/13/1923,1
08/13/1926,1
08/13/1927,2
08/13/1928,4
08/13/1929,1
08/13/1930,3
08/13/1931,7
08/13/1932,6
08/13/1933,10
08/13/1934,11
08/13/1935,16
08/13/1936,20
08/13/1937,18
08/13/1938,24
08/13/1939,15
08/13/1940,20
08/13/1941,34
08/13/1942,24
08/13/1943,43
08/13/1944,35
08/13/1945,45
08/13/1946,61
08/13/1947,45
08/13/1948,54
08/13/1949,65
08/13/1950,87
08/13/1951,63
08/13/1952,77
08/13/1953,70
08/13/1954,77
08/13/1955,84
08/13/1956,106
08/13/1957,91
08/13/1958,81
08/13/1959,106
08/13/1960,73
08/13/1961,84
08/13/1962,101
08/13/1963,99
08/13/1964,78
08/13/1965,98
08/13/1966,70
08/13/1967,65
08/13/1968,84
08/13/1969,92
08/13/1970,88
08/13/1971,88
08/13/1972,74
08/13/1973,68
08/13/1974,84
08/13/1975,77
08/13/1976,82
08/13/1977,76
08/13/1978,78
08/13/1979,109
08/13/1980,118
08/13/1981,89
08/13/1982,97
08/13/1983,72
08/13/1984,104
08/13/1985,105
08/13/1986,92
08/13/1987,94
08/13/1988,78
08/13/1989,60
08/13/1990,107
08/13/1991,143
08/13/1992,90
08/13/1993,98
08/13/1994,68
08/13/1995,56
08/13/1996,121
08/13/1997,123
08/13/1998,112
08/13/1999,98
08/13/2000,60
08/13/2001,104
08/13/2002,106
08/13/2003,103
08/13/2004,92
08/13/2005,48
08/13/2006,33
08/13/2007,34
08/14/1924,1
08/14/1927,2
08/14/1928,2
08/14/1929,2
08/14/1930,6
08/14/1931,6
08/14/1932,5
08/14/1933,7
08/14/1934,14
08/14/1935,8
08/14/1936,19
08/14/1937,12
08/14/1938,21
08/14/1939,21
08/14/1940,26
08/14/1941,36
08/14/1942,27
08/14/1943,44
08/14/1944,29
08/14/1945,46
08/14/1946,47
08/14/1947,58
08/14/1948,60
08/14/1949,69
08/14/1950,69
08/14/1951,67
08/14/1952,73
08/14/1953,90
08/14/1954,70
08/14/1955,84
08/14/1956,88
08/14/1957,103
08/14/1958,88
08/14/1959,108
08/14/1960,88
08/14/1961,112
08/14/1962,99
08/14/1963,93
08/14/1964,75
08/14/1965,88
08/14/1966,63
08/14/1967,81
08/14/1968,99
08/14/1969,106
08/14/1970,84
08/14/1971,83
08/14/1972,71
08/14/1973,93
08/14/1974,94
08/14/1975,83
08/14/1976,67
08/14/1977,66
08/14/1978,82
08/14/1979,115
08/14/1980,97
08/14/1981,96
08/14/1982,87
08/14/1983,66
08/14/1984,100
08/14/1985,102
08/14/1986,113
08/14/1987,101
08/14/1988,75
08/14/1989,98
08/14/1990,105
08/14/1991,107
08/14/1992,101
08/14/1993,78
08/14/1994,67
08/14/1995,89
08/14/1996,100
08/14/1997,123
08/14/1998,103
08/14/1999,57
08/14/2000,115
08/14/2001,110
08/14/2002,97
08/14/2003,101
08/14/2004,62
08/14/2005,41
08/14/2006,84
08/14/2007,38
08/15/1922,1
08/15/1925,2
08/15/1926,2
08/15/1927,1
08/15/1928,4
08/15/1929,1
08/15/1930,4
08/15/1931,9
08/15/1932,6
08/15/1933,14
08/15/1934,6
08/15/1935,16
08/15/1936,17
08/15/1937,18
08/15/1938,12
08/15/1939,23
08/15/1940,23
08/15/1941,33
08/15/1942,30
08/15/1943,32
08/15/1944,49
08/15/1945,43
08/15/1946,56
08/15/1947,57
08/15/1948,72
08/15/1949,55
08/15/1950,68
08/15/1951,86
08/15/1952,84
08/15/1953,83
08/15/1954,80
08/15/1955,106
08/15/1956,95
08/15/1957,94
08/15/1958,105
08/15/1959,96
08/15/1960,116
08/15/1961,107
08/15/1962,81
08/15/1963,99
08/15/1964,84
08/15/1965,79
08/15/1966,96
08/15/1967,80
08/15/1968,79
08/15/1969,66
08/15/1970,80
08/15/1971,63
08/15/1972,88
08/15/1973,91
08/15/1974,72
08/15/1975,81
08/15/1976,84
08/15/1977,85
08/15/1978,75
08/15/1979,80
08/15/1980,108
08/15/1981,101
08/15/1982,92
08/15/1983,99
08/15/1984,112
08/15/1985,95
08/15/1986,104
08/15/1987,74
08/15/1988,97
08/15/1989,108
08/15/1990,110
08/15/1991,114
08/15/1992,83
08/15/1993,82
08/15/1994,99
08/15/1995,121
08/15/1996,95
08/15/1997,121
08/15/1998,85
08/15/1999,55
08/15/2000,98
08/15/2001,119
08/15/2002,132
08/15/2003,124
08/15/2004,59
08/15/2005,88
08/15/2006,79
08/15/2007,47
08/16/1901,1
08/16/1919,1
08/16/1921,1
08/16/1926,3
08/16/1927,2
08/16/1928,2
08/16/1929,4
08/16/1930,8
08/16/1931,5
08/16/1932,7
08/16/1933,7
08/16/1934,14
08/16/1935,20
08/16/1936,20
08/16/1937,12
08/16/1938,21
08/16/1939,24
08/16/1940,25
08/16/1941,33
08/16/1942,26
08/16/1943,32
08/16/1944,47
08/16/1945,40
08/16/1946,56
08/16/1947,53
08/16/1948,53
08/16/1949,64
08/16/1950,85
08/16/1951,51
08/16/1952,87
08/16/1953,75
08/16/1954,106
08/16/1955,107
08/16/1956,119
08/16/1957,98
08/16/1958,77
08/16/1959,86
08/16/1960,103
08/16/1961,93
08/16/1962,103
08/16/1963,91
08/16/1964,89
08/16/1965,87
08/16/1966,94
08/16/1967,81
08/16/1968,95
08/16/1969,73
08/16/1970,76
08/16/1971,61
08/16/1972,89
08/16/1973,76
08/16/1974,89
08/16/1975,86
08/16/1976,82
08/16/1977,75
08/16/1978,78
08/16/1979,96
08/16/1980,105
08/16/1981,84
08/16/1982,111
08/16/1983,109
08/16/1984,97
08/16/1985,93
08/16/1986,63
08/16/1987,70
08/16/1988,93
08/16/1989,119
08/16/1990,98
08/16/1991,104
08/16/1992,58
08/16/1993,108
08/16/1994,121
08/16/1995,109
08/16/1996,107
08/16/1997,72
08/16/1998,51
08/16/1999,99
08/16/2000,116
08/16/2001,114
08/16/2002,118
08/16/2003,70
08/16/2004,108
08/16/2005,107
08/16/2006,95
08/16/2007,50
08/17/1922,2
08/17/1926,1
08/17/1927,5
08/17/1928,2
08/17/1929,1
08/17/1930,6
08/17/1931,6
08/17/1932,3
08/17/1933,6
08/17/1934,11
08/17/1935,13
08/17/1936,21
08/17/1937,14
08/17/1938,24
08/17/1939,25
08/17/1940,36
08/17/1941,27
08/17/1942,46
08/17/1943,43
08/17/1944,41
08/17/1945,39
08/17/1946,58
08/17/1947,55
08/17/1948,71
08/17/1949,76
08/17/1950,68
08/17/1951,69
08/17/1952,86
08/17/1953,89
08/17/1954,83
08/17/1955,86
08/17/1956,111
08/17/1957,98
08/17/1958,82
08/17/1959,89
08/17/1960,98
08/17/1961,82
08/17/1962,76
08/17/1963,107
08/17/1964,111
08/17/1965,97
08/17/1966,81
08/17/1967,82
08/17/1968,83
08/17/1969,58
08/17/1970,82
08/17/1971,75
08/17/1972,102
08/17/1973,93
08/17/1974,81
08/17/1975,68
08/17/1976,92
08/17/1977,95
08/17/1978,89
08/17/1979,73
08/17/1980,88
08/17/1981,116
08/17/1982,93
08/17/1983,88
08/17/1984,96
08/17/1985,97
08/17/1986,74
08/17/1987,98
08/17/1988,96
08/17/1989,104
08/17/1990,92
08/17/1991,68
08/17/1992,88
08/17/1993,112
08/17/1994,95
08/17/1995,104
08/17/1996,69
08/17/1997,63
08/17/1998,111
08/17/1999,130
08/17/2000,106
08/17/2001,105
08/17/2002,77
08/17/2003,58
08/17/2004,110
08/17/2005,101
08/17/2006,103
08/17/2007,73
08/18/1923,1
08/18/1927,4
08/18/1928,1
08/18/1929,4
08/18/1930,9
08/18/1931,2
08/18/1932,8
08/18/1933,10
08/18/1934,10
08/18/1935,9
08/18/1936,13
08/18/1937,14
08/18/1938,34
08/18/1939,28
08/18/1940,25
08/18/1941,28
08/18/1942,46
08/18/1943,40
08/18/1944,38
08/18/1945,37
08/18/1946,64
08/18/1947,69
08/18/1948,63
08/18/1949,66
08/18/1950,64
08/18/1951,68
08/18/1952,73
08/18/1953,77
08/18/1954,94
08/18/1955,96
08/18/1956,99
08/18/1957,64
08/18/1958,86
08/18/1959,100
08/18/1960,98
08/18/1961,96
08/18/1962,89
08/18/1963,91
08/18/1964,110
08/18/1965,101
08/18/1966,90
08/18/1967,70
08/18/1968,65
08/18/1969,108
08/18/1970,94
08/18/1971,90
08/18/1972,81
08/18/1973,68
08/18/1974,81
08/18/1975,80
08/18/1976,76
08/18/1977,106
08/18/1978,114
08/18/1979,105
08/18/1980,77
08/18/1981,102
08/18/1982,103
08/18/1983,103
08/18/1984,74
08/18/1985,101
08/18/1986,90
08/18/1987,111
08/18/1988,114
08/18/1989,118
08/18/1990,83
08/18/1991,78
08/18/1992,120
08/18/1993,99
08/18/1994,95
08/18/1995,114
08/18/1996,74
08/18/1997,93
08/18/1998,128
08/18/1999,125
08/18/2000,95
08/18/2001,65
08/18/2002,70
08/18/2003,94
08/18/2004,109
08/18/2005,82
08/18/2006,90
08/18/2007,37
08/19/1926,2
08/19/1928,1
08/19/1929,2
08/19/1930,8
08/19/1931,7
08/19/1932,7
08/19/1933,9
08/19/1934,12
08/19/1935,15
08/19/1936,11
08/19/1937,16
08/19/1938,20
08/19/1939,19
08/19/1940,27
08/19/1941,24
08/19/1942,36
08/19/1943,43
08/19/1944,37
08/19/1945,54
08/19/1946,40
08/19/1947,55
08/19/1948,73
08/19/1949,61
08/19/1950,72
08/19/1951,73
08/19/1952,83
08/19/1953,88
08/19/1954,93
08/19/1955,103
08/19/1956,75
08/19/1957,91
08/19/1958,85
08/19/1959,94
08/19/1960,98
08/19/1961,80
08/19/1962,97
08/19/1963,112
08/19/1964,97
08/19/1965,89
08/19/1966,82
08/19/1967,78
08/19/1968,65
08/19/1969,77
08/19/1970,83
08/19/1971,90
08/19/1972,81
08/19/1973,68
08/19/1974,91
08/19/1975,78
08/19/1976,83
08/19/1977,77
08/19/1978,91
08/19/1979,85
08/19/1980,125
08/19/1981,90
08/19/1982,101
08/19/1983,94
08/19/1984,81
08/19/1985,102
08/19/1986,103
08/19/1987,96
08/19/1988,102
08/19/1989,65
08/19/1990,69
08/19/1991,108
08/19/1992,93
08/19/1993,81
08/19/1994,116
08/19/1995,73
08/19/1996,89
08/19/1997,113
08/19/1998,101
08/19/1999,132
08/19/2000,65
08/19/2001,57
08/19/2002,101
08/19/2003,110
08/19/2004,115
08/19/2005,110
08/19/2006,57
08/19/2007,25
08/20/1920,2
08/20/1925,1
08/20/1926,1
08/20/1927,1
08/20/1928,8
08/20/1929,1
08/20/1930,2
08/20/1931,2
08/20/1932,11
08/20/1933,8
08/20/1934,8
08/20/1935,11
08/20/1936,11
08/20/1937,19
08/20/1938,17
08/20/1939,21
08/20/1940,33
08/20/1941,21
08/20/1942,36
08/20/1943,43
08/20/1944,50
08/20/1945,32
08/20/1946,47
08/20/1947,57
08/20/1948,65
08/20/1949,60
08/20/1950,61
08/20/1951,66
08/20/1952,84
08/20/1953,78
08/20/1954,70
08/20/1955,93
08/20/1956,92
08/20/1957,108
08/20/1958,86
08/20/1959,109
08/20/1960,122
08/20/1961,85
08/20/1962,86
08/20/1963,109
08/20/1964,102
08/20/1965,71
08/20/1966,70
08/20/1967,73
08/20/1968,79
08/20/1969,73
08/20/1970,87
08/20/1971,107
08/20/1972,59
08/20/1973,92
08/20/1974,90
08/20/1975,78
08/20/1976,100
08/20/1977,77
08/20/1978,85
08/20/1979,99
08/20/1980,125
08/20/1981,118
08/20/1982,110
08/20/1983,89
08/20/1984,113
08/20/1985,117
08/20/1986,120
08/20/1987,88
08/20/1988,75
08/20/1989,81
08/20/1990,116
08/20/1991,117
08/20/1992,115
08/20/1993,94
08/20/1994,93
08/20/1995,65
08/20/1996,109
08/20/1997,122
08/20/1998,123
08/20/1999,110
08/20/2000,73
08/20/2001,100
08/20/2002,121
08/20/2003,112
08/20/2004,86
08/20/2005,50
08/20/2006,49
08/20/2007,34
08/21/1924,1
08/21/1927,3
08/21/1928,3
08/21/1929,3
08/21/1930,2
08/21/1931,6
08/21/1932,4
08/21/1933,6
08/21/1934,12
08/21/1935,13
08/21/1936,16
08/21/1937,19
08/21/1938,22
08/21/1939,21
08/21/1940,21
08/21/1941,21
08/21/1942,37
08/21/1943,37
08/21/1944,28
08/21/1945,46
08/21/1946,50
08/21/1947,63
08/21/1948,81
08/21/1949,61
08/21/1950,61
08/21/1951,97
08/21/1952,65
08/21/1953,83
08/21/1954,85
08/21/1955,88
08/21/1956,92
08/21/1957,103
08/21/1958,96
08/21/1959,88
08/21/1960,97
08/21/1961,88
08/21/1962,98
08/21/1963,101
08/21/1964,97
08/21/1965,81
08/21/1966,89
08/21/1967,78
08/21/1968,67
08/21/1969,72
08/21/1970,98
08/21/1971,98
08/21/1972,75
08/21/1973,81
08/21/1974,86
08/21/1975,71
08/21/1976,70
08/21/1977,64
08/21/1978,78
08/21/1979,96
08/21/1980,97
08/21/1981,95
08/21/1982,79
08/21/1983,72
08/21/1984,104
08/21/1985,118
08/21/1986,105
08/21/1987,90
08/21/1988,66
08/21/1989,114
08/21/1990,102
08/21/1991,85
08/21/1992,107
08/21/1993,69
08/21/1994,74
08/21/1995,98
08/21/1996,111
08/21/1997,123
08/21/1998,123
08/21/1999,66
08/21/2000,100
08/21/2001,123
08/21/2002,99
08/21/2003,109
08/21/2004,74
08/21/2005,47
08/21/2006,80
08/21/2007,54
08/22/1922,1
08/22/1923,1
08/22/1926,1
08/22/1927,2
08/22/1928,6
08/22/1929,2
08/22/1930,4
08/22/1931,7
08/22/1932,9
08/22/1933,5
08/22/1934,14
08/22/1935,8
08/22/1936,20
08/22/1937,17
08/22/1938,25
08/22/1939,19
08/22/1940,32
08/22/1941,24
08/22/1942,43
08/22/1943,36
08/22/1944,32
08/22/1945,33
08/22/1946,52
08/22/1947,49
08/22/1948,63
08/22/1949,57
08/22/1950,66
08/22/1951,58
08/22/1952,67
08/22/1953,72
08/22/1954,81
08/22/1955,111
08/22/1956,98
08/22/1957,91
08/22/1958,97
08/22/1959,107
08/22/1960,93
08/22/1961,105
08/22/1962,83
08/22/1963,98
08/22/1964,93
08/22/1965,75
08/22/1966,85
08/22/1967,83
08/22/1968,75
08/22/1969,68
08/22/1970,83
08/22/1971,62
08/22/1972,91
08/22/1973,62
08/22/1974,79
08/22/1975,83
08/22/1976,56
08/22/1977,100
08/22/1978,100
08/22/1979,88
08/22/1980,104
08/22/1981,80
08/22/1982,86
08/22/1983,123
08/22/1984,101
08/22/1985,116
08/22/1986,106
08/22/1987,77
08/22/1988,93
08/22/1989,113
08/22/1990,100
08/22/1991,90
08/22/1992,68
08/22/1993,63
08/22/1994,117
08/22/1995,98
08/22/1996,116
08/22/1997,109
08/22/1998,77
08/22/1999,65
08/22/2000,123
08/22/2001,99
08/22/2002,135
08/22/2003,113
08/22/2004,57
08/22/2005,82
08/22/2006,99
08/22/2007,47
08/23/1924,1
08/23/1925,1
08/23/1926,2
08/23/1927,1
08/23/1928,4
08/23/1929,4
08/23/1930,3
08/23/1931,5
08/23/1932,11
08/23/1933,12
08/23/1934,17
08/23/1935,10
08/23/1936,16
08/23/1937,15
08/23/1938,24
08/23/1939,25
08/23/1940,24
08/23/1941,48
08/23/1942,43
08/23/1943,38
08/23/1944,50
08/23/1945,41
08/23/1946,58
08/23/1947,59
08/23/1948,51
08/23/1949,66
08/23/1950,76
08/23/1951,84
08/23/1952,61
08/23/1953,67
08/23/1954,86
08/23/1955,97
08/23/1956,86
08/23/1957,93
08/23/1958,94
08/23/1959,88
08/23/1960,102
08/23/1961,101
08/23/1962,94
08/23/1963,102
08/23/1964,70
08/23/1965,81
08/23/1966,89
08/23/1967,80
08/23/1968,71
08/23/1969,77
08/23/1970,73
08/23/1971,100
08/23/1972,86
08/23/1973,77
08/23/1974,96
08/23/1975,76
08/23/1976,83
08/23/1977,95
08/23/1978,77
08/23/1979,112
08/23/1980,94
08/23/1981,75
08/23/1982,90
08/23/1983,106
08/23/1984,95
08/23/1985,109
08/23/1986,80
08/23/1987,74
08/23/1988,113
08/23/1989,107
08/23/1990,114
08/23/1991,98
08/23/1992,69
08/23/1993,105
08/23/1994,105
08/23/1995,113
08/23/1996,126
08/23/1997,79
08/23/1998,71
08/23/1999,118
08/23/2000,108
08/23/2001,119
08/23/2002,121
08/23/2003,61
08/23/2004,99
08/23/2005,92
08/23/2006,74
08/23/2007,60
08/24/1917,1
08/24/1919,1
08/24/1921,1
08/24/1925,1
08/24/1926,1
08/24/1927,1
08/24/1928,3
08/24/1929,7
08/24/1930,9
08/24/1931,6
08/24/1932,9
08/24/1933,6
08/24/1934,12
08/24/1935,10
08/24/1936,18
08/24/1937,16
08/24/1938,16
08/24/1939,30
08/24/1940,31
08/24/1941,29
08/24/1942,26
08/24/1943,38
08/24/1944,37
08/24/1945,36
08/24/1946,59
08/24/1947,59
08/24/1948,70
08/24/1949,74
08/24/1950,72
08/24/1951,74
08/24/1952,68
08/24/1953,106
08/24/1954,87
08/24/1955,97
08/24/1956,80
08/24/1957,91
08/24/1958,68
08/24/1959,114
08/24/1960,103
08/24/1961,100
08/24/1962,102
08/24/1963,109
08/24/1964,91
08/24/1965,78
08/24/1966,72
08/24/1967,74
08/24/1968,90
08/24/1969,73
08/24/1970,95
08/24/1971,88
08/24/1972,75
08/24/1973,79
08/24/1974,86
08/24/1975,69
08/24/1976,107
08/24/1977,98
08/24/1978,103
08/24/1979,114
08/24/1980,96
08/24/1981,94
08/24/1982,101
08/24/1983,105
08/24/1984,96
08/24/1985,81
08/24/1986,77
08/24/1987,90
08/24/1988,97
08/24/1989,109
08/24/1990,124
08/24/1991,96
08/24/1992,110
08/24/1993,102
08/24/1994,119
08/24/1995,111
08/24/1996,73
08/24/1997,59
08/24/1998,120
08/24/1999,115
08/24/2000,126
08/24/2001,130
08/24/2002,60
08/24/2003,63
08/24/2004,116
08/24/2005,76
08/24/2006,106
08/24/2007,39
08/25/1927,3
08/25/1928,4
08/25/1930,4
08/25/1931,3
08/25/1932,12
08/25/1933,10
08/25/1934,9
08/25/1935,11
08/25/1936,19
08/25/1937,19
08/25/1938,28
08/25/1939,24
08/25/1940,24
08/25/1941,26
08/25/1942,29
08/25/1943,42
08/25/1944,35
08/25/1945,50
08/25/1946,51
08/25/1947,60
08/25/1948,67
08/25/1949,73
08/25/1950,70
08/25/1951,67
08/25/1952,70
08/25/1953,93
08/25/1954,71
08/25/1955,87
08/25/1956,75
08/25/1957,80
08/25/1958,86
08/25/1959,107
08/25/1960,108
08/25/1961,115
08/25/1962,95
08/25/1963,92
08/25/1964,91
08/25/1965,80
08/25/1966,75
08/25/1967,90
08/25/1968,56
08/25/1969,98
08/25/1970,102
08/25/1971,90
08/25/1972,89
08/25/1973,90
08/25/1974,84
08/25/1975,75
08/25/1976,85
08/25/1977,92
08/25/1978,86
08/25/1979,69
08/25/1980,104
08/25/1981,99
08/25/1982,105
08/25/1983,115
08/25/1984,59
08/25/1985,68
08/25/1986,83
08/25/1987,99
08/25/1988,97
08/25/1989,111
08/25/1990,82
08/25/1991,65
08/25/1992,99
08/25/1993,84
08/25/1994,104
08/25/1995,114
08/25/1996,60
08/25/1997,107
08/25/1998,134
08/25/1999,111
08/25/2000,96
08/25/2001,74
08/25/2002,60
08/25/2003,100
08/25/2004,102
08/25/2005,93
08/25/2006,87
08/25/2007,43
08/26/1922,1
08/26/1924,1
08/26/1926,2
08/26/1927,3
08/26/1928,2
08/26/1929,3
08/26/1930,5
08/26/1932,4
08/26/1933,12
08/26/1934,15
08/26/1935,12
08/26/1936,17
08/26/1937,22
08/26/1938,18
08/26/1939,24
08/26/1940,29
08/26/1941,34
08/26/1942,37
08/26/1943,46
08/26/1944,41
08/26/1945,40
08/26/1946,59
08/26/1947,67
08/26/1948,62
08/26/1949,67
08/26/1950,56
08/26/1951,74
08/26/1952,70
08/26/1953,65
08/26/1954,104
08/26/1955,93
08/26/1956,88
08/26/1957,90
08/26/1958,84
08/26/1959,111
08/26/1960,105
08/26/1961,112
08/26/1962,86
08/26/1963,92
08/26/1964,76
08/26/1965,93
08/26/1966,74
08/26/1967,82
08/26/1968,73
08/26/1969,99
08/26/1970,84
08/26/1971,78
08/26/1972,74
08/26/1973,61
08/26/1974,89
08/26/1975,91
08/26/1976,94
08/26/1977,94
08/26/1978,84
08/26/1979,78
08/26/1980,121
08/26/1981,104
08/26/1982,84
08/26/1983,95
08/26/1984,70
08/26/1985,97
08/26/1986,107
08/26/1987,115
08/26/1988,104
08/26/1989,82
08/26/1990,85
08/26/1991,93
08/26/1992,98
08/26/1993,118
08/26/1994,110
08/26/1995,81
08/26/1996,112
08/26/1997,135
08/26/1998,118
08/26/1999,118
08/26/2000,80
08/26/2001,52
08/26/2002,115
08/26/2003,106
08/26/2004,94
08/26/2005,89
08/26/2006,50
08/26/2007,34
08/27/1921,1
08/27/1922,1
08/27/1923,1
08/27/1925,1
08/27/1926,1
08/27/1927,4
08/27/1928,5
08/27/1929,5
08/27/1930,7
08/27/1931,11
08/27/1932,13
08/27/1933,10
08/27/1934,5
08/27/1935,11
08/27/1936,17
08/27/1937,11
08/27/1938,21
08/27/1939,22
08/27/1940,28
08/27/1941,16
08/27/1942,28
08/27/1943,40
08/27/1944,44
08/27/1945,29
08/27/1946,46
08/27/1947,40
08/27/1948,55
08/27/1949,69
08/27/1950,68
08/27/1951,64
08/27/1952,71
08/27/1953,76
08/27/1954,80
08/27/1955,108
08/27/1956,100
08/27/1957,129
08/27/1958,98
08/27/1959,103
08/27/1960,93
08/27/1961,116
08/27/1962,114
08/27/1963,109
08/27/1964,92
08/27/1965,74
08/27/1966,90
08/27/1967,62
08/27/1968,79
08/27/1969,96
08/27/1970,81
08/27/1971,82
08/27/1972,79
08/27/1973,75
08/27/1974,98
08/27/1975,66
08/27/1976,94
08/27/1977,59
08/27/1978,90
08/27/1979,87
08/27/1980,122
08/27/1981,99
08/27/1982,102
08/27/1983,86
08/27/1984,91
08/27/1985,116
08/27/1986,104
08/27/1987,78
08/27/1988,96
08/27/1989,72
08/27/1990,105
08/27/1991,116
08/27/1992,99
08/27/1993,86
08/27/1994,73
08/27/1995,74
08/27/1996,116
08/27/1997,110
08/27/1998,141
08/27/1999,99
08/27/2000,48
08/27/2001,93
08/27/2002,128
08/27/2003,128
08/27/2004,99
08/27/2005,47
08/27/2006,50
08/27/2007,45
08/28/1920,1
08/28/1925,1
08/28/1927,3
08/28/1928,3
08/28/1929,2
08/28/1930,6
08/28/1931,7
08/28/1932,9
08/28/1933,7
08/28/1934,6
08/28/1935,11
08/28/1936,17
08/28/1937,28
08/28/1938,22
08/28/1939,25
08/28/1940,21
08/28/1941,21
08/28/1942,38
08/28/1943,30
08/28/1944,38
08/28/1945,38
08/28/1946,48
08/28/1947,58
08/28/1948,61
08/28/1949,67
08/28/1950,76
08/28/1951,71
08/28/1952,77
08/28/1953,87
08/28/1954,79
08/28/1955,84
08/28/1956,93
08/28/1957,100
08/28/1958,76
08/28/1959,96
08/28/1960,88
08/28/1961,103
08/28/1962,103
08/28/1963,98
08/28/1964,86
08/28/1965,84
08/28/1966,64
08/28/1967,89
08/28/1968,81
08/28/1969,89
08/28/1970,89
08/28/1971,74
08/28/1972,73
08/28/1973,92
08/28/1974,74
08/28/1975,101
08/28/1976,70
08/28/1977,86
08/28/1978,87
08/28/1979,104
08/28/1980,98
08/28/1981,114
08/28/1982,85
08/28/1983,63
08/28/1984,114
08/28/1985,103
08/28/1986,108
08/28/1987,97
08/28/1988,74
08/28/1989,110
08/28/1990,110
08/28/1991,111
08/28/1992,101
08/28/1993,74
08/28/1994,86
08/28/1995,99
08/28/1996,111
08/28/1997,114
08/28/1998,130
08/28/1999,95
08/28/2000,80
08/28/2001,118
08/28/2002,113
08/28/2003,128
08/28/2004,61
08/28/2005,43
08/28/2006,86
08/28/2007,53
08/29/1923,1
08/29/1924,1
08/29/1925,3
08/29/1926,2
08/29/1928,3
08/29/1929,4
08/29/1930,12
08/29/1931,5
08/29/1932,10
08/29/1933,7
08/29/1934,9
08/29/1935,15
08/29/1936,13
08/29/1937,20
08/29/1938,25
08/29/1939,13
08/29/1940,28
08/29/1941,43
08/29/1942,40
08/29/1943,41
08/29/1944,31
08/29/1945,38
08/29/1946,51
08/29/1947,65
08/29/1948,71
08/29/1949,68
08/29/1950,87
08/29/1951,71
08/29/1952,79
08/29/1953,76
08/29/1954,68
08/29/1955,91
08/29/1956,114
08/29/1957,103
08/29/1958,111
08/29/1959,99
08/29/1960,77
08/29/1961,100
08/29/1962,87
08/29/1963,93
08/29/1964,70
08/29/1965,57
08/29/1966,76
08/29/1967,79
08/29/1968,88
08/29/1969,82
08/29/1970,92
08/29/1971,59
08/29/1972,67
08/29/1973,89
08/29/1974,83
08/29/1975,88
08/29/1976,82
08/29/1977,99
08/29/1978,85
08/29/1979,97
08/29/1980,99
08/29/1981,101
08/29/1982,80
08/29/1983,92
08/29/1984,104
08/29/1985,122
08/29/1986,89
08/29/1987,73
08/29/1988,100
08/29/1989,108
08/29/1990,91
08/29/1991,87
08/29/1992,81
08/29/1993,79
08/29/1994,101
08/29/1995,117
08/29/1996,126
08/29/1997,131
08/29/1998,72
08/29/1999,70
08/29/2000,129
08/29/2001,92
08/29/2002,136
08/29/2003,126
08/29/2004,58
08/29/2005,93
08/29/2006,87
08/29/2007,60
08/30/1920,1
08/30/1924,3
08/30/1926,1
08/30/1927,1
08/30/1928,2
08/30/1929,3
08/30/1930,3
08/30/1931,6
08/30/1932,9
08/30/1933,12
08/30/1934,12
08/30/1935,10
08/30/1936,18
08/30/1937,14
08/30/1938,14
08/30/1939,26
08/30/1940,19
08/30/1941,31
08/30/1942,36
08/30/1943,30
08/30/1944,38
08/30/1945,38
08/30/1946,60
08/30/1947,67
08/30/1948,49
08/30/1949,75
08/30/1950,66
08/30/1951,86
08/30/1952,63
08/30/1953,74
08/30/1954,87
08/30/1955,90
08/30/1956,97
08/30/1957,114
08/30/1958,99
08/30/1959,83
08/30/1960,94
08/30/1961,96
08/30/1962,100
08/30/1963,81
08/30/1964,80
08/30/1965,81
08/30/1966,88
08/30/1967,74
08/30/1968,87
08/30/1969,85
08/30/1970,90
08/30/1971,96
08/30/1972,75
08/30/1973,95
08/30/1974,84
08/30/1975,73
08/30/1976,79
08/30/1977,86
08/30/1978,78
08/30/1979,92
08/30/1980,92
08/30/1981,86
08/30/1982,88
08/30/1983,113
08/30/1984,106
08/30/1985,106
08/30/1986,73
08/30/1987,67
08/30/1988,99
08/30/1989,121
08/30/1990,106
08/30/1991,103
08/30/1992,55
08/30/1993,87
08/30/1994,109
08/30/1995,114
08/30/1996,117
08/30/1997,86
08/30/1998,68
08/30/1999,101
08/30/2000,116
08/30/2001,117
08/30/2002,131
08/30/2003,57
08/30/2004,107
08/30/2005,94
08/30/2006,107
08/30/2007,45
08/31/1921,1
08/31/1926,1
08/31/1927,1
08/31/1928,3
08/31/1929,3
08/31/1930,5
08/31/1931,7
08/31/1932,10
08/31/1933,10
08/31/1934,18
08/31/1935,14
08/31/1936,15
08/31/1937,15
08/31/1938,20
08/31/1939,23
08/31/1940,33
08/31/1941,30
08/31/1942,45
08/31/1943,44
08/31/1944,34
08/31/1945,42
08/31/1946,63
08/31/1947,49
08/31/1948,73
08/31/1949,65
08/31/1950,67
08/31/1951,77
08/31/1952,77
08/31/1953,72
08/31/1954,83
08/31/1955,82
08/31/1956,90
08/31/1957,97
08/31/1958,79
08/31/1959,77
08/31/1960,104
08/31/1961,99
08/31/1962,113
08/31/1963,90
08/31/1964,83
08/31/1965,77
08/31/1966,86
08/31/1967,70
08/31/1968,80
08/31/1969,76
08/31/1970,112
08/31/1971,89
08/31/1972,80
08/31/1973,77
08/31/1974,46
08/31/1975,73
08/31/1976,88
08/31/1977,103
08/31/1978,83
08/31/1979,95
08/31/1980,79
08/31/1981,99
08/31/1982,114
08/31/1983,111
08/31/1984,100
08/31/1985,76
08/31/1986,79
08/31/1987,110
08/31/1988,91
08/31/1989,112
08/31/1990,107
08/31/1991,75
08/31/1992,106
08/31/1993,121
08/31/1994,112
08/31/1995,108
08/31/1996,99
08/31/1997,61
08/31/1998,109
08/31/1999,100
08/31/2000,122
08/31/2001,127
08/31/2002,65
08/31/2003,58
08/31/2004,88
08/31/2005,96
08/31/2006,87
08/31/2007,52
09/01/1906,1
09/01/1913,1
09/01/1924,1
09/01/1925,1
09/01/1927,2
09/01/1928,2
09/01/1930,5
09/01/1931,10
09/01/1932,9
09/01/1933,6
09/01/1934,10
09/01/1935,11
09/01/1936,8
09/01/1937,16
09/01/1938,24
09/01/1939,24
09/01/1940,17
09/01/1941,31
09/01/1942,40
09/01/1943,40
09/01/1944,37
09/01/1945,34
09/01/1946,63
09/01/1947,68
09/01/1948,71
09/01/1949,51
09/01/1950,83
09/01/1951,79
09/01/1952,73
09/01/1953,99
09/01/1954,73
09/01/1955,85
09/01/1956,83
09/01/1957,87
09/01/1958,102
09/01/1959,87
09/01/1960,112
09/01/1961,109
09/01/1962,80
09/01/1963,65
09/01/1964,94
09/01/1965,90
09/01/1966,89
09/01/1967,85
09/01/1968,73
09/01/1969,80
09/01/1970,98
09/01/1971,77
09/01/1972,77
09/01/1973,61
09/01/1974,77
09/01/1975,71
09/01/1976,90
09/01/1977,91
09/01/1978,101
09/01/1979,98
09/01/1980,113
09/01/1981,118
09/01/1982,99
09/01/1983,100
09/01/1984,92
09/01/1985,71
09/01/1986,67
09/01/1987,98
09/01/1988,108
09/01/1989,117
09/01/1990,85
09/01/1991,93
09/01/1992,108
09/01/1993,107
09/01/1994,117
09/01/1995,105
09/01/1996,71
09/01/1997,63
09/01/1998,129
09/01/1999,111
09/01/2000,122
09/01/2001,69
09/01/2002,66
09/01/2003,60
09/01/2004,85
09/01/2005,107
09/01/2006,113
09/01/2007,32
09/02/1924,1
09/02/1925,2
09/02/1926,3
09/02/1927,1
09/02/1928,3
09/02/1929,2
09/02/1930,5
09/02/1931,10
09/02/1932,9
09/02/1933,10
09/02/1934,8
09/02/1935,10
09/02/1936,17
09/02/1937,20
09/02/1938,22
09/02/1939,28
09/02/1940,26
09/02/1941,38
09/02/1942,28
09/02/1943,34
09/02/1944,35
09/02/1945,41
09/02/1946,53
09/02/1947,63
09/02/1948,66
09/02/1949,74
09/02/1950,81
09/02/1951,69
09/02/1952,70
09/02/1953,69
09/02/1954,87
09/02/1955,94
09/02/1956,82
09/02/1957,89
09/02/1958,89
09/02/1959,100
09/02/1960,100
09/02/1961,101
09/02/1962,89
09/02/1963,74
09/02/1964,106
09/02/1965,91
09/02/1966,83
09/02/1967,60
09/02/1968,70
09/02/1969,75
09/02/1970,85
09/02/1971,90
09/02/1972,68
09/02/1973,57
09/02/1974,60
09/02/1975,87
09/02/1976,86
09/02/1977,81
09/02/1978,76
09/02/1979,85
09/02/1980,84
09/02/1981,105
09/02/1982,109
09/02/1983,103
09/02/1984,52
09/02/1985,83
09/02/1986,111
09/02/1987,95
09/02/1988,106
09/02/1989,83
09/02/1990,79
09/02/1991,97
09/02/1992,114
09/02/1993,95
09/02/1994,131
09/02/1995,90
09/02/1996,75
09/02/1997,104
09/02/1998,120
09/02/1999,127
09/02/2000,55
09/02/2001,58
09/02/2002,72
09/02/2003,94
09/02/2004,105
09/02/2005,90
09/02/2006,47
09/02/2007,24
09/03/1922,1
09/03/1923,1
09/03/1924,2
09/03/1925,3
09/03/1926,1
09/03/1927,1
09/03/1928,1
09/03/1929,3
09/03/1930,8
09/03/1931,9
09/03/1932,5
09/03/1933,12
09/03/1934,8
09/03/1935,15
09/03/1936,18
09/03/1937,20
09/03/1938,21
09/03/1939,30
09/03/1940,27
09/03/1941,27
09/03/1942,30
09/03/1943,34
09/03/1944,36
09/03/1945,40
09/03/1946,58
09/03/1947,63
09/03/1948,56
09/03/1949,54
09/03/1950,60
09/03/1951,67
09/03/1952,87
09/03/1953,95
09/03/1954,91
09/03/1955,91
09/03/1956,86
09/03/1957,89
09/03/1958,117
09/03/1959,94
09/03/1960,86
09/03/1961,93
09/03/1962,89
09/03/1963,102
09/03/1964,100
09/03/1965,104
09/03/1966,58
09/03/1967,67
09/03/1968,70
09/03/1969,103
09/03/1970,92
09/03/1971,93
09/03/1972,91
09/03/1973,64
09/03/1974,87
09/03/1975,81
09/03/1976,83
09/03/1977,95
09/03/1978,79
09/03/1979,103
09/03/1980,101
09/03/1981,97
09/03/1982,100
09/03/1983,97
09/03/1984,78
09/03/1985,100
09/03/1986,118
09/03/1987,111
09/03/1988,73
09/03/1989,92
09/03/1990,74
09/03/1991,105
09/03/1992,102
09/03/1993,109
09/03/1994,73
09/03/1995,67
09/03/1996,108
09/03/1997,109
09/03/1998,114
09/03/1999,117
09/03/2000,63
09/03/2001,77
09/03/2002,104
09/03/2003,117
09/03/2004,123
09/03/2005,56
09/03/2006,42
09/03/2007,25
09/04/1920,1
09/04/1924,1
09/04/1925,1
09/04/1927,3
09/04/1928,3
09/04/1929,4
09/04/1930,4
09/04/1931,6
09/04/1932,10
09/04/1933,7
09/04/1934,12
09/04/1935,13
09/04/1936,19
09/04/1937,28
09/04/1938,25
09/04/1939,29
09/04/1940,22
09/04/1941,24
09/04/1942,42
09/04/1943,43
09/04/1944,33
09/04/1945,28
09/04/1946,58
09/04/1947,66
09/04/1948,57
09/04/1949,68
09/04/1950,59
09/04/1951,70
09/04/1952,73
09/04/1953,78
09/04/1954,86
09/04/1955,81
09/04/1956,86
09/04/1957,87
09/04/1958,101
09/04/1959,111
09/04/1960,92
09/04/1961,92
09/04/1962,90
09/04/1963,81
09/04/1964,99
09/04/1965,76
09/04/1966,77
09/04/1967,75
09/04/1968,87
09/04/1969,78
09/04/1970,92
09/04/1971,73
09/04/1972,79
09/04/1973,85
09/04/1974,95
09/04/1975,73
09/04/1976,78
09/04/1977,74
09/04/1978,75
09/04/1979,85
09/04/1980,109
09/04/1981,103
09/04/1982,83
09/04/1983,74
09/04/1984,112
09/04/1985,106
09/04/1986,111
09/04/1987,90
09/04/1988,75
09/04/1989,81
09/04/1990,102
09/04/1991,99
09/04/1992,119
09/04/1993,76
09/04/1994,74
09/04/1995,70
09/04/1996,121
09/04/1997,102
09/04/1998,101
09/04/1999,67
09/04/2000,63
09/04/2001,109
09/04/2002,117
09/04/2003,97
09/04/2004,60
09/04/2005,64
09/04/2006,42
09/04/2007,47
09/05/1916,1
09/05/1923,2
09/05/1924,1
09/05/1925,1
09/05/1926,3
09/05/1927,5
09/05/1928,1
09/05/1929,3
09/05/1930,4
09/05/1931,7
09/05/1932,5
09/05/1933,10
09/05/1934,18
09/05/1935,10
09/05/1936,15
09/05/1937,11
09/05/1938,23
09/05/1939,12
09/05/1940,30
09/05/1941,28
09/05/1942,38
09/05/1943,40
09/05/1944,41
09/05/1945,48
09/05/1946,59
09/05/1947,60
09/05/1948,63
09/05/1949,67
09/05/1950,77
09/05/1951,76
09/05/1952,73
09/05/1953,87
09/05/1954,77
09/05/1955,83
09/05/1956,106
09/05/1957,104
09/05/1958,89
09/05/1959,111
09/05/1960,98
09/05/1961,115
09/05/1962,91
09/05/1963,82
09/05/1964,84
09/05/1965,84
09/05/1966,64
09/05/1967,87
09/05/1968,86
09/05/1969,75
09/05/1970,87
09/05/1971,77
09/05/1972,85
09/05/1973,98
09/05/1974,82
09/05/1975,89
09/05/1976,68
09/05/1977,82
09/05/1978,86
09/05/1979,90
09/05/1980,86
09/05/1981,83
09/05/1982,80
09/05/1983,64
09/05/1984,100
09/05/1985,85
09/05/1986,84
09/05/1987,65
09/05/1988,93
09/05/1989,112
09/05/1990,108
09/05/1991,124
09/05/1992,72
09/05/1993,73
09/05/1994,68
09/05/1995,91
09/05/1996,136
09/05/1997,104
09/05/1998,65
09/05/1999,85
09/05/2000,115
09/05/2001,112
09/05/2002,140
09/05/2003,95
09/05/2004,55
09/05/2005,57
09/05/2006,92
09/05/2007,52
09/06/1923,3
09/06/1924,1
09/06/1925,1
09/06/1926,1
09/06/1928,1
09/06/1929,4
09/06/1930,2
09/06/1931,5
09/06/1932,11
09/06/1933,6
09/06/1934,12
09/06/1935,12
09/06/1936,17
09/06/1937,17
09/06/1938,21
09/06/1939,24
09/06/1940,23
09/06/1941,44
09/06/1942,27
09/06/1943,33
09/06/1944,46
09/06/1945,32
09/06/1946,55
09/06/1947,48
09/06/1948,74
09/06/1949,83
09/06/1950,55
09/06/1951,74
09/06/1952,106
09/06/1953,81
09/06/1954,77
09/06/1955,99
09/06/1956,86
09/06/1957,104
09/06/1958,92
09/06/1959,106
09/06/1960,111
09/06/1961,118
09/06/1962,96
09/06/1963,109
09/06/1964,69
09/06/1965,76
09/06/1966,76
09/06/1967,74
09/06/1968,84
09/06/1969,78
09/06/1970,82
09/06/1971,82
09/06/1972,96
09/06/1973,75
09/06/1974,60
09/06/1975,63
09/06/1976,85
09/06/1977,86
09/06/1978,92
09/06/1979,119
09/06/1980,88
09/06/1981,87
09/06/1982,85
09/06/1983,101
09/06/1984,102
09/06/1985,98
09/06/1986,98
09/06/1987,72
09/06/1988,114
09/06/1989,116
09/06/1990,104
09/06/1991,107
09/06/1992,74
09/06/1993,68
09/06/1994,93
09/06/1995,96
09/06/1996,104
09/06/1997,77
09/06/1998,83
09/06/1999,83
09/06/2000,147
09/06/2001,113
09/06/2002,118
09/06/2003,72
09/06/2004,78
09/06/2005,99
09/06/2006,113
09/06/2007,62
09/07/1921,1
09/07/1928,2
09/07/1929,3
09/07/1930,1
09/07/1931,7
09/07/1932,3
09/07/1933,12
09/07/1934,11
09/07/1935,10
09/07/1936,21
09/07/1937,15
09/07/1938,20
09/07/1939,22
09/07/1940,20
09/07/1941,24
09/07/1942,24
09/07/1943,17
09/07/1944,42
09/07/1945,38
09/07/1946,60
09/07/1947,53
09/07/1948,70
09/07/1949,72
09/07/1950,66
09/07/1951,77
09/07/1952,83
09/07/1953,63
09/07/1954,91
09/07/1955,93
09/07/1956,72
09/07/1957,79
09/07/1958,75
09/07/1959,84
09/07/1960,95
09/07/1961,93
09/07/1962,79
09/07/1963,101
09/07/1964,79
09/07/1965,92
09/07/1966,84
09/07/1967,70
09/07/1968,78
09/07/1969,80
09/07/1970,63
09/07/1971,74
09/07/1972,69
09/07/1973,85
09/07/1974,85
09/07/1975,69
09/07/1976,79
09/07/1977,63
09/07/1978,94
09/07/1979,111
09/07/1980,98
09/07/1981,88
09/07/1982,103
09/07/1983,83
09/07/1984,103
09/07/1985,60
09/07/1986,80
09/07/1987,83
09/07/1988,109
09/07/1989,115
09/07/1990,110
09/07/1991,82
09/07/1992,79
09/07/1993,125
09/07/1994,107
09/07/1995,123
09/07/1996,80
09/07/1997,73
09/07/1998,76
09/07/1999,92
09/07/2000,128
09/07/2001,146
09/07/2002,61
09/07/2003,48
09/07/2004,114
09/07/2005,114
09/07/2006,94
09/07/2007,60
09/08/1922,1
09/08/1923,1
09/08/1925,4
09/08/1926,1
09/08/1927,1
09/08/1929,4
09/08/1930,3
09/08/1931,6
09/08/1932,8
09/08/1933,14
09/08/1934,17
09/08/1935,11
09/08/1936,11
09/08/1937,19
09/08/1938,24
09/08/1939,21
09/08/1940,18
09/08/1941,35
09/08/1942,23
09/08/1943,22
09/08/1944,32
09/08/1945,39
09/08/1946,70
09/08/1947,50
09/08/1948,65
09/08/1949,75
09/08/1950,71
09/08/1951,66
09/08/1952,91
09/08/1953,79
09/08/1954,82
09/08/1955,93
09/08/1956,75
09/08/1957,55
09/08/1958,86
09/08/1959,101
09/08/1960,99
09/08/1961,109
09/08/1962,88
09/08/1963,79
09/08/1964,94
09/08/1965,85
09/08/1966,73
09/08/1967,74
09/08/1968,75
09/08/1969,101
09/08/1970,95
09/08/1971,108
09/08/1972,87
09/08/1973,68
09/08/1974,63
09/08/1975,97
09/08/1976,99
09/08/1977,98
09/08/1978,92
09/08/1979,102
09/08/1980,94
09/08/1981,117
09/08/1982,87
09/08/1983,106
09/08/1984,86
09/08/1985,73
09/08/1986,108
09/08/1987,100
09/08/1988,111
09/08/1989,117
09/08/1990,92
09/08/1991,66
09/08/1992,114
09/08/1993,126
09/08/1994,109
09/08/1995,110
09/08/1996,68
09/08/1997,98
09/08/1998,114
09/08/1999,129
09/08/2000,105
09/08/2001,64
09/08/2002,60
09/08/2003,111
09/08/2004,108
09/08/2005,78
09/08/2006,102
09/08/2007,35
09/09/1922,1
09/09/1924,1
09/09/1925,2
09/09/1927,2
09/09/1928,3
09/09/1929,3
09/09/1930,10
09/09/1931,5
09/09/1932,8
09/09/1933,11
09/09/1934,12
09/09/1935,18
09/09/1936,20
09/09/1937,17
09/09/1938,23
09/09/1939,15
09/09/1940,31
09/09/1941,27
09/09/1942,37
09/09/1943,39
09/09/1944,44
09/09/1945,43
09/09/1946,62
09/09/1947,57
09/09/1948,68
09/09/1949,64
09/09/1950,74
09/09/1951,67
09/09/1952,86
09/09/1953,112
09/09/1954,78
09/09/1955,101
09/09/1956,104
09/09/1957,98
09/09/1958,110
09/09/1959,87
09/09/1960,103
09/09/1961,95
09/09/1962,80
09/09/1963,93
09/09/1964,87
09/09/1965,83
09/09/1966,77
09/09/1967,75
09/09/1968,76
09/09/1969,87
09/09/1970,77
09/09/1971,103
09/09/1972,71
09/09/1973,66
09/09/1974,102
09/09/1975,84
09/09/1976,101
09/09/1977,91
09/09/1978,69
09/09/1979,78
09/09/1980,99
09/09/1981,108
09/09/1982,115
09/09/1983,102
09/09/1984,95
09/09/1985,85
09/09/1986,124
09/09/1987,112
09/09/1988,128
09/09/1989,79
09/09/1990,77
09/09/1991,106
09/09/1992,118
09/09/1993,96
09/09/1994,126
09/09/1995,81
09/09/1996,116
09/09/1997,105
09/09/1998,119
09/09/1999,132
09/09/2000,75
09/09/2001,75
09/09/2002,109
09/09/2003,97
09/09/2004,113
09/09/2005,117
09/09/2006,52
09/09/2007,32
09/10/1916,1
09/10/1923,1
09/10/1925,1
09/10/1926,2
09/10/1928,2
09/10/1929,3
09/10/1930,6
09/10/1931,4
09/10/1932,3
09/10/1933,8
09/10/1934,19
09/10/1935,17
09/10/1936,18
09/10/1937,15
09/10/1938,25
09/10/1939,27
09/10/1940,26
09/10/1941,28
09/10/1942,29
09/10/1943,39
09/10/1944,35
09/10/1945,42
09/10/1946,74
09/10/1947,59
09/10/1948,59
09/10/1949,73
09/10/1950,78
09/10/1951,64
09/10/1952,87
09/10/1953,81
09/10/1954,101
09/10/1955,99
09/10/1956,94
09/10/1957,105
09/10/1958,104
09/10/1959,99
09/10/1960,101
09/10/1961,98
09/10/1962,108
09/10/1963,83
09/10/1964,99
09/10/1965,86
09/10/1966,76
09/10/1967,61
09/10/1968,94
09/10/1969,93
09/10/1970,73
09/10/1971,84
09/10/1972,80
09/10/1973,76
09/10/1974,98
09/10/1975,90
09/10/1976,87
09/10/1977,68
09/10/1978,70
09/10/1979,90
09/10/1980,80
09/10/1981,114
09/10/1982,115
09/10/1983,92
09/10/1984,109
09/10/1985,93
09/10/1986,109
09/10/1987,118
09/10/1988,93
09/10/1989,80
09/10/1990,101
09/10/1991,95
09/10/1992,144
09/10/1993,116
09/10/1994,71
09/10/1995,72
09/10/1996,112
09/10/1997,103
09/10/1998,125
09/10/1999,115
09/10/2000,77
09/10/2001,121
09/10/2002,121
09/10/2003,109
09/10/2004,97
09/10/2005,53
09/10/2006,42
09/10/2007,60
09/11/1919,1
09/11/1922,1
09/11/1923,1
09/11/1925,1
09/11/1926,2
09/11/1927,2
09/11/1928,3
09/11/1929,4
09/11/1930,2
09/11/1931,8
09/11/1932,3
09/11/1933,18
09/11/1934,11
09/11/1935,20
09/11/1936,19
09/11/1937,16
09/11/1938,29
09/11/1939,17
09/11/1940,24
09/11/1941,22
09/11/1942,28
09/11/1943,38
09/11/1944,36
09/11/1945,40
09/11/1946,50
09/11/1947,48
09/11/1948,72
09/11/1949,54
09/11/1950,59
09/11/1951,72
09/11/1952,110
09/11/1953,95
09/11/1954,87
09/11/1955,89
09/11/1956,115
09/11/1957,80
09/11/1958,100
09/11/1959,96
09/11/1960,91
09/11/1961,97
09/11/1962,101
09/11/1963,103
09/11/1964,94
09/11/1965,102
09/11/1966,63
09/11/1967,71
09/11/1968,90
09/11/1969,80
09/11/1970,91
09/11/1971,90
09/11/1972,92
09/11/1973,76
09/11/1974,71
09/11/1975,80
09/11/1976,71
09/11/1977,69
09/11/1978,96
09/11/1979,114
09/11/1980,90
09/11/1981,113
09/11/1982,81
09/11/1983,77
09/11/1984,108
09/11/1985,111
09/11/1986,124
09/11/1987,110
09/11/1988,69
09/11/1989,115
09/11/1990,105
09/11/1991,99
09/11/1992,110
09/11/1993,82
09/11/1994,72
09/11/1995,105
09/11/1996,139
09/11/1997,113
09/11/1998,139
09/11/1999,86
09/11/2000,115
09/11/2001,106
09/11/2002,88
09/11/2003,99
09/11/2004,51
09/11/2005,58
09/11/2006,92
09/11/2007,53
09/12/1911,1
09/12/1922,1
09/12/1925,1
09/12/1926,1
09/12/1927,3
09/12/1928,1
09/12/1929,2
09/12/1930,4
09/12/1931,7
09/12/1932,7
09/12/1933,8
09/12/1934,9
09/12/1935,17
09/12/1936,22
09/12/1937,22
09/12/1938,23
09/12/1939,30
09/12/1940,29
09/12/1941,40
09/12/1942,34
09/12/1943,38
09/12/1944,44
09/12/1945,47
09/12/1946,53
09/12/1947,65
09/12/1948,59
09/12/1949,80
09/12/1950,71
09/12/1951,85
09/12/1952,70
09/12/1953,81
09/12/1954,85
09/12/1955,88
09/12/1956,98
09/12/1957,93
09/12/1958,98
09/12/1959,91
09/12/1960,78
09/12/1961,106
09/12/1962,108
09/12/1963,89
09/12/1964,78
09/12/1965,66
09/12/1966,72
09/12/1967,85
09/12/1968,92
09/12/1969,98
09/12/1970,90
09/12/1971,94
09/12/1972,97
09/12/1973,80
09/12/1974,88
09/12/1975,91
09/12/1976,72
09/12/1977,113
09/12/1978,91
09/12/1979,87
09/12/1980,105
09/12/1981,91
09/12/1982,80
09/12/1983,106
09/12/1984,107
09/12/1985,96
09/12/1986,91
09/12/1987,59
09/12/1988,115
09/12/1989,106
09/12/1990,112
09/12/1991,101
09/12/1992,78
09/12/1993,78
09/12/1994,103
09/12/1995,122
09/12/1996,111
09/12/1997,113
09/12/1998,74
09/12/1999,65
09/12/2000,108
09/12/2001,103
09/12/2002,129
09/12/2003,103
09/12/2004,53
09/12/2005,98
09/12/2006,84
09/12/2007,52
09/13/1922,1
09/13/1924,1
09/13/1925,1
09/13/1927,3
09/13/1928,4
09/13/1929,4
09/13/1930,4
09/13/1931,3
09/13/1932,7
09/13/1933,8
09/13/1934,12
09/13/1935,10
09/13/1936,13
09/13/1937,20
09/13/1938,19
09/13/1939,22
09/13/1940,27
09/13/1941,41
09/13/1942,42
09/13/1943,33
09/13/1944,43
09/13/1945,42
09/13/1946,70
09/13/1947,43
09/13/1948,55
09/13/1949,68
09/13/1950,78
09/13/1951,72
09/13/1952,80
09/13/1953,85
09/13/1954,96
09/13/1955,100
09/13/1956,104
09/13/1957,101
09/13/1958,87
09/13/1959,82
09/13/1960,115
09/13/1961,75
09/13/1962,89
09/13/1963,112
09/13/1964,93
09/13/1965,77
09/13/1966,74
09/13/1967,76
09/13/1968,102
09/13/1969,93
09/13/1970,86
09/13/1971,79
09/13/1972,82
09/13/1973,75
09/13/1974,84
09/13/1975,57
09/13/1976,90
09/13/1977,89
09/13/1978,83
09/13/1979,89
09/13/1980,99
09/13/1981,94
09/13/1982,96
09/13/1983,90
09/13/1984,128
09/13/1985,95
09/13/1986,77
09/13/1987,80
09/13/1988,122
09/13/1989,102
09/13/1990,101
09/13/1991,105
09/13/1992,80
09/13/1993,96
09/13/1994,124
09/13/1995,88
09/13/1996,111
09/13/1997,65
09/13/1998,88
09/13/1999,114
09/13/2000,119
09/13/2001,85
09/13/2002,137
09/13/2003,56
09/13/2004,100
09/13/2005,97
09/13/2006,96
09/13/2007,54
09/14/1917,1
09/14/1920,1
09/14/1922,1
09/14/1927,5
09/14/1928,1
09/14/1929,3
09/14/1930,4
09/14/1931,11
09/14/1932,8
09/14/1933,7
09/14/1934,12
09/14/1935,15
09/14/1936,25
09/14/1937,23
09/14/1938,21
09/14/1939,24
09/14/1940,20
09/14/1941,33
09/14/1942,33
09/14/1943,39
09/14/1944,35
09/14/1945,36
09/14/1946,53
09/14/1947,56
09/14/1948,66
09/14/1949,62
09/14/1950,70
09/14/1951,88
09/14/1952,72
09/14/1953,85
09/14/1954,87
09/14/1955,90
09/14/1956,84
09/14/1957,97
09/14/1958,81
09/14/1959,89
09/14/1960,93
09/14/1961,101
09/14/1962,118
09/14/1963,90
09/14/1964,104
09/14/1965,93
09/14/1966,87
09/14/1967,80
09/14/1968,91
09/14/1969,75
09/14/1970,80
09/14/1971,99
09/14/1972,76
09/14/1973,75
09/14/1974,82
09/14/1975,81
09/14/1976,89
09/14/1977,88
09/14/1978,74
09/14/1979,102
09/14/1980,71
09/14/1981,98
09/14/1982,99
09/14/1983,107
09/14/1984,113
09/14/1985,95
09/14/1986,64
09/14/1987,97
09/14/1988,108
09/14/1989,127
09/14/1990,106
09/14/1991,65
09/14/1992,108
09/14/1993,123
09/14/1994,125
09/14/1995,94
09/14/1996,82
09/14/1997,79
09/14/1998,116
09/14/1999,125
09/14/2000,118
09/14/2001,131
09/14/2002,78
09/14/2003,56
09/14/2004,129
09/14/2005,103
09/14/2006,100
09/14/2007,49
09/15/1910,1
09/15/1921,1
09/15/1923,1
09/15/1924,1
09/15/1925,1
09/15/1927,5
09/15/1928,3
09/15/1929,2
09/15/1930,5
09/15/1931,8
09/15/1932,6
09/15/1933,8
09/15/1934,9
09/15/1935,14
09/15/1936,15
09/15/1937,15
09/15/1938,26
09/15/1939,22
09/15/1940,20
09/15/1941,35
09/15/1942,19
09/15/1943,31
09/15/1944,45
09/15/1945,34
09/15/1946,66
09/15/1947,61
09/15/1948,67
09/15/1949,68
09/15/1950,72
09/15/1951,60
09/15/1952,74
09/15/1953,86
09/15/1954,86
09/15/1955,96
09/15/1956,102
09/15/1957,103
09/15/1958,110
09/15/1959,106
09/15/1960,97
09/15/1961,95
09/15/1962,101
09/15/1963,98
09/15/1964,111
09/15/1965,100
09/15/1966,82
09/15/1967,85
09/15/1968,62
09/15/1969,93
09/15/1970,106
09/15/1971,94
09/15/1972,81
09/15/1973,87
09/15/1974,71
09/15/1975,74
09/15/1976,65
09/15/1977,98
09/15/1978,113
09/15/1979,81
09/15/1980,123
09/15/1981,104
09/15/1982,110
09/15/1983,101
09/15/1984,77
09/15/1985,77
09/15/1986,121
09/15/1987,90
09/15/1988,74
09/15/1989,136
09/15/1990,73
09/15/1991,73
09/15/1992,105
09/15/1993,100
09/15/1994,126
09/15/1995,120
09/15/1996,72
09/15/1997,118
09/15/1998,117
09/15/1999,104
09/15/2000,120
09/15/2001,85
09/15/2002,56
09/15/2003,118
09/15/2004,95
09/15/2005,99
09/15/2006,96
09/15/2007,40
09/16/1923,2
09/16/1924,2
09/16/1925,1
09/16/1926,2
09/16/1927,3
09/16/1928,5
09/16/1929,3
09/16/1930,6
09/16/1931,3
09/16/1932,6
09/16/1933,3
09/16/1934,13
09/16/1935,9
09/16/1936,12
09/16/1937,20
09/16/1938,22
09/16/1939,25
09/16/1940,30
09/16/1941,36
09/16/1942,32
09/16/1943,32
09/16/1944,41
09/16/1945,40
09/16/1946,59
09/16/1947,71
09/16/1948,66
09/16/1949,65
09/16/1950,96
09/16/1951,77
09/16/1952,82
09/16/1953,97
09/16/1954,94
09/16/1955,97
09/16/1956,94
09/16/1957,112
09/16/1958,94
09/16/1959,112
09/16/1960,96
09/16/1961,89
09/16/1962,94
09/16/1963,102
09/16/1964,90
09/16/1965,96
09/16/1966,72
09/16/1967,78
09/16/1968,70
09/16/1969,106
09/16/1970,104
09/16/1971,87
09/16/1972,75
09/16/1973,65
09/16/1974,91
09/16/1975,98
09/16/1976,84
09/16/1977,89
09/16/1978,89
09/16/1979,75
09/16/1980,112
09/16/1981,116
09/16/1982,103
09/16/1983,117
09/16/1984,73
09/16/1985,89
09/16/1986,113
09/16/1987,99
09/16/1988,119
09/16/1989,102
09/16/1990,77
09/16/1991,108
09/16/1992,111
09/16/1993,120
09/16/1994,111
09/16/1995,86
09/16/1996,112
09/16/1997,134
09/16/1998,109
09/16/1999,110
09/16/2000,97
09/16/2001,76
09/16/2002,134
09/16/2003,95
09/16/2004,94
09/16/2005,94
09/16/2006,48
09/16/2007,26
09/17/1925,1
09/17/1926,2
09/17/1927,5
09/17/1928,2
09/17/1929,8
09/17/1930,2
09/17/1931,6
09/17/1932,10
09/17/1933,5
09/17/1934,12
09/17/1935,15
09/17/1936,16
09/17/1937,19
09/17/1938,14
09/17/1939,22
09/17/1940,25
09/17/1941,24
09/17/1942,32
09/17/1943,35
09/17/1944,46
09/17/1945,35
09/17/1946,63
09/17/1947,60
09/17/1948,50
09/17/1949,57
09/17/1950,73
09/17/1951,88
09/17/1952,80
09/17/1953,95
09/17/1954,113
09/17/1955,107
09/17/1956,107
09/17/1957,102
09/17/1958,93
09/17/1959,102
09/17/1960,101
09/17/1961,95
09/17/1962,90
09/17/1963,101
09/17/1964,96
09/17/1965,94
09/17/1966,83
09/17/1967,63
09/17/1968,107
09/17/1969,86
09/17/1970,107
09/17/1971,88
09/17/1972,75
09/17/1973,71
09/17/1974,94
09/17/1975,108
09/17/1976,89
09/17/1977,102
09/17/1978,90
09/17/1979,91
09/17/1980,97
09/17/1981,88
09/17/1982,110
09/17/1983,101
09/17/1984,106
09/17/1985,116
09/17/1986,87
09/17/1987,115
09/17/1988,109
09/17/1989,67
09/17/1990,107
09/17/1991,124
09/17/1992,109
09/17/1993,98
09/17/1994,69
09/17/1995,80
09/17/1996,114
09/17/1997,118
09/17/1998,130
09/17/1999,105
09/17/2000,77
09/17/2001,112
09/17/2002,132
09/17/2003,111
09/17/2004,96
09/17/2005,57
09/17/2006,52
09/17/2007,48
09/18/1919,1
09/18/1924,2
09/18/1925,1
09/18/1927,3
09/18/1928,4
09/18/1929,4
09/18/1930,4
09/18/1931,3
09/18/1932,11
09/18/1933,8
09/18/1934,5
09/18/1935,14
09/18/1936,19
09/18/1937,19
09/18/1938,17
09/18/1939,22
09/18/1940,27
09/18/1941,25
09/18/1942,32
09/18/1943,35
09/18/1944,36
09/18/1945,47
09/18/1946,60
09/18/1947,75
09/18/1948,78
09/18/1949,59
09/18/1950,67
09/18/1951,68
09/18/1952,82
09/18/1953,95
09/18/1954,89
09/18/1955,95
09/18/1956,107
09/18/1957,99
09/18/1958,117
09/18/1959,100
09/18/1960,88
09/18/1961,94
09/18/1962,104
09/18/1963,123
09/18/1964,88
09/18/1965,89
09/18/1966,89
09/18/1967,84
09/18/1968,106
09/18/1969,88
09/18/1970,96
09/18/1971,78
09/18/1972,67
09/18/1973,90
09/18/1974,96
09/18/1975,76
09/18/1976,71
09/18/1977,70
09/18/1978,97
09/18/1979,104
09/18/1980,89
09/18/1981,106
09/18/1982,79
09/18/1983,98
09/18/1984,78
09/18/1985,90
09/18/1986,107
09/18/1987,126
09/18/1988,66
09/18/1989,77
09/18/1990,109
09/18/1991,88
09/18/1992,115
09/18/1993,76
09/18/1994,62
09/18/1995,111
09/18/1996,101
09/18/1997,104
09/18/1998,128
09/18/1999,89
09/18/2000,98
09/18/2001,117
09/18/2002,122
09/18/2003,113
09/18/2004,54
09/18/2005,48
09/18/2006,105
09/18/2007,61
09/19/1915,1
09/19/1921,1
09/19/1922,1
09/19/1923,2
09/19/1926,2
09/19/1927,2
09/19/1928,2
09/19/1929,2
09/19/1930,5
09/19/1931,8
09/19/1932,10
09/19/1933,11
09/19/1934,13
09/19/1935,10
09/19/1936,21
09/19/1937,16
09/19/1938,17
09/19/1939,21
09/19/1940,26
09/19/1941,31
09/19/1942,24
09/19/1943,40
09/19/1944,33
09/19/1945,43
09/19/1946,60
09/19/1947,64
09/19/1948,67
09/19/1949,66
09/19/1950,79
09/19/1951,70
09/19/1952,63
09/19/1953,66
09/19/1954,97
09/19/1955,95
09/19/1956,95
09/19/1957,98
09/19/1958,100
09/19/1959,85
09/19/1960,101
09/19/1961,101
09/19/1962,91
09/19/1963,81
09/19/1964,97
09/19/1965,97
09/19/1966,83
09/19/1967,87
09/19/1968,51
09/19/1969,102
09/19/1970,104
09/19/1971,75
09/19/1972,83
09/19/1973,76
09/19/1974,93
09/19/1975,93
09/19/1976,66
09/19/1977,92
09/19/1978,83
09/19/1979,98
09/19/1980,112
09/19/1981,88
09/19/1982,88
09/19/1983,101
09/19/1984,104
09/19/1985,106
09/19/1986,103
09/19/1987,88
09/19/1988,115
09/19/1989,128
09/19/1990,131
09/19/1991,92
09/19/1992,91
09/19/1993,72
09/19/1994,93
09/19/1995,122
09/19/1996,106
09/19/1997,104
09/19/1998,84
09/19/1999,74
09/19/2000,114
09/19/2001,110
09/19/2002,126
09/19/2003,127
09/19/2004,63
09/19/2005,99
09/19/2006,86
09/19/2007,39
09/20/1923,1
09/20/1925,1
09/20/1927,4
09/20/1928,1
09/20/1929,5
09/20/1930,4
09/20/1931,8
09/20/1932,5
09/20/1933,4
09/20/1934,4
09/20/1935,20
09/20/1936,14
09/20/1937,24
09/20/1938,30
09/20/1939,21
09/20/1940,32
09/20/1941,33
09/20/1942,24
09/20/1943,48
09/20/1944,43
09/20/1945,43
09/20/1946,67
09/20/1947,50
09/20/1948,64
09/20/1949,72
09/20/1950,68
09/20/1951,68
09/20/1952,68
09/20/1953,92
09/20/1954,88
09/20/1955,111
09/20/1956,101
09/20/1957,119
09/20/1958,79
09/20/1959,93
09/20/1960,102
09/20/1961,104
09/20/1962,95
09/20/1963,82
09/20/1964,107
09/20/1965,107
09/20/1966,81
09/20/1967,82
09/20/1968,73
09/20/1969,76
09/20/1970,96
09/20/1971,84
09/20/1972,102
09/20/1973,92
09/20/1974,87
09/20/1975,73
09/20/1976,95
09/20/1977,100
09/20/1978,92
09/20/1979,93
09/20/1980,92
09/20/1981,88
09/20/1982,114
09/20/1983,117
09/20/1984,121
09/20/1985,107
09/20/1986,73
09/20/1987,67
09/20/1988,105
09/20/1989,108
09/20/1990,100
09/20/1991,115
09/20/1992,76
09/20/1993,128
09/20/1994,111
09/20/1995,94
09/20/1996,92
09/20/1997,72
09/20/1998,93
09/20/1999,110
09/20/2000,119
09/20/2001,112
09/20/2002,119
09/20/2003,77
09/20/2004,89
09/20/2005,92
09/20/2006,99
09/20/2007,40
09/21/1918,1
09/21/1921,1
09/21/1924,1
09/21/1927,4
09/21/1928,2
09/21/1929,10
09/21/1930,5
09/21/1931,9
09/21/1932,8
09/21/1933,7
09/21/1934,13
09/21/1935,10
09/21/1936,17
09/21/1937,21
09/21/1938,20
09/21/1939,14
09/21/1940,33
09/21/1941,34
09/21/1942,35
09/21/1943,32
09/21/1944,37
09/21/1945,43
09/21/1946,65
09/21/1947,71
09/21/1948,72
09/21/1949,76
09/21/1950,68
09/21/1951,78
09/21/1952,65
09/21/1953,80
09/21/1954,91
09/21/1955,103
09/21/1956,90
09/21/1957,105
09/21/1958,99
09/21/1959,100
09/21/1960,100
09/21/1961,91
09/21/1962,85
09/21/1963,115
09/21/1964,98
09/21/1965,79
09/21/1966,88
09/21/1967,84
09/21/1968,84
09/21/1969,78
09/21/1970,78
09/21/1971,100
09/21/1972,93
09/21/1973,80
09/21/1974,89
09/21/1975,78
09/21/1976,72
09/21/1977,84
09/21/1978,94
09/21/1979,87
09/21/1980,97
09/21/1981,86
09/21/1982,102
09/21/1983,113
09/21/1984,108
09/21/1985,91
09/21/1986,93
09/21/1987,110
09/21/1988,100
09/21/1989,116
09/21/1990,107
09/21/1991,91
09/21/1992,130
09/21/1993,129
09/21/1994,109
09/21/1995,125
09/21/1996,69
09/21/1997,67
09/21/1998,124
09/21/1999,129
09/21/2000,114
09/21/2001,114
09/21/2002,78
09/21/2003,76
09/21/2004,114
09/21/2005,80
09/21/2006,106
09/21/2007,51
09/22/1919,1
09/22/1922,1
09/22/1924,1
09/22/1925,1
09/22/1926,1
09/22/1928,6
09/22/1929,3
09/22/1930,3
09/22/1931,6
09/22/1932,6
09/22/1933,8
09/22/1934,9
09/22/1935,14
09/22/1936,21
09/22/1937,13
09/22/1938,16
09/22/1939,19
09/22/1940,26
09/22/1941,30
09/22/1942,40
09/22/1943,41
09/22/1944,34
09/22/1945,55
09/22/1946,67
09/22/1947,58
09/22/1948,61
09/22/1949,76
09/22/1950,77
09/22/1951,73
09/22/1952,92
09/22/1953,87
09/22/1954,83
09/22/1955,92
09/22/1956,116
09/22/1957,97
09/22/1958,88
09/22/1959,120
09/22/1960,94
09/22/1961,114
09/22/1962,85
09/22/1963,72
09/22/1964,104
09/22/1965,102
09/22/1966,87
09/22/1967,70
09/22/1968,78
09/22/1969,102
09/22/1970,102
09/22/1971,99
09/22/1972,88
09/22/1973,89
09/22/1974,102
09/22/1975,93
09/22/1976,90
09/22/1977,98
09/22/1978,79
09/22/1979,81
09/22/1980,107
09/22/1981,88
09/22/1982,99
09/22/1983,100
09/22/1984,93
09/22/1985,77
09/22/1986,109
09/22/1987,119
09/22/1988,113
09/22/1989,107
09/22/1990,97
09/22/1991,86
09/22/1992,85
09/22/1993,107
09/22/1994,113
09/22/1995,121
09/22/1996,75
09/22/1997,108
09/22/1998,121
09/22/1999,114
09/22/2000,134
09/22/2001,74
09/22/2002,88
09/22/2003,98
09/22/2004,119
09/22/2005,99
09/22/2006,104
09/22/2007,33
09/23/1923,1
09/23/1925,4
09/23/1926,1
09/23/1928,1
09/23/1929,2
09/23/1930,10
09/23/1931,6
09/23/1932,8
09/23/1933,6
09/23/1934,14
09/23/1935,8
09/23/1936,20
09/23/1937,17
09/23/1938,23
09/23/1939,22
09/23/1940,41
09/23/1941,26
09/23/1942,28
09/23/1943,49
09/23/1944,30
09/23/1945,45
09/23/1946,66
09/23/1947,55
09/23/1948,66
09/23/1949,77
09/23/1950,68
09/23/1951,66
09/23/1952,88
09/23/1953,83
09/23/1954,93
09/23/1955,92
09/23/1956,95
09/23/1957,108
09/23/1958,97
09/23/1959,100
09/23/1960,93
09/23/1961,99
09/23/1962,87
09/23/1963,86
09/23/1964,100
09/23/1965,79
09/23/1966,80
09/23/1967,92
09/23/1968,84
09/23/1969,91
09/23/1970,91
09/23/1971,97
09/23/1972,76
09/23/1973,71
09/23/1974,92
09/23/1975,72
09/23/1976,92
09/23/1977,83
09/23/1978,91
09/23/1979,67
09/23/1980,94
09/23/1981,108
09/23/1982,129
09/23/1983,101
09/23/1984,106
09/23/1985,119
09/23/1986,122
09/23/1987,97
09/23/1988,110
09/23/1989,104
09/23/1990,75
09/23/1991,110
09/23/1992,96
09/23/1993,101
09/23/1994,125
09/23/1995,100
09/23/1996,104
09/23/1997,114
09/23/1998,126
09/23/1999,118
09/23/2000,70
09/23/2001,82
09/23/2002,128
09/23/2003,111
09/23/2004,105
09/23/2005,87
09/23/2006,57
09/23/2007,32
09/24/1922,1
09/24/1925,3
09/24/1926,2
09/24/1928,3
09/24/1929,2
09/24/1930,3
09/24/1931,9
09/24/1932,6
09/24/1933,8
09/24/1934,13
09/24/1935,16
09/24/1936,21
09/24/1937,20
09/24/1938,13
09/24/1939,22
09/24/1940,23
09/24/1941,26
09/24/1942,40
09/24/1943,32
09/24/1944,41
09/24/1945,36
09/24/1946,63
09/24/1947,52
09/24/1948,49
09/24/1949,69
09/24/1950,78
09/24/1951,64
09/24/1952,97
09/24/1953,86
09/24/1954,84
09/24/1955,97
09/24/1956,97
09/24/1957,116
09/24/1958,91
09/24/1959,98
09/24/1960,100
09/24/1961,82
09/24/1962,105
09/24/1963,100
09/24/1964,89
09/24/1965,75
09/24/1966,75
09/24/1967,70
09/24/1968,90
09/24/1969,76
09/24/1970,95
09/24/1971,109
09/24/1972,73
09/24/1973,88
09/24/1974,94
09/24/1975,75
09/24/1976,100
09/24/1977,88
09/24/1978,79
09/24/1979,106
09/24/1980,108
09/24/1981,114
09/24/1982,114
09/24/1983,72
09/24/1984,123
09/24/1985,112
09/24/1986,113
09/24/1987,99
09/24/1988,69
09/24/1989,72
09/24/1990,117
09/24/1991,115
09/24/1992,104
09/24/1993,101
09/24/1994,79
09/24/1995,73
09/24/1996,121
09/24/1997,110
09/24/1998,114
09/24/1999,116
09/24/2000,67
09/24/2001,107
09/24/2002,125
09/24/2003,127
09/24/2004,108
09/24/2005,54
09/24/2006,56
09/24/2007,55
09/25/1922,1
09/25/1925,3
09/25/1926,1
09/25/1927,1
09/25/1928,2
09/25/1929,6
09/25/1930,3
09/25/1931,5
09/25/1932,6
09/25/1933,9
09/25/1934,5
09/25/1935,15
09/25/1936,8
09/25/1937,17
09/25/1938,22
09/25/1939,28
09/25/1940,24
09/25/1941,31
09/25/1942,36
09/25/1943,44
09/25/1944,37
09/25/1945,50
09/25/1946,68
09/25/1947,53
09/25/1948,56
09/25/1949,67
09/25/1950,71
09/25/1951,84
09/25/1952,96
09/25/1953,83
09/25/1954,84
09/25/1955,104
09/25/1956,86
09/25/1957,108
09/25/1958,83
09/25/1959,91
09/25/1960,91
09/25/1961,110
09/25/1962,105
09/25/1963,102
09/25/1964,92
09/25/1965,75
09/25/1966,83
09/25/1967,75
09/25/1968,93
09/25/1969,88
09/25/1970,104
09/25/1971,80
09/25/1972,69
09/25/1973,83
09/25/1974,93
09/25/1975,86
09/25/1976,79
09/25/1977,63
09/25/1978,111
09/25/1979,118
09/25/1980,89
09/25/1981,107
09/25/1982,77
09/25/1983,87
09/25/1984,127
09/25/1985,95
09/25/1986,116
09/25/1987,111
09/25/1988,92
09/25/1989,117
09/25/1990,112
09/25/1991,119
09/25/1992,107
09/25/1993,74
09/25/1994,80
09/25/1995,89
09/25/1996,116
09/25/1997,102
09/25/1998,114
09/25/1999,79
09/25/2000,108
09/25/2001,116
09/25/2002,122
09/25/2003,128
09/25/2004,51
09/25/2005,53
09/25/2006,103
09/25/2007,56
09/26/1926,2
09/26/1928,3
09/26/1929,2
09/26/1930,6
09/26/1931,5
09/26/1932,6
09/26/1933,12
09/26/1934,8
09/26/1935,12
09/26/1936,11
09/26/1937,18
09/26/1938,25
09/26/1939,19
09/26/1940,21
09/26/1941,17
09/26/1942,35
09/26/1943,40
09/26/1944,39
09/26/1945,42
09/26/1946,62
09/26/1947,60
09/26/1948,45
09/26/1949,65
09/26/1950,70
09/26/1951,64
09/26/1952,78
09/26/1953,90
09/26/1954,83
09/26/1955,90
09/26/1956,87
09/26/1957,103
09/26/1958,90
09/26/1959,94
09/26/1960,107
09/26/1961,108
09/26/1962,111
09/26/1963,96
09/26/1964,94
09/26/1965,81
09/26/1966,77
09/26/1967,75
09/26/1968,71
09/26/1969,89
09/26/1970,75
09/26/1971,75
09/26/1972,75
09/26/1973,79
09/26/1974,107
09/26/1975,78
09/26/1976,75
09/26/1977,87
09/26/1978,106
09/26/1979,88
09/26/1980,110
09/26/1981,108
09/26/1982,92
09/26/1983,107
09/26/1984,108
09/26/1985,114
09/26/1986,116
09/26/1987,76
09/26/1988,99
09/26/1989,110
09/26/1990,100
09/26/1991,115
09/26/1992,82
09/26/1993,60
09/26/1994,115
09/26/1995,107
09/26/1996,120
09/26/1997,104
09/26/1998,70
09/26/1999,66
09/26/2000,116
09/26/2001,121
09/26/2002,120
09/26/2003,114
09/26/2004,56
09/26/2005,90
09/26/2006,92
09/26/2007,69
09/27/1921,1
09/27/1923,1
09/27/1924,2
09/27/1926,1
09/27/1927,2
09/27/1928,4
09/27/1929,3
09/27/1930,2
09/27/1931,2
09/27/1932,10
09/27/1933,7
09/27/1934,10
09/27/1935,12
09/27/1936,13
09/27/1937,16
09/27/1938,20
09/27/1939,25
09/27/1940,24
09/27/1941,26
09/27/1942,50
09/27/1943,41
09/27/1944,37
09/27/1945,44
09/27/1946,54
09/27/1947,45
09/27/1948,64
09/27/1949,81
09/27/1950,76
09/27/1951,78
09/27/1952,98
09/27/1953,82
09/27/1954,112
09/27/1955,104
09/27/1956,105
09/27/1957,107
09/27/1958,94
09/27/1959,95
09/27/1960,118
09/27/1961,97
09/27/1962,96
09/27/1963,99
09/27/1964,93
09/27/1965,82
09/27/1966,96
09/27/1967,102
09/27/1968,81
09/27/1969,76
09/27/1970,75
09/27/1971,90
09/27/1972,66
09/27/1973,90
09/27/1974,94
09/27/1975,83
09/27/1976,83
09/27/1977,90
09/27/1978,92
09/27/1979,111
09/27/1980,91
09/27/1981,92
09/27/1982,112
09/27/1983,118
09/27/1984,100
09/27/1985,108
09/27/1986,75
09/27/1987,74
09/27/1988,119
09/27/1989,110
09/27/1990,118
09/27/1991,136
09/27/1992,78
09/27/1993,87
09/27/1994,105
09/27/1995,86
09/27/1996,118
09/27/1997,91
09/27/1998,63
09/27/1999,99
09/27/2000,127
09/27/2001,139
09/27/2002,103
09/27/2003,67
09/27/2004,100
09/27/2005,93
09/27/2006,94
09/27/2007,49
09/28/1923,1
09/28/1926,1
09/28/1927,2
09/28/1928,5
09/28/1929,3
09/28/1930,1
09/28/1931,4
09/28/1932,4
09/28/1933,12
09/28/1934,13
09/28/1935,8
09/28/1936,14
09/28/1937,14
09/28/1938,24
09/28/1939,33
09/28/1940,24
09/28/1941,29
09/28/1942,37
09/28/1943,38
09/28/1944,40
09/28/1945,45
09/28/1946,59
09/28/1947,48
09/28/1948,71
09/28/1949,80
09/28/1950,78
09/28/1951,82
09/28/1952,79
09/28/1953,89
09/28/1954,98
09/28/1955,90
09/28/1956,84
09/28/1957,101
09/28/1958,94
09/28/1959,89
09/28/1960,96
09/28/1961,82
09/28/1962,104
09/28/1963,97
09/28/1964,101
09/28/1965,94
09/28/1966,100
09/28/1967,78
09/28/1968,68
09/28/1969,86
09/28/1970,106
09/28/1971,105
09/28/1972,88
09/28/1973,77
09/28/1974,79
09/28/1975,78
09/28/1976,91
09/28/1977,99
09/28/1978,95
09/28/1979,93
09/28/1980,73
09/28/1981,133
09/28/1982,105
09/28/1983,101
09/28/1984,97
09/28/1985,81
09/28/1986,85
09/28/1987,90
09/28/1988,97
09/28/1989,108
09/28/1990,104
09/28/1991,89
09/28/1992,109
09/28/1993,112
09/28/1994,113
09/28/1995,108
09/28/1996,72
09/28/1997,69
09/28/1998,105
09/28/1999,111
09/28/2000,143
09/28/2001,107
09/28/2002,69
09/28/2003,56
09/28/2004,112
09/28/2005,91
09/28/2006,90
09/28/2007,45
09/29/1922,2
09/29/1924,1
09/29/1925,1
09/29/1926,1
09/29/1928,4
09/29/1929,7
09/29/1930,4
09/29/1931,2
09/29/1932,10
09/29/1933,8
09/29/1934,15
09/29/1935,12
09/29/1936,26
09/29/1937,26
09/29/1938,22
09/29/1939,27
09/29/1940,37
09/29/1941,36
09/29/1942,45
09/29/1943,29
09/29/1944,35
09/29/1945,36
09/29/1946,56
09/29/1947,51
09/29/1948,66
09/29/1949,60
09/29/1950,75
09/29/1951,92
09/29/1952,77
09/29/1953,84
09/29/1954,94
09/29/1955,90
09/29/1956,91
09/29/1957,88
09/29/1958,96
09/29/1959,106
09/29/1960,108
09/29/1961,86
09/29/1962,90
09/29/1963,105
09/29/1964,111
09/29/1965,72
09/29/1966,82
09/29/1967,78
09/29/1968,91
09/29/1969,92
09/29/1970,92
09/29/1971,89
09/29/1972,96
09/29/1973,64
09/29/1974,66
09/29/1975,87
09/29/1976,93
09/29/1977,91
09/29/1978,93
09/29/1979,94
09/29/1980,103
09/29/1981,110
09/29/1982,112
09/29/1983,114
09/29/1984,71
09/29/1985,79
09/29/1986,104
09/29/1987,107
09/29/1988,116
09/29/1989,104
09/29/1990,89
09/29/1991,73
09/29/1992,92
09/29/1993,112
09/29/1994,99
09/29/1995,111
09/29/1996,84
09/29/1997,93
09/29/1998,126
09/29/1999,101
09/29/2000,99
09/29/2001,75
09/29/2002,71
09/29/2003,117
09/29/2004,103
09/29/2005,99
09/29/2006,105
09/29/2007,29
09/30/1902,1
09/30/1922,1
09/30/1926,3
09/30/1927,1
09/30/1928,3
09/30/1929,2
09/30/1930,6
09/30/1931,7
09/30/1932,12
09/30/1933,5
09/30/1934,11
09/30/1935,14
09/30/1936,16
09/30/1937,25
09/30/1938,21
09/30/1939,17
09/30/1940,26
09/30/1941,20
09/30/1942,49
09/30/1943,37
09/30/1944,36
09/30/1945,33
09/30/1946,66
09/30/1947,57
09/30/1948,57
09/30/1949,58
09/30/1950,84
09/30/1951,69
09/30/1952,102
09/30/1953,72
09/30/1954,97
09/30/1955,96
09/30/1956,94
09/30/1957,99
09/30/1958,81
09/30/1959,103
09/30/1960,123
09/30/1961,98
09/30/1962,85
09/30/1963,90
09/30/1964,102
09/30/1965,96
09/30/1966,84
09/30/1967,75
09/30/1968,74
09/30/1969,90
09/30/1970,94
09/30/1971,89
09/30/1972,75
09/30/1973,61
09/30/1974,91
09/30/1975,92
09/30/1976,70
09/30/1977,92
09/30/1978,79
09/30/1979,79
09/30/1980,94
09/30/1981,99
09/30/1982,131
09/30/1983,86
09/30/1984,85
09/30/1985,106
09/30/1986,101
09/30/1987,99
09/30/1988,99
09/30/1989,94
09/30/1990,78
09/30/1991,103
09/30/1992,106
09/30/1993,93
09/30/1994,115
09/30/1995,84
09/30/1996,109
09/30/1997,110
09/30/1998,136
09/30/1999,111
09/30/2000,78
09/30/2001,62
09/30/2002,108
09/30/2003,123
09/30/2004,86
09/30/2005,91
09/30/2006,69
09/30/2007,26
10/01/1924,1
10/01/1925,1
10/01/1927,2
10/01/1928,7
10/01/1929,1
10/01/1930,8
10/01/1931,4
10/01/1932,2
10/01/1933,4
10/01/1934,9
10/01/1935,12
10/01/1936,13
10/01/1937,13
10/01/1938,19
10/01/1939,19
10/01/1940,32
10/01/1941,40
10/01/1942,39
10/01/1943,53
10/01/1944,41
10/01/1945,35
10/01/1946,70
10/01/1947,60
10/01/1948,67
10/01/1949,75
10/01/1950,58
10/01/1951,66
10/01/1952,80
10/01/1953,77
10/01/1954,99
10/01/1955,102
10/01/1956,104
10/01/1957,103
10/01/1958,77
10/01/1959,109
10/01/1960,95
10/01/1961,81
10/01/1962,88
10/01/1963,118
10/01/1964,104
10/01/1965,76
10/01/1966,76
10/01/1967,74
10/01/1968,91
10/01/1969,86
10/01/1970,95
10/01/1971,84
10/01/1972,60
10/01/1973,76
10/01/1974,98
10/01/1975,88
10/01/1976,75
10/01/1977,65
10/01/1978,99
10/01/1979,90
10/01/1980,84
10/01/1981,118
10/01/1982,80
10/01/1983,79
10/01/1984,113
10/01/1985,114
10/01/1986,110
10/01/1987,118
10/01/1988,108
10/01/1989,70
10/01/1990,122
10/01/1991,108
10/01/1992,105
10/01/1993,114
10/01/1994,80
10/01/1995,82
10/01/1996,115
10/01/1997,98
10/01/1998,140
10/01/1999,101
10/01/2000,62
10/01/2001,122
10/01/2002,119
10/01/2003,110
10/01/2004,105
10/01/2005,63
10/01/2006,51
10/01/2007,55
10/02/1925,1
10/02/1926,1
10/02/1927,3
10/02/1928,2
10/02/1929,1
10/02/1930,2
10/02/1931,12
10/02/1932,9
10/02/1933,10
10/02/1934,9
10/02/1935,13
10/02/1936,15
10/02/1937,13
10/02/1938,19
10/02/1939,31
10/02/1940,38
10/02/1941,28
10/02/1942,46
10/02/1943,28
10/02/1944,38
10/02/1945,33
10/02/1946,59
10/02/1947,61
10/02/1948,69
10/02/1949,79
10/02/1950,68
10/02/1951,83
10/02/1952,75
10/02/1953,67
10/02/1954,93
10/02/1955,84
10/02/1956,111
10/02/1957,112
10/02/1958,120
10/02/1959,118
10/02/1960,93
10/02/1961,109
10/02/1962,99
10/02/1963,110
10/02/1964,96
10/02/1965,92
10/02/1966,70
10/02/1967,78
10/02/1968,96
10/02/1969,79
10/02/1970,110
10/02/1971,101
10/02/1972,73
10/02/1973,102
10/02/1974,74
10/02/1975,84
10/02/1976,74
10/02/1977,68
10/02/1978,98
10/02/1979,109
10/02/1980,115
10/02/1981,109
10/02/1982,97
10/02/1983,102
10/02/1984,97
10/02/1985,84
10/02/1986,98
10/02/1987,116
10/02/1988,74
10/02/1989,102
10/02/1990,112
10/02/1991,105
10/02/1992,126
10/02/1993,73
10/02/1994,69
10/02/1995,92
10/02/1996,126
10/02/1997,124
10/02/1998,100
10/02/1999,63
10/02/2000,111
10/02/2001,103
10/02/2002,111
10/02/2003,102
10/02/2004,57
10/02/2005,40
10/02/2006,94
10/02/2007,62
10/03/1925,1
10/03/1926,2
10/03/1927,3
10/03/1928,4
10/03/1929,3
10/03/1930,6
10/03/1931,7
10/03/1932,10
10/03/1933,12
10/03/1934,21
10/03/1935,14
10/03/1936,17
10/03/1937,12
10/03/1938,23
10/03/1939,20
10/03/1940,25
10/03/1941,23
10/03/1942,31
10/03/1943,19
10/03/1944,31
10/03/1945,37
10/03/1946,47
10/03/1947,66
10/03/1948,75
10/03/1949,69
10/03/1950,62
10/03/1951,71
10/03/1952,88
10/03/1953,79
10/03/1954,85
10/03/1955,98
10/03/1956,101
10/03/1957,102
10/03/1958,92
10/03/1959,101
10/03/1960,102
10/03/1961,91
10/03/1962,109
10/03/1963,115
10/03/1964,87
10/03/1965,79
10/03/1966,91
10/03/1967,76
10/03/1968,84
10/03/1969,81
10/03/1970,91
10/03/1971,60
10/03/1972,66
10/03/1973,64
10/03/1974,95
10/03/1975,83
10/03/1976,89
10/03/1977,91
10/03/1978,93
10/03/1979,86
10/03/1980,101
10/03/1981,87
10/03/1982,77
10/03/1983,108
10/03/1984,113
10/03/1985,93
10/03/1986,92
10/03/1987,76
10/03/1988,97
10/03/1989,125
10/03/1990,93
10/03/1991,103
10/03/1992,79
10/03/1993,56
10/03/1994,115
10/03/1995,130
10/03/1996,95
10/03/1997,100
10/03/1998,72
10/03/1999,59
10/03/2000,119
10/03/2001,120
10/03/2002,124
10/03/2003,98
10/03/2004,46
10/03/2005,102
10/03/2006,96
10/03/2007,45
10/04/1919,1
10/04/1920,1
10/04/1925,1
10/04/1926,1
10/04/1927,2
10/04/1928,3
10/04/1929,2
10/04/1930,5
10/04/1931,3
10/04/1932,9
10/04/1933,11
10/04/1934,11
10/04/1935,19
10/04/1936,19
10/04/1937,29
10/04/1938,23
10/04/1939,20
10/04/1940,34
10/04/1941,39
10/04/1942,38
10/04/1943,42
10/04/1944,36
10/04/1945,35
10/04/1946,67
10/04/1947,67
10/04/1948,65
10/04/1949,68
10/04/1950,60
10/04/1951,90
10/04/1952,72
10/04/1953,81
10/04/1954,91
10/04/1955,76
10/04/1956,108
10/04/1957,80
10/04/1958,105
10/04/1959,100
10/04/1960,104
10/04/1961,92
10/04/1962,93
10/04/1963,101
10/04/1964,91
10/04/1965,86
10/04/1966,84
10/04/1967,81
10/04/1968,81
10/04/1969,72
10/04/1970,82
10/04/1971,92
10/04/1972,68
10/04/1973,81
10/04/1974,71
10/04/1975,90
10/04/1976,86
10/04/1977,84
10/04/1978,75
10/04/1979,105
10/04/1980,91
10/04/1981,72
10/04/1982,90
10/04/1983,94
10/04/1984,109
10/04/1985,112
10/04/1986,90
10/04/1987,78
10/04/1988,101
10/04/1989,97
10/04/1990,108
10/04/1991,112
10/04/1992,98
10/04/1993,95
10/04/1994,99
10/04/1995,113
10/04/1996,103
10/04/1997,73
10/04/1998,58
10/04/1999,86
10/04/2000,122
10/04/2001,113
10/04/2002,125
10/04/2003,86
10/04/2004,110
10/04/2005,97
10/04/2006,85
10/04/2007,40
10/05/1922,1
10/05/1923,1
10/05/1924,1
10/05/1925,1
10/05/1927,1
10/05/1928,4
10/05/1929,2
10/05/1930,5
10/05/1931,3
10/05/1932,5
10/05/1933,7
10/05/1934,12
10/05/1935,10
10/05/1936,12
10/05/1937,12
10/05/1938,30
10/05/1939,22
10/05/1940,29
10/05/1941,28
10/05/1942,32
10/05/1943,33
10/05/1944,48
10/05/1945,39
10/05/1946,68
10/05/1947,75
10/05/1948,61
10/05/1949,84
10/05/1950,82
10/05/1951,66
10/05/1952,82
10/05/1953,85
10/05/1954,90
10/05/1955,101
10/05/1956,84
10/05/1957,95
10/05/1958,84
10/05/1959,91
10/05/1960,113
10/05/1961,94
10/05/1962,79
10/05/1963,88
10/05/1964,90
10/05/1965,90
10/05/1966,87
10/05/1967,79
10/05/1968,68
10/05/1969,85
10/05/1970,102
10/05/1971,75
10/05/1972,95
10/05/1973,72
10/05/1974,77
10/05/1975,63
10/05/1976,93
10/05/1977,89
10/05/1978,86
10/05/1979,98
10/05/1980,81
10/05/1981,94
10/05/1982,116
10/05/1983,97
10/05/1984,120
10/05/1985,80
10/05/1986,70
10/05/1987,104
10/05/1988,102
10/05/1989,109
10/05/1990,115
10/05/1991,91
10/05/1992,90
10/05/1993,102
10/05/1994,108
10/05/1995,115
10/05/1996,78
10/05/1997,80
10/05/1998,101
10/05/1999,99
10/05/2000,123
10/05/2001,116
10/05/2002,57
10/05/2003,65
10/05/2004,115
10/05/2005,75
10/05/2006,82
10/05/2007,50
10/06/1921,1
10/06/1925,1
10/06/1926,1
10/06/1927,4
10/06/1928,1
10/06/1929,3
10/06/1930,6
10/06/1931,9
10/06/1932,8
10/06/1933,10
10/06/1934,12
10/06/1935,8
10/06/1936,16
10/06/1937,14
10/06/1938,20
10/06/1939,18
10/06/1940,29
10/06/1941,38
10/06/1942,39
10/06/1943,40
10/06/1944,44
10/06/1945,38
10/06/1946,69
10/06/1947,72
10/06/1948,60
10/06/1949,51
10/06/1950,66
10/06/1951,77
10/06/1952,87
10/06/1953,80
10/06/1954,90
10/06/1955,98
10/06/1956,95
10/06/1957,92
10/06/1958,92
10/06/1959,99
10/06/1960,115
10/06/1961,98
10/06/1962,101
10/06/1963,79
10/06/1964,84
10/06/1965,87
10/06/1966,80
10/06/1967,77
10/06/1968,82
10/06/1969,83
10/06/1970,96
10/06/1971,78
10/06/1972,76
10/06/1973,77
10/06/1974,83
10/06/1975,83
10/06/1976,73
10/06/1977,83
10/06/1978,89
10/06/1979,66
10/06/1980,91
10/06/1981,105
10/06/1982,118
10/06/1983,91
10/06/1984,87
10/06/1985,76
10/06/1986,88
10/06/1987,91
10/06/1988,109
10/06/1989,92
10/06/1990,103
10/06/1991,65
10/06/1992,101
10/06/1993,96
10/06/1994,100
10/06/1995,109
10/06/1996,76
10/06/1997,100
10/06/1998,117
10/06/1999,121
10/06/2000,111
10/06/2001,68
10/06/2002,62
10/06/2003,104
10/06/2004,104
10/06/2005,112
10/06/2006,90
10/06/2007,25
10/07/1925,1
10/07/1926,3
10/07/1927,3
10/07/1928,1
10/07/1929,4
10/07/1930,1
10/07/1931,7
10/07/1932,9
10/07/1933,5
10/07/1934,16
10/07/1935,13
10/07/1936,17
10/07/1937,26
10/07/1938,16
10/07/1939,32
10/07/1940,16
10/07/1941,25
10/07/1942,30
10/07/1943,46
10/07/1944,40
10/07/1945,40
10/07/1946,66
10/07/1947,57
10/07/1948,53
10/07/1949,63
10/07/1950,71
10/07/1951,57
10/07/1952,88
10/07/1953,91
10/07/1954,90
10/07/1955,103
10/07/1956,88
10/07/1957,80
10/07/1958,98
10/07/1959,89
10/07/1960,82
10/07/1961,111
10/07/1962,85
10/07/1963,106
10/07/1964,92
10/07/1965,88
10/07/1966,87
10/07/1967,79
10/07/1968,86
10/07/1969,92
10/07/1970,88
10/07/1971,93
10/07/1972,64
10/07/1973,67
10/07/1974,99
10/07/1975,78
10/07/1976,82
10/07/1977,86
10/07/1978,64
10/07/1979,72
10/07/1980,87
10/07/1981,97
10/07/1982,99
10/07/1983,93
10/07/1984,74
10/07/1985,104
10/07/1986,113
10/07/1987,80
10/07/1988,107
10/07/1989,76
10/07/1990,75
10/07/1991,92
10/07/1992,92
10/07/1993,111
10/07/1994,99
10/07/1995,72
10/07/1996,110
10/07/1997,122
10/07/1998,125
10/07/1999,114
10/07/2000,76
10/07/2001,59
10/07/2002,98
10/07/2003,94
10/07/2004,127
10/07/2005,80
10/07/2006,46
10/07/2007,28
10/08/1912,1
10/08/1919,1
10/08/1921,1
10/08/1922,1
10/08/1923,1
10/08/1924,1
10/08/1925,1
10/08/1926,1
10/08/1927,2
10/08/1928,3
10/08/1929,1
10/08/1930,7
10/08/1931,4
10/08/1932,5
10/08/1933,10
10/08/1934,10
10/08/1935,21
10/08/1936,13
10/08/1937,20
10/08/1938,22
10/08/1939,25
10/08/1940,18
10/08/1941,24
10/08/1942,31
10/08/1943,37
10/08/1944,44
10/08/1945,47
10/08/1946,59
10/08/1947,62
10/08/1948,79
10/08/1949,63
10/08/1950,61
10/08/1951,77
10/08/1952,64
10/08/1953,79
10/08/1954,78
10/08/1955,86
10/08/1956,94
10/08/1957,99
10/08/1958,102
10/08/1959,90
10/08/1960,85
10/08/1961,84
10/08/1962,94
10/08/1963,110
10/08/1964,95
10/08/1965,80
10/08/1966,59
10/08/1967,71
10/08/1968,102
10/08/1969,87
10/08/1970,92
10/08/1971,91
10/08/1972,82
10/08/1973,84
10/08/1974,97
10/08/1975,75
10/08/1976,80
10/08/1977,73
10/08/1978,62
10/08/1979,88
10/08/1980,111
10/08/1981,84
10/08/1982,105
10/08/1983,80
10/08/1984,102
10/08/1985,107
10/08/1986,112
10/08/1987,106
10/08/1988,64
10/08/1989,68
10/08/1990,96
10/08/1991,119
10/08/1992,112
10/08/1993,96
10/08/1994,71
10/08/1995,64
10/08/1996,107
10/08/1997,120
10/08/1998,108
10/08/1999,116
10/08/2000,52
10/08/2001,105
10/08/2002,112
10/08/2003,103
10/08/2004,97
10/08/2005,48
10/08/2006,37
10/08/2007,40
10/09/1919,1
10/09/1923,1
10/09/1925,2
10/09/1926,1
10/09/1927,1
10/09/1928,6
10/09/1929,6
10/09/1930,6
10/09/1931,6
10/09/1932,10
10/09/1933,5
10/09/1934,13
10/09/1935,13
10/09/1936,17
10/09/1937,13
10/09/1938,17
10/09/1939,26
10/09/1940,25
10/09/1941,28
10/09/1942,51
10/09/1943,33
10/09/1944,35
10/09/1945,47
10/09/1946,70
10/09/1947,63
10/09/1948,63
10/09/1949,61
10/09/1950,66
10/09/1951,86
10/09/1952,63
10/09/1953,101
10/09/1954,92
10/09/1955,82
10/09/1956,99
10/09/1957,100
10/09/1958,82
10/09/1959,93
10/09/1960,80
10/09/1961,91
10/09/1962,101
10/09/1963,105
10/09/1964,99
10/09/1965,89
10/09/1966,66
10/09/1967,75
10/09/1968,75
10/09/1969,84
10/09/1970,85
10/09/1971,73
10/09/1972,66
10/09/1973,92
10/09/1974,65
10/09/1975,83
10/09/1976,76
10/09/1977,77
10/09/1978,85
10/09/1979,105
10/09/1980,100
10/09/1981,98
10/09/1982,102
10/09/1983,72
10/09/1984,103
10/09/1985,104
10/09/1986,95
10/09/1987,97
10/09/1988,71
10/09/1989,107
10/09/1990,107
10/09/1991,107
10/09/1992,118
10/09/1993,76
10/09/1994,71
10/09/1995,106
10/09/1996,114
10/09/1997,116
10/09/1998,90
10/09/1999,62
10/09/2000,82
10/09/2001,115
10/09/2002,99
10/09/2003,88
10/09/2004,63
10/09/2005,47
10/09/2006,81
10/09/2007,53
10/10/1923,1
10/10/1924,2
10/10/1925,3
10/10/1928,2
10/10/1929,4
10/10/1930,6
10/10/1931,5
10/10/1932,8
10/10/1933,7
10/10/1934,11
10/10/1935,12
10/10/1936,15
10/10/1937,22
10/10/1938,18
10/10/1939,29
10/10/1940,25
10/10/1941,31
10/10/1942,39
10/10/1943,33
10/10/1944,40
10/10/1945,34
10/10/1946,56
10/10/1947,61
10/10/1948,54
10/10/1949,83
10/10/1950,60
10/10/1951,70
10/10/1952,70
10/10/1953,69
10/10/1954,85
10/10/1955,95
10/10/1956,99
10/10/1957,102
10/10/1958,113
10/10/1959,97
10/10/1960,98
10/10/1961,99
10/10/1962,115
10/10/1963,112
10/10/1964,73
10/10/1965,74
10/10/1966,77
10/10/1967,88
10/10/1968,79
10/10/1969,76
10/10/1970,91
10/10/1971,88
10/10/1972,88
10/10/1973,86
10/10/1974,78
10/10/1975,87
10/10/1976,81
10/10/1977,109
10/10/1978,88
10/10/1979,105
10/10/1980,99
10/10/1981,75
10/10/1982,88
10/10/1983,101
10/10/1984,109
10/10/1985,102
10/10/1986,100
10/10/1987,82
10/10/1988,88
10/10/1989,121
10/10/1990,98
10/10/1991,100
10/10/1992,71
10/10/1993,70
10/10/1994,103
10/10/1995,106
10/10/1996,107
10/10/1997,128
10/10/1998,95
10/10/1999,45
10/10/2000,112
10/10/2001,110
10/10/2002,119
10/10/2003,105
10/10/2004,38
10/10/2005,89
10/10/2006,85
10/10/2007,43
10/11/1922,1
10/11/1924,2
10/11/1925,1
10/11/1926,2
10/11/1928,1
10/11/1929,4
10/11/1930,5
10/11/1931,7
10/11/1932,9
10/11/1933,7
10/11/1934,14
10/11/1935,10
10/11/1936,20
10/11/1937,17
10/11/1938,22
10/11/1939,23
10/11/1940,27
10/11/1941,37
10/11/1942,38
10/11/1943,39
10/11/1944,35
10/11/1945,56
10/11/1946,62
10/11/1947,66
10/11/1948,61
10/11/1949,61
10/11/1950,71
10/11/1951,62
10/11/1952,66
10/11/1953,73
10/11/1954,84
10/11/1955,100
10/11/1956,86
10/11/1957,91
10/11/1958,92
10/11/1959,82
10/11/1960,73
10/11/1961,85
10/11/1962,104
10/11/1963,100
10/11/1964,80
10/11/1965,77
10/11/1966,104
10/11/1967,67
10/11/1968,86
10/11/1969,59
10/11/1970,86
10/11/1971,72
10/11/1972,91
10/11/1973,86
10/11/1974,87
10/11/1975,80
10/11/1976,62
10/11/1977,80
10/11/1978,86
10/11/1979,91
10/11/1980,92
10/11/1981,85
10/11/1982,99
10/11/1983,91
10/11/1984,92
10/11/1985,95
10/11/1986,71
10/11/1987,68
10/11/1988,106
10/11/1989,98
10/11/1990,98
10/11/1991,92
10/11/1992,69
10/11/1993,89
10/11/1994,126
10/11/1995,118
10/11/1996,110
10/11/1997,58
10/11/1998,60
10/11/1999,115
10/11/2000,94
10/11/2001,106
10/11/2002,110
10/11/2003,51
10/11/2004,84
10/11/2005,97
10/11/2006,82
10/11/2007,42
10/12/1912,1
10/12/1920,1
10/12/1922,1
10/12/1924,1
10/12/1928,4
10/12/1929,7
10/12/1930,3
10/12/1931,6
10/12/1932,7
10/12/1933,11
10/12/1934,18
10/12/1935,15
10/12/1936,23
10/12/1937,21
10/12/1938,16
10/12/1939,21
10/12/1940,25
10/12/1941,22
10/12/1942,39
10/12/1943,42
10/12/1944,46
10/12/1945,36
10/12/1946,53
10/12/1947,55
10/12/1948,56
10/12/1949,74
10/12/1950,76
10/12/1951,64
10/12/1952,80
10/12/1953,66
10/12/1954,84
10/12/1955,66
10/12/1956,90
10/12/1957,87
10/12/1958,93
10/12/1959,115
10/12/1960,108
10/12/1961,89
10/12/1962,89
10/12/1963,82
10/12/1964,69
10/12/1965,95
10/12/1966,102
10/12/1967,79
10/12/1968,93
10/12/1969,68
10/12/1970,90
10/12/1971,81
10/12/1972,82
10/12/1973,77
10/12/1974,78
10/12/1975,72
10/12/1976,83
10/12/1977,86
10/12/1978,90
10/12/1979,105
10/12/1980,79
10/12/1981,106
10/12/1982,94
10/12/1983,86
10/12/1984,100
10/12/1985,81
10/12/1986,65
10/12/1987,106
10/12/1988,110
10/12/1989,105
10/12/1990,120
10/12/1991,80
10/12/1992,98
10/12/1993,103
10/12/1994,94
10/12/1995,113
10/12/1996,59
10/12/1997,50
10/12/1998,119
10/12/1999,121
10/12/2000,125
10/12/2001,105
10/12/2002,56
10/12/2003,48
10/12/2004,104
10/12/2005,81
10/12/2006,91
10/12/2007,46
10/13/1922,1
10/13/1923,1
10/13/1926,1
10/13/1927,3
10/13/1928,1
10/13/1929,3
10/13/1930,1
10/13/1931,10
10/13/1932,8
10/13/1933,9
10/13/1934,14
10/13/1935,13
10/13/1936,15
10/13/1937,12
10/13/1938,16
10/13/1939,20
10/13/1940,30
10/13/1941,29
10/13/1942,38
10/13/1943,28
10/13/1944,47
10/13/1945,36
10/13/1946,72
10/13/1947,58
10/13/1948,82
10/13/1949,50
10/13/1950,70
10/13/1951,72
10/13/1952,87
10/13/1953,97
10/13/1954,85
10/13/1955,81
10/13/1956,92
10/13/1957,81
10/13/1958,86
10/13/1959,89
10/13/1960,107
10/13/1961,102
10/13/1962,81
10/13/1963,75
10/13/1964,82
10/13/1965,81
10/13/1966,73
10/13/1967,97
10/13/1968,83
10/13/1969,70
10/13/1970,91
10/13/1971,88
10/13/1972,73
10/13/1973,81
10/13/1974,61
10/13/1975,87
10/13/1976,80
10/13/1977,83
10/13/1978,82
10/13/1979,80
10/13/1980,87
10/13/1981,87
10/13/1982,118
10/13/1983,92
10/13/1984,61
10/13/1985,75
10/13/1986,95
10/13/1987,89
10/13/1988,93
10/13/1989,105
10/13/1990,86
10/13/1991,76
10/13/1992,117
10/13/1993,109
10/13/1994,84
10/13/1995,89
10/13/1996,78
10/13/1997,102
10/13/1998,114
10/13/1999,103
10/13/2000,87
10/13/2001,65
10/13/2002,44
10/13/2003,115
10/13/2004,97
10/13/2005,85
10/13/2006,70
10/13/2007,32
10/14/1923,1
10/14/1924,1
10/14/1925,1
10/14/1927,4
10/14/1928,1
10/14/1929,1
10/14/1930,7
10/14/1931,4
10/14/1932,6
10/14/1933,7
10/14/1934,7
10/14/1935,14
10/14/1936,16
10/14/1937,18
10/14/1938,16
10/14/1939,16
10/14/1940,15
10/14/1941,24
10/14/1942,47
10/14/1943,42
10/14/1944,41
10/14/1945,47
10/14/1946,57
10/14/1947,65
10/14/1948,74
10/14/1949,90
10/14/1950,62
10/14/1951,70
10/14/1952,72
10/14/1953,78
10/14/1954,72
10/14/1955,75
10/14/1956,93
10/14/1957,85
10/14/1958,104
10/14/1959,108
10/14/1960,100
10/14/1961,81
10/14/1962,85
10/14/1963,83
10/14/1964,94
10/14/1965,80
10/14/1966,99
10/14/1967,55
10/14/1968,79
10/14/1969,81
10/14/1970,92
10/14/1971,90
10/14/1972,71
10/14/1973,53
10/14/1974,74
10/14/1975,102
10/14/1976,85
10/14/1977,86
10/14/1978,65
10/14/1979,77
10/14/1980,102
10/14/1981,104
10/14/1982,116
10/14/1983,100
10/14/1984,88
10/14/1985,109
10/14/1986,96
10/14/1987,91
10/14/1988,115
10/14/1989,83
10/14/1990,66
10/14/1991,112
10/14/1992,97
10/14/1993,120
10/14/1994,86
10/14/1995,71
10/14/1996,100
10/14/1997,94
10/14/1998,116
10/14/1999,116
10/14/2000,85
10/14/2001,69
10/14/2002,114
10/14/2003,109
10/14/2004,120
10/14/2005,71
10/14/2006,47
10/14/2007,22
10/15/1921,1
10/15/1922,1
10/15/1925,4
10/15/1926,5
10/15/1927,1
10/15/1928,2
10/15/1929,2
10/15/1930,5
10/15/1931,4
10/15/1932,7
10/15/1933,6
10/15/1934,13
10/15/1935,14
10/15/1936,13
10/15/1937,20
10/15/1938,16
10/15/1939,33
10/15/1940,21
10/15/1941,22
10/15/1942,41
10/15/1943,31
10/15/1944,37
10/15/1945,43
10/15/1946,67
10/15/1947,63
10/15/1948,56
10/15/1949,65
10/15/1950,61
10/15/1951,55
10/15/1952,83
10/15/1953,76
10/15/1954,83
10/15/1955,73
10/15/1956,101
10/15/1957,91
10/15/1958,97
10/15/1959,104
10/15/1960,106
10/15/1961,85
10/15/1962,107
10/15/1963,90
10/15/1964,92
10/15/1965,87
10/15/1966,89
10/15/1967,68
10/15/1968,66
10/15/1969,90
10/15/1970,78
10/15/1971,89
10/15/1972,61
10/15/1973,88
10/15/1974,85
10/15/1975,101
10/15/1976,85
10/15/1977,81
10/15/1978,72
10/15/1979,107
10/15/1980,111
10/15/1981,102
10/15/1982,89
10/15/1983,94
10/15/1984,104
10/15/1985,113
10/15/1986,109
10/15/1987,115
10/15/1988,84
10/15/1989,83
10/15/1990,84
10/15/1991,105
10/15/1992,106
10/15/1993,107
10/15/1994,67
10/15/1995,67
10/15/1996,116
10/15/1997,116
10/15/1998,98
10/15/1999,122
10/15/2000,62
10/15/2001,115
10/15/2002,116
10/15/2003,108
10/15/2004,83
10/15/2005,45
10/15/2006,48
10/15/2007,42
10/16/1912,1
10/16/1926,1
10/16/1928,1
10/16/1929,5
10/16/1930,3
10/16/1931,7
10/16/1932,11
10/16/1933,5
10/16/1934,9
10/16/1935,19
10/16/1936,17
10/16/1937,15
10/16/1938,17
10/16/1939,20
10/16/1940,28
10/16/1941,31
10/16/1942,40
10/16/1943,42
10/16/1944,36
10/16/1945,38
10/16/1946,56
10/16/1947,63
10/16/1948,57
10/16/1949,59
10/16/1950,66
10/16/1951,82
10/16/1952,98
10/16/1953,78
10/16/1954,86
10/16/1955,83
10/16/1956,103
10/16/1957,105
10/16/1958,99
10/16/1959,97
10/16/1960,86
10/16/1961,95
10/16/1962,90
10/16/1963,86
10/16/1964,90
10/16/1965,77
10/16/1966,76
10/16/1967,75
10/16/1968,86
10/16/1969,76
10/16/1970,91
10/16/1971,86
10/16/1972,81
10/16/1973,84
10/16/1974,79
10/16/1975,72
10/16/1976,75
10/16/1977,82
10/16/1978,89
10/16/1979,78
10/16/1980,100
10/16/1981,98
10/16/1982,74
10/16/1983,69
10/16/1984,112
10/16/1985,103
10/16/1986,100
10/16/1987,115
10/16/1988,72
10/16/1989,103
10/16/1990,115
10/16/1991,118
10/16/1992,106
10/16/1993,67
10/16/1994,49
10/16/1995,104
10/16/1996,109
10/16/1997,103
10/16/1998,98
10/16/1999,73
10/16/2000,108
10/16/2001,116
10/16/2002,105
10/16/2003,103
10/16/2004,46
10/16/2005,40
10/16/2006,95
10/16/2007,53
10/17/1924,2
10/17/1926,2
10/17/1927,5
10/17/1928,1
10/17/1929,3
10/17/1930,4
10/17/1931,7
10/17/1932,12
10/17/1933,6
10/17/1934,12
10/17/1935,10
10/17/1936,16
10/17/1937,21
10/17/1938,18
10/17/1939,17
10/17/1940,24
10/17/1941,37
10/17/1942,38
10/17/1943,35
10/17/1944,45
10/17/1945,30
10/17/1946,58
10/17/1947,59
10/17/1948,62
10/17/1949,69
10/17/1950,84
10/17/1951,86
10/17/1952,85
10/17/1953,77
10/17/1954,83
10/17/1955,85
10/17/1956,95
10/17/1957,98
10/17/1958,99
10/17/1959,86
10/17/1960,100
10/17/1961,110
10/17/1962,87
10/17/1963,94
10/17/1964,98
10/17/1965,64
10/17/1966,87
10/17/1967,75
10/17/1968,80
10/17/1969,93
10/17/1970,71
10/17/1971,74
10/17/1972,70
10/17/1973,79
10/17/1974,89
10/17/1975,80
10/17/1976,76
10/17/1977,87
10/17/1978,89
10/17/1979,93
10/17/1980,88
10/17/1981,90
10/17/1982,71
10/17/1983,95
10/17/1984,106
10/17/1985,114
10/17/1986,89
10/17/1987,81
10/17/1988,105
10/17/1989,101
10/17/1990,110
10/17/1991,101
10/17/1992,80
10/17/1993,67
10/17/1994,93
10/17/1995,123
10/17/1996,101
10/17/1997,122
10/17/1998,63
10/17/1999,59
10/17/2000,117
10/17/2001,110
10/17/2002,104
10/17/2003,80
10/17/2004,40
10/17/2005,85
10/17/2006,84
10/17/2007,55
10/18/1925,2
10/18/1926,1
10/18/1927,3
10/18/1928,2
10/18/1929,3
10/18/1930,5
10/18/1931,7
10/18/1932,6
10/18/1933,9
10/18/1934,10
10/18/1935,10
10/18/1936,11
10/18/1937,17
10/18/1938,18
10/18/1939,21
10/18/1940,35
10/18/1941,32
10/18/1942,41
10/18/1943,43
10/18/1944,43
10/18/1945,43
10/18/1946,57
10/18/1947,53
10/18/1948,66
10/18/1949,65
10/18/1950,62
10/18/1951,70
10/18/1952,75
10/18/1953,66
10/18/1954,92
10/18/1955,93
10/18/1956,104
10/18/1957,88
10/18/1958,79
10/18/1959,86
10/18/1960,90
10/18/1961,90
10/18/1962,95
10/18/1963,106
10/18/1964,71
10/18/1965,88
10/18/1966,77
10/18/1967,85
10/18/1968,75
10/18/1969,91
10/18/1970,71
10/18/1971,78
10/18/1972,82
10/18/1973,74
10/18/1974,84
10/18/1975,70
10/18/1976,92
10/18/1977,75
10/18/1978,85
10/18/1979,91
10/18/1980,90
10/18/1981,77
10/18/1982,100
10/18/1983,107
10/18/1984,95
10/18/1985,119
10/18/1986,75
10/18/1987,81
10/18/1988,89
10/18/1989,98
10/18/1990,97
10/18/1991,101
10/18/1992,71
10/18/1993,106
10/18/1994,111
10/18/1995,111
10/18/1996,101
10/18/1997,65
10/18/1998,55
10/18/1999,113
10/18/2000,110
10/18/2001,137
10/18/2002,98
10/18/2003,55
10/18/2004,89
10/18/2005,115
10/18/2006,87
10/18/2007,46
10/19/1926,1
10/19/1927,1
10/19/1928,6
10/19/1929,6
10/19/1930,5
10/19/1931,9
10/19/1932,5
10/19/1933,10
10/19/1934,8
10/19/1935,16
10/19/1936,13
10/19/1937,14
10/19/1938,13
10/19/1939,21
10/19/1940,22
10/19/1941,21
10/19/1942,40
10/19/1943,49
10/19/1944,37
10/19/1945,30
10/19/1946,59
10/19/1947,58
10/19/1948,59
10/19/1949,81
10/19/1950,72
10/19/1951,62
10/19/1952,66
10/19/1953,60
10/19/1954,78
10/19/1955,98
10/19/1956,108
10/19/1957,95
10/19/1958,83
10/19/1959,98
10/19/1960,77
10/19/1961,99
10/19/1962,90
10/19/1963,92
10/19/1964,82
10/19/1965,73
10/19/1966,90
10/19/1967,85
10/19/1968,77
10/19/1969,61
10/19/1970,92
10/19/1971,85
10/19/1972,64
10/19/1973,81
10/19/1974,72
10/19/1975,78
10/19/1976,87
10/19/1977,84
10/19/1978,75
10/19/1979,79
10/19/1980,77
10/19/1981,96
10/19/1982,102
10/19/1983,101
10/19/1984,113
10/19/1985,87
10/19/1986,60
10/19/1987,107
10/19/1988,84
10/19/1989,100
10/19/1990,96
10/19/1991,59
10/19/1992,92
10/19/1993,103
10/19/1994,113
10/19/1995,99
10/19/1996,70
10/19/1997,61
10/19/1998,113
10/19/1999,106
10/19/2000,106
10/19/2001,97
10/19/2002,67
10/19/2003,59
10/19/2004,100
10/19/2005,109
10/19/2006,99
10/19/2007,51
10/20/1925,1
10/20/1926,3
10/20/1927,3
10/20/1928,2
10/20/1929,3
10/20/1930,6
10/20/1931,3
10/20/1932,8
10/20/1933,4
10/20/1934,15
10/20/1935,19
10/20/1936,13
10/20/1937,18
10/20/1938,13
10/20/1939,16
10/20/1940,32
10/20/1941,33
10/20/1942,41
10/20/1943,39
10/20/1944,36
10/20/1945,36
10/20/1946,66
10/20/1947,55
10/20/1948,63
10/20/1949,51
10/20/1950,56
10/20/1951,77
10/20/1952,75
10/20/1953,77
10/20/1954,89
10/20/1955,79
10/20/1956,112
10/20/1957,85
10/20/1958,99
10/20/1959,91
10/20/1960,101
10/20/1961,97
10/20/1962,99
10/20/1963,98
10/20/1964,81
10/20/1965,92
10/20/1966,93
10/20/1967,79
10/20/1968,88
10/20/1969,75
10/20/1970,96
10/20/1971,85
10/20/1972,77
10/20/1973,79
10/20/1974,56
10/20/1975,91
10/20/1976,98
10/20/1977,104
10/20/1978,101
10/20/1979,80
10/20/1980,98
10/20/1981,99
10/20/1982,103
10/20/1983,111
10/20/1984,91
10/20/1985,78
10/20/1986,87
10/20/1987,93
10/20/1988,103
10/20/1989,91
10/20/1990,63
10/20/1991,66
10/20/1992,97
10/20/1993,106
10/20/1994,98
10/20/1995,99
10/20/1996,60
10/20/1997,93
10/20/1998,128
10/20/1999,105
10/20/2000,118
10/20/2001,59
10/20/2002,63
10/20/2003,105
10/20/2004,100
10/20/2005,78
10/20/2006,75
10/20/2007,32
10/21/1915,1
10/21/1921,1
10/21/1923,1
10/21/1924,1
10/21/1925,2
10/21/1926,1
10/21/1927,1
10/21/1928,1
10/21/1929,3
10/21/1930,4
10/21/1931,5
10/21/1932,10
10/21/1933,4
10/21/1934,16
10/21/1935,16
10/21/1936,15
10/21/1937,12
10/21/1938,19
10/21/1939,22
10/21/1940,22
10/21/1941,30
10/21/1942,34
10/21/1943,29
10/21/1944,36
10/21/1945,50
10/21/1946,59
10/21/1947,61
10/21/1948,71
10/21/1949,68
10/21/1950,66
10/21/1951,77
10/21/1952,73
10/21/1953,76
10/21/1954,89
10/21/1955,95
10/21/1956,83
10/21/1957,82
10/21/1958,89
10/21/1959,106
10/21/1960,101
10/21/1961,86
10/21/1962,86
10/21/1963,118
10/21/1964,86
10/21/1965,77
10/21/1966,100
10/21/1967,67
10/21/1968,86
10/21/1969,76
10/21/1970,71
10/21/1971,76
10/21/1972,81
10/21/1973,78
10/21/1974,87
10/21/1975,78
10/21/1976,76
10/21/1977,86
10/21/1978,70
10/21/1979,73
10/21/1980,93
10/21/1981,85
10/21/1982,117
10/21/1983,102
10/21/1984,83
10/21/1985,109
10/21/1986,97
10/21/1987,92
10/21/1988,95
10/21/1989,80
10/21/1990,69
10/21/1991,100
10/21/1992,97
10/21/1993,84
10/21/1994,111
10/21/1995,73
10/21/1996,92
10/21/1997,93
10/21/1998,109
10/21/1999,116
10/21/2000,59
10/21/2001,51
10/21/2002,95
10/21/2003,112
10/21/2004,103
10/21/2005,80
10/21/2006,51
10/21/2007,23
10/22/1917,1
10/22/1924,1
10/22/1925,1
10/22/1928,2
10/22/1929,5
10/22/1930,4
10/22/1931,3
10/22/1932,4
10/22/1933,8
10/22/1934,11
10/22/1935,13
10/22/1936,9
10/22/1937,20
10/22/1938,22
10/22/1939,15
10/22/1940,29
10/22/1941,28
10/22/1942,46
10/22/1943,34
10/22/1944,33
10/22/1945,35
10/22/1946,66
10/22/1947,54
10/22/1948,53
10/22/1949,68
10/22/1950,48
10/22/1951,80
10/22/1952,77
10/22/1953,79
10/22/1954,86
10/22/1955,102
10/22/1956,91
10/22/1957,106
10/22/1958,100
10/22/1959,86
10/22/1960,85
10/22/1961,88
10/22/1962,97
10/22/1963,97
10/22/1964,80
10/22/1965,83
10/22/1966,83
10/22/1967,68
10/22/1968,101
10/22/1969,86
10/22/1970,78
10/22/1971,74
10/22/1972,61
10/22/1973,70
10/22/1974,61
10/22/1975,84
10/22/1976,77
10/22/1977,71
10/22/1978,72
10/22/1979,86
10/22/1980,95
10/22/1981,92
10/22/1982,86
10/22/1983,73
10/22/1984,98
10/22/1985,89
10/22/1986,97
10/22/1987,88
10/22/1988,87
10/22/1989,62
10/22/1990,102
10/22/1991,123
10/22/1992,111
10/22/1993,106
10/22/1994,85
10/22/1995,73
10/22/1996,118
10/22/1997,92
10/22/1998,125
10/22/1999,105
10/22/2000,76
10/22/2001,117
10/22/2002,114
10/22/2003,89
10/22/2004,113
10/22/2005,48
10/22/2006,51
10/22/2007,57
10/23/1923,1
10/23/1924,1
10/23/1925,3
10/23/1926,3
10/23/1927,4
10/23/1928,2
10/23/1929,2
10/23/1930,5
10/23/1931,10
10/23/1932,5
10/23/1933,11
10/23/1934,14
10/23/1935,13
10/23/1936,13
10/23/1937,15
10/23/1938,24
10/23/1939,20
10/23/1940,21
10/23/1941,32
10/23/1942,40
10/23/1943,41
10/23/1944,39
10/23/1945,33
10/23/1946,67
10/23/1947,61
10/23/1948,60
10/23/1949,54
10/23/1950,51
10/23/1951,75
10/23/1952,69
10/23/1953,86
10/23/1954,80
10/23/1955,87
10/23/1956,102
10/23/1957,90
10/23/1958,95
10/23/1959,109
10/23/1960,82
10/23/1961,108
10/23/1962,93
10/23/1963,95
10/23/1964,100
10/23/1965,90
10/23/1966,72
10/23/1967,84
10/23/1968,93
10/23/1969,79
10/23/1970,90
10/23/1971,71
10/23/1972,56
10/23/1973,60
10/23/1974,82
10/23/1975,77
10/23/1976,81
10/23/1977,72
10/23/1978,76
10/23/1979,88
10/23/1980,96
10/23/1981,103
10/23/1982,94
10/23/1983,81
10/23/1984,87
10/23/1985,77
10/23/1986,83
10/23/1987,109
10/23/1988,78
10/23/1989,95
10/23/1990,105
10/23/1991,112
10/23/1992,113
10/23/1993,66
10/23/1994,64
10/23/1995,98
10/23/1996,110
10/23/1997,93
10/23/1998,99
10/23/1999,69
10/23/2000,100
10/23/2001,95
10/23/2002,109
10/23/2003,123
10/23/2004,53
10/23/2005,31
10/23/2006,81
10/23/2007,39
10/24/1921,1
10/24/1924,1
10/24/1926,1
10/24/1927,2
10/24/1928,6
10/24/1929,1
10/24/1930,4
10/24/1931,7
10/24/1932,7
10/24/1933,8
10/24/1934,10
10/24/1935,7
10/24/1936,14
10/24/1937,21
10/24/1938,26
10/24/1939,22
10/24/1940,17
10/24/1941,19
10/24/1942,38
10/24/1943,44
10/24/1944,58
10/24/1945,35
10/24/1946,58
10/24/1947,44
10/24/1948,49
10/24/1949,66
10/24/1950,63
10/24/1951,72
10/24/1952,88
10/24/1953,81
10/24/1954,81
10/24/1955,81
10/24/1956,91
10/24/1957,96
10/24/1958,94
10/24/1959,83
10/24/1960,93
10/24/1961,107
10/24/1962,86
10/24/1963,106
10/24/1964,91
10/24/1965,74
10/24/1966,69
10/24/1967,74
10/24/1968,93
10/24/1969,77
10/24/1970,91
10/24/1971,60
10/24/1972,78
10/24/1973,78
10/24/1974,69
10/24/1975,82
10/24/1976,72
10/24/1977,89
10/24/1978,98
10/24/1979,76
10/24/1980,94
10/24/1981,67
10/24/1982,94
10/24/1983,105
10/24/1984,102
10/24/1985,83
10/24/1986,90
10/24/1987,74
10/24/1988,93
10/24/1989,107
10/24/1990,86
10/24/1991,113
10/24/1992,64
10/24/1993,59
10/24/1994,79
10/24/1995,94
10/24/1996,111
10/24/1997,102
10/24/1998,93
10/24/1999,62
10/24/2000,110
10/24/2001,99
10/24/2002,106
10/24/2003,103
10/24/2004,49
10/24/2005,63
10/24/2006,78
10/24/2007,44
10/25/1922,1
10/25/1925,2
10/25/1926,1
10/25/1927,3
10/25/1928,5
10/25/1930,6
10/25/1931,4
10/25/1932,9
10/25/1933,8
10/25/1934,13
10/25/1935,11
10/25/1936,19
10/25/1937,17
10/25/1938,20
10/25/1939,13
10/25/1940,22
10/25/1941,17
10/25/1942,43
10/25/1943,29
10/25/1944,46
10/25/1945,38
10/25/1946,51
10/25/1947,59
10/25/1948,73
10/25/1949,87
10/25/1950,58
10/25/1951,76
10/25/1952,89
10/25/1953,74
10/25/1954,73
10/25/1955,87
10/25/1956,107
10/25/1957,91
10/25/1958,69
10/25/1959,91
10/25/1960,104
10/25/1961,98
10/25/1962,89
10/25/1963,83
10/25/1964,82
10/25/1965,86
10/25/1966,62
10/25/1967,78
10/25/1968,61
10/25/1969,62
10/25/1970,64
10/25/1971,79
10/25/1972,67
10/25/1973,64
10/25/1974,63
10/25/1975,70
10/25/1976,90
10/25/1977,78
10/25/1978,79
10/25/1979,77
10/25/1980,83
10/25/1981,79
10/25/1982,113
10/25/1983,105
10/25/1984,98
10/25/1985,95
10/25/1986,78
10/25/1987,58
10/25/1988,103
10/25/1989,90
10/25/1990,91
10/25/1991,99
10/25/1992,87
10/25/1993,107
10/25/1994,108
10/25/1995,103
10/25/1996,98
10/25/1997,57
10/25/1998,60
10/25/1999,129
10/25/2000,113
10/25/2001,116
10/25/2002,110
10/25/2003,58
10/25/2004,98
10/25/2005,87
10/25/2006,87
10/25/2007,62
10/26/1923,2
10/26/1925,1
10/26/1927,3
10/26/1928,1
10/26/1929,3
10/26/1930,5
10/26/1931,8
10/26/1932,7
10/26/1933,6
10/26/1934,9
10/26/1935,5
10/26/1936,15
10/26/1937,17
10/26/1938,18
10/26/1939,21
10/26/1940,25
10/26/1941,27
10/26/1942,35
10/26/1943,38
10/26/1944,43
10/26/1945,31
10/26/1946,51
10/26/1947,61
10/26/1948,60
10/26/1949,55
10/26/1950,71
10/26/1951,60
10/26/1952,65
10/26/1953,63
10/26/1954,91
10/26/1955,80
10/26/1956,83
10/26/1957,100
10/26/1958,79
10/26/1959,100
10/26/1960,105
10/26/1961,97
10/26/1962,91
10/26/1963,90
10/26/1964,82
10/26/1965,89
10/26/1966,75
10/26/1967,66
10/26/1968,59
10/26/1969,75
10/26/1970,86
10/26/1971,76
10/26/1972,66
10/26/1973,63
10/26/1974,62
10/26/1975,53
10/26/1976,73
10/26/1977,88
10/26/1978,74
10/26/1979,88
10/26/1980,79
10/26/1981,91
10/26/1982,111
10/26/1983,80
10/26/1984,94
10/26/1985,75
10/26/1986,78
10/26/1987,89
10/26/1988,105
10/26/1989,107
10/26/1990,106
10/26/1991,66
10/26/1992,96
10/26/1993,100
10/26/1994,108
10/26/1995,91
10/26/1996,55
10/26/1997,72
10/26/1998,91
10/26/1999,103
10/26/2000,108
10/26/2001,91
10/26/2002,59
10/26/2003,64
10/26/2004,106
10/26/2005,79
10/26/2006,102
10/26/2007,53
10/27/1924,1
10/27/1925,1
10/27/1926,2
10/27/1927,2
10/27/1928,3
10/27/1929,2
10/27/1930,4
10/27/1931,11
10/27/1932,6
10/27/1933,8
10/27/1934,8
10/27/1935,17
10/27/1936,11
10/27/1937,15
10/27/1938,27
10/27/1939,18
10/27/1940,28
10/27/1941,33
10/27/1942,33
10/27/1943,29
10/27/1944,25
10/27/1945,34
10/27/1946,68
10/27/1947,47
10/27/1948,56
10/27/1949,62
10/27/1950,76
10/27/1951,74
10/27/1952,72
10/27/1953,90
10/27/1954,99
10/27/1955,84
10/27/1956,93
10/27/1957,68
10/27/1958,106
10/27/1959,93
10/27/1960,105
10/27/1961,84
10/27/1962,93
10/27/1963,74
10/27/1964,91
10/27/1965,84
10/27/1966,83
10/27/1967,78
10/27/1968,79
10/27/1969,81
10/27/1970,92
10/27/1971,68
10/27/1972,73
10/27/1973,63
10/27/1974,62
10/27/1975,79
10/27/1976,70
10/27/1977,81
10/27/1978,89
10/27/1979,81
10/27/1980,88
10/27/1981,94
10/27/1982,113
10/27/1983,104
10/27/1984,99
10/27/1985,73
10/27/1986,80
10/27/1987,118
10/27/1988,105
10/27/1989,106
10/27/1990,74
10/27/1991,60
10/27/1992,103
10/27/1993,88
10/27/1994,106
10/27/1995,94
10/27/1996,67
10/27/1997,106
10/27/1998,128
10/27/1999,116
10/27/2000,116
10/27/2001,74
10/27/2002,59
10/27/2003,95
10/27/2004,103
10/27/2005,79
10/27/2006,62
10/27/2007,31
10/28/1924,1
10/28/1925,2
10/28/1926,1
10/28/1927,3
10/28/1928,3
10/28/1929,2
10/28/1930,4
10/28/1931,5
10/28/1932,8
10/28/1933,6
10/28/1934,8
10/28/1935,5
10/28/1936,16
10/28/1937,17
10/28/1938,24
10/28/1939,16
10/28/1940,23
10/28/1941,32
10/28/1942,35
10/28/1943,32
10/28/1944,49
10/28/1945,40
10/28/1946,62
10/28/1947,55
10/28/1948,51
10/28/1949,63
10/28/1950,70
10/28/1951,72
10/28/1952,80
10/28/1953,81
10/28/1954,84
10/28/1955,71
10/28/1956,81
10/28/1957,93
10/28/1958,86
10/28/1959,115
10/28/1960,86
10/28/1961,104
10/28/1962,95
10/28/1963,105
10/28/1964,94
10/28/1965,88
10/28/1966,78
10/28/1967,75
10/28/1968,93
10/28/1969,98
10/28/1970,96
10/28/1971,84
10/28/1972,66
10/28/1973,67
10/28/1974,82
10/28/1975,90
10/28/1976,75
10/28/1977,81
10/28/1978,64
10/28/1979,87
10/28/1980,104
10/28/1981,112
10/28/1982,106
10/28/1983,101
10/28/1984,82
10/28/1985,93
10/28/1986,101
10/28/1987,81
10/28/1988,93
10/28/1989,72
10/28/1990,84
10/28/1991,103
10/28/1992,99
10/28/1993,81
10/28/1994,120
10/28/1995,75
10/28/1996,101
10/28/1997,110
10/28/1998,114
10/28/1999,98
10/28/2000,70
10/28/2001,64
10/28/2002,119
10/28/2003,98
10/28/2004,93
10/28/2005,77
10/28/2006,31
10/28/2007,29
10/29/1921,1
10/29/1922,1
10/29/1924,1
10/29/1925,2
10/29/1926,1
10/29/1927,4
10/29/1928,4
10/29/1929,3
10/29/1930,5
10/29/1931,3
10/29/1932,4
10/29/1933,9
10/29/1934,16
10/29/1935,10
10/29/1936,16
10/29/1937,15
10/29/1938,14
10/29/1939,26
10/29/1940,18
10/29/1941,28
10/29/1942,40
10/29/1943,39
10/29/1944,39
10/29/1945,38
10/29/1946,78
10/29/1947,57
10/29/1948,55
10/29/1949,56
10/29/1950,62
10/29/1951,75
10/29/1952,75
10/29/1953,71
10/29/1954,66
10/29/1955,89
10/29/1956,95
10/29/1957,92
10/29/1958,80
10/29/1959,105
10/29/1960,82
10/29/1961,98
10/29/1962,86
10/29/1963,80
10/29/1964,92
10/29/1965,89
10/29/1966,64
10/29/1967,67
10/29/1968,67
10/29/1969,72
10/29/1970,67
10/29/1971,83
10/29/1972,90
10/29/1973,92
10/29/1974,84
10/29/1975,84
10/29/1976,76
10/29/1977,59
10/29/1978,82
10/29/1979,86
10/29/1980,77
10/29/1981,93
10/29/1982,105
10/29/1983,80
10/29/1984,94
10/29/1985,102
10/29/1986,108
10/29/1987,102
10/29/1988,79
10/29/1989,70
10/29/1990,119
10/29/1991,97
10/29/1992,100
10/29/1993,90
10/29/1994,77
10/29/1995,62
10/29/1996,96
10/29/1997,94
10/29/1998,99
10/29/1999,85
10/29/2000,65
10/29/2001,111
10/29/2002,112
10/29/2003,113
10/29/2004,92
10/29/2005,54
10/29/2006,35
10/29/2007,46
10/30/1913,1
10/30/1926,2
10/30/1927,3
10/30/1928,1
10/30/1929,3
10/30/1930,4
10/30/1931,7
10/30/1932,13
10/30/1933,11
10/30/1934,9
10/30/1935,21
10/30/1936,12
10/30/1937,12
10/30/1938,24
10/30/1939,14
10/30/1940,17
10/30/1941,28
10/30/1942,38
10/30/1943,26
10/30/1944,34
10/30/1945,42
10/30/1946,60
10/30/1947,66
10/30/1948,63
10/30/1949,54
10/30/1950,66
10/30/1951,56
10/30/1952,67
10/30/1953,72
10/30/1954,77
10/30/1955,81
10/30/1956,96
10/30/1957,83
10/30/1958,90
10/30/1959,97
10/30/1960,75
10/30/1961,90
10/30/1962,103
10/30/1963,87
10/30/1964,84
10/30/1965,68
10/30/1966,70
10/30/1967,74
10/30/1968,76
10/30/1969,84
10/30/1970,87
10/30/1971,66
10/30/1972,75
10/30/1973,71
10/30/1974,89
10/30/1975,69
10/30/1976,62
10/30/1977,72
10/30/1978,80
10/30/1979,89
10/30/1980,99
10/30/1981,95
10/30/1982,52
10/30/1983,75
10/30/1984,93
10/30/1985,92
10/30/1986,114
10/30/1987,93
10/30/1988,76
10/30/1989,106
10/30/1990,94
10/30/1991,103
10/30/1992,93
10/30/1993,83
10/30/1994,65
10/30/1995,103
10/30/1996,89
10/30/1997,79
10/30/1998,106
10/30/1999,69
10/30/2000,105
10/30/2001,100
10/30/2002,88
10/30/2003,115
10/30/2004,58
10/30/2005,35
10/30/2006,77
10/30/2007,36
10/31/1917,1
10/31/1921,1
10/31/1923,1
10/31/1924,3
10/31/1926,1
10/31/1927,2
10/31/1928,1
10/31/1929,2
10/31/1930,3
10/31/1931,8
10/31/1932,8
10/31/1933,8
10/31/1934,13
10/31/1935,12
10/31/1936,20
10/31/1937,14
10/31/1938,17
10/31/1939,37
10/31/1940,20
10/31/1941,34
10/31/1942,28
10/31/1943,27
10/31/1944,42
10/31/1945,30
10/31/1946,53
10/31/1947,54
10/31/1948,57
10/31/1949,57
10/31/1950,69
10/31/1951,70
10/31/1952,70
10/31/1953,72
10/31/1954,53
10/31/1955,90
10/31/1956,88
10/31/1957,98
10/31/1958,81
10/31/1959,90
10/31/1960,70
10/31/1961,89
10/31/1962,90
10/31/1963,87
10/31/1964,92
10/31/1965,56
10/31/1966,79
10/31/1967,76
10/31/1968,77
10/31/1969,99
10/31/1970,72
10/31/1971,72
10/31/1972,73
10/31/1973,75
10/31/1974,91
10/31/1975,64
10/31/1976,85
10/31/1977,91
10/31/1978,78
10/31/1979,98
10/31/1980,75
10/31/1981,94
10/31/1982,77
10/31/1983,93
10/31/1984,84
10/31/1985,87
10/31/1986,90
10/31/1987,83
10/31/1988,85
10/31/1989,66
10/31/1990,88
10/31/1991,91
10/31/1992,71
10/31/1993,64
10/31/1994,68
10/31/1995,89
10/31/1996,90
10/31/1997,83
10/31/1998,61
10/31/1999,68
10/31/2000,88
10/31/2001,73
10/31/2002,86
10/31/2003,70
10/31/2004,58
10/31/2005,74
10/31/2006,75
10/31/2007,36
11/01/1924,2
11/01/1925,1
11/01/1926,2
11/01/1927,2
11/01/1928,3
11/01/1929,10
11/01/1930,2
11/01/1931,4
11/01/1932,5
11/01/1933,12
11/01/1934,12
11/01/1935,19
11/01/1936,12
11/01/1937,19
11/01/1938,17
11/01/1939,25
11/01/1940,30
11/01/1941,22
11/01/1942,34
11/01/1943,26
11/01/1944,28
11/01/1945,33
11/01/1946,70
11/01/1947,45
11/01/1948,58
11/01/1949,82
11/01/1950,71
11/01/1951,80
11/01/1952,86
11/01/1953,60
11/01/1954,86
11/01/1955,91
11/01/1956,94
11/01/1957,95
11/01/1958,105
11/01/1959,90
11/01/1960,87
11/01/1961,90
11/01/1962,111
11/01/1963,86
11/01/1964,74
11/01/1965,75
11/01/1966,83
11/01/1967,91
11/01/1968,63
11/01/1969,82
11/01/1970,69
11/01/1971,93
11/01/1972,92
11/01/1973,83
11/01/1974,79
11/01/1975,52
11/01/1976,92
11/01/1977,96
11/01/1978,83
11/01/1979,88
11/01/1980,82
11/01/1981,81
11/01/1982,104
11/01/1983,102
11/01/1984,93
11/01/1985,117
11/01/1986,60
11/01/1987,85
11/01/1988,109
11/01/1989,99
11/01/1990,108
11/01/1991,100
11/01/1992,67
11/01/1993,84
11/01/1994,109
11/01/1995,113
11/01/1996,107
11/01/1997,79
11/01/1998,65
11/01/1999,79
11/01/2000,108
11/01/2001,142
11/01/2002,100
11/01/2003,59
11/01/2004,91
11/01/2005,99
11/01/2006,85
11/01/2007,45
11/02/1921,1
11/02/1923,1
11/02/1924,1
11/02/1925,2
11/02/1926,1
11/02/1927,3
11/02/1928,3
11/02/1929,5
11/02/1930,2
11/02/1931,1
11/02/1932,8
11/02/1933,11
11/02/1934,17
11/02/1935,9
11/02/1936,11
11/02/1937,17
11/02/1938,13
11/02/1939,23
11/02/1940,30
11/02/1941,35
11/02/1942,33
11/02/1943,39
11/02/1944,33
11/02/1945,51
11/02/1946,60
11/02/1947,62
11/02/1948,53
11/02/1949,56
11/02/1950,68
11/02/1951,72
11/02/1952,74
11/02/1953,88
11/02/1954,91
11/02/1955,90
11/02/1956,87
11/02/1957,104
11/02/1958,81
11/02/1959,89
11/02/1960,87
11/02/1961,90
11/02/1962,92
11/02/1963,79
11/02/1964,106
11/02/1965,87
11/02/1966,87
11/02/1967,81
11/02/1968,77
11/02/1969,75
11/02/1970,93
11/02/1971,86
11/02/1972,82
11/02/1973,79
11/02/1974,62
11/02/1975,60
11/02/1976,82
11/02/1977,75
11/02/1978,82
11/02/1979,83
11/02/1980,91
11/02/1981,90
11/02/1982,86
11/02/1983,75
11/02/1984,93
11/02/1985,82
11/02/1986,70
11/02/1987,82
11/02/1988,107
11/02/1989,100
11/02/1990,109
11/02/1991,70
11/02/1992,90
11/02/1993,103
11/02/1994,87
11/02/1995,108
11/02/1996,59
11/02/1997,55
11/02/1998,97
11/02/1999,112
11/02/2000,128
11/02/2001,114
11/02/2002,72
11/02/2003,63
11/02/2004,109
11/02/2005,86
11/02/2006,109
11/02/2007,47
11/03/1911,1
11/03/1921,1
11/03/1923,4
11/03/1924,1
11/03/1926,2
11/03/1927,4
11/03/1928,4
11/03/1929,4
11/03/1930,4
11/03/1931,6
11/03/1932,9
11/03/1933,3
11/03/1934,18
11/03/1935,19
11/03/1936,14
11/03/1937,17
11/03/1938,21
11/03/1939,20
11/03/1940,24
11/03/1941,21
11/03/1942,29
11/03/1943,32
11/03/1944,37
11/03/1945,45
11/03/1946,75
11/03/1947,64
11/03/1948,63
11/03/1949,61
11/03/1950,53
11/03/1951,78
11/03/1952,61
11/03/1953,80
11/03/1954,87
11/03/1955,60
11/03/1956,84
11/03/1957,95
11/03/1958,94
11/03/1959,81
11/03/1960,91
11/03/1961,90
11/03/1962,83
11/03/1963,87
11/03/1964,101
11/03/1965,81
11/03/1966,75
11/03/1967,87
11/03/1968,70
11/03/1969,83
11/03/1970,101
11/03/1971,83
11/03/1972,68
11/03/1973,51
11/03/1974,60
11/03/1975,63
11/03/1976,76
11/03/1977,87
11/03/1978,77
11/03/1979,85
11/03/1980,87
11/03/1981,85
11/03/1982,104
11/03/1983,109
11/03/1984,64
11/03/1985,86
11/03/1986,105
11/03/1987,97
11/03/1988,114
11/03/1989,95
11/03/1990,69
11/03/1991,77
11/03/1992,95
11/03/1993,104
11/03/1994,104
11/03/1995,107
11/03/1996,69
11/03/1997,105
11/03/1998,106
11/03/1999,99
11/03/2000,112
11/03/2001,61
11/03/2002,56
11/03/2003,108
11/03/2004,77
11/03/2005,100
11/03/2006,73
11/03/2007,30
11/04/1919,1
11/04/1927,4
11/04/1928,3
11/04/1929,3
11/04/1930,3
11/04/1931,8
11/04/1932,8
11/04/1933,6
11/04/1934,11
11/04/1935,13
11/04/1936,15
11/04/1937,20
11/04/1938,16
11/04/1939,19
11/04/1940,24
11/04/1941,20
11/04/1942,47
11/04/1943,31
11/04/1944,45
11/04/1945,40
11/04/1946,62
11/04/1947,67
11/04/1948,62
11/04/1949,69
11/04/1950,55
11/04/1951,67
11/04/1952,72
11/04/1953,98
11/04/1954,78
11/04/1955,84
11/04/1956,93
11/04/1957,93
11/04/1958,95
11/04/1959,93
11/04/1960,72
11/04/1961,101
11/04/1962,87
11/04/1963,107
11/04/1964,91
11/04/1965,64
11/04/1966,87
11/04/1967,66
11/04/1968,75
11/04/1969,79
11/04/1970,89
11/04/1971,70
11/04/1972,67
11/04/1973,55
11/04/1974,97
11/04/1975,79
11/04/1976,75
11/04/1977,84
11/04/1978,71
11/04/1979,65
11/04/1980,103
11/04/1981,112
11/04/1982,115
11/04/1983,84
11/04/1984,81
11/04/1985,97
11/04/1986,94
11/04/1987,104
11/04/1988,108
11/04/1989,90
11/04/1990,90
11/04/1991,82
11/04/1992,97
11/04/1993,98
11/04/1994,122
11/04/1995,77
11/04/1996,114
11/04/1997,109
11/04/1998,105
11/04/1999,107
11/04/2000,68
11/04/2001,56
11/04/2002,92
11/04/2003,117
11/04/2004,90
11/04/2005,85
11/04/2006,48
11/04/2007,20
11/05/1917,1
11/05/1925,1
11/05/1926,3
11/05/1927,4
11/05/1928,4
11/05/1929,2
11/05/1930,5
11/05/1931,11
11/05/1932,8
11/05/1933,8
11/05/1934,10
11/05/1935,7
11/05/1936,11
11/05/1937,26
11/05/1938,14
11/05/1939,26
11/05/1940,32
11/05/1941,31
11/05/1942,40
11/05/1943,36
11/05/1944,42
11/05/1945,57
11/05/1946,63
11/05/1947,56
11/05/1948,52
11/05/1949,57
11/05/1950,63
11/05/1951,69
11/05/1952,86
11/05/1953,65
11/05/1954,103
11/05/1955,87
11/05/1956,97
11/05/1957,90
11/05/1958,94
11/05/1959,95
11/05/1960,86
11/05/1961,93
11/05/1962,107
11/05/1963,112
11/05/1964,91
11/05/1965,77
11/05/1966,94
11/05/1967,64
11/05/1968,107
11/05/1969,98
11/05/1970,82
11/05/1971,102
11/05/1972,64
11/05/1973,67
11/05/1974,80
11/05/1975,68
11/05/1976,75
11/05/1977,81
11/05/1978,80
11/05/1979,89
11/05/1980,97
11/05/1981,95
11/05/1982,99
11/05/1983,89
11/05/1984,93
11/05/1985,107
11/05/1986,103
11/05/1987,109
11/05/1988,68
11/05/1989,68
11/05/1990,71
11/05/1991,99
11/05/1992,114
11/05/1993,112
11/05/1994,79
11/05/1995,68
11/05/1996,106
11/05/1997,118
11/05/1998,107
11/05/1999,103
11/05/2000,70
11/05/2001,105
11/05/2002,105
11/05/2003,95
11/05/2004,73
11/05/2005,46
11/05/2006,44
11/05/2007,31
11/06/1919,1
11/06/1924,1
11/06/1925,2
11/06/1926,1
11/06/1927,2
11/06/1928,2
11/06/1929,2
11/06/1930,4
11/06/1931,3
11/06/1932,11
11/06/1933,8
11/06/1934,9
11/06/1935,17
11/06/1936,15
11/06/1937,21
11/06/1938,24
11/06/1939,20
11/06/1940,27
11/06/1941,27
11/06/1942,37
11/06/1943,30
11/06/1944,45
11/06/1945,42
11/06/1946,59
11/06/1947,63
11/06/1948,57
11/06/1949,65
11/06/1950,68
11/06/1951,59
11/06/1952,83
11/06/1953,75
11/06/1954,86
11/06/1955,85
11/06/1956,86
11/06/1957,84
11/06/1958,103
11/06/1959,88
11/06/1960,83
11/06/1961,96
11/06/1962,98
11/06/1963,91
11/06/1964,96
11/06/1965,64
11/06/1966,93
11/06/1967,89
11/06/1968,78
11/06/1969,85
11/06/1970,91
11/06/1971,69
11/06/1972,73
11/06/1973,93
11/06/1974,86
11/06/1975,83
11/06/1976,71
11/06/1977,65
11/06/1978,74
11/06/1979,98
11/06/1980,126
11/06/1981,113
11/06/1982,56
11/06/1983,65
11/06/1984,98
11/06/1985,90
11/06/1986,85
11/06/1987,89
11/06/1988,67
11/06/1989,97
11/06/1990,87
11/06/1991,106
11/06/1992,98
11/06/1993,65
11/06/1994,66
11/06/1995,100
11/06/1996,107
11/06/1997,99
11/06/1998,92
11/06/1999,76
11/06/2000,97
11/06/2001,109
11/06/2002,88
11/06/2003,96
11/06/2004,45
11/06/2005,47
11/06/2006,43
11/06/2007,46
11/07/1923,1
11/07/1925,1
11/07/1926,2
11/07/1927,3
11/07/1928,2
11/07/1929,4
11/07/1930,8
11/07/1931,5
11/07/1932,8
11/07/1933,11
11/07/1934,12
11/07/1935,7
11/07/1936,12
11/07/1937,14
11/07/1938,20
11/07/1939,27
11/07/1940,23
11/07/1941,31
11/07/1942,48
11/07/1943,37
11/07/1944,45
11/07/1945,53
11/07/1946,61
11/07/1947,64
11/07/1948,48
11/07/1949,50
11/07/1950,68
11/07/1951,79
11/07/1952,72
11/07/1953,91
11/07/1954,78
11/07/1955,82
11/07/1956,93
11/07/1957,85
11/07/1958,100
11/07/1959,89
11/07/1960,82
11/07/1961,84
11/07/1962,94
11/07/1963,89
11/07/1964,89
11/07/1965,62
11/07/1966,70
11/07/1967,72
11/07/1968,75
11/07/1969,87
11/07/1970,76
11/07/1971,77
11/07/1972,78
11/07/1973,81
11/07/1974,94
11/07/1975,67
11/07/1976,77
11/07/1977,89
11/07/1978,85
11/07/1979,83
11/07/1980,105
11/07/1981,81
11/07/1982,94
11/07/1983,103
11/07/1984,89
11/07/1985,87
11/07/1986,92
11/07/1987,69
11/07/1988,102
11/07/1989,96
11/07/1990,92
11/07/1991,105
11/07/1992,74
11/07/1993,60
11/07/1994,98
11/07/1995,101
11/07/1996,100
11/07/1997,87
11/07/1998,72
11/07/1999,60
11/07/2000,115
11/07/2001,112
11/07/2002,106
11/07/2003,113
11/07/2004,54
11/07/2005,81
11/07/2006,41
11/07/2007,40
11/08/1921,1
11/08/1922,1
11/08/1924,2
11/08/1925,1
11/08/1926,2
11/08/1927,6
11/08/1928,3
11/08/1929,3
11/08/1930,3
11/08/1931,8
11/08/1932,10
11/08/1933,11
11/08/1934,15
11/08/1935,12
11/08/1936,16
11/08/1937,12
11/08/1938,20
11/08/1939,21
11/08/1940,33
11/08/1941,28
11/08/1942,37
11/08/1943,28
11/08/1944,34
11/08/1945,44
11/08/1946,72
11/08/1947,56
11/08/1948,61
11/08/1949,71
11/08/1950,69
11/08/1951,96
11/08/1952,86
11/08/1953,77
11/08/1954,84
11/08/1955,82
11/08/1956,100
11/08/1957,92
11/08/1958,105
11/08/1959,89
11/08/1960,77
11/08/1961,90
11/08/1962,86
11/08/1963,96
11/08/1964,81
11/08/1965,76
11/08/1966,88
11/08/1967,76
11/08/1968,81
11/08/1969,64
11/08/1970,92
11/08/1971,74
11/08/1972,86
11/08/1973,62
11/08/1974,84
11/08/1975,76
11/08/1976,71
11/08/1977,69
11/08/1978,91
11/08/1979,104
11/08/1980,92
11/08/1981,87
11/08/1982,96
11/08/1983,89
11/08/1984,104
11/08/1985,94
11/08/1986,68
11/08/1987,62
11/08/1988,107
11/08/1989,97
11/08/1990,106
11/08/1991,83
11/08/1992,69
11/08/1993,103
11/08/1994,96
11/08/1995,97
11/08/1996,106
11/08/1997,81
11/08/1998,59
11/08/1999,99
11/08/2000,103
11/08/2001,123
11/08/2002,98
11/08/2003,78
11/08/2004,101
11/08/2005,92
11/08/2006,43
11/08/2007,35
11/09/1912,1
11/09/1921,1
11/09/1922,1
11/09/1923,1
11/09/1924,1
11/09/1926,1
11/09/1927,1
11/09/1928,3
11/09/1929,5
11/09/1930,7
11/09/1931,10
11/09/1932,6
11/09/1933,8
11/09/1934,11
11/09/1935,18
11/09/1936,17
11/09/1937,21
11/09/1938,24
11/09/1939,26
11/09/1940,27
11/09/1941,27
11/09/1942,35
11/09/1943,38
11/09/1944,52
11/09/1945,38
11/09/1946,62
11/09/1947,63
11/09/1948,55
11/09/1949,59
11/09/1950,60
11/09/1951,72
11/09/1952,74
11/09/1953,88
11/09/1954,83
11/09/1955,87
11/09/1956,89
11/09/1957,85
11/09/1958,69
11/09/1959,97
11/09/1960,105
11/09/1961,88
11/09/1962,89
11/09/1963,83
11/09/1964,86
11/09/1965,88
11/09/1966,97
11/09/1967,90
11/09/1968,60
11/09/1969,74
11/09/1970,92
11/09/1971,114
11/09/1972,87
11/09/1973,65
11/09/1974,70
11/09/1975,67
11/09/1976,81
11/09/1977,84
11/09/1978,94
11/09/1979,100
11/09/1980,65
11/09/1981,98
11/09/1982,109
11/09/1983,95
11/09/1984,104
11/09/1985,82
11/09/1986,65
11/09/1987,104
11/09/1988,93
11/09/1989,115
11/09/1990,101
11/09/1991,63
11/09/1992,115
11/09/1993,96
11/09/1994,112
11/09/1995,126
11/09/1996,88
11/09/1997,59
11/09/1998,89
11/09/1999,105
11/09/2000,118
11/09/2001,96
11/09/2002,57
11/09/2003,64
11/09/2004,112
11/09/2005,105
11/09/2006,46
11/09/2007,48
11/10/1916,1
11/10/1919,1
11/10/1923,1
11/10/1924,2
11/10/1925,2
11/10/1926,1
11/10/1927,1
11/10/1928,4
11/10/1929,7
11/10/1930,6
11/10/1931,11
11/10/1932,4
11/10/1933,10
11/10/1934,16
11/10/1935,16
11/10/1936,17
11/10/1937,17
11/10/1938,13
11/10/1939,20
11/10/1940,29
11/10/1941,28
11/10/1942,45
11/10/1943,39
11/10/1944,40
11/10/1945,42
11/10/1946,64
11/10/1947,57
11/10/1948,66
11/10/1949,66
11/10/1950,56
11/10/1951,74
11/10/1952,65
11/10/1953,88
11/10/1954,85
11/10/1955,91
11/10/1956,96
11/10/1957,79
11/10/1958,92
11/10/1959,96
11/10/1960,83
11/10/1961,83
11/10/1962,93
11/10/1963,96
11/10/1964,101
11/10/1965,83
11/10/1966,95
11/10/1967,67
11/10/1968,70
11/10/1969,79
11/10/1970,87
11/10/1971,98
11/10/1972,72
11/10/1973,68
11/10/1974,74
11/10/1975,73
11/10/1976,81
11/10/1977,73
11/10/1978,82
11/10/1979,82
11/10/1980,91
11/10/1981,114
11/10/1982,103
11/10/1983,96
11/10/1984,82
11/10/1985,74
11/10/1986,101
11/10/1987,95
11/10/1988,94
11/10/1989,107
11/10/1990,77
11/10/1991,77
11/10/1992,113
11/10/1993,98
11/10/1994,114
11/10/1995,106
11/10/1996,76
11/10/1997,93
11/10/1998,110
11/10/1999,106
11/10/2000,103
11/10/2001,64
11/10/2002,56
11/10/2003,84
11/10/2004,97
11/10/2005,94
11/10/2006,51
11/10/2007,15
11/11/1919,1
11/11/1925,1
11/11/1927,1
11/11/1928,2
11/11/1929,4
11/11/1930,8
11/11/1931,4
11/11/1932,8
11/11/1933,12
11/11/1934,14
11/11/1935,14
11/11/1936,15
11/11/1937,22
11/11/1938,25
11/11/1939,23
11/11/1940,29
11/11/1941,22
11/11/1942,42
11/11/1943,29
11/11/1944,51
11/11/1945,52
11/11/1946,58
11/11/1947,44
11/11/1948,63
11/11/1949,59
11/11/1950,52
11/11/1951,77
11/11/1952,78
11/11/1953,86
11/11/1954,82
11/11/1955,71
11/11/1956,81
11/11/1957,90
11/11/1958,93
11/11/1959,91
11/11/1960,98
11/11/1961,92
11/11/1962,83
11/11/1963,85
11/11/1964,95
11/11/1965,88
11/11/1966,80
11/11/1967,58
11/11/1968,88
11/11/1969,78
11/11/1970,94
11/11/1971,84
11/11/1972,76
11/11/1973,66
11/11/1974,60
11/11/1975,76
11/11/1976,82
11/11/1977,77
11/11/1978,88
11/11/1979,73
11/11/1980,84
11/11/1981,88
11/11/1982,98
11/11/1983,89
11/11/1984,65
11/11/1985,96
11/11/1986,83
11/11/1987,76
11/11/1988,123
11/11/1989,73
11/11/1990,80
11/11/1991,104
11/11/1992,102
11/11/1993,95
11/11/1994,101
11/11/1995,69
11/11/1996,93
11/11/1997,102
11/11/1998,102
11/11/1999,100
11/11/2000,78
11/11/2001,58
11/11/2002,93
11/11/2003,112
11/11/2004,103
11/11/2005,71
11/11/2006,18
11/11/2007,17
11/12/1919,1
11/12/1921,1
11/12/1923,1
11/12/1925,2
11/12/1926,2
11/12/1927,2
11/12/1928,2
11/12/1929,2
11/12/1930,5
11/12/1931,7
11/12/1932,10
11/12/1933,11
11/12/1934,12
11/12/1935,10
11/12/1936,9
11/12/1937,15
11/12/1938,14
11/12/1939,19
11/12/1940,26
11/12/1941,23
11/12/1942,29
11/12/1943,30
11/12/1944,42
11/12/1945,29
11/12/1946,58
11/12/1947,68
11/12/1948,76
11/12/1949,60
11/12/1950,51
11/12/1951,69
11/12/1952,74
11/12/1953,78
11/12/1954,89
11/12/1955,98
11/12/1956,80
11/12/1957,100
11/12/1958,85
11/12/1959,101
11/12/1960,104
11/12/1961,93
11/12/1962,98
11/12/1963,111
11/12/1964,77
11/12/1965,86
11/12/1966,80
11/12/1967,93
11/12/1968,66
11/12/1969,94
11/12/1970,84
11/12/1971,93
11/12/1972,57
11/12/1973,77
11/12/1974,84
11/12/1975,83
11/12/1976,78
11/12/1977,80
11/12/1978,60
11/12/1979,88
11/12/1980,99
11/12/1981,86
11/12/1982,89
11/12/1983,70
11/12/1984,94
11/12/1985,100
11/12/1986,104
11/12/1987,100
11/12/1988,74
11/12/1989,73
11/12/1990,99
11/12/1991,119
11/12/1992,89
11/12/1993,112
11/12/1994,66
11/12/1995,56
11/12/1996,127
11/12/1997,95
11/12/1998,104
11/12/1999,102
11/12/2000,72
11/12/2001,103
11/12/2002,86
11/12/2003,91
11/12/2004,95
11/12/2005,41
11/12/2006,26
11/12/2007,47
11/13/1918,2
11/13/1923,2
11/13/1924,2
11/13/1926,1
11/13/1927,4
11/13/1928,7
11/13/1929,3
11/13/1930,2
11/13/1931,11
11/13/1932,5
11/13/1933,6
11/13/1934,10
11/13/1935,7
11/13/1936,17
11/13/1937,13
11/13/1938,19
11/13/1939,23
11/13/1940,24
11/13/1941,28
11/13/1942,37
11/13/1943,35
11/13/1944,37
11/13/1945,58
11/13/1946,74
11/13/1947,61
11/13/1948,60
11/13/1949,52
11/13/1950,65
11/13/1951,76
11/13/1952,82
11/13/1953,69
11/13/1954,90
11/13/1955,78
11/13/1956,77
11/13/1957,98
11/13/1958,106
11/13/1959,97
11/13/1960,83
11/13/1961,88
11/13/1962,105
11/13/1963,102
11/13/1964,89
11/13/1965,92
11/13/1966,57
11/13/1967,65
11/13/1968,89
11/13/1969,81
11/13/1970,90
11/13/1971,80
11/13/1972,76
11/13/1973,85
11/13/1974,67
11/13/1975,79
11/13/1976,73
11/13/1977,76
11/13/1978,81
11/13/1979,77
11/13/1980,83
11/13/1981,80
11/13/1982,66
11/13/1983,58
11/13/1984,105
11/13/1985,96
11/13/1986,83
11/13/1987,94
11/13/1988,81
11/13/1989,98
11/13/1990,121
11/13/1991,89
11/13/1992,81
11/13/1993,67
11/13/1994,51
11/13/1995,95
11/13/1996,89
11/13/1997,122
11/13/1998,98
11/13/1999,83
11/13/2000,91
11/13/2001,108
11/13/2002,96
11/13/2003,94
11/13/2004,51
11/13/2005,47
11/13/2006,50
11/13/2007,35
11/14/1915,1
11/14/1922,1
11/14/1923,1
11/14/1924,2
11/14/1925,1
11/14/1926,1
11/14/1927,5
11/14/1928,2
11/14/1929,2
11/14/1930,6
11/14/1931,6
11/14/1932,5
11/14/1933,8
11/14/1934,13
11/14/1935,9
11/14/1936,14
11/14/1937,13
11/14/1938,17
11/14/1939,22
11/14/1940,21
11/14/1941,28
11/14/1942,41
11/14/1943,35
11/14/1944,39
11/14/1945,39
11/14/1946,67
11/14/1947,55
11/14/1948,60
11/14/1949,64
11/14/1950,68
11/14/1951,78
11/14/1952,78
11/14/1953,61
11/14/1954,84
11/14/1955,81
11/14/1956,99
11/14/1957,106
11/14/1958,96
11/14/1959,86
11/14/1960,101
11/14/1961,94
11/14/1962,80
11/14/1963,98
11/14/1964,76
11/14/1965,70
11/14/1966,73
11/14/1967,91
11/14/1968,56
11/14/1969,73
11/14/1970,86
11/14/1971,65
11/14/1972,79
11/14/1973,75
11/14/1974,65
11/14/1975,69
11/14/1976,51
11/14/1977,84
11/14/1978,73
11/14/1979,103
11/14/1980,89
11/14/1981,75
11/14/1982,73
11/14/1983,97
11/14/1984,81
11/14/1985,108
11/14/1986,84
11/14/1987,67
11/14/1988,87
11/14/1989,85
11/14/1990,107
11/14/1991,98
11/14/1992,73
11/14/1993,53
11/14/1994,81
11/14/1995,100
11/14/1996,105
11/14/1997,100
11/14/1998,71
11/14/1999,42
11/14/2000,140
11/14/2001,108
11/14/2002,85
11/14/2003,86
11/14/2004,47
11/14/2005,102
11/14/2006,51
11/14/2007,44
11/15/1922,1
11/15/1923,1
11/15/1924,1
11/15/1926,1
11/15/1927,2
11/15/1928,5
11/15/1929,4
11/15/1930,5
11/15/1931,13
11/15/1932,9
11/15/1933,10
11/15/1934,6
11/15/1935,11
11/15/1936,13
11/15/1937,20
11/15/1938,22
11/15/1939,20
11/15/1940,20
11/15/1941,30
11/15/1942,43
11/15/1943,30
11/15/1944,33
11/15/1945,50
11/15/1946,69
11/15/1947,75
11/15/1948,54
11/15/1949,65
11/15/1950,64
11/15/1951,74
11/15/1952,77
11/15/1953,66
11/15/1954,89
11/15/1955,71
11/15/1956,91
11/15/1957,100
11/15/1958,96
11/15/1959,83
11/15/1960,111
11/15/1961,96
11/15/1962,98
11/15/1963,98
11/15/1964,70
11/15/1965,80
11/15/1966,82
11/15/1967,70
11/15/1968,92
11/15/1969,82
11/15/1970,72
11/15/1971,72
11/15/1972,86
11/15/1973,79
11/15/1974,70
11/15/1975,67
11/15/1976,67
11/15/1977,84
11/15/1978,83
11/15/1979,110
11/15/1980,78
11/15/1981,85
11/15/1982,96
11/15/1983,88
11/15/1984,102
11/15/1985,93
11/15/1986,69
11/15/1987,82
11/15/1988,98
11/15/1989,91
11/15/1990,99
11/15/1991,98
11/15/1992,69
11/15/1993,96
11/15/1994,95
11/15/1995,92
11/15/1996,101
11/15/1997,61
11/15/1998,64
11/15/1999,87
11/15/2000,108
11/15/2001,120
11/15/2002,87
11/15/2003,49
11/15/2004,101
11/15/2005,84
11/15/2006,52
11/15/2007,32
11/16/1924,3
11/16/1925,1
11/16/1927,2
11/16/1928,2
11/16/1929,1
11/16/1930,4
11/16/1931,5
11/16/1932,8
11/16/1933,7
11/16/1934,13
11/16/1935,14
11/16/1936,13
11/16/1937,26
11/16/1938,18
11/16/1939,17
11/16/1940,24
11/16/1941,26
11/16/1942,39
11/16/1943,31
11/16/1944,40
11/16/1945,46
11/16/1946,47
11/16/1947,49
11/16/1948,50
11/16/1949,67
11/16/1950,77
11/16/1951,86
11/16/1952,59
11/16/1953,76
11/16/1954,73
11/16/1955,102
11/16/1956,79
11/16/1957,76
11/16/1958,89
11/16/1959,95
11/16/1960,101
11/16/1961,107
11/16/1962,71
11/16/1963,82
11/16/1964,81
11/16/1965,89
11/16/1966,70
11/16/1967,77
11/16/1968,98
11/16/1969,76
11/16/1970,74
11/16/1971,102
11/16/1972,56
11/16/1973,70
11/16/1974,72
11/16/1975,57
11/16/1976,93
11/16/1977,76
11/16/1978,97
11/16/1979,103
11/16/1980,84
11/16/1981,61
11/16/1982,101
11/16/1983,84
11/16/1984,94
11/16/1985,72
11/16/1986,73
11/16/1987,116
11/16/1988,100
11/16/1989,92
11/16/1990,92
11/16/1991,66
11/16/1992,99
11/16/1993,93
11/16/1994,105
11/16/1995,102
11/16/1996,64
11/16/1997,60
11/16/1998,105
11/16/1999,119
11/16/2000,111
11/16/2001,120
11/16/2002,67
11/16/2003,52
11/16/2004,93
11/16/2005,96
11/16/2006,46
11/16/2007,36
11/17/1922,1
11/17/1923,1
11/17/1924,2
11/17/1925,3
11/17/1926,2
11/17/1927,5
11/17/1928,1
11/17/1929,3
11/17/1930,1
11/17/1931,7
11/17/1932,7
11/17/1933,11
11/17/1934,12
11/17/1935,12
11/17/1936,15
11/17/1937,20
11/17/1938,27
11/17/1939,21
11/17/1940,26
11/17/1941,33
11/17/1942,34
11/17/1943,41
11/17/1944,28
11/17/1945,33
11/17/1946,49
11/17/1947,53
11/17/1948,58
11/17/1949,69
11/17/1950,62
11/17/1951,63
11/17/1952,78
11/17/1953,82
11/17/1954,85
11/17/1955,95
11/17/1956,84
11/17/1957,102
11/17/1958,110
11/17/1959,101
11/17/1960,89
11/17/1961,103
11/17/1962,88
11/17/1963,64
11/17/1964,95
11/17/1965,88
11/17/1966,85
11/17/1967,87
11/17/1968,69
11/17/1969,86
11/17/1970,107
11/17/1971,77
11/17/1972,82
11/17/1973,74
11/17/1974,47
11/17/1975,73
11/17/1976,94
11/17/1977,89
11/17/1978,84
11/17/1979,79
11/17/1980,100
11/17/1981,85
11/17/1982,102
11/17/1983,86
11/17/1984,70
11/17/1985,94
11/17/1986,98
11/17/1987,99
11/17/1988,106
11/17/1989,83
11/17/1990,90
11/17/1991,79
11/17/1992,104
11/17/1993,96
11/17/1994,92
11/17/1995,113
11/17/1996,62
11/17/1997,104
11/17/1998,118
11/17/1999,93
11/17/2000,110
11/17/2001,58
11/17/2002,48
11/17/2003,100
11/17/2004,99
11/17/2005,94
11/17/2006,48
11/17/2007,27
11/18/1923,1
11/18/1924,1
11/18/1925,4
11/18/1928,1
11/18/1929,3
11/18/1930,7
11/18/1931,8
11/18/1932,7
11/18/1933,6
11/18/1934,8
11/18/1935,19
11/18/1936,13
11/18/1937,25
11/18/1938,18
11/18/1939,19
11/18/1940,25
11/18/1941,25
11/18/1942,39
11/18/1943,33
11/18/1944,27
11/18/1945,39
11/18/1946,57
11/18/1947,57
11/18/1948,53
11/18/1949,67
11/18/1950,52
11/18/1951,45
11/18/1952,75
11/18/1953,67
11/18/1954,102
11/18/1955,102
11/18/1956,83
11/18/1957,85
11/18/1958,93
11/18/1959,98
11/18/1960,91
11/18/1961,95
11/18/1962,90
11/18/1963,85
11/18/1964,85
11/18/1965,85
11/18/1966,85
11/18/1967,72
11/18/1968,77
11/18/1969,93
11/18/1970,81
11/18/1971,80
11/18/1972,78
11/18/1973,67
11/18/1974,98
11/18/1975,62
11/18/1976,76
11/18/1977,91
11/18/1978,81
11/18/1979,74
11/18/1980,86
11/18/1981,91
11/18/1982,92
11/18/1983,92
11/18/1984,84
11/18/1985,86
11/18/1986,112
11/18/1987,99
11/18/1988,118
11/18/1989,61
11/18/1990,65
11/18/1991,98
11/18/1992,84
11/18/1993,104
11/18/1994,110
11/18/1995,57
11/18/1996,97
11/18/1997,100
11/18/1998,111
11/18/1999,102
11/18/2000,79
11/18/2001,68
11/18/2002,106
11/18/2003,104
11/18/2004,100
11/18/2005,77
11/18/2006,37
11/18/2007,25
11/19/1918,1
11/19/1919,1
11/19/1926,1
11/19/1928,5
11/19/1929,3
11/19/1930,5
11/19/1931,6
11/19/1932,11
11/19/1933,9
11/19/1934,7
11/19/1935,12
11/19/1936,20
11/19/1937,16
11/19/1938,18
11/19/1939,13
11/19/1940,26
11/19/1941,24
11/19/1942,28
11/19/1943,37
11/19/1944,41
11/19/1945,39
11/19/1946,76
11/19/1947,61
11/19/1948,63
11/19/1949,74
11/19/1950,54
11/19/1951,72
11/19/1952,82
11/19/1953,74
11/19/1954,85
11/19/1955,97
11/19/1956,77
11/19/1957,86
11/19/1958,85
11/19/1959,108
11/19/1960,93
11/19/1961,68
11/19/1962,79
11/19/1963,82
11/19/1964,84
11/19/1965,85
11/19/1966,64
11/19/1967,52
11/19/1968,99
11/19/1969,65
11/19/1970,105
11/19/1971,75
11/19/1972,65
11/19/1973,90
11/19/1974,78
11/19/1975,89
11/19/1976,75
11/19/1977,70
11/19/1978,68
11/19/1979,103
11/19/1980,95
11/19/1981,81
11/19/1982,97
11/19/1983,75
11/19/1984,106
11/19/1985,117
11/19/1986,95
11/19/1987,88
11/19/1988,61
11/19/1989,75
11/19/1990,106
11/19/1991,88
11/19/1992,97
11/19/1993,95
11/19/1994,61
11/19/1995,59
11/19/1996,106
11/19/1997,116
11/19/1998,102
11/19/1999,115
11/19/2000,56
11/19/2001,107
11/19/2002,112
11/19/2003,89
11/19/2004,107
11/19/2005,47
11/19/2006,19
11/19/2007,38
11/20/1924,1
11/20/1925,1
11/20/1926,2
11/20/1928,3
11/20/1929,4
11/20/1930,4
11/20/1931,5
11/20/1932,4
11/20/1933,18
11/20/1934,9
11/20/1935,9
11/20/1936,14
11/20/1937,16
11/20/1938,22
11/20/1939,21
11/20/1940,30
11/20/1941,25
11/20/1942,33
11/20/1943,43
11/20/1944,36
11/20/1945,28
11/20/1946,55
11/20/1947,60
11/20/1948,60
11/20/1949,61
11/20/1950,72
11/20/1951,70
11/20/1952,76
11/20/1953,86
11/20/1954,77
11/20/1955,88
11/20/1956,73
11/20/1957,97
11/20/1958,76
11/20/1959,107
11/20/1960,103
11/20/1961,91
11/20/1962,84
11/20/1963,77
11/20/1964,80
11/20/1965,71
11/20/1966,78
11/20/1967,78
11/20/1968,70
11/20/1969,77
11/20/1970,110
11/20/1971,79
11/20/1972,93
11/20/1973,70
11/20/1974,83
11/20/1975,87
11/20/1976,89
11/20/1977,64
11/20/1978,77
11/20/1979,101
11/20/1980,96
11/20/1981,93
11/20/1982,98
11/20/1983,74
11/20/1984,93
11/20/1985,101
11/20/1986,95
11/20/1987,106
11/20/1988,65
11/20/1989,115
11/20/1990,105
11/20/1991,85
11/20/1992,96
11/20/1993,83
11/20/1994,79
11/20/1995,123
11/20/1996,108
11/20/1997,124
11/20/1998,119
11/20/1999,65
11/20/2000,130
11/20/2001,112
11/20/2002,110
11/20/2003,95
11/20/2004,56
11/20/2005,45
11/20/2006,63
11/20/2007,47
11/21/1907,1
11/21/1924,2
11/21/1925,2
11/21/1926,1
11/21/1927,2
11/21/1928,2
11/21/1929,4
11/21/1930,9
11/21/1931,6
11/21/1932,7
11/21/1933,11
11/21/1934,9
11/21/1935,14
11/21/1936,21
11/21/1937,28
11/21/1938,19
11/21/1939,19
11/21/1940,25
11/21/1941,30
11/21/1942,45
11/21/1943,29
11/21/1944,45
11/21/1945,38
11/21/1946,60
11/21/1947,54
11/21/1948,53
11/21/1949,76
11/21/1950,78
11/21/1951,56
11/21/1952,80
11/21/1953,83
11/21/1954,80
11/21/1955,90
11/21/1956,97
11/21/1957,86
11/21/1958,102
11/21/1959,89
11/21/1960,86
11/21/1961,103
11/21/1962,108
11/21/1963,102
11/21/1964,81
11/21/1965,79
11/21/1966,84
11/21/1967,89
11/21/1968,87
11/21/1969,74
11/21/1970,79
11/21/1971,68
11/21/1972,69
11/21/1973,83
11/21/1974,70
11/21/1975,84
11/21/1976,59
11/21/1977,92
11/21/1978,79
11/21/1979,87
11/21/1980,77
11/21/1981,83
11/21/1982,76
11/21/1983,89
11/21/1984,94
11/21/1985,87
11/21/1986,102
11/21/1987,90
11/21/1988,106
11/21/1989,99
11/21/1990,106
11/21/1991,100
11/21/1992,85
11/21/1993,67
11/21/1994,107
11/21/1995,117
11/21/1996,117
11/21/1997,103
11/21/1998,64
11/21/1999,62
11/21/2000,121
11/21/2001,94
11/21/2002,107
11/21/2003,105
11/21/2004,37
11/21/2005,107
11/21/2006,47
11/21/2007,41
11/22/1923,1
11/22/1924,1
11/22/1925,1
11/22/1926,1
11/22/1927,1
11/22/1928,8
11/22/1929,3
11/22/1930,2
11/22/1931,6
11/22/1932,7
11/22/1933,7
11/22/1934,8
11/22/1935,12
11/22/1936,12
11/22/1937,22
11/22/1938,21
11/22/1939,21
11/22/1940,25
11/22/1941,35
11/22/1942,28
11/22/1943,36
11/22/1944,39
11/22/1945,49
11/22/1946,57
11/22/1947,56
11/22/1948,69
11/22/1949,64
11/22/1950,64
11/22/1951,64
11/22/1952,74
11/22/1953,71
11/22/1954,93
11/22/1955,85
11/22/1956,77
11/22/1957,87
11/22/1958,79
11/22/1959,87
11/22/1960,92
11/22/1961,105
11/22/1962,75
11/22/1963,96
11/22/1964,75
11/22/1965,75
11/22/1966,82
11/22/1967,78
11/22/1968,69
11/22/1969,75
11/22/1970,84
11/22/1971,74
11/22/1972,63
11/22/1973,68
11/22/1974,82
11/22/1975,81
11/22/1976,105
11/22/1977,78
11/22/1978,76
11/22/1979,61
11/22/1980,81
11/22/1981,73
11/22/1982,104
11/22/1983,100
11/22/1984,71
11/22/1985,96
11/22/1986,65
11/22/1987,65
11/22/1988,103
11/22/1989,75
11/22/1990,79
11/22/1991,94
11/22/1992,84
11/22/1993,95
11/22/1994,112
11/22/1995,102
11/22/1996,106
11/22/1997,74
11/22/1998,48
11/22/1999,121
11/22/2000,103
11/22/2001,69
11/22/2002,98
11/22/2003,75
11/22/2004,108
11/22/2005,101
11/22/2006,49
11/22/2007,18
11/23/1923,1
11/23/1927,4
11/23/1928,1
11/23/1929,6
11/23/1930,4
11/23/1931,7
11/23/1932,6
11/23/1933,6
11/23/1934,9
11/23/1935,11
11/23/1936,10
11/23/1937,19
11/23/1938,19
11/23/1939,24
11/23/1940,21
11/23/1941,27
11/23/1942,51
11/23/1943,27
11/23/1944,33
11/23/1945,35
11/23/1946,67
11/23/1947,51
11/23/1948,73
11/23/1949,56
11/23/1950,58
11/23/1951,58
11/23/1952,76
11/23/1953,77
11/23/1954,111
11/23/1955,97
11/23/1956,83
11/23/1957,67
11/23/1958,94
11/23/1959,96
11/23/1960,90
11/23/1961,74
11/23/1962,87
11/23/1963,95
11/23/1964,82
11/23/1965,96
11/23/1966,65
11/23/1967,75
11/23/1968,79
11/23/1969,74
11/23/1970,80
11/23/1971,87
11/23/1972,61
11/23/1973,84
11/23/1974,71
11/23/1975,65
11/23/1976,93
11/23/1977,86
11/23/1978,66
11/23/1979,104
11/23/1980,73
11/23/1981,101
11/23/1982,116
11/23/1983,92
11/23/1984,94
11/23/1985,87
11/23/1986,81
11/23/1987,98
11/23/1988,80
11/23/1989,55
11/23/1990,96
11/23/1991,91
11/23/1992,100
11/23/1993,90
11/23/1994,115
11/23/1995,61
11/23/1996,74
11/23/1997,63
11/23/1998,114
11/23/1999,123
11/23/2000,70
11/23/2001,76
11/23/2002,60
11/23/2003,51
11/23/2004,99
11/23/2005,73
11/23/2006,18
11/23/2007,29
11/24/1917,1
11/24/1923,3
11/24/1925,1
11/24/1927,3
11/24/1928,3
11/24/1929,4
11/24/1930,5
11/24/1931,12
11/24/1932,8
11/24/1933,8
11/24/1934,15
11/24/1935,7
11/24/1936,16
11/24/1937,25
11/24/1938,17
11/24/1939,23
11/24/1940,25
11/24/1941,29
11/24/1942,23
11/24/1943,40
11/24/1944,28
11/24/1945,51
11/24/1946,65
11/24/1947,47
11/24/1948,55
11/24/1949,60
11/24/1950,67
11/24/1951,71
11/24/1952,77
11/24/1953,95
11/24/1954,76
11/24/1955,75
11/24/1956,85
11/24/1957,72
11/24/1958,84
11/24/1959,91
11/24/1960,85
11/24/1961,83
11/24/1962,92
11/24/1963,73
11/24/1964,101
11/24/1965,85
11/24/1966,58
11/24/1967,76
11/24/1968,65
11/24/1969,84
11/24/1970,83
11/24/1971,84
11/24/1972,53
11/24/1973,65
11/24/1974,68
11/24/1975,78
11/24/1976,92
11/24/1977,69
11/24/1978,75
11/24/1979,75
11/24/1980,106
11/24/1981,93
11/24/1982,97
11/24/1983,75
11/24/1984,69
11/24/1985,68
11/24/1986,87
11/24/1987,81
11/24/1988,60
11/24/1989,84
11/24/1990,75
11/24/1991,70
11/24/1992,104
11/24/1993,100
11/24/1994,68
11/24/1995,83
11/24/1996,66
11/24/1997,107
11/24/1998,108
11/24/1999,101
11/24/2000,88
11/24/2001,64
11/24/2002,58
11/24/2003,123
11/24/2004,83
11/24/2005,44
11/24/2006,30
11/24/2007,23
11/25/1919,1
11/25/1925,1
11/25/1926,2
11/25/1928,3
11/25/1929,6
11/25/1930,5
11/25/1931,6
11/25/1932,11
11/25/1933,7
11/25/1934,10
11/25/1935,14
11/25/1936,11
11/25/1937,16
11/25/1938,21
11/25/1939,29
11/25/1940,18
11/25/1941,32
11/25/1942,44
11/25/1943,26
11/25/1944,35
11/25/1945,35
11/25/1946,62
11/25/1947,68
11/25/1948,58
11/25/1949,59
11/25/1950,64
11/25/1951,74
11/25/1952,84
11/25/1953,73
11/25/1954,82
11/25/1955,80
11/25/1956,76
11/25/1957,87
11/25/1958,84
11/25/1959,102
11/25/1960,87
11/25/1961,72
11/25/1962,77
11/25/1963,74
11/25/1964,79
11/25/1965,56
11/25/1966,64
11/25/1967,66
11/25/1968,64
11/25/1969,70
11/25/1970,94
11/25/1971,54
11/25/1972,71
11/25/1973,57
11/25/1974,70
11/25/1975,87
11/25/1976,60
11/25/1977,76
11/25/1978,79
11/25/1979,64
11/25/1980,114
11/25/1981,81
11/25/1982,73
11/25/1983,71
11/25/1984,95
11/25/1985,91
11/25/1986,87
11/25/1987,94
11/25/1988,75
11/25/1989,72
11/25/1990,64
11/25/1991,89
11/25/1992,87
11/25/1993,53
11/25/1994,79
11/25/1995,89
11/25/1996,102
11/25/1997,116
11/25/1998,87
11/25/1999,66
11/25/2000,60
11/25/2001,46
11/25/2002,91
11/25/2003,115
11/25/2004,47
11/25/2005,50
11/25/2006,24
11/25/2007,18
11/26/1922,1
11/26/1925,1
11/26/1926,3
11/26/1927,4
11/26/1928,1
11/26/1929,2
11/26/1930,3
11/26/1931,5
11/26/1932,5
11/26/1933,12
11/26/1934,11
11/26/1935,17
11/26/1936,16
11/26/1937,15
11/26/1938,17
11/26/1939,20
11/26/1940,25
11/26/1941,30
11/26/1942,29
11/26/1943,36
11/26/1944,31
11/26/1945,35
11/26/1946,62
11/26/1947,64
11/26/1948,49
11/26/1949,60
11/26/1950,60
11/26/1951,75
11/26/1952,81
11/26/1953,74
11/26/1954,81
11/26/1955,73
11/26/1956,88
11/26/1957,87
11/26/1958,79
11/26/1959,86
11/26/1960,89
11/26/1961,73
11/26/1962,81
11/26/1963,106
11/26/1964,64
11/26/1965,56
11/26/1966,67
11/26/1967,55
11/26/1968,86
11/26/1969,92
11/26/1970,90
11/26/1971,67
11/26/1972,69
11/26/1973,62
11/26/1974,77
11/26/1975,93
11/26/1976,79
11/26/1977,83
11/26/1978,86
11/26/1979,99
11/26/1980,92
11/26/1981,62
11/26/1982,92
11/26/1983,86
11/26/1984,102
11/26/1985,111
11/26/1986,79
11/26/1987,60
11/26/1988,69
11/26/1989,70
11/26/1990,90
11/26/1991,110
11/26/1992,58
11/26/1993,64
11/26/1994,70
11/26/1995,72
11/26/1996,120
11/26/1997,101
11/26/1998,55
11/26/1999,69
11/26/2000,54
11/26/2001,107
11/26/2002,112
11/26/2003,87
11/26/2004,58
11/26/2005,41
11/26/2006,28
11/26/2007,39
11/27/1920,1
11/27/1923,1
11/27/1926,1
11/27/1927,6
11/27/1928,3
11/27/1929,4
11/27/1930,8
11/27/1931,8
11/27/1932,6
11/27/1933,11
11/27/1934,7
11/27/1935,8
11/27/1936,16
11/27/1937,19
11/27/1938,22
11/27/1939,16
11/27/1940,33
11/27/1941,26
11/27/1942,39
11/27/1943,26
11/27/1944,39
11/27/1945,36
11/27/1946,68
11/27/1947,50
11/27/1948,62
11/27/1949,63
11/27/1950,76
11/27/1951,69
11/27/1952,61
11/27/1953,82
11/27/1954,81
11/27/1955,64
11/27/1956,98
11/27/1957,78
11/27/1958,77
11/27/1959,98
11/27/1960,79
11/27/1961,95
11/27/1962,108
11/27/1963,87
11/27/1964,71
11/27/1965,77
11/27/1966,56
11/27/1967,85
11/27/1968,88
11/27/1969,63
11/27/1970,81
11/27/1971,64
11/27/1972,79
11/27/1973,77
11/27/1974,75
11/27/1975,66
11/27/1976,69
11/27/1977,62
11/27/1978,86
11/27/1979,96
11/27/1980,86
11/27/1981,101
11/27/1982,75
11/27/1983,69
11/27/1984,103
11/27/1985,82
11/27/1986,68
11/27/1987,70
11/27/1988,72
11/27/1989,106
11/27/1990,94
11/27/1991,99
11/27/1992,85
11/27/1993,72
11/27/1994,67
11/27/1995,90
11/27/1996,107
11/27/1997,46
11/27/1998,79
11/27/1999,64
11/27/2000,134
11/27/2001,134
11/27/2002,101
11/27/2003,55
11/27/2004,50
11/27/2005,36
11/27/2006,46
11/27/2007,41
11/28/1922,1
11/28/1923,1
11/28/1925,2
11/28/1927,2
11/28/1928,4
11/28/1929,7
11/28/1930,2
11/28/1931,8
11/28/1932,9
11/28/1933,8
11/28/1934,6
11/28/1935,11
11/28/1936,11
11/28/1937,22
11/28/1938,18
11/28/1939,18
11/28/1940,17
11/28/1941,29
11/28/1942,43
11/28/1943,26
11/28/1944,34
11/28/1945,55
11/28/1946,49
11/28/1947,55
11/28/1948,63
11/28/1949,57
11/28/1950,59
11/28/1951,72
11/28/1952,72
11/28/1953,60
11/28/1954,77
11/28/1955,77
11/28/1956,89
11/28/1957,76
11/28/1958,85
11/28/1959,78
11/28/1960,101
11/28/1961,104
11/28/1962,105
11/28/1963,61
11/28/1964,73
11/28/1965,62
11/28/1966,76
11/28/1967,62
11/28/1968,80
11/28/1969,80
11/28/1970,76
11/28/1971,66
11/28/1972,98
11/28/1973,68
11/28/1974,74
11/28/1975,69
11/28/1976,78
11/28/1977,73
11/28/1978,76
11/28/1979,88
11/28/1980,81
11/28/1981,82
11/28/1982,76
11/28/1983,99
11/28/1984,82
11/28/1985,67
11/28/1986,87
11/28/1987,78
11/28/1988,100
11/28/1989,115
11/28/1990,92
11/28/1991,61
11/28/1992,52
11/28/1993,65
11/28/1994,93
11/28/1995,105
11/28/1996,56
11/28/1997,86
11/28/1998,66
11/28/1999,62
11/28/2000,136
11/28/2001,106
11/28/2002,45
11/28/2003,70
11/28/2004,61
11/28/2005,73
11/28/2006,54
11/28/2007,43
11/29/1924,1
11/29/1925,1
11/29/1926,1
11/29/1927,1
11/29/1928,1
11/29/1929,7
11/29/1930,2
11/29/1931,12
11/29/1932,6
11/29/1933,10
11/29/1934,6
11/29/1935,7
11/29/1936,12
11/29/1937,12
11/29/1938,18
11/29/1939,27
11/29/1940,25
11/29/1941,25
11/29/1942,28
11/29/1943,38
11/29/1944,40
11/29/1945,35
11/29/1946,62
11/29/1947,53
11/29/1948,62
11/29/1949,74
11/29/1950,64
11/29/1951,76
11/29/1952,71
11/29/1953,73
11/29/1954,71
11/29/1955,96
11/29/1956,89
11/29/1957,97
11/29/1958,90
11/29/1959,73
11/29/1960,66
11/29/1961,79
11/29/1962,86
11/29/1963,95
11/29/1964,71
11/29/1965,87
11/29/1966,84
11/29/1967,72
11/29/1968,65
11/29/1969,77
11/29/1970,79
11/29/1971,81
11/29/1972,78
11/29/1973,76
11/29/1974,73
11/29/1975,53
11/29/1976,90
11/29/1977,90
11/29/1978,70
11/29/1979,91
11/29/1980,85
11/29/1981,80
11/29/1982,96
11/29/1983,100
11/29/1984,103
11/29/1985,83
11/29/1986,73
11/29/1987,70
11/29/1988,93
11/29/1989,97
11/29/1990,103
11/29/1991,91
11/29/1992,82
11/29/1993,93
11/29/1994,89
11/29/1995,113
11/29/1996,82
11/29/1997,76
11/29/1998,68
11/29/1999,116
11/29/2000,117
11/29/2001,105
11/29/2002,71
11/29/2003,49
11/29/2004,80
11/29/2005,77
11/29/2006,54
11/29/2007,38
11/30/1925,1
11/30/1927,3
11/30/1928,2
11/30/1929,6
11/30/1930,4
11/30/1931,8
11/30/1932,8
11/30/1933,7
11/30/1934,10
11/30/1935,9
11/30/1936,14
11/30/1937,13
11/30/1938,17
11/30/1939,23
11/30/1940,23
11/30/1941,30
11/30/1942,40
11/30/1943,34
11/30/1944,40
11/30/1945,41
11/30/1946,71
11/30/1947,54
11/30/1948,54
11/30/1949,61
11/30/1950,62
11/30/1951,71
11/30/1952,75
11/30/1953,99
11/30/1954,75
11/30/1955,88
11/30/1956,77
11/30/1957,104
11/30/1958,85
11/30/1959,99
11/30/1960,105
11/30/1961,84
11/30/1962,104
11/30/1963,100
11/30/1964,89
11/30/1965,82
11/30/1966,64
11/30/1967,66
11/30/1968,71
11/30/1969,79
11/30/1970,83
11/30/1971,86
11/30/1972,83
11/30/1973,68
11/30/1974,62
11/30/1975,76
11/30/1976,75
11/30/1977,84
11/30/1978,79
11/30/1979,96
11/30/1980,87
11/30/1981,93
11/30/1982,114
11/30/1983,95
11/30/1984,78
11/30/1985,86
11/30/1986,66
11/30/1987,89
11/30/1988,82
11/30/1989,87
11/30/1990,97
11/30/1991,67
11/30/1992,110
11/30/1993,97
11/30/1994,108
11/30/1995,89
11/30/1996,48
11/30/1997,65
11/30/1998,115
11/30/1999,105
11/30/2000,96
11/30/2001,105
11/30/2002,55
11/30/2003,61
11/30/2004,103
11/30/2005,97
11/30/2006,47
11/30/2007,36
12/01/1922,1
12/01/1923,1
12/01/1924,1
12/01/1927,3
12/01/1928,1
12/01/1929,6
12/01/1930,5
12/01/1931,9
12/01/1932,3
12/01/1933,5
12/01/1934,11
12/01/1935,14
12/01/1936,12
12/01/1937,16
12/01/1938,17
12/01/1939,25
12/01/1940,22
12/01/1941,33
12/01/1942,38
12/01/1943,37
12/01/1944,44
12/01/1945,32
12/01/1946,66
12/01/1947,60
12/01/1948,70
12/01/1949,67
12/01/1950,62
12/01/1951,57
12/01/1952,85
12/01/1953,103
12/01/1954,83
12/01/1955,91
12/01/1956,90
12/01/1957,76
12/01/1958,76
12/01/1959,96
12/01/1960,94
12/01/1961,75
12/01/1962,83
12/01/1963,87
12/01/1964,82
12/01/1965,93
12/01/1966,84
12/01/1967,72
12/01/1968,80
12/01/1969,72
12/01/1970,102
12/01/1971,78
12/01/1972,71
12/01/1973,63
12/01/1974,69
12/01/1975,77
12/01/1976,84
12/01/1977,76
12/01/1978,85
12/01/1979,83
12/01/1980,85
12/01/1981,113
12/01/1982,104
12/01/1983,88
12/01/1984,81
12/01/1985,76
12/01/1986,97
12/01/1987,124
12/01/1988,82
12/01/1989,105
12/01/1990,80
12/01/1991,67
12/01/1992,121
12/01/1993,95
12/01/1994,103
12/01/1995,88
12/01/1996,60
12/01/1997,102
12/01/1998,117
12/01/1999,94
12/01/2000,100
12/01/2001,63
12/01/2002,55
12/01/2003,92
12/01/2004,92
12/01/2005,73
12/01/2006,45
12/01/2007,17
12/02/1923,4
12/02/1925,1
12/02/1926,1
12/02/1927,1
12/02/1928,4
12/02/1929,5
12/02/1930,4
12/02/1931,4
12/02/1932,7
12/02/1933,8
12/02/1934,9
12/02/1935,13
12/02/1936,17
12/02/1937,16
12/02/1938,29
12/02/1939,18
12/02/1940,31
12/02/1941,36
12/02/1942,27
12/02/1943,33
12/02/1944,38
12/02/1945,33
12/02/1946,49
12/02/1947,52
12/02/1948,57
12/02/1949,56
12/02/1950,61
12/02/1951,67
12/02/1952,71
12/02/1953,74
12/02/1954,90
12/02/1955,85
12/02/1956,62
12/02/1957,95
12/02/1958,107
12/02/1959,95
12/02/1960,87
12/02/1961,80
12/02/1962,74
12/02/1963,66
12/02/1964,101
12/02/1965,88
12/02/1966,83
12/02/1967,84
12/02/1968,79
12/02/1969,95
12/02/1970,84
12/02/1971,75
12/02/1972,80
12/02/1973,62
12/02/1974,79
12/02/1975,74
12/02/1976,97
12/02/1977,79
12/02/1978,81
12/02/1979,76
12/02/1980,87
12/02/1981,95
12/02/1982,105
12/02/1983,95
12/02/1984,71
12/02/1985,81
12/02/1986,91
12/02/1987,112
12/02/1988,87
12/02/1989,73
12/02/1990,68
12/02/1991,92
12/02/1992,84
12/02/1993,86
12/02/1994,103
12/02/1995,67
12/02/1996,98
12/02/1997,103
12/02/1998,97
12/02/1999,101
12/02/2000,55
12/02/2001,60
12/02/2002,102
12/02/2003,119
12/02/2004,92
12/02/2005,71
12/02/2006,25
12/02/2007,33
12/03/1923,3
12/03/1926,1
12/03/1928,3
12/03/1929,3
12/03/1930,5
12/03/1931,9
12/03/1932,7
12/03/1933,12
12/03/1934,8
12/03/1935,7
12/03/1936,15
12/03/1937,16
12/03/1938,17
12/03/1939,15
12/03/1940,17
12/03/1941,27
12/03/1942,36
12/03/1943,39
12/03/1944,43
12/03/1945,41
12/03/1946,70
12/03/1947,53
12/03/1948,59
12/03/1949,65
12/03/1950,55
12/03/1951,62
12/03/1952,90
12/03/1953,65
12/03/1954,82
12/03/1955,62
12/03/1956,82
12/03/1957,99
12/03/1958,80
12/03/1959,72
12/03/1960,105
12/03/1961,79
12/03/1962,100
12/03/1963,96
12/03/1964,95
12/03/1965,90
12/03/1966,85
12/03/1967,59
12/03/1968,88
12/03/1969,106
12/03/1970,82
12/03/1971,70
12/03/1972,61
12/03/1973,88
12/03/1974,86
12/03/1975,90
12/03/1976,80
12/03/1977,57
12/03/1978,80
12/03/1979,76
12/03/1980,96
12/03/1981,89
12/03/1982,95
12/03/1983,64
12/03/1984,86
12/03/1985,81
12/03/1986,94
12/03/1987,92
12/03/1988,75
12/03/1989,71
12/03/1990,94
12/03/1991,107
12/03/1992,91
12/03/1993,93
12/03/1994,66
12/03/1995,69
12/03/1996,108
12/03/1997,112
12/03/1998,105
12/03/1999,98
12/03/2000,57
12/03/2001,103
12/03/2002,110
12/03/2003,101
12/03/2004,104
12/03/2005,55
12/03/2006,26
12/03/2007,41
12/04/1923,2
12/04/1924,1
12/04/1925,1
12/04/1926,1
12/04/1927,2
12/04/1928,1
12/04/1929,2
12/04/1930,3
12/04/1931,6
12/04/1932,8
12/04/1933,10
12/04/1934,15
12/04/1935,14
12/04/1936,17
12/04/1937,21
12/04/1938,19
12/04/1939,20
12/04/1940,18
12/04/1941,42
12/04/1942,32
12/04/1943,33
12/04/1944,36
12/04/1945,31
12/04/1946,70
12/04/1947,55
12/04/1948,52
12/04/1949,55
12/04/1950,60
12/04/1951,73
12/04/1952,82
12/04/1953,86
12/04/1954,86
12/04/1955,72
12/04/1956,76
12/04/1957,86
12/04/1958,101
12/04/1959,114
12/04/1960,79
12/04/1961,94
12/04/1962,105
12/04/1963,73
12/04/1964,73
12/04/1965,66
12/04/1966,65
12/04/1967,69
12/04/1968,75
12/04/1969,81
12/04/1970,75
12/04/1971,71
12/04/1972,75
12/04/1973,75
12/04/1974,82
12/04/1975,76
12/04/1976,79
12/04/1977,82
12/04/1978,81
12/04/1979,94
12/04/1980,105
12/04/1981,88
12/04/1982,72
12/04/1983,72
12/04/1984,89
12/04/1985,100
12/04/1986,86
12/04/1987,92
12/04/1988,72
12/04/1989,86
12/04/1990,113
12/04/1991,111
12/04/1992,93
12/04/1993,72
12/04/1994,59
12/04/1995,102
12/04/1996,90
12/04/1997,95
12/04/1998,98
12/04/1999,57
12/04/2000,91
12/04/2001,129
12/04/2002,108
12/04/2003,93
12/04/2004,57
12/04/2005,40
12/04/2006,66
12/04/2007,42
12/05/1917,1
12/05/1921,1
12/05/1923,1
12/05/1924,1
12/05/1925,2
12/05/1926,3
12/05/1927,1
12/05/1928,4
12/05/1929,3
12/05/1930,1
12/05/1931,7
12/05/1932,6
12/05/1933,13
12/05/1934,9
12/05/1935,9
12/05/1936,16
12/05/1937,20
12/05/1938,21
12/05/1939,17
12/05/1940,23
12/05/1941,25
12/05/1942,39
12/05/1943,46
12/05/1944,37
12/05/1945,32
12/05/1946,49
12/05/1947,51
12/05/1948,50
12/05/1949,57
12/05/1950,59
12/05/1951,84
12/05/1952,79
12/05/1953,81
12/05/1954,89
12/05/1955,103
12/05/1956,102
12/05/1957,86
12/05/1958,98
12/05/1959,80
12/05/1960,93
12/05/1961,92
12/05/1962,89
12/05/1963,83
12/05/1964,70
12/05/1965,62
12/05/1966,68
12/05/1967,70
12/05/1968,79
12/05/1969,75
12/05/1970,82
12/05/1971,71
12/05/1972,78
12/05/1973,69
12/05/1974,96
12/05/1975,70
12/05/1976,63
12/05/1977,86
12/05/1978,72
12/05/1979,89
12/05/1980,89
12/05/1981,82
12/05/1982,57
12/05/1983,92
12/05/1984,107
12/05/1985,93
12/05/1986,88
12/05/1987,77
12/05/1988,81
12/05/1989,99
12/05/1990,99
12/05/1991,81
12/05/1992,66
12/05/1993,64
12/05/1994,98
12/05/1995,97
12/05/1996,93
12/05/1997,105
12/05/1998,58
12/05/1999,70
12/05/2000,105
12/05/2001,129
12/05/2002,100
12/05/2003,94
12/05/2004,52
12/05/2005,73
12/05/2006,40
12/05/2007,48
12/06/1908,1
12/06/1924,1
12/06/1925,1
12/06/1926,1
12/06/1927,1
12/06/1928,1
12/06/1929,5
12/06/1930,3
12/06/1931,3
12/06/1932,10
12/06/1933,6
12/06/1934,15
12/06/1935,15
12/06/1936,16
12/06/1937,22
12/06/1938,17
12/06/1939,17
12/06/1940,17
12/06/1941,17
12/06/1942,36
12/06/1943,43
12/06/1944,35
12/06/1945,38
12/06/1946,57
12/06/1947,68
12/06/1948,58
12/06/1949,62
12/06/1950,58
12/06/1951,73
12/06/1952,94
12/06/1953,65
12/06/1954,81
12/06/1955,75
12/06/1956,74
12/06/1957,97
12/06/1958,96
12/06/1959,77
12/06/1960,85
12/06/1961,107
12/06/1962,81
12/06/1963,104
12/06/1964,66
12/06/1965,73
12/06/1966,91
12/06/1967,82
12/06/1968,74
12/06/1969,91
12/06/1970,84
12/06/1971,76
12/06/1972,89
12/06/1973,75
12/06/1974,80
12/06/1975,64
12/06/1976,73
12/06/1977,68
12/06/1978,91
12/06/1979,84
12/06/1980,82
12/06/1981,64
12/06/1982,85
12/06/1983,88
12/06/1984,86
12/06/1985,100
12/06/1986,82
12/06/1987,84
12/06/1988,87
12/06/1989,97
12/06/1990,101
12/06/1991,85
12/06/1992,89
12/06/1993,77
12/06/1994,104
12/06/1995,87
12/06/1996,103
12/06/1997,58
12/06/1998,65
12/06/1999,103
12/06/2000,100
12/06/2001,103
12/06/2002,101
12/06/2003,48
12/06/2004,100
12/06/2005,90
12/06/2006,59
12/06/2007,33
12/07/1920,1
12/07/1921,1
12/07/1924,2
12/07/1925,2
12/07/1926,3
12/07/1927,4
12/07/1928,2
12/07/1930,6
12/07/1931,7
12/07/1932,6
12/07/1933,8
12/07/1934,6
12/07/1935,7
12/07/1936,13
12/07/1937,12
12/07/1938,17
12/07/1939,26
12/07/1940,25
12/07/1941,31
12/07/1942,41
12/07/1943,51
12/07/1944,39
12/07/1945,32
12/07/1946,71
12/07/1947,59
12/07/1948,73
12/07/1949,71
12/07/1950,76
12/07/1951,88
12/07/1952,62
12/07/1953,91
12/07/1954,88
12/07/1955,100
12/07/1956,90
12/07/1957,88
12/07/1958,80
12/07/1959,100
12/07/1960,97
12/07/1961,92
12/07/1962,94
12/07/1963,85
12/07/1964,79
12/07/1965,86
12/07/1966,80
12/07/1967,84
12/07/1968,83
12/07/1969,76
12/07/1970,89
12/07/1971,70
12/07/1972,88
12/07/1973,65
12/07/1974,64
12/07/1975,60
12/07/1976,73
12/07/1977,76
12/07/1978,91
12/07/1979,81
12/07/1980,81
12/07/1981,99
12/07/1982,94
12/07/1983,99
12/07/1984,101
12/07/1985,80
12/07/1986,58
12/07/1987,88
12/07/1988,84
12/07/1989,102
12/07/1990,111
12/07/1991,80
12/07/1992,104
12/07/1993,117
12/07/1994,103
12/07/1995,87
12/07/1996,65
12/07/1997,50
12/07/1998,103
12/07/1999,115
12/07/2000,118
12/07/2001,95
12/07/2002,55
12/07/2003,48
12/07/2004,101
12/07/2005,74
12/07/2006,49
12/07/2007,28
12/08/1919,1
12/08/1922,1
12/08/1925,1
12/08/1928,1
12/08/1929,5
12/08/1930,4
12/08/1931,6
12/08/1932,4
12/08/1933,7
12/08/1934,8
12/08/1935,16
12/08/1936,21
12/08/1937,18
12/08/1938,12
12/08/1939,22
12/08/1940,28
12/08/1941,31
12/08/1942,38
12/08/1943,40
12/08/1944,40
12/08/1945,39
12/08/1946,72
12/08/1947,46
12/08/1948,62
12/08/1949,67
12/08/1950,60
12/08/1951,77
12/08/1952,91
12/08/1953,83
12/08/1954,83
12/08/1955,89
12/08/1956,85
12/08/1957,68
12/08/1958,110
12/08/1959,113
12/08/1960,99
12/08/1961,94
12/08/1962,98
12/08/1963,101
12/08/1964,63
12/08/1965,75
12/08/1966,84
12/08/1967,89
12/08/1968,71
12/08/1969,79
12/08/1970,91
12/08/1971,91
12/08/1972,81
12/08/1973,67
12/08/1974,61
12/08/1975,73
12/08/1976,73
12/08/1977,74
12/08/1978,90
12/08/1979,88
12/08/1980,93
12/08/1981,107
12/08/1982,102
12/08/1983,105
12/08/1984,89
12/08/1985,61
12/08/1986,90
12/08/1987,95
12/08/1988,91
12/08/1989,120
12/08/1990,74
12/08/1991,73
12/08/1992,111
12/08/1993,79
12/08/1994,122
12/08/1995,95
12/08/1996,64
12/08/1997,84
12/08/1998,105
12/08/1999,96
12/08/2000,106
12/08/2001,56
12/08/2002,54
12/08/2003,87
12/08/2004,97
12/08/2005,85
12/08/2006,47
12/08/2007,17
12/09/1923,1
12/09/1925,2
12/09/1926,1
12/09/1927,4
12/09/1928,6
12/09/1929,5
12/09/1930,1
12/09/1931,4
12/09/1932,8
12/09/1933,8
12/09/1934,9
12/09/1935,12
12/09/1936,10
12/09/1937,12
12/09/1938,21
12/09/1939,24
12/09/1940,18
12/09/1941,32
12/09/1942,38
12/09/1943,42
12/09/1944,26
12/09/1945,37
12/09/1946,72
12/09/1947,65
12/09/1948,55
12/09/1949,56
12/09/1950,59
12/09/1951,77
12/09/1952,72
12/09/1953,73
12/09/1954,81
12/09/1955,74
12/09/1956,89
12/09/1957,81
12/09/1958,91
12/09/1959,92
12/09/1960,94
12/09/1961,94
12/09/1962,74
12/09/1963,92
12/09/1964,95
12/09/1965,81
12/09/1966,73
12/09/1967,74
12/09/1968,75
12/09/1969,81
12/09/1970,91
12/09/1971,85
12/09/1972,64
12/09/1973,61
12/09/1974,71
12/09/1975,66
12/09/1976,92
12/09/1977,90
12/09/1978,79
12/09/1979,69
12/09/1980,85
12/09/1981,72
12/09/1982,91
12/09/1983,88
12/09/1984,61
12/09/1985,104
12/09/1986,104
12/09/1987,110
12/09/1988,97
12/09/1989,76
12/09/1990,62
12/09/1991,85
12/09/1992,94
12/09/1993,110
12/09/1994,101
12/09/1995,62
12/09/1996,87
12/09/1997,123
12/09/1998,116
12/09/1999,102
12/09/2000,76
12/09/2001,65
12/09/2002,104
12/09/2003,105
12/09/2004,88
12/09/2005,89
12/09/2006,36
12/09/2007,13
12/10/1921,1
12/10/1925,1
12/10/1926,2
12/10/1927,1
12/10/1928,1
12/10/1929,3
12/10/1930,3
12/10/1931,5
12/10/1932,3
12/10/1933,6
12/10/1934,8
12/10/1935,13
12/10/1936,23
12/10/1937,20
12/10/1938,15
12/10/1939,24
12/10/1940,27
12/10/1941,24
12/10/1942,35
12/10/1943,37
12/10/1944,34
12/10/1945,36
12/10/1946,60
12/10/1947,57
12/10/1948,71
12/10/1949,83
12/10/1950,62
12/10/1951,70
12/10/1952,76
12/10/1953,79
12/10/1954,87
12/10/1955,84
12/10/1956,88
12/10/1957,75
12/10/1958,97
12/10/1959,95
12/10/1960,85
12/10/1961,83
12/10/1962,83
12/10/1963,74
12/10/1964,86
12/10/1965,79
12/10/1966,81
12/10/1967,62
12/10/1968,80
12/10/1969,104
12/10/1970,92
12/10/1971,80
12/10/1972,73
12/10/1973,90
12/10/1974,65
12/10/1975,88
12/10/1976,73
12/10/1977,66
12/10/1978,85
12/10/1979,95
12/10/1980,94
12/10/1981,98
12/10/1982,92
12/10/1983,77
12/10/1984,105
12/10/1985,116
12/10/1986,86
12/10/1987,104
12/10/1988,74
12/10/1989,82
12/10/1990,102
12/10/1991,98
12/10/1992,91
12/10/1993,88
12/10/1994,69
12/10/1995,57
12/10/1996,104
12/10/1997,95
12/10/1998,103
12/10/1999,109
12/10/2000,65
12/10/2001,99
12/10/2002,111
12/10/2003,116
12/10/2004,73
12/10/2005,53
12/10/2006,26
12/10/2007,37
12/11/1921,1
12/11/1924,1
12/11/1925,2
12/11/1927,5
12/11/1928,3
12/11/1929,2
12/11/1930,5
12/11/1931,5
12/11/1932,3
12/11/1933,9
12/11/1934,15
12/11/1935,12
12/11/1936,14
12/11/1937,18
12/11/1938,22
12/11/1939,18
12/11/1940,21
12/11/1941,28
12/11/1942,41
12/11/1943,26
12/11/1944,35
12/11/1945,35
12/11/1946,49
12/11/1947,60
12/11/1948,55
12/11/1949,71
12/11/1950,66
12/11/1951,77
12/11/1952,81
12/11/1953,78
12/11/1954,96
12/11/1955,79
12/11/1956,90
12/11/1957,95
12/11/1958,107
12/11/1959,94
12/11/1960,85
12/11/1961,81
12/11/1962,94
12/11/1963,85
12/11/1964,88
12/11/1965,70
12/11/1966,66
12/11/1967,67
12/11/1968,65
12/11/1969,96
12/11/1970,74
12/11/1971,69
12/11/1972,70
12/11/1973,77
12/11/1974,84
12/11/1975,78
12/11/1976,66
12/11/1977,63
12/11/1978,94
12/11/1979,115
12/11/1980,93
12/11/1981,101
12/11/1982,75
12/11/1983,86
12/11/1984,102
12/11/1985,85
12/11/1986,95
12/11/1987,100
12/11/1988,83
12/11/1989,121
12/11/1990,108
12/11/1991,113
12/11/1992,95
12/11/1993,68
12/11/1994,63
12/11/1995,99
12/11/1996,90
12/11/1997,121
12/11/1998,95
12/11/1999,65
12/11/2000,78
12/11/2001,116
12/11/2002,94
12/11/2003,111
12/11/2004,46
12/11/2005,48
12/11/2006,58
12/11/2007,44
12/12/1924,1
12/12/1927,2
12/12/1929,2
12/12/1930,4
12/12/1931,8
12/12/1932,8
12/12/1933,10
12/12/1934,13
12/12/1935,11
12/12/1936,17
12/12/1937,20
12/12/1938,21
12/12/1939,17
12/12/1940,28
12/12/1941,24
12/12/1942,53
12/12/1943,31
12/12/1944,51
12/12/1945,28
12/12/1946,63
12/12/1947,40
12/12/1948,71
12/12/1949,72
12/12/1950,86
12/12/1951,72
12/12/1952,54
12/12/1953,87
12/12/1954,72
12/12/1955,98
12/12/1956,93
12/12/1957,91
12/12/1958,92
12/12/1959,90
12/12/1960,87
12/12/1961,101
12/12/1962,87
12/12/1963,80
12/12/1964,85
12/12/1965,77
12/12/1966,72
12/12/1967,75
12/12/1968,87
12/12/1969,93
12/12/1970,95
12/12/1971,71
12/12/1972,89
12/12/1973,84
12/12/1974,82
12/12/1975,84
12/12/1976,65
12/12/1977,82
12/12/1978,77
12/12/1979,74
12/12/1980,113
12/12/1981,69
12/12/1982,71
12/12/1983,101
12/12/1984,110
12/12/1985,105
12/12/1986,99
12/12/1987,73
12/12/1988,95
12/12/1989,107
12/12/1990,101
12/12/1991,80
12/12/1992,62
12/12/1993,56
12/12/1994,87
12/12/1995,103
12/12/1996,116
12/12/1997,91
12/12/1998,67
12/12/1999,65
12/12/2000,126
12/12/2001,111
12/12/2002,93
12/12/2003,104
12/12/2004,42
12/12/2005,94
12/12/2006,63
12/12/2007,48
12/13/1918,1
12/13/1919,1
12/13/1924,1
12/13/1926,1
12/13/1927,1
12/13/1929,5
12/13/1930,7
12/13/1931,6
12/13/1932,5
12/13/1933,5
12/13/1934,10
12/13/1935,10
12/13/1936,16
12/13/1937,16
12/13/1938,17
12/13/1939,23
12/13/1940,27
12/13/1941,30
12/13/1942,34
12/13/1943,45
12/13/1944,38
12/13/1945,35
12/13/1946,54
12/13/1947,51
12/13/1948,53
12/13/1949,74
12/13/1950,74
12/13/1951,74
12/13/1952,71
12/13/1953,62
12/13/1954,85
12/13/1955,71
12/13/1956,103
12/13/1957,86
12/13/1958,107
12/13/1959,93
12/13/1960,102
12/13/1961,106
12/13/1962,105
12/13/1963,87
12/13/1964,68
12/13/1965,80
12/13/1966,67
12/13/1967,80
12/13/1968,86
12/13/1969,80
12/13/1970,75
12/13/1971,79
12/13/1972,77
12/13/1973,79
12/13/1974,73
12/13/1975,58
12/13/1976,88
12/13/1977,93
12/13/1978,86
12/13/1979,91
12/13/1980,90
12/13/1981,83
12/13/1982,93
12/13/1983,87
12/13/1984,103
12/13/1985,80
12/13/1986,67
12/13/1987,47
12/13/1988,86
12/13/1989,103
12/13/1990,108
12/13/1991,91
12/13/1992,80
12/13/1993,104
12/13/1994,98
12/13/1995,102
12/13/1996,95
12/13/1997,62
12/13/1998,52
12/13/1999,102
12/13/2000,111
12/13/2001,100
12/13/2002,78
12/13/2003,47
12/13/2004,67
12/13/2005,97
12/13/2006,43
12/13/2007,37
12/14/1925,2
12/14/1926,1
12/14/1927,1
12/14/1928,4
12/14/1929,2
12/14/1930,5
12/14/1931,10
12/14/1932,7
12/14/1933,13
12/14/1934,13
12/14/1935,16
12/14/1936,18
12/14/1937,18
12/14/1938,16
12/14/1939,20
12/14/1940,22
12/14/1941,33
12/14/1942,44
12/14/1943,37
12/14/1944,39
12/14/1945,35
12/14/1946,70
12/14/1947,47
12/14/1948,56
12/14/1949,75
12/14/1950,53
12/14/1951,70
12/14/1952,61
12/14/1953,69
12/14/1954,75
12/14/1955,82
12/14/1956,84
12/14/1957,88
12/14/1958,75
12/14/1959,82
12/14/1960,101
12/14/1961,82
12/14/1962,103
12/14/1963,84
12/14/1964,70
12/14/1965,93
12/14/1966,80
12/14/1967,83
12/14/1968,63
12/14/1969,65
12/14/1970,88
12/14/1971,96
12/14/1972,61
12/14/1973,56
12/14/1974,95
12/14/1975,64
12/14/1976,94
12/14/1977,87
12/14/1978,97
12/14/1979,77
12/14/1980,77
12/14/1981,89
12/14/1982,86
12/14/1983,99
12/14/1984,107
12/14/1985,80
12/14/1986,58
12/14/1987,94
12/14/1988,101
12/14/1989,91
12/14/1990,93
12/14/1991,78
12/14/1992,105
12/14/1993,108
12/14/1994,102
12/14/1995,104
12/14/1996,76
12/14/1997,64
12/14/1998,102
12/14/1999,108
12/14/2000,126
12/14/2001,96
12/14/2002,63
12/14/2003,49
12/14/2004,114
12/14/2005,87
12/14/2006,45
12/14/2007,34
12/15/1924,2
12/15/1925,1
12/15/1927,2
12/15/1928,4
12/15/1929,6
12/15/1930,5
12/15/1931,5
12/15/1932,10
12/15/1933,12
12/15/1934,9
12/15/1935,12
12/15/1936,19
12/15/1937,14
12/15/1938,15
12/15/1939,23
12/15/1940,19
12/15/1941,25
12/15/1942,34
12/15/1943,32
12/15/1944,34
12/15/1945,32
12/15/1946,57
12/15/1947,58
12/15/1948,68
12/15/1949,53
12/15/1950,74
12/15/1951,77
12/15/1952,96
12/15/1953,100
12/15/1954,96
12/15/1955,108
12/15/1956,103
12/15/1957,97
12/15/1958,106
12/15/1959,95
12/15/1960,96
12/15/1961,94
12/15/1962,80
12/15/1963,81
12/15/1964,81
12/15/1965,92
12/15/1966,73
12/15/1967,77
12/15/1968,69
12/15/1969,98
12/15/1970,76
12/15/1971,77
12/15/1972,75
12/15/1973,54
12/15/1974,65
12/15/1975,78
12/15/1976,95
12/15/1977,79
12/15/1978,86
12/15/1979,80
12/15/1980,103
12/15/1981,109
12/15/1982,92
12/15/1983,95
12/15/1984,81
12/15/1985,79
12/15/1986,89
12/15/1987,105
12/15/1988,81
12/15/1989,130
12/15/1990,78
12/15/1991,66
12/15/1992,102
12/15/1993,113
12/15/1994,98
12/15/1995,100
12/15/1996,63
12/15/1997,90
12/15/1998,104
12/15/1999,121
12/15/2000,110
12/15/2001,65
12/15/2002,45
12/15/2003,99
12/15/2004,99
12/15/2005,106
12/15/2006,44
12/15/2007,24
12/16/1919,1
12/16/1921,1
12/16/1925,4
12/16/1926,2
12/16/1928,2
12/16/1929,1
12/16/1930,1
12/16/1931,1
12/16/1932,8
12/16/1933,12
12/16/1934,15
12/16/1935,10
12/16/1936,18
12/16/1937,17
12/16/1938,24
12/16/1939,20
12/16/1940,26
12/16/1941,28
12/16/1942,41
12/16/1943,43
12/16/1944,33
12/16/1945,38
12/16/1946,66
12/16/1947,56
12/16/1948,61
12/16/1949,51
12/16/1950,52
12/16/1951,70
12/16/1952,74
12/16/1953,77
12/16/1954,87
12/16/1955,88
12/16/1956,67
12/16/1957,114
12/16/1958,86
12/16/1959,92
12/16/1960,94
12/16/1961,66
12/16/1962,84
12/16/1963,96
12/16/1964,99
12/16/1965,98
12/16/1966,75
12/16/1967,75
12/16/1968,91
12/16/1969,94
12/16/1970,103
12/16/1971,83
12/16/1972,62
12/16/1973,60
12/16/1974,97
12/16/1975,89
12/16/1976,103
12/16/1977,64
12/16/1978,69
12/16/1979,67
12/16/1980,102
12/16/1981,91
12/16/1982,93
12/16/1983,80
12/16/1984,74
12/16/1985,109
12/16/1986,101
12/16/1987,84
12/16/1988,98
12/16/1989,66
12/16/1990,56
12/16/1991,104
12/16/1992,95
12/16/1993,117
12/16/1994,119
12/16/1995,81
12/16/1996,105
12/16/1997,114
12/16/1998,140
12/16/1999,96
12/16/2000,69
12/16/2001,62
12/16/2002,100
12/16/2003,96
12/16/2004,108
12/16/2005,88
12/16/2006,17
12/16/2007,15
12/17/1900,1
12/17/1925,4
12/17/1927,2
12/17/1928,3
12/17/1929,6
12/17/1930,6
12/17/1931,7
12/17/1932,8
12/17/1933,8
12/17/1934,9
12/17/1935,11
12/17/1936,12
12/17/1937,20
12/17/1938,19
12/17/1939,23
12/17/1940,19
12/17/1941,28
12/17/1942,26
12/17/1943,29
12/17/1944,35
12/17/1945,31
12/17/1946,52
12/17/1947,55
12/17/1948,76
12/17/1949,78
12/17/1950,54
12/17/1951,77
12/17/1952,74
12/17/1953,85
12/17/1954,90
12/17/1955,112
12/17/1956,91
12/17/1957,101
12/17/1958,91
12/17/1959,98
12/17/1960,94
12/17/1961,93
12/17/1962,87
12/17/1963,89
12/17/1964,98
12/17/1965,80
12/17/1966,72
12/17/1967,69
12/17/1968,102
12/17/1969,101
12/17/1970,96
12/17/1971,87
12/17/1972,81
12/17/1973,70
12/17/1974,74
12/17/1975,89
12/17/1976,99
12/17/1977,76
12/17/1978,73
12/17/1979,84
12/17/1980,86
12/17/1981,122
12/17/1982,94
12/17/1983,74
12/17/1984,108
12/17/1985,101
12/17/1986,88
12/17/1987,83
12/17/1988,73
12/17/1989,79
12/17/1990,126
12/17/1991,106
12/17/1992,116
12/17/1993,108
12/17/1994,81
12/17/1995,71
12/17/1996,112
12/17/1997,105
12/17/1998,118
12/17/1999,104
12/17/2000,46
12/17/2001,100
12/17/2002,96
12/17/2003,104
12/17/2004,106
12/17/2005,52
12/17/2006,21
12/17/2007,49
12/18/1919,1
12/18/1925,1
12/18/1926,1
12/18/1927,2
12/18/1928,5
12/18/1929,4
12/18/1930,10
12/18/1931,7
12/18/1932,5
12/18/1933,13
12/18/1934,11
12/18/1935,13
12/18/1936,11
12/18/1937,18
12/18/1938,19
12/18/1939,19
12/18/1940,25
12/18/1941,26
12/18/1942,41
12/18/1943,39
12/18/1944,46
12/18/1945,35
12/18/1946,70
12/18/1947,59
12/18/1948,60
12/18/1949,51
12/18/1950,58
12/18/1951,101
12/18/1952,78
12/18/1953,84
12/18/1954,84
12/18/1955,80
12/18/1956,115
12/18/1957,85
12/18/1958,84
12/18/1959,80
12/18/1960,76
12/18/1961,98
12/18/1962,88
12/18/1963,96
12/18/1964,88
12/18/1965,89
12/18/1966,66
12/18/1967,84
12/18/1968,78
12/18/1969,87
12/18/1970,92
12/18/1971,63
12/18/1972,76
12/18/1973,77
12/18/1974,78
12/18/1975,64
12/18/1976,73
12/18/1977,63
12/18/1978,82
12/18/1979,94
12/18/1980,92
12/18/1981,89
12/18/1982,73
12/18/1983,90
12/18/1984,136
12/18/1985,126
12/18/1986,110
12/18/1987,110
12/18/1988,65
12/18/1989,101
12/18/1990,109
12/18/1991,127
12/18/1992,95
12/18/1993,58
12/18/1994,76
12/18/1995,111
12/18/1996,118
12/18/1997,101
12/18/1998,115
12/18/1999,79
12/18/2000,110
12/18/2001,111
12/18/2002,104
12/18/2003,126
12/18/2004,60
12/18/2005,53
12/18/2006,45
12/18/2007,31
12/19/1920,1
12/19/1924,1
12/19/1927,3
12/19/1928,1
12/19/1929,3
12/19/1930,9
12/19/1931,3
12/19/1932,7
12/19/1933,9
12/19/1934,12
12/19/1935,17
12/19/1936,13
12/19/1937,14
12/19/1938,26
12/19/1939,25
12/19/1940,20
12/19/1941,32
12/19/1942,32
12/19/1943,30
12/19/1944,38
12/19/1945,39
12/19/1946,51
12/19/1947,56
12/19/1948,62
12/19/1949,70
12/19/1950,65
12/19/1951,70
12/19/1952,77
12/19/1953,85
12/19/1954,87
12/19/1955,99
12/19/1956,76
12/19/1957,95
12/19/1958,91
12/19/1959,81
12/19/1960,106
12/19/1961,106
12/19/1962,92
12/19/1963,81
12/19/1964,90
12/19/1965,74
12/19/1966,82
12/19/1967,77
12/19/1968,79
12/19/1969,86
12/19/1970,98
12/19/1971,63
12/19/1972,95
12/19/1973,84
12/19/1974,86
12/19/1975,87
12/19/1976,68
12/19/1977,92
12/19/1978,91
12/19/1979,98
12/19/1980,96
12/19/1981,86
12/19/1982,80
12/19/1983,91
12/19/1984,100
12/19/1985,116
12/19/1986,107
12/19/1987,78
12/19/1988,89
12/19/1989,116
12/19/1990,104
12/19/1991,130
12/19/1992,80
12/19/1993,50
12/19/1994,117
12/19/1995,120
12/19/1996,124
12/19/1997,139
12/19/1998,90
12/19/1999,69
12/19/2000,130
12/19/2001,130
12/19/2002,117
12/19/2003,110
12/19/2004,44
12/19/2005,100
12/19/2006,52
12/19/2007,39
12/20/1921,1
12/20/1924,1
12/20/1925,1
12/20/1926,2
12/20/1927,4
12/20/1928,3
12/20/1929,4
12/20/1930,10
12/20/1931,4
12/20/1932,9
12/20/1933,13
12/20/1934,13
12/20/1935,17
12/20/1936,10
12/20/1937,15
12/20/1938,17
12/20/1939,23
12/20/1940,28
12/20/1941,31
12/20/1942,26
12/20/1943,42
12/20/1944,35
12/20/1945,45
12/20/1946,53
12/20/1947,64
12/20/1948,55
12/20/1949,72
12/20/1950,73
12/20/1951,58
12/20/1952,62
12/20/1953,75
12/20/1954,94
12/20/1955,88
12/20/1956,94
12/20/1957,95
12/20/1958,98
12/20/1959,72
12/20/1960,100
12/20/1961,86
12/20/1962,93
12/20/1963,97
12/20/1964,76
12/20/1965,83
12/20/1966,82
12/20/1967,71
12/20/1968,96
12/20/1969,81
12/20/1970,72
12/20/1971,78
12/20/1972,96
12/20/1973,80
12/20/1974,77
12/20/1975,92
12/20/1976,85
12/20/1977,98
12/20/1978,107
12/20/1979,93
12/20/1980,70
12/20/1981,74
12/20/1982,91
12/20/1983,92
12/20/1984,109
12/20/1985,119
12/20/1986,79
12/20/1987,64
12/20/1988,107
12/20/1989,99
12/20/1990,94
12/20/1991,110
12/20/1992,65
12/20/1993,127
12/20/1994,107
12/20/1995,116
12/20/1996,113
12/20/1997,81
12/20/1998,70
12/20/1999,119
12/20/2000,132
12/20/2001,126
12/20/2002,111
12/20/2003,38
12/20/2004,101
12/20/2005,98
12/20/2006,50
12/20/2007,43
12/21/1920,1
12/21/1921,1
12/21/1922,1
12/21/1925,1
12/21/1926,2
12/21/1927,1
12/21/1928,5
12/21/1929,5
12/21/1930,3
12/21/1931,9
12/21/1932,15
12/21/1933,10
12/21/1934,12
12/21/1935,16
12/21/1936,9
12/21/1937,20
12/21/1938,23
12/21/1939,15
12/21/1940,14
12/21/1941,27
12/21/1942,38
12/21/1943,32
12/21/1944,35
12/21/1945,40
12/21/1946,59
12/21/1947,51
12/21/1948,65
12/21/1949,51
12/21/1950,50
12/21/1951,59
12/21/1952,60
12/21/1953,81
12/21/1954,65
12/21/1955,88
12/21/1956,79
12/21/1957,93
12/21/1958,84
12/21/1959,102
12/21/1960,106
12/21/1961,89
12/21/1962,77
12/21/1963,80
12/21/1964,82
12/21/1965,77
12/21/1966,85
12/21/1967,78
12/21/1968,73
12/21/1969,73
12/21/1970,101
12/21/1971,75
12/21/1972,85
12/21/1973,82
12/21/1974,67
12/21/1975,55
12/21/1976,94
12/21/1977,82
12/21/1978,93
12/21/1979,97
12/21/1980,79
12/21/1981,97
12/21/1982,104
12/21/1983,122
12/21/1984,86
12/21/1985,87
12/21/1986,48
12/21/1987,101
12/21/1988,96
12/21/1989,112
12/21/1990,108
12/21/1991,67
12/21/1992,95
12/21/1993,122
12/21/1994,112
12/21/1995,131
12/21/1996,62
12/21/1997,70
12/21/1998,114
12/21/1999,126
12/21/2000,101
12/21/2001,134
12/21/2002,61
12/21/2003,55
12/21/2004,122
12/21/2005,86
12/21/2006,52
12/21/2007,41
12/22/1918,1
12/22/1923,1
12/22/1925,2
12/22/1927,5
12/22/1928,4
12/22/1929,5
12/22/1930,8
12/22/1931,6
12/22/1932,5
12/22/1933,9
12/22/1934,13
12/22/1935,13
12/22/1936,19
12/22/1937,8
12/22/1938,22
12/22/1939,27
12/22/1940,19
12/22/1941,29
12/22/1942,29
12/22/1943,29
12/22/1944,36
12/22/1945,35
12/22/1946,47
12/22/1947,56
12/22/1948,44
12/22/1949,62
12/22/1950,76
12/22/1951,61
12/22/1952,70
12/22/1953,67
12/22/1954,67
12/22/1955,73
12/22/1956,75
12/22/1957,77
12/22/1958,91
12/22/1959,90
12/22/1960,103
12/22/1961,88
12/22/1962,81
12/22/1963,81
12/22/1964,75
12/22/1965,70
12/22/1966,88
12/22/1967,80
12/22/1968,71
12/22/1969,89
12/22/1970,86
12/22/1971,77
12/22/1972,75
12/22/1973,58
12/22/1974,61
12/22/1975,81
12/22/1976,75
12/22/1977,81
12/22/1978,72
12/22/1979,89
12/22/1980,88
12/22/1981,98
12/22/1982,108
12/22/1983,86
12/22/1984,82
12/22/1985,57
12/22/1986,88
12/22/1987,98
12/22/1988,87
12/22/1989,93
12/22/1990,64
12/22/1991,58
12/22/1992,111
12/22/1993,106
12/22/1994,124
12/22/1995,108
12/22/1996,65
12/22/1997,127
12/22/1998,122
12/22/1999,114
12/22/2000,114
12/22/2001,58
12/22/2002,43
12/22/2003,118
12/22/2004,94
12/22/2005,99
12/22/2006,50
12/22/2007,22
12/23/1909,1
12/23/1924,3
12/23/1925,2
12/23/1927,4
12/23/1928,3
12/23/1929,4
12/23/1930,6
12/23/1931,4
12/23/1932,3
12/23/1933,8
12/23/1934,15
12/23/1935,16
12/23/1936,15
12/23/1937,25
12/23/1938,23
12/23/1939,27
12/23/1940,15
12/23/1941,33
12/23/1942,31
12/23/1943,35
12/23/1944,37
12/23/1945,41
12/23/1946,57
12/23/1947,55
12/23/1948,41
12/23/1949,45
12/23/1950,59
12/23/1951,63
12/23/1952,68
12/23/1953,71
12/23/1954,70
12/23/1955,81
12/23/1956,79
12/23/1957,64
12/23/1958,104
12/23/1959,91
12/23/1960,96
12/23/1961,84
12/23/1962,80
12/23/1963,74
12/23/1964,65
12/23/1965,60
12/23/1966,55
12/23/1967,78
12/23/1968,68
12/23/1969,75
12/23/1970,87
12/23/1971,55
12/23/1972,59
12/23/1973,59
12/23/1974,80
12/23/1975,78
12/23/1976,76
12/23/1977,90
12/23/1978,65
12/23/1979,79
12/23/1980,106
12/23/1981,70
12/23/1982,82
12/23/1983,75
12/23/1984,74
12/23/1985,86
12/23/1986,83
12/23/1987,107
12/23/1988,95
12/23/1989,67
12/23/1990,69
12/23/1991,89
12/23/1992,78
12/23/1993,89
12/23/1994,82
12/23/1995,63
12/23/1996,95
12/23/1997,129
12/23/1998,91
12/23/1999,95
12/23/2000,65
12/23/2001,55
12/23/2002,88
12/23/2003,88
12/23/2004,70
12/23/2005,52
12/23/2006,29
12/23/2007,16
12/24/1917,1
12/24/1919,1
12/24/1924,1
12/24/1925,2
12/24/1926,2
12/24/1927,2
12/24/1928,2
12/24/1929,6
12/24/1930,5
12/24/1931,7
12/24/1932,8
12/24/1933,7
12/24/1934,5
12/24/1935,10
12/24/1936,13
12/24/1937,13
12/24/1938,16
12/24/1939,19
12/24/1940,28
12/24/1941,34
12/24/1942,28
12/24/1943,47
12/24/1944,32
12/24/1945,33
12/24/1946,55
12/24/1947,47
12/24/1948,53
12/24/1949,60
12/24/1950,56
12/24/1951,53
12/24/1952,83
12/24/1953,79
12/24/1954,70
12/24/1955,67
12/24/1956,81
12/24/1957,91
12/24/1958,68
12/24/1959,78
12/24/1960,86
12/24/1961,73
12/24/1962,71
12/24/1963,74
12/24/1964,75
12/24/1965,61
12/24/1966,75
12/24/1967,57
12/24/1968,70
12/24/1969,73
12/24/1970,69
12/24/1971,79
12/24/1972,57
12/24/1973,54
12/24/1974,71
12/24/1975,77
12/24/1976,67
12/24/1977,63
12/24/1978,65
12/24/1979,74
12/24/1980,79
12/24/1981,73
12/24/1982,78
12/24/1983,65
12/24/1984,78
12/24/1985,94
12/24/1986,79
12/24/1987,70
12/24/1988,61
12/24/1989,58
12/24/1990,74
12/24/1991,73
12/24/1992,69
12/24/1993,82
12/24/1994,53
12/24/1995,61
12/24/1996,91
12/24/1997,83
12/24/1998,62
12/24/1999,52
12/24/2000,62
12/24/2001,41
12/24/2002,62
12/24/2003,69
12/24/2004,45
12/24/2005,35
12/24/2006,18
12/24/2007,21
12/25/1918,1
12/25/1925,3
12/25/1926,1
12/25/1927,2
12/25/1928,1
12/25/1929,4
12/25/1930,1
12/25/1931,5
12/25/1932,10
12/25/1933,14
12/25/1934,14
12/25/1935,17
12/25/1936,27
12/25/1937,20
12/25/1938,19
12/25/1939,22
12/25/1940,29
12/25/1941,30
12/25/1942,42
12/25/1943,28
12/25/1944,29
12/25/1945,39
12/25/1946,56
12/25/1947,41
12/25/1948,61
12/25/1949,64
12/25/1950,52
12/25/1951,67
12/25/1952,68
12/25/1953,68
12/25/1954,64
12/25/1955,88
12/25/1956,64
12/25/1957,72
12/25/1958,81
12/25/1959,86
12/25/1960,91
12/25/1961,76
12/25/1962,72
12/25/1963,78
12/25/1964,61
12/25/1965,65
12/25/1966,70
12/25/1967,57
12/25/1968,80
12/25/1969,71
12/25/1970,59
12/25/1971,48
12/25/1972,68
12/25/1973,62
12/25/1974,55
12/25/1975,57
12/25/1976,60
12/25/1977,63
12/25/1978,79
12/25/1979,74
12/25/1980,77
12/25/1981,68
12/25/1982,79
12/25/1983,72
12/25/1984,82
12/25/1985,67
12/25/1986,63
12/25/1987,56
12/25/1988,60
12/25/1989,76
12/25/1990,81
12/25/1991,59
12/25/1992,61
12/25/1993,64
12/25/1994,57
12/25/1995,61
12/25/1996,47
12/25/1997,53
12/25/1998,37
12/25/1999,59
12/25/2000,65
12/25/2001,52
12/25/2002,52
12/25/2003,36
12/25/2004,37
12/25/2005,37
12/25/2006,18
12/25/2007,15
12/26/1923,1
12/26/1925,2
12/26/1926,2
12/26/1927,5
12/26/1929,5
12/26/1930,5
12/26/1931,8
12/26/1932,12
12/26/1933,3
12/26/1934,7
12/26/1935,9
12/26/1936,19
12/26/1937,21
12/26/1938,18
12/26/1939,15
12/26/1940,30
12/26/1941,27
12/26/1942,34
12/26/1943,35
12/26/1944,27
12/26/1945,34
12/26/1946,55
12/26/1947,45
12/26/1948,50
12/26/1949,60
12/26/1950,58
12/26/1951,64
12/26/1952,78
12/26/1953,83
12/26/1954,67
12/26/1955,82
12/26/1956,81
12/26/1957,73
12/26/1958,81
12/26/1959,104
12/26/1960,89
12/26/1961,94
12/26/1962,99
12/26/1963,85
12/26/1964,79
12/26/1965,61
12/26/1966,61
12/26/1967,77
12/26/1968,97
12/26/1969,69
12/26/1970,59
12/26/1971,62
12/26/1972,71
12/26/1973,71
12/26/1974,68
12/26/1975,69
12/26/1976,73
12/26/1977,51
12/26/1978,84
12/26/1979,74
12/26/1980,82
12/26/1981,79
12/26/1982,83
12/26/1983,92
12/26/1984,86
12/26/1985,74
12/26/1986,88
12/26/1987,72
12/26/1988,72
12/26/1989,92
12/26/1990,101
12/26/1991,96
12/26/1992,55
12/26/1993,61
12/26/1994,79
12/26/1995,73
12/26/1996,95
12/26/1997,76
12/26/1998,59
12/26/1999,72
12/26/2000,91
12/26/2001,105
12/26/2002,74
12/26/2003,71
12/26/2004,48
12/26/2005,50
12/26/2006,39
12/26/2007,30
12/27/1921,1
12/27/1925,2
12/27/1928,8
12/27/1929,3
12/27/1930,6
12/27/1931,4
12/27/1932,10
12/27/1933,14
12/27/1934,5
12/27/1935,6
12/27/1936,19
12/27/1937,16
12/27/1938,11
12/27/1939,17
12/27/1940,20
12/27/1941,30
12/27/1942,25
12/27/1943,35
12/27/1944,41
12/27/1945,40
12/27/1946,67
12/27/1947,47
12/27/1948,60
12/27/1949,57
12/27/1950,76
12/27/1951,70
12/27/1952,82
12/27/1953,80
12/27/1954,79
12/27/1955,80
12/27/1956,89
12/27/1957,76
12/27/1958,93
12/27/1959,91
12/27/1960,111
12/27/1961,95
12/27/1962,97
12/27/1963,109
12/27/1964,87
12/27/1965,75
12/27/1966,80
12/27/1967,73
12/27/1968,86
12/27/1969,73
12/27/1970,72
12/27/1971,70
12/27/1972,93
12/27/1973,88
12/27/1974,88
12/27/1975,82
12/27/1976,89
12/27/1977,82
12/27/1978,90
12/27/1979,113
12/27/1980,69
12/27/1981,91
12/27/1982,111
12/27/1983,92
12/27/1984,96
12/27/1985,108
12/27/1986,67
12/27/1987,63
12/27/1988,94
12/27/1989,93
12/27/1990,113
12/27/1991,110
12/27/1992,62
12/27/1993,96
12/27/1994,102
12/27/1995,104
12/27/1996,123
12/27/1997,76
12/27/1998,57
12/27/1999,111
12/27/2000,133
12/27/2001,143
12/27/2002,113
12/27/2003,59
12/27/2004,96
12/27/2005,104
12/27/2006,62
12/27/2007,32
12/28/1922,1
12/28/1923,1
12/28/1924,1
12/28/1925,2
12/28/1926,1
12/28/1927,2
12/28/1928,3
12/28/1929,3
12/28/1930,7
12/28/1931,3
12/28/1932,8
12/28/1933,12
12/28/1934,12
12/28/1935,4
12/28/1936,9
12/28/1937,17
12/28/1938,24
12/28/1939,24
12/28/1940,22
12/28/1941,17
12/28/1942,30
12/28/1943,30
12/28/1944,37
12/28/1945,43
12/28/1946,76
12/28/1947,55
12/28/1948,71
12/28/1949,60
12/28/1950,78
12/28/1951,82
12/28/1952,71
12/28/1953,94
12/28/1954,91
12/28/1955,104
12/28/1956,106
12/28/1957,89
12/28/1958,83
12/28/1959,86
12/28/1960,92
12/28/1961,93
12/28/1962,96
12/28/1963,100
12/28/1964,85
12/28/1965,101
12/28/1966,91
12/28/1967,94
12/28/1968,70
12/28/1969,77
12/28/1970,86
12/28/1971,88
12/28/1972,80
12/28/1973,82
12/28/1974,90
12/28/1975,63
12/28/1976,83
12/28/1977,97
12/28/1978,98
12/28/1979,114
12/28/1980,90
12/28/1981,101
12/28/1982,106
12/28/1983,115
12/28/1984,120
12/28/1985,77
12/28/1986,81
12/28/1987,123
12/28/1988,102
12/28/1989,120
12/28/1990,106
12/28/1991,89
12/28/1992,113
12/28/1993,110
12/28/1994,108
12/28/1995,86
12/28/1996,71
12/28/1997,52
12/28/1998,129
12/28/1999,155
12/28/2000,137
12/28/2001,115
12/28/2002,80
12/28/2003,58
12/28/2004,99
12/28/2005,96
12/28/2006,61
12/28/2007,47
12/29/1925,1
12/29/1928,2
12/29/1929,5
12/29/1930,5
12/29/1931,6
12/29/1932,10
12/29/1933,13
12/29/1934,7
12/29/1935,17
12/29/1936,12
12/29/1937,13
12/29/1938,29
12/29/1939,22
12/29/1940,21
12/29/1941,38
12/29/1942,33
12/29/1943,36
12/29/1944,33
12/29/1945,27
12/29/1946,62
12/29/1947,57
12/29/1948,72
12/29/1949,72
12/29/1950,77
12/29/1951,93
12/29/1952,81
12/29/1953,96
12/29/1954,83
12/29/1955,108
12/29/1956,100
12/29/1957,89
12/29/1958,106
12/29/1959,100
12/29/1960,105
12/29/1961,98
12/29/1962,98
12/29/1963,83
12/29/1964,120
12/29/1965,90
12/29/1966,75
12/29/1967,81
12/29/1968,76
12/29/1969,94
12/29/1970,104
12/29/1971,87
12/29/1972,92
12/29/1973,71
12/29/1974,51
12/29/1975,80
12/29/1976,106
12/29/1977,105
12/29/1978,92
12/29/1979,67
12/29/1980,97
12/29/1981,108
12/29/1982,95
12/29/1983,113
12/29/1984,100
12/29/1985,72
12/29/1986,106
12/29/1987,109
12/29/1988,93
12/29/1989,119
12/29/1990,91
12/29/1991,72
12/29/1992,108
12/29/1993,124
12/29/1994,117
12/29/1995,108
12/29/1996,65
12/29/1997,119
12/29/1998,121
12/29/1999,117
12/29/2000,108
12/29/2001,67
12/29/2002,59
12/29/2003,128
12/29/2004,97
12/29/2005,96
12/29/2006,70
12/29/2007,29
12/30/1922,1
12/30/1925,2
12/30/1926,2
12/30/1927,2
12/30/1928,3
12/30/1929,9
12/30/1930,5
12/30/1931,9
12/30/1932,9
12/30/1933,10
12/30/1934,9
12/30/1935,12
12/30/1936,18
12/30/1937,22
12/30/1938,21
12/30/1939,18
12/30/1940,25
12/30/1941,27
12/30/1942,28
12/30/1943,46
12/30/1944,41
12/30/1945,32
12/30/1946,62
12/30/1947,61
12/30/1948,62
12/30/1949,70
12/30/1950,61
12/30/1951,81
12/30/1952,88
12/30/1953,89
12/30/1954,94
12/30/1955,77
12/30/1956,69
12/30/1957,99
12/30/1958,105
12/30/1959,117
12/30/1960,110
12/30/1961,95
12/30/1962,81
12/30/1963,98
12/30/1964,90
12/30/1965,85
12/30/1966,82
12/30/1967,71
12/30/1968,87
12/30/1969,109
12/30/1970,105
12/30/1971,91
12/30/1972,73
12/30/1973,70
12/30/1974,81
12/30/1975,96
12/30/1976,87
12/30/1977,95
12/30/1978,72
12/30/1979,75
12/30/1980,92
12/30/1981,93
12/30/1982,108
12/30/1983,101
12/30/1984,77
12/30/1985,122
12/30/1986,96
12/30/1987,107
12/30/1988,110
12/30/1989,62
12/30/1990,87
12/30/1991,127
12/30/1992,103
12/30/1993,102
12/30/1994,126
12/30/1995,69
12/30/1996,110
12/30/1997,120
12/30/1998,117
12/30/1999,112
12/30/2000,75
12/30/2001,66
12/30/2002,135
12/30/2003,133
12/30/2004,106
12/30/2005,97
12/30/2006,39
12/30/2007,19
12/31/1924,3
12/31/1925,1
12/31/1926,2
12/31/1927,3
12/31/1928,6
12/31/1929,4
12/31/1930,8
12/31/1931,7
12/31/1932,10
12/31/1933,13
12/31/1934,13
12/31/1935,8
12/31/1936,15
12/31/1937,26
12/31/1938,27
12/31/1939,26
12/31/1940,23
12/31/1941,33
12/31/1942,36
12/31/1943,42
12/31/1944,43
12/31/1945,46
12/31/1946,70
12/31/1947,55
12/31/1948,65
12/31/1949,70
12/31/1950,69
12/31/1951,80
12/31/1952,95
12/31/1953,76
12/31/1954,85
12/31/1955,94
12/31/1956,102
12/31/1957,88
12/31/1958,108
12/31/1959,97
12/31/1960,110
12/31/1961,97
12/31/1962,93
12/31/1963,94
12/31/1964,97
12/31/1965,84
12/31/1966,83
12/31/1967,67
12/31/1968,89
12/31/1969,96
12/31/1970,95
12/31/1971,88
12/31/1972,75
12/31/1973,82
12/31/1974,102
12/31/1975,97
12/31/1976,83
12/31/1977,87
12/31/1978,70
12/31/1979,96
12/31/1980,108
12/31/1981,110
12/31/1982,95
12/31/1983,79
12/31/1984,92
12/31/1985,117
12/31/1986,94
12/31/1987,102
12/31/1988,92
12/31/1989,70
12/31/1990,101
12/31/1991,120
12/31/1992,107
12/31/1993,105
12/31/1994,72
12/31/1995,63
12/31/1996,116
12/31/1997,110
12/31/1998,112
12/31/1999,88
12/31/2000,60
12/31/2001,85
12/31/2002,109
12/31/2003,99
12/31/2004,85
12/31/2005,54
12/31/2006,24
12/31/2007,32
