date_of_registration,Count
01/01/1800,9
01/01/1801,7
01/01/1901,188
01/01/1903,1
01/01/1955,1
01/01/1960,50
01/01/1965,1
01/01/1969,1
01/01/1970,1
01/01/1972,137
01/01/1973,25
01/01/1974,84
01/01/1976,3
01/01/1977,3
01/01/1978,1
01/01/1979,1
01/01/1980,3
01/01/1982,2
01/01/1983,4
01/01/1984,5
01/01/1985,5
01/01/1986,2
01/01/1987,2
01/01/1988,5
01/01/1989,9
01/01/1990,7
01/01/1991,11
01/01/1992,7
01/01/1993,7
01/01/1994,10
01/01/1995,31
01/01/1996,41
01/01/1997,15
01/01/1998,11
01/01/1999,12
01/01/2000,4
01/01/2001,5
01/01/2002,4
01/01/2003,7
01/01/2004,13
01/01/2005,1
01/01/2006,2
01/01/2007,1
01/01/2008,6
01/01/2009,2
01/01/2010,2
01/01/2011,6
01/01/2012,2
01/01/2013,2
01/01/2014,6
01/01/2015,12
01/01/2016,16
01/01/2017,1
01/01/2018,1
01/01/2019,1
01/01/2020,10
01/01/2021,4
01/01/2022,57
01/01/2023,3
01/01/2024,2
01/01/2025,10
01/01/2026,7
01/02/1963,1
01/02/1974,3
01/02/1975,1
01/02/1976,4
01/02/1978,1
01/02/1979,2
01/02/1980,10
01/02/1981,4
01/02/1983,1
01/02/1984,3
01/02/1985,8
01/02/1986,3
01/02/1987,10
01/02/1988,2
01/02/1989,14
01/02/1990,17
01/02/1991,36
01/02/1992,21
01/02/1993,6
01/02/1995,19
01/02/1996,96
01/02/1997,70
01/02/1998,121
01/02/1999,7
01/02/2000,3
01/02/2001,64
01/02/2002,73
01/02/2003,95
01/02/2004,73
01/02/2005,1
01/02/2006,3
01/02/2007,11
01/02/2008,80
01/02/2009,117
01/02/2010,2
01/02/2011,5
01/02/2012,19
01/02/2013,94
01/02/2014,134
01/02/2015,140
01/02/2016,6
01/02/2017,2
01/02/2018,239
01/02/2019,303
01/02/2020,449
01/02/2021,8
01/02/2022,44
01/02/2023,2
01/02/2024,519
01/02/2025,286
01/02/2026,376
01/03/1966,1
01/03/1967,1
01/03/1971,1
01/03/1972,31
01/03/1974,5
01/03/1975,1
01/03/1978,3
01/03/1979,5
01/03/1980,9
01/03/1983,13
01/03/1984,17
01/03/1985,7
01/03/1986,4
01/03/1987,7
01/03/1988,1
01/03/1989,33
01/03/1990,16
01/03/1991,47
01/03/1992,30
01/03/1993,4
01/03/1994,20
01/03/1995,152
01/03/1996,97
01/03/1997,98
01/03/1998,8
01/03/1999,7
01/03/2000,32
01/03/2001,34
01/03/2002,79
01/03/2003,87
01/03/2004,2
01/03/2005,54
01/03/2006,71
01/03/2007,66
01/03/2008,95
01/03/2009,5
01/03/2010,2
01/03/2011,89
01/03/2012,204
01/03/2013,84
01/03/2014,89
01/03/2015,2
01/03/2016,2
01/03/2017,243
01/03/2018,170
01/03/2019,247
01/03/2020,183
01/03/2021,8
01/03/2022,457
01/03/2023,424
01/03/2024,195
01/03/2025,246
01/03/2026,5
01/04/1956,1
01/04/1966,1
01/04/1969,1
01/04/1971,1
01/04/1972,36
01/04/1973,1
01/04/1974,2
01/04/1977,1
01/04/1978,3
01/04/1979,1
01/04/1980,10
01/04/1982,5
01/04/1983,8
01/04/1984,9
01/04/1985,18
01/04/1986,1
01/04/1987,2
01/04/1988,17
01/04/1989,22
01/04/1990,12
01/04/1991,31
01/04/1992,10
01/04/1993,21
01/04/1994,16
01/04/1995,111
01/04/1996,74
01/04/1997,5
01/04/1998,13
01/04/1999,15
01/04/2000,90
01/04/2001,47
01/04/2002,57
01/04/2003,6
01/04/2004,5
01/04/2005,61
01/04/2006,74
01/04/2007,59
01/04/2008,125
01/04/2009,5
01/04/2010,106
01/04/2011,105
01/04/2012,195
01/04/2013,73
01/04/2014,1
01/04/2015,2
01/04/2016,287
01/04/2017,87
01/04/2018,129
01/04/2019,247
01/04/2020,10
01/04/2021,390
01/04/2022,190
01/04/2023,220
01/04/2024,316
01/04/2025,4
01/04/2026,5
01/05/1967,2
01/05/1971,1
01/05/1972,31
01/05/1976,6
01/05/1978,8
01/05/1980,3
01/05/1981,1
01/05/1982,3
01/05/1983,10
01/05/1984,5
01/05/1985,12
01/05/1987,22
01/05/1988,19
01/05/1989,19
01/05/1990,8
01/05/1991,10
01/05/1992,1
01/05/1993,21
01/05/1994,30
01/05/1995,128
01/05/1996,76
01/05/1997,2
01/05/1998,61
01/05/1999,109
01/05/2000,136
01/05/2001,60
01/05/2002,7
01/05/2003,9
01/05/2004,79
01/05/2005,31
01/05/2006,111
01/05/2007,74
01/05/2008,7
01/05/2009,79
01/05/2010,107
01/05/2011,89
01/05/2012,192
01/05/2013,5
01/05/2014,2
01/05/2015,129
01/05/2016,156
01/05/2017,115
01/05/2018,183
01/05/2019,4
01/05/2020,14
01/05/2021,416
01/05/2022,219
01/05/2023,238
01/05/2024,294
01/05/2025,7
01/05/2026,654
01/06/1964,1
01/06/1966,1
01/06/1967,1
01/06/1970,2
01/06/1972,47
01/06/1973,1
01/06/1975,3
01/06/1976,7
01/06/1978,5
01/06/1981,3
01/06/1982,6
01/06/1983,11
01/06/1984,10
01/06/1985,4
01/06/1986,5
01/06/1987,21
01/06/1988,33
01/06/1989,24
01/06/1990,2
01/06/1991,8
01/06/1992,22
01/06/1993,29
01/06/1994,15
01/06/1995,104
01/06/1996,30
01/06/1997,93
01/06/1998,121
01/06/1999,82
01/06/2000,84
01/06/2001,3
01/06/2002,4
01/06/2003,71
01/06/2004,126
01/06/2005,34
01/06/2006,64
01/06/2007,5
01/06/2008,10
01/06/2009,93
01/06/2010,86
01/06/2011,69
01/06/2012,145
01/06/2013,7
01/06/2014,141
01/06/2015,124
01/06/2016,157
01/06/2017,120
01/06/2018,18
01/06/2019,2
01/06/2020,413
01/06/2021,442
01/06/2022,316
01/06/2023,278
01/06/2024,9
01/06/2025,28
01/06/2026,148
01/07/1966,2
01/07/1971,1
01/07/1972,60
01/07/1974,2
01/07/1975,3
01/07/1976,3
01/07/1977,4
01/07/1980,12
01/07/1981,1
01/07/1982,1
01/07/1983,9
01/07/1984,1
01/07/1985,30
01/07/1986,6
01/07/1987,9
01/07/1988,14
01/07/1989,1
01/07/1990,4
01/07/1991,63
01/07/1992,29
01/07/1993,29
01/07/1994,20
01/07/1995,16
01/07/1996,7
01/07/1997,105
01/07/1998,88
01/07/1999,52
01/07/2000,61
01/07/2001,3
01/07/2002,20
01/07/2003,80
01/07/2004,129
01/07/2005,37
01/07/2006,13
01/07/2007,3
01/07/2008,146
01/07/2009,74
01/07/2010,101
01/07/2011,105
01/07/2012,4
01/07/2013,88
01/07/2014,61
01/07/2015,117
01/07/2016,224
01/07/2017,6
01/07/2019,302
01/07/2020,171
01/07/2021,492
01/07/2022,174
01/07/2023,1
01/07/2024,8
01/07/2025,277
01/07/2026,124
01/08/1971,2
01/08/1972,11
01/08/1974,4
01/08/1975,4
01/08/1976,1
01/08/1979,7
01/08/1980,7
01/08/1981,4
01/08/1982,4
01/08/1983,5
01/08/1985,26
01/08/1986,8
01/08/1987,15
01/08/1988,29
01/08/1989,5
01/08/1990,13
01/08/1991,51
01/08/1992,23
01/08/1993,29
01/08/1994,8
01/08/1995,13
01/08/1996,46
01/08/1997,97
01/08/1998,75
01/08/1999,82
01/08/2000,9
01/08/2001,33
01/08/2002,83
01/08/2003,59
01/08/2004,96
01/08/2005,3
01/08/2007,37
01/08/2008,188
01/08/2009,89
01/08/2010,95
01/08/2011,10
01/08/2012,3
01/08/2013,82
01/08/2014,57
01/08/2015,114
01/08/2016,199
01/08/2017,2
01/08/2018,227
01/08/2019,290
01/08/2020,293
01/08/2021,617
01/08/2022,18
01/08/2023,10
01/08/2024,514
01/08/2025,215
01/08/2026,385
01/09/1967,1
01/09/1968,1
01/09/1972,1
01/09/1973,1
01/09/1975,3
01/09/1976,2
01/09/1978,4
01/09/1979,6
01/09/1980,7
01/09/1981,1
01/09/1982,2
01/09/1983,1
01/09/1984,13
01/09/1985,18
01/09/1986,10
01/09/1987,7
01/09/1988,6
01/09/1989,34
01/09/1990,24
01/09/1991,40
01/09/1992,20
01/09/1993,7
01/09/1994,5
01/09/1995,83
01/09/1996,113
01/09/1997,66
01/09/1998,103
01/09/1999,5
01/09/2000,8
01/09/2001,30
01/09/2002,51
01/09/2003,68
01/09/2004,93
01/09/2005,1
01/09/2006,49
01/09/2007,77
01/09/2008,173
01/09/2009,85
01/09/2010,9
01/09/2011,2
01/09/2012,141
01/09/2013,76
01/09/2014,88
01/09/2015,95
01/09/2016,12
01/09/2017,172
01/09/2018,122
01/09/2019,234
01/09/2020,259
01/09/2021,2
01/09/2022,144
01/09/2023,428
01/09/2024,74
01/09/2025,88
01/09/2026,462
01/10/1962,1
01/10/1968,1
01/10/1971,2
01/10/1972,43
01/10/1973,1
01/10/1974,2
01/10/1975,1
01/10/1976,2
01/10/1977,2
01/10/1978,4
01/10/1979,3
01/10/1980,22
01/10/1981,2
01/10/1982,1
01/10/1983,13
01/10/1984,8
01/10/1985,10
01/10/1986,8
01/10/1987,3
01/10/1988,1
01/10/1989,29
01/10/1990,18
01/10/1991,41
01/10/1992,23
01/10/1993,7
01/10/1994,28
01/10/1995,170
01/10/1996,80
01/10/1997,106
01/10/1998,19
01/10/1999,5
01/10/2000,73
01/10/2001,54
01/10/2002,76
01/10/2003,65
01/10/2004,5
01/10/2005,57
01/10/2006,83
01/10/2007,68
01/10/2008,226
01/10/2010,4
01/10/2011,60
01/10/2012,151
01/10/2013,102
01/10/2014,87
01/10/2015,1
01/10/2016,4
01/10/2017,81
01/10/2018,126
01/10/2019,253
01/10/2020,320
01/10/2021,8
01/10/2022,256
01/10/2023,95
01/10/2024,277
01/10/2025,92
01/10/2026,12
01/11/1968,2
01/11/1969,1
01/11/1972,38
01/11/1973,2
01/11/1977,3
01/11/1978,2
01/11/1979,1
01/11/1980,18
01/11/1982,3
01/11/1983,8
01/11/1984,10
01/11/1985,15
01/11/1986,3
01/11/1988,39
01/11/1989,16
01/11/1990,17
01/11/1991,31
01/11/1992,8
01/11/1993,35
01/11/1994,28
01/11/1995,148
01/11/1996,86
01/11/1997,19
01/11/1998,10
01/11/1999,44
01/11/2000,88
01/11/2001,67
01/11/2002,89
01/11/2003,3
01/11/2004,1
01/11/2005,50
01/11/2006,78
01/11/2007,58
01/11/2008,238
01/11/2009,2
01/11/2010,83
01/11/2011,86
01/11/2012,183
01/11/2013,104
01/11/2014,1
01/11/2015,4
01/11/2016,232
01/11/2017,85
01/11/2018,98
01/11/2019,222
01/11/2020,14
01/11/2021,543
01/11/2022,154
01/11/2023,246
01/11/2024,286
01/11/2025,6
01/11/2026,8
01/12/1962,1
01/12/1966,1
01/12/1967,1
01/12/1968,1
01/12/1970,1
01/12/1971,2
01/12/1972,48
01/12/1976,3
01/12/1977,1
01/12/1978,3
01/12/1979,10
01/12/1981,1
01/12/1982,10
01/12/1983,17
01/12/1984,10
01/12/1985,9
01/12/1986,2
01/12/1987,27
01/12/1988,54
01/12/1989,21
01/12/1990,16
01/12/1991,9
01/12/1992,5
01/12/1993,23
01/12/1994,31
01/12/1995,116
01/12/1996,89
01/12/1997,14
01/12/1998,273
01/12/1999,91
01/12/2000,143
01/12/2001,128
01/12/2002,4
01/12/2003,2
01/12/2004,62
01/12/2005,85
01/12/2006,94
01/12/2007,64
01/12/2008,13
01/12/2009,127
01/12/2010,116
01/12/2011,77
01/12/2012,175
01/12/2013,2
01/12/2014,6
01/12/2015,154
01/12/2016,139
01/12/2017,135
01/12/2018,159
01/12/2019,10
01/12/2020,14
01/12/2021,386
01/12/2022,277
01/12/2023,319
01/12/2024,384
01/12/2025,13
01/12/2026,826
01/13/1959,1
01/13/1968,1
01/13/1970,2
01/13/1972,58
01/13/1974,1
01/13/1975,3
01/13/1976,2
01/13/1978,3
01/13/1979,1
01/13/1981,2
01/13/1982,2
01/13/1983,14
01/13/1984,11
01/13/1985,1
01/13/1986,8
01/13/1987,20
01/13/1988,22
01/13/1989,24
01/13/1990,3
01/13/1991,8
01/13/1992,25
01/13/1993,28
01/13/1994,24
01/13/1995,131
01/13/1996,43
01/13/1997,35
01/13/1998,239
01/13/1999,82
01/13/2000,79
01/13/2001,13
01/13/2002,4
01/13/2003,59
01/13/2004,143
01/13/2005,30
01/13/2006,58
01/13/2007,3
01/13/2008,8
01/13/2009,107
01/13/2010,80
01/13/2011,112
01/13/2012,178
01/13/2013,4
01/13/2014,134
01/13/2015,87
01/13/2016,166
01/13/2017,136
01/13/2018,31
01/13/2019,6
01/13/2020,272
01/13/2021,417
01/13/2022,321
01/13/2023,281
01/13/2024,8
01/13/2025,406
01/13/2026,107
01/14/1965,2
01/14/1968,1
01/14/1972,39
01/14/1974,1
01/14/1975,2
01/14/1976,5
01/14/1977,2
01/14/1980,17
01/14/1981,1
01/14/1982,3
01/14/1983,12
01/14/1984,4
01/14/1985,16
01/14/1986,3
01/14/1987,11
01/14/1988,31
01/14/1989,14
01/14/1990,1
01/14/1991,60
01/14/1992,22
01/14/1993,30
01/14/1994,20
01/14/1995,14
01/14/1996,7
01/14/1997,96
01/14/1998,57
01/14/1999,75
01/14/2000,71
01/14/2001,2
01/14/2002,37
01/14/2003,80
01/14/2004,95
01/14/2005,80
01/14/2006,10
01/14/2007,2
01/14/2008,291
01/14/2009,82
01/14/2010,126
01/14/2011,109
01/14/2012,6
01/14/2013,94
01/14/2014,94
01/14/2015,60
01/14/2016,174
01/14/2018,4
01/14/2019,244
01/14/2020,248
01/14/2021,563
01/14/2022,211
01/14/2023,2
01/14/2024,7
01/14/2025,79
01/14/2026,123
01/15/1968,3
01/15/1970,1
01/15/1971,1
01/15/1972,11
01/15/1973,1
01/15/1974,7
01/15/1975,1
01/15/1976,4
01/15/1977,1
01/15/1979,8
01/15/1980,17
01/15/1981,4
01/15/1982,1
01/15/1983,1
01/15/1984,2
01/15/1985,24
01/15/1986,6
01/15/1987,23
01/15/1988,27
01/15/1989,11
01/15/1990,12
01/15/1991,52
01/15/1992,33
01/15/1993,32
01/15/1994,3
01/15/1995,8
01/15/1996,19
01/15/1997,89
01/15/1998,125
01/15/1999,131
01/15/2000,16
01/15/2001,43
01/15/2002,94
01/15/2003,66
01/15/2004,97
01/15/2005,7
01/15/2006,7
01/15/2007,7
01/15/2008,161
01/15/2009,135
01/15/2010,111
01/15/2011,12
01/15/2012,3
01/15/2013,105
01/15/2014,87
01/15/2015,98
01/15/2016,190
01/15/2017,3
01/15/2018,14
01/15/2019,118
01/15/2020,227
01/15/2021,226
01/15/2022,4
01/15/2023,3
01/15/2024,30
01/15/2025,66
01/15/2026,466
01/16/1967,2
01/16/1970,2
01/16/1974,3
01/16/1975,1
01/16/1976,5
01/16/1979,4
01/16/1980,8
01/16/1981,3
01/16/1984,16
01/16/1985,13
01/16/1986,12
01/16/1987,12
01/16/1988,2
01/16/1989,19
01/16/1990,22
01/16/1991,48
01/16/1992,23
01/16/1993,4
01/16/1994,5
01/16/1995,30
01/16/1996,122
01/16/1997,88
01/16/1998,92
01/16/1999,5
01/16/2000,6
01/16/2001,269
01/16/2002,52
01/16/2003,39
01/16/2004,107
01/16/2005,3
01/16/2006,8
01/16/2007,54
01/16/2008,153
01/16/2009,92
01/16/2010,5
01/16/2011,2
01/16/2012,30
01/16/2013,84
01/16/2014,115
01/16/2015,113
01/16/2016,3
01/16/2017,5
01/16/2018,184
01/16/2019,136
01/16/2020,274
01/16/2021,4
01/16/2022,9
01/16/2023,25
01/16/2024,493
01/16/2025,256
01/16/2026,303
01/17/1966,1
01/17/1967,1
01/17/1968,2
01/17/1972,43
01/17/1973,4
01/17/1974,1
01/17/1975,7
01/17/1977,5
01/17/1978,8
01/17/1979,8
01/17/1980,9
01/17/1983,22
01/17/1984,8
01/17/1985,20
01/17/1986,31
01/17/1987,2
01/17/1988,3
01/17/1989,36
01/17/1990,17
01/17/1991,47
01/17/1992,31
01/17/1993,3
01/17/1994,11
01/17/1995,188
01/17/1996,92
01/17/1997,99
01/17/1998,8
01/17/1999,7
01/17/2000,22
01/17/2001,215
01/17/2002,48
01/17/2003,76
01/17/2004,4
01/17/2005,4
01/17/2006,54
01/17/2007,49
01/17/2008,105
01/17/2009,3
01/17/2010,3
01/17/2011,28
01/17/2012,211
01/17/2013,104
01/17/2014,128
01/17/2015,8
01/17/2016,8
01/17/2017,145
01/17/2018,129
01/17/2019,142
01/17/2020,203
01/17/2022,123
01/17/2023,425
01/17/2024,303
01/17/2025,227
01/17/2026,9
01/18/1968,2
01/18/1971,1
01/18/1972,38
01/18/1973,3
01/18/1974,1
01/18/1975,2
01/18/1977,5
01/18/1978,5
01/18/1979,5
01/18/1980,4
01/18/1982,2
01/18/1983,11
01/18/1984,17
01/18/1985,19
01/18/1986,7
01/18/1987,1
01/18/1988,13
01/18/1989,19
01/18/1990,18
01/18/1991,54
01/18/1992,3
01/18/1993,19
01/18/1994,20
01/18/1995,170
01/18/1996,42
01/18/1997,41
01/18/1998,10
01/18/1999,46
01/18/2000,97
01/18/2001,115
01/18/2002,58
01/18/2003,6
01/18/2004,7
01/18/2005,81
01/18/2006,69
01/18/2007,51
01/18/2008,169
01/18/2009,2
01/18/2010,12
01/18/2011,146
01/18/2012,166
01/18/2013,129
01/18/2014,1
01/18/2015,1
01/18/2016,42
01/18/2017,114
01/18/2018,173
01/18/2019,180
01/18/2020,11
01/18/2021,5
01/18/2022,263
01/18/2023,127
01/18/2024,453
01/18/2025,9
01/18/2026,12
01/19/1956,1
01/19/1966,1
01/19/1967,1
01/19/1970,2
01/19/1972,58
01/19/1976,3
01/19/1978,4
01/19/1979,5
01/19/1981,5
01/19/1982,4
01/19/1983,11
01/19/1984,10
01/19/1985,2
01/19/1987,11
01/19/1988,36
01/19/1989,15
01/19/1990,9
01/19/1991,7
01/19/1992,7
01/19/1993,28
01/19/1994,19
01/19/1995,133
01/19/1996,66
01/19/1997,27
01/19/1998,20
01/19/1999,103
01/19/2000,83
01/19/2001,48
01/19/2002,3
01/19/2003,2
01/19/2004,10
01/19/2005,59
01/19/2006,61
01/19/2007,86
01/19/2008,11
01/19/2009,18
01/19/2010,114
01/19/2011,97
01/19/2012,160
01/19/2013,6
01/19/2014,4
01/19/2015,14
01/19/2016,226
01/19/2017,121
01/19/2018,166
01/19/2019,9
01/19/2020,12
01/19/2021,581
01/19/2022,211
01/19/2023,218
01/19/2024,385
01/19/2025,6
01/19/2026,21
01/20/1959,2
01/20/1964,2
01/20/1972,56
01/20/1973,1
01/20/1975,6
01/20/1976,9
01/20/1977,2
01/20/1978,3
01/20/1979,1
01/20/1981,2
01/20/1982,3
01/20/1983,13
01/20/1984,8
01/20/1985,4
01/20/1986,16
01/20/1987,18
01/20/1988,28
01/20/1989,17
01/20/1990,4
01/20/1991,6
01/20/1992,16
01/20/1993,29
01/20/1994,19
01/20/1995,105
01/20/1996,19
01/20/1997,42
01/20/1998,98
01/20/1999,90
01/20/2000,98
01/20/2001,7
01/20/2002,3
01/20/2003,21
01/20/2004,109
01/20/2005,51
01/20/2006,69
01/20/2007,6
01/20/2008,22
01/20/2009,71
01/20/2010,79
01/20/2011,54
01/20/2012,173
01/20/2013,6
01/20/2014,20
01/20/2015,214
01/20/2016,164
01/20/2017,128
01/20/2018,25
01/20/2019,3
01/20/2020,35
01/20/2021,390
01/20/2022,221
01/20/2023,283
01/20/2024,20
01/20/2025,16
01/20/2026,636
01/21/1964,1
01/21/1966,1
01/21/1969,1
01/21/1971,2
01/21/1972,53
01/21/1974,4
01/21/1975,6
01/21/1976,2
01/21/1977,2
01/21/1978,1
01/21/1980,21
01/21/1981,1
01/21/1982,4
01/21/1983,18
01/21/1984,1
01/21/1985,19
01/21/1986,10
01/21/1987,18
01/21/1988,35
01/21/1989,6
01/21/1990,4
01/21/1991,20
01/21/1992,40
01/21/1993,20
01/21/1994,27
01/21/1995,13
01/21/1996,10
01/21/1997,82
01/21/1998,100
01/21/1999,83
01/21/2000,102
01/21/2001,3
01/21/2002,2
01/21/2003,90
01/21/2004,158
01/21/2005,83
01/21/2006,3
01/21/2008,28
01/21/2009,64
01/21/2010,102
01/21/2011,109
01/21/2012,8
01/21/2013,14
01/21/2014,161
01/21/2015,74
01/21/2016,194
01/21/2017,15
01/21/2018,3
01/21/2019,10
01/21/2020,401
01/21/2021,804
01/21/2022,138
01/21/2023,6
01/21/2024,17
01/21/2025,669
01/21/2026,495
01/22/1960,1
01/22/1968,1
01/22/1971,1
01/22/1972,8
01/22/1973,1
01/22/1974,1
01/22/1975,2
01/22/1976,4
01/22/1977,1
01/22/1978,1
01/22/1979,10
01/22/1980,13
01/22/1981,4
01/22/1982,1
01/22/1983,6
01/22/1985,29
01/22/1986,12
01/22/1987,14
01/22/1988,27
01/22/1989,2
01/22/1990,17
01/22/1991,98
01/22/1992,32
01/22/1993,15
01/22/1994,6
01/22/1995,3
01/22/1996,72
01/22/1997,78
01/22/1998,76
01/22/1999,96
01/22/2000,14
01/22/2001,57
01/22/2002,80
01/22/2003,69
01/22/2004,120
01/22/2005,4
01/22/2006,1
01/22/2007,55
01/22/2008,275
01/22/2009,82
01/22/2010,149
01/22/2011,1
01/22/2012,9
01/22/2013,121
01/22/2014,78
01/22/2015,108
01/22/2016,180
01/22/2017,2
01/22/2018,170
01/22/2019,276
01/22/2020,178
01/22/2021,268
01/22/2022,57
01/22/2023,5
01/22/2024,809
01/22/2025,96
01/22/2026,219
01/23/1967,1
01/23/1970,1
01/23/1972,1
01/23/1974,3
01/23/1975,1
01/23/1978,8
01/23/1979,7
01/23/1980,16
01/23/1981,4
01/23/1983,2
01/23/1984,15
01/23/1985,19
01/23/1986,20
01/23/1987,25
01/23/1988,14
01/23/1989,41
01/23/1990,14
01/23/1991,83
01/23/1992,28
01/23/1993,5
01/23/1994,4
01/23/1995,103
01/23/1996,92
01/23/1997,82
01/23/1998,91
01/23/1999,10
01/23/2000,8
01/23/2001,71
01/23/2002,49
01/23/2003,71
01/23/2004,151
01/23/2005,1
01/23/2006,109
01/23/2007,104
01/23/2008,265
01/23/2009,94
01/23/2010,4
01/23/2012,119
01/23/2013,99
01/23/2014,98
01/23/2015,130
01/23/2016,7
01/23/2017,126
01/23/2018,109
01/23/2019,127
01/23/2020,330
01/23/2021,6
01/23/2022,47
01/23/2023,389
01/23/2024,337
01/23/2025,95
01/23/2026,323
01/24/1971,1
01/24/1972,51
01/24/1973,2
01/24/1974,3
01/24/1975,10
01/24/1977,5
01/24/1978,12
01/24/1979,4
01/24/1980,15
01/24/1983,29
01/24/1984,23
01/24/1985,10
01/24/1986,5
01/24/1987,3
01/24/1988,2
01/24/1989,23
01/24/1990,25
01/24/1991,86
01/24/1992,42
01/24/1993,2
01/24/1994,31
01/24/1995,124
01/24/1996,65
01/24/1997,91
01/24/1998,8
01/24/1999,3
01/24/2000,89
01/24/2001,52
01/24/2002,43
01/24/2003,62
01/24/2004,8
01/24/2005,62
01/24/2006,92
01/24/2007,80
01/24/2008,253
01/24/2009,1
01/24/2010,10
01/24/2011,39
01/24/2012,150
01/24/2013,109
01/24/2014,117
01/24/2016,3
01/24/2017,128
01/24/2018,121
01/24/2019,178
01/24/2020,261
01/24/2021,5
01/24/2022,418
01/24/2023,122
01/24/2024,415
01/24/2025,246
01/24/2026,20
01/25/1964,1
01/25/1969,1
01/25/1971,2
01/25/1972,51
01/25/1974,2
01/25/1975,1
01/25/1977,2
01/25/1978,2
01/25/1979,6
01/25/1980,20
01/25/1982,7
01/25/1983,37
01/25/1984,8
01/25/1985,23
01/25/1986,1
01/25/1987,2
01/25/1988,27
01/25/1989,25
01/25/1990,10
01/25/1991,49
01/25/1992,7
01/25/1993,38
01/25/1994,20
01/25/1995,107
01/25/1996,98
01/25/1997,16
01/25/1998,9
01/25/1999,105
01/25/2000,128
01/25/2001,53
01/25/2002,51
01/25/2004,7
01/25/2005,73
01/25/2006,54
01/25/2007,42
01/25/2008,304
01/25/2009,1
01/25/2010,115
01/25/2011,117
01/25/2012,136
01/25/2013,125
01/25/2014,305
01/25/2015,4
01/25/2016,216
01/25/2017,106
01/25/2018,197
01/25/2019,188
01/25/2020,8
01/25/2021,378
01/25/2022,60
01/25/2023,215
01/25/2024,415
01/25/2025,9
01/25/2026,19
01/26/1962,1
01/26/1970,2
01/26/1971,2
01/26/1972,48
01/26/1975,1
01/26/1976,6
01/26/1977,3
01/26/1978,4
01/26/1979,10
01/26/1981,3
01/26/1982,3
01/26/1983,18
01/26/1984,10
01/26/1985,8
01/26/1986,1
01/26/1987,31
01/26/1988,33
01/26/1989,37
01/26/1990,15
01/26/1991,15
01/26/1992,3
01/26/1993,44
01/26/1994,60
01/26/1995,100
01/26/1996,106
01/26/1997,10
01/26/1998,31
01/26/1999,117
01/26/2000,62
01/26/2001,52
01/26/2002,5
01/26/2003,7
01/26/2004,78
01/26/2005,33
01/26/2006,71
01/26/2007,81
01/26/2008,8
01/26/2009,76
01/26/2010,73
01/26/2011,95
01/26/2012,201
01/26/2013,5
01/26/2014,3
01/26/2015,134
01/26/2016,227
01/26/2017,139
01/26/2018,188
01/26/2019,5
01/26/2020,15
01/26/2021,147
01/26/2022,220
01/26/2023,251
01/26/2024,364
01/26/2025,11
01/26/2026,687
01/27/1964,1
01/27/1965,1
01/27/1967,3
01/27/1970,2
01/27/1971,1
01/27/1972,23
01/27/1974,1
01/27/1975,12
01/27/1976,5
01/27/1977,10
01/27/1978,5
01/27/1979,1
01/27/1981,5
01/27/1982,4
01/27/1983,17
01/27/1984,21
01/27/1985,3
01/27/1986,6
01/27/1987,29
01/27/1988,33
01/27/1989,24
01/27/1990,1
01/27/1991,8
01/27/1992,43
01/27/1993,29
01/27/1994,23
01/27/1995,86
01/27/1996,16
01/27/1997,38
01/27/1998,100
01/27/1999,157
01/27/2000,43
01/27/2001,4
01/27/2003,56
01/27/2004,104
01/27/2005,87
01/27/2006,65
01/27/2007,9
01/27/2008,14
01/27/2009,69
01/27/2010,79
01/27/2011,101
01/27/2012,234
01/27/2013,4
01/27/2014,198
01/27/2015,115
01/27/2016,172
01/27/2017,171
01/27/2018,19
01/27/2019,4
01/27/2020,337
01/27/2021,239
01/27/2022,232
01/27/2023,220
01/27/2024,12
01/27/2025,638
01/27/2026,261
01/28/1946,1
01/28/1970,2
01/28/1971,5
01/28/1972,55
01/28/1974,3
01/28/1975,7
01/28/1976,4
01/28/1977,5
01/28/1979,1
01/28/1980,16
01/28/1981,4
01/28/1982,2
01/28/1983,23
01/28/1984,1
01/28/1985,34
01/28/1986,11
01/28/1987,20
01/28/1988,36
01/28/1989,6
01/28/1990,1
01/28/1991,64
01/28/1992,34
01/28/1993,28
01/28/1994,20
01/28/1995,3
01/28/1996,5
01/28/1997,55
01/28/1998,83
01/28/1999,150
01/28/2000,90
01/28/2001,2
01/28/2002,22
01/28/2003,99
01/28/2004,100
01/28/2005,81
01/28/2006,5
01/28/2007,3
01/28/2008,258
01/28/2009,124
01/28/2010,115
01/28/2011,84
01/28/2012,12
01/28/2013,57
01/28/2014,116
01/28/2015,124
01/28/2016,186
01/28/2017,12
01/28/2018,5
01/28/2019,207
01/28/2020,168
01/28/2021,238
01/28/2022,221
01/28/2023,9
01/28/2024,13
01/28/2025,156
01/28/2026,133
01/29/1964,1
01/29/1969,1
01/29/1970,1
01/29/1971,5
01/29/1972,13
01/29/1973,1
01/29/1974,11
01/29/1975,9
01/29/1976,9
01/29/1977,4
01/29/1979,15
01/29/1980,24
01/29/1981,3
01/29/1982,5
01/29/1983,7
01/29/1984,4
01/29/1985,13
01/29/1986,5
01/29/1987,22
01/29/1988,52
01/29/1989,2
01/29/1990,14
01/29/1991,49
01/29/1992,40
01/29/1993,29
01/29/1994,8
01/29/1995,9
01/29/1996,53
01/29/1997,66
01/29/1998,86
01/29/1999,140
01/29/2000,18
01/29/2001,18
01/29/2002,55
01/29/2003,71
01/29/2004,148
01/29/2005,1
01/29/2006,4
01/29/2007,106
01/29/2008,281
01/29/2009,135
01/29/2010,95
01/29/2011,2
01/29/2012,5
01/29/2013,102
01/29/2014,132
01/29/2015,98
01/29/2016,293
01/29/2017,2
01/29/2018,211
01/29/2019,113
01/29/2020,275
01/29/2021,274
01/29/2022,9
01/29/2023,4
01/29/2024,632
01/29/2025,100
01/29/2026,299
01/30/1968,1
01/30/1970,1
01/30/1971,2
01/30/1972,2
01/30/1973,2
01/30/1974,4
01/30/1975,10
01/30/1976,6
01/30/1978,10
01/30/1979,17
01/30/1980,15
01/30/1981,6
01/30/1983,1
01/30/1984,27
01/30/1985,17
01/30/1986,4
01/30/1987,27
01/30/1988,8
01/30/1989,26
01/30/1990,43
01/30/1991,34
01/30/1992,45
01/30/1993,8
01/30/1995,87
01/30/1996,121
01/30/1997,69
01/30/1998,94
01/30/1999,6
01/30/2000,7
01/30/2001,25
01/30/2002,28
01/30/2003,57
01/30/2004,98
01/30/2005,1
01/30/2006,69
01/30/2007,90
01/30/2008,197
01/30/2009,99
01/30/2010,3
01/30/2012,140
01/30/2013,79
01/30/2014,133
01/30/2015,159
01/30/2016,8
01/30/2017,250
01/30/2018,96
01/30/2019,172
01/30/2020,228
01/30/2021,2
01/30/2022,5
01/30/2023,399
01/30/2024,154
01/30/2025,262
01/30/2026,425
01/31/1964,1
01/31/1971,1
01/31/1972,54
01/31/1974,6
01/31/1975,8
01/31/1976,2
01/31/1977,3
01/31/1978,6
01/31/1979,16
01/31/1980,18
01/31/1983,47
01/31/1984,16
01/31/1985,19
01/31/1986,17
01/31/1987,6
01/31/1989,21
01/31/1990,24
01/31/1991,64
01/31/1992,42
01/31/1993,6
01/31/1994,28
01/31/1995,136
01/31/1996,120
01/31/1997,96
01/31/1998,10
01/31/1999,5
01/31/2000,127
01/31/2001,38
01/31/2002,15
01/31/2003,75
01/31/2004,7
01/31/2005,37
01/31/2006,71
01/31/2007,82
01/31/2008,229
01/31/2009,3
01/31/2010,1
01/31/2011,41
01/31/2012,166
01/31/2013,80
01/31/2014,132
01/31/2015,38
01/31/2016,56
01/31/2017,136
01/31/2018,133
01/31/2019,136
01/31/2020,288
01/31/2021,5
01/31/2022,369
01/31/2023,71
01/31/2024,374
01/31/2025,241
01/31/2026,9
02/01/1963,1
02/01/1968,1
02/01/1971,3
02/01/1972,48
02/01/1974,4
02/01/1975,1
02/01/1977,3
02/01/1978,3
02/01/1979,5
02/01/1980,24
02/01/1982,7
02/01/1983,18
02/01/1984,19
02/01/1985,25
02/01/1986,2
02/01/1987,1
02/01/1988,62
02/01/1989,20
02/01/1990,63
02/01/1991,63
02/01/1992,25
02/01/1993,42
02/01/1994,33
02/01/1995,121
02/01/1996,96
02/01/1997,26
02/01/1998,8
02/01/1999,39
02/01/2000,107
02/01/2001,28
02/01/2002,42
02/01/2003,10
02/01/2004,4
02/01/2005,86
02/01/2006,81
02/01/2007,64
02/01/2008,246
02/01/2009,2
02/01/2010,166
02/01/2011,41
02/01/2012,154
02/01/2013,103
02/01/2014,5
02/01/2015,1
02/01/2016,262
02/01/2017,101
02/01/2018,160
02/01/2019,205
02/01/2020,23
02/01/2021,272
02/01/2022,117
02/01/2023,246
02/01/2024,409
02/01/2025,5
02/01/2026,20
02/02/1963,1
02/02/1966,1
02/02/1967,1
02/02/1968,1
02/02/1971,5
02/02/1972,43
02/02/1973,1
02/02/1975,2
02/02/1976,10
02/02/1977,16
02/02/1978,6
02/02/1979,16
02/02/1980,3
02/02/1981,8
02/02/1982,4
02/02/1983,19
02/02/1984,22
02/02/1985,12
02/02/1986,3
02/02/1987,47
02/02/1988,48
02/02/1989,23
02/02/1990,55
02/02/1991,21
02/02/1992,20
02/02/1993,29
02/02/1994,25
02/02/1995,107
02/02/1996,88
02/02/1997,25
02/02/1998,41
02/02/1999,90
02/02/2000,85
02/02/2001,64
02/02/2002,2
02/02/2003,3
02/02/2004,87
02/02/2005,64
02/02/2006,55
02/02/2007,91
02/02/2008,24
02/02/2009,100
02/02/2010,95
02/02/2011,40
02/02/2012,199
02/02/2013,5
02/02/2014,8
02/02/2015,197
02/02/2016,272
02/02/2017,97
02/02/2018,175
02/02/2019,4
02/02/2020,14
02/02/2021,127
02/02/2022,180
02/02/2023,231
02/02/2024,292
02/02/2025,7
02/02/2026,656
02/03/1960,1
02/03/1964,2
02/03/1967,1
02/03/1969,1
02/03/1972,59
02/03/1975,17
02/03/1976,9
02/03/1977,7
02/03/1978,8
02/03/1979,8
02/03/1981,8
02/03/1982,3
02/03/1983,25
02/03/1984,29
02/03/1985,1
02/03/1986,10
02/03/1987,45
02/03/1988,108
02/03/1989,16
02/03/1990,20
02/03/1991,11
02/03/1992,35
02/03/1993,36
02/03/1994,23
02/03/1995,97
02/03/1996,37
02/03/1997,33
02/03/1998,93
02/03/1999,111
02/03/2000,127
02/03/2001,7
02/03/2002,1
02/03/2003,82
02/03/2004,124
02/03/2005,46
02/03/2006,77
02/03/2007,9
02/03/2008,13
02/03/2009,151
02/03/2010,114
02/03/2011,84
02/03/2012,156
02/03/2013,5
02/03/2014,138
02/03/2015,106
02/03/2016,736
02/03/2017,149
02/03/2018,19
02/03/2019,6
02/03/2020,467
02/03/2021,203
02/03/2022,246
02/03/2023,253
02/03/2024,13
02/03/2025,708
02/03/2026,361
02/04/1956,1
02/04/1959,1
02/04/1966,1
02/04/1971,2
02/04/1972,73
02/04/1975,9
02/04/1976,5
02/04/1977,5
02/04/1978,2
02/04/1980,23
02/04/1981,4
02/04/1982,6
02/04/1983,53
02/04/1984,19
02/04/1985,27
02/04/1986,23
02/04/1987,50
02/04/1988,34
02/04/1989,13
02/04/1990,9
02/04/1991,78
02/04/1992,49
02/04/1993,34
02/04/1994,36
02/04/1995,17
02/04/1996,16
02/04/1997,85
02/04/1998,68
02/04/1999,88
02/04/2000,137
02/04/2001,3
02/04/2002,19
02/04/2003,79
02/04/2004,103
02/04/2005,72
02/04/2006,17
02/04/2007,4
02/04/2008,285
02/04/2009,89
02/04/2010,104
02/04/2011,76
02/04/2012,6
02/04/2013,69
02/04/2014,47
02/04/2015,204
02/04/2016,452
02/04/2017,15
02/04/2018,3
02/04/2019,230
02/04/2020,219
02/04/2021,337
02/04/2022,152
02/04/2023,10
02/04/2024,16
02/04/2025,282
02/04/2026,172
02/05/1960,1
02/05/1966,2
02/05/1968,2
02/05/1969,2
02/05/1970,2
02/05/1971,1
02/05/1972,13
02/05/1973,3
02/05/1974,4
02/05/1975,13
02/05/1976,3
02/05/1979,18
02/05/1980,18
02/05/1981,9
02/05/1982,5
02/05/1983,18
02/05/1984,9
02/05/1985,33
02/05/1986,10
02/05/1987,31
02/05/1988,56
02/05/1989,6
02/05/1990,64
02/05/1991,81
02/05/1992,28
02/05/1993,39
02/05/1994,36
02/05/1995,7
02/05/1996,58
02/05/1997,72
02/05/1998,93
02/05/1999,115
02/05/2000,16
02/05/2001,27
02/05/2002,71
02/05/2003,64
02/05/2004,127
02/05/2005,6
02/05/2006,7
02/05/2007,35
02/05/2008,914
02/05/2009,83
02/05/2010,112
02/05/2011,4
02/05/2012,7
02/05/2013,133
02/05/2014,15
02/05/2015,117
02/05/2016,242
02/05/2017,111
02/05/2018,168
02/05/2019,59
02/05/2020,338
02/05/2021,327
02/05/2022,8
02/05/2023,2
02/05/2024,558
02/05/2025,55
02/05/2026,507
02/06/1962,1
02/06/1964,2
02/06/1968,3
02/06/1969,1
02/06/1973,2
02/06/1974,4
02/06/1975,12
02/06/1976,6
02/06/1978,6
02/06/1979,17
02/06/1980,26
02/06/1981,6
02/06/1982,10
02/06/1983,6
02/06/1984,13
02/06/1985,8
02/06/1986,14
02/06/1987,63
02/06/1988,35
02/06/1989,43
02/06/1990,79
02/06/1991,43
02/06/1992,44
02/06/1993,13
02/06/1994,8
02/06/1995,79
02/06/1996,125
02/06/1997,72
02/06/1998,87
02/06/1999,12
02/06/2000,3
02/06/2001,84
02/06/2002,69
02/06/2003,91
02/06/2004,107
02/06/2005,1
02/06/2006,59
02/06/2007,92
02/06/2008,196
02/06/2009,106
02/06/2011,3
02/06/2012,160
02/06/2013,85
02/06/2014,122
02/06/2015,90
02/06/2016,17
02/06/2017,161
02/06/2018,100
02/06/2019,144
02/06/2020,312
02/06/2021,6
02/06/2022,5
02/06/2023,337
02/06/2024,204
02/06/2025,209
02/06/2026,427
02/07/1964,1
02/07/1966,1
02/07/1967,4
02/07/1968,4
02/07/1969,2
02/07/1972,47
02/07/1973,1
02/07/1974,8
02/07/1975,20
02/07/1976,2
02/07/1977,7
02/07/1978,2
02/07/1979,23
02/07/1980,14
02/07/1981,3
02/07/1982,4
02/07/1983,80
02/07/1984,14
02/07/1985,5
02/07/1986,20
02/07/1987,34
02/07/1988,8
02/07/1989,78
02/07/1990,44
02/07/1991,94
02/07/1992,28
02/07/1993,6
02/07/1994,60
02/07/1995,124
02/07/1996,101
02/07/1997,99
02/07/1998,6
02/07/1999,14
02/07/2000,59
02/07/2001,83
02/07/2002,53
02/07/2003,77
02/07/2004,14
02/07/2005,47
02/07/2006,76
02/07/2007,54
02/07/2008,204
02/07/2009,15
02/07/2010,4
02/07/2011,124
02/07/2012,181
02/07/2013,84
02/07/2014,77
02/07/2015,2
02/07/2016,12
02/07/2017,45
02/07/2018,89
02/07/2019,117
02/07/2020,362
02/07/2022,210
02/07/2023,167
02/07/2024,398
02/07/2025,199
02/07/2026,16
02/08/1963,1
02/08/1966,1
02/08/1967,1
02/08/1968,1
02/08/1969,1
02/08/1971,8
02/08/1972,62
02/08/1973,5
02/08/1974,9
02/08/1975,6
02/08/1977,7
02/08/1978,1
02/08/1979,20
02/08/1980,10
02/08/1981,1
02/08/1982,11
02/08/1983,94
02/08/1984,14
02/08/1985,8
02/08/1986,13
02/08/1987,5
02/08/1988,58
02/08/1989,6
02/08/1990,23
02/08/1991,116
02/08/1992,6
02/08/1993,54
02/08/1994,42
02/08/1995,129
02/08/1996,139
02/08/1997,16
02/08/1998,4
02/08/1999,36
02/08/2000,123
02/08/2001,57
02/08/2002,64
02/08/2003,11
02/08/2004,4
02/08/2005,97
02/08/2006,55
02/08/2007,81
02/08/2008,173
02/08/2009,3
02/08/2010,117
02/08/2011,145
02/08/2012,134
02/08/2013,91
02/08/2014,4
02/08/2015,1
02/08/2016,333
02/08/2017,74
02/08/2018,174
02/08/2019,176
02/08/2020,27
02/08/2021,468
02/08/2022,224
02/08/2023,280
02/08/2024,317
02/08/2025,7
02/08/2026,15
02/09/1960,1
02/09/1967,2
02/09/1968,1
02/09/1970,2
02/09/1971,7
02/09/1972,46
02/09/1973,6
02/09/1974,1
02/09/1975,1
02/09/1976,13
02/09/1977,7
02/09/1978,7
02/09/1979,35
02/09/1980,4
02/09/1981,5
02/09/1982,10
02/09/1983,8
02/09/1984,16
02/09/1985,1
02/09/1986,8
02/09/1987,134
02/09/1988,79
02/09/1989,2
02/09/1990,33
02/09/1991,49
02/09/1992,6
02/09/1993,59
02/09/1994,41
02/09/1995,98
02/09/1996,160
02/09/1997,8
02/09/1998,23
02/09/1999,106
02/09/2000,62
02/09/2001,33
02/09/2003,9
02/09/2004,67
02/09/2005,82
02/09/2006,76
02/09/2007,111
02/09/2008,22
02/09/2009,72
02/09/2010,105
02/09/2011,84
02/09/2012,102
02/09/2013,2
02/09/2014,2
02/09/2015,215
02/09/2016,209
02/09/2017,126
02/09/2018,151
02/09/2019,4
02/09/2020,17
02/09/2021,342
02/09/2022,220
02/09/2023,295
02/09/2024,392
02/09/2025,1
02/09/2026,576
02/10/0026,1
02/10/1964,1
02/10/1967,5
02/10/1969,4
02/10/1970,1
02/10/1971,7
02/10/1972,67
02/10/1973,1
02/10/1974,1
02/10/1975,32
02/10/1976,13
02/10/1977,8
02/10/1978,7
02/10/1979,3
02/10/1980,1
02/10/1981,3
02/10/1982,8
02/10/1983,1
02/10/1984,9
02/10/1985,2
02/10/1986,11
02/10/1987,167
02/10/1988,34
02/10/1989,6
02/10/1990,4
02/10/1991,27
02/10/1992,71
02/10/1993,47
02/10/1994,49
02/10/1995,131
02/10/1996,24
02/10/1997,110
02/10/1998,107
02/10/1999,86
02/10/2000,67
02/10/2001,8
02/10/2002,2
02/10/2003,248
02/10/2004,134
02/10/2005,54
02/10/2006,91
02/10/2007,12
02/10/2008,8
02/10/2009,106
02/10/2010,80
02/10/2011,120
02/10/2012,115
02/10/2013,6
02/10/2014,104
02/10/2015,167
02/10/2016,275
02/10/2017,109
02/10/2018,9
02/10/2019,2
02/10/2020,603
02/10/2021,308
02/10/2022,188
02/10/2023,346
02/10/2024,24
02/10/2025,527
02/10/2026,1060
02/11/1963,1
02/11/1964,1
02/11/1967,4
02/11/1969,7
02/11/1970,2
02/11/1971,4
02/11/1972,57
02/11/1974,13
02/11/1975,54
02/11/1976,13
02/11/1977,22
02/11/1978,1
02/11/1980,57
02/11/1981,15
02/11/1982,12
02/11/1983,2
02/11/1984,1
02/11/1985,10
02/11/1986,16
02/11/1987,3
02/11/1988,35
02/11/1989,1
02/11/1990,1
02/11/1991,27
02/11/1992,65
02/11/1993,45
02/11/1994,41
02/11/1995,18
02/11/1996,17
02/11/1997,62
02/11/1998,64
02/11/1999,76
02/11/2000,85
02/11/2001,7
02/11/2002,37
02/11/2003,107
02/11/2004,109
02/11/2005,85
02/11/2006,7
02/11/2007,3
02/11/2008,273
02/11/2009,75
02/11/2010,104
02/11/2011,105
02/11/2012,8
02/11/2013,73
02/11/2014,105
02/11/2015,83
02/11/2016,304
02/11/2017,21
02/11/2018,1
02/11/2019,249
02/11/2020,245
02/11/2021,236
02/11/2022,265
02/11/2023,18
02/11/2024,8
02/11/2025,88
02/11/2026,70
02/12/0210,1
02/12/1933,1
02/12/1963,1
02/12/1968,2
02/12/1971,8
02/12/1972,10
02/12/1973,6
02/12/1974,11
02/12/1975,1
02/12/1976,8
02/12/1977,2
02/12/1979,39
02/12/1980,27
02/12/1981,9
02/12/1982,7
02/12/1983,4
02/12/1984,2
02/12/1985,5
02/12/1986,8
02/12/1987,11
02/12/1988,46
02/12/1989,1
02/12/1990,50
02/12/1991,13
02/12/1992,55
02/12/1993,57
02/12/1994,28
02/12/1995,19
02/12/1996,88
02/12/1997,62
02/12/1998,62
02/12/1999,89
02/12/2000,13
02/12/2001,84
02/12/2002,72
02/12/2003,58
02/12/2004,128
02/12/2005,9
02/12/2006,4
02/12/2007,278
02/12/2008,187
02/12/2009,85
02/12/2010,127
02/12/2011,4
02/12/2012,8
02/12/2013,80
02/12/2014,123
02/12/2015,81
02/12/2016,321
02/12/2017,1
02/12/2018,132
02/12/2019,111
02/12/2020,456
02/12/2021,168
02/12/2022,7
02/12/2023,2
02/12/2024,493
02/12/2025,72
02/12/2026,71
02/13/1964,2
02/13/1968,4
02/13/1970,2
02/13/1972,1
02/13/1973,10
02/13/1974,2
02/13/1975,2
02/13/1976,16
02/13/1978,4
02/13/1979,97
02/13/1980,26
02/13/1981,20
02/13/1984,26
02/13/1985,4
02/13/1986,11
02/13/1987,3
02/13/1988,7
02/13/1989,6
02/13/1990,51
02/13/1991,5
02/13/1992,37
02/13/1993,6
02/13/1994,17
02/13/1995,231
02/13/1996,122
02/13/1997,52
02/13/1998,92
02/13/1999,5
02/13/2000,9
02/13/2001,46
02/13/2002,56
02/13/2003,43
02/13/2004,129
02/13/2005,2
02/13/2006,81
02/13/2007,41
02/13/2008,580
02/13/2009,128
02/13/2010,5
02/13/2011,2
02/13/2012,118
02/13/2013,79
02/13/2014,107
02/13/2015,78
02/13/2016,34
02/13/2017,175
02/13/2018,131
02/13/2019,177
02/13/2020,323
02/13/2021,3
02/13/2022,3
02/13/2023,337
02/13/2024,242
02/13/2025,181
02/13/2026,75
02/14/1972,107
02/14/1973,5
02/14/1974,2
02/14/1975,5
02/14/1976,1
02/14/1977,30
02/14/1978,5
02/14/1979,2
02/14/1980,21
02/14/1981,2
02/14/1983,2
02/14/1984,22
02/14/1985,3
02/14/1986,14
02/14/1987,2
02/14/1988,2
02/14/1989,7
02/14/1990,29
02/14/1991,7
02/14/1992,35
02/14/1993,5
02/14/1994,56
02/14/1995,54
02/14/1996,86
02/14/1997,50
02/14/1998,6
02/14/1999,2
02/14/2000,87
02/14/2001,38
02/14/2002,38
02/14/2003,53
02/14/2004,24
02/14/2005,163
02/14/2006,72
02/14/2007,47
02/14/2008,96
02/14/2009,3
02/14/2010,1
02/14/2011,122
02/14/2012,121
02/14/2013,90
02/14/2014,93
02/14/2015,2
02/14/2016,17
02/14/2017,80
02/14/2018,114
02/14/2019,165
02/14/2020,304
02/14/2021,3
02/14/2022,248
02/14/2023,87
02/14/2024,442
02/14/2025,242
02/14/2026,8
02/15/1971,6
02/15/1972,97
02/15/1973,1
02/15/1974,8
02/15/1975,1
02/15/1977,40
02/15/1978,8
02/15/1979,4
02/15/1980,16
02/15/1982,2
02/15/1983,7
02/15/1984,16
02/15/1985,9
02/15/1986,2
02/15/1987,8
02/15/1988,12
02/15/1989,3
02/15/1990,19
02/15/1991,14
02/15/1992,8
02/15/1993,23
02/15/1994,49
02/15/1995,35
02/15/1996,108
02/15/1997,6
02/15/1998,9
02/15/1999,49
02/15/2000,118
02/15/2001,40
02/15/2002,61
02/15/2003,5
02/15/2004,7
02/15/2005,129
02/15/2006,57
02/15/2007,38
02/15/2008,190
02/15/2009,10
02/15/2010,51
02/15/2011,77
02/15/2012,139
02/15/2013,94
02/15/2014,3
02/15/2015,1
02/15/2016,75
02/15/2017,89
02/15/2018,123
02/15/2019,149
02/15/2020,25
02/15/2021,54
02/15/2022,179
02/15/2023,124
02/15/2024,452
02/15/2025,3
02/15/2026,5
02/16/1965,1
02/16/1967,2
02/16/1968,1
02/16/1970,4
02/16/1971,36
02/16/1972,36
02/16/1976,2
02/16/1977,1
02/16/1978,5
02/16/1979,3
02/16/1980,3
02/16/1981,8
02/16/1982,12
02/16/1983,6
02/16/1984,16
02/16/1985,1
02/16/1987,2
02/16/1988,67
02/16/1989,2
02/16/1990,19
02/16/1991,3
02/16/1992,8
02/16/1993,98
02/16/1994,48
02/16/1995,39
02/16/1996,102
02/16/1997,2
02/16/1998,31
02/16/1999,118
02/16/2000,131
02/16/2001,65
02/16/2003,6
02/16/2004,69
02/16/2005,67
02/16/2006,47
02/16/2007,49
02/16/2008,9
02/16/2009,75
02/16/2010,129
02/16/2011,124
02/16/2012,186
02/16/2013,4
02/16/2014,1
02/16/2015,21
02/16/2016,256
02/16/2017,117
02/16/2018,175
02/16/2019,1
02/16/2020,25
02/16/2021,48
02/16/2022,75
02/16/2023,209
02/16/2024,499
02/16/2025,8
02/16/2026,140
02/17/1960,1
02/17/1964,1
02/17/1966,2
02/17/1967,5
02/17/1970,1
02/17/1972,32
02/17/1976,27
02/17/1977,3
02/17/1978,2
02/17/1981,42
02/17/1982,6
02/17/1983,9
02/17/1984,14
02/17/1985,1
02/17/1986,2
02/17/1987,9
02/17/1988,74
02/17/1989,9
02/17/1991,2
02/17/1992,23
02/17/1993,15
02/17/1994,33
02/17/1995,32
02/17/1996,43
02/17/1997,8
02/17/1998,88
02/17/1999,32
02/17/2000,131
02/17/2001,4
02/17/2003,14
02/17/2004,123
02/17/2005,51
02/17/2006,66
02/17/2007,5
02/17/2008,17
02/17/2009,138
02/17/2010,104
02/17/2011,115
02/17/2012,198
02/17/2013,3
02/17/2014,33
02/17/2015,83
02/17/2016,315
02/17/2017,102
02/17/2018,17
02/17/2019,6
02/17/2020,127
02/17/2021,230
02/17/2022,103
02/17/2023,202
02/17/2024,40
02/17/2025,153
02/17/2026,323
02/18/1963,2
02/18/1969,1
02/18/1972,42
02/18/1974,1
02/18/1975,2
02/18/1976,9
02/18/1978,2
02/18/1980,8
02/18/1981,1
02/18/1982,2
02/18/1983,1
02/18/1985,1
02/18/1986,20
02/18/1987,9
02/18/1988,47
02/18/1989,4
02/18/1990,1
02/18/1991,2
02/18/1992,116
02/18/1993,11
02/18/1994,28
02/18/1995,1
02/18/1996,13
02/18/1997,52
02/18/1998,71
02/18/1999,40
02/18/2000,69
02/18/2001,33
02/18/2002,13
02/18/2003,85
02/18/2004,168
02/18/2005,47
02/18/2006,4
02/18/2007,5
02/18/2008,53
02/18/2009,79
02/18/2010,105
02/18/2011,87
02/18/2012,6
02/18/2013,19
02/18/2014,126
02/18/2015,81
02/18/2016,280
02/18/2017,27
02/18/2018,4
02/18/2019,54
02/18/2020,455
02/18/2021,169
02/18/2022,276
02/18/2023,6
02/18/2024,16
02/18/2025,129
02/18/2026,270
02/19/1959,1
02/19/1963,1
02/19/1968,1
02/19/1972,11
02/19/1974,3
02/19/1975,3
02/19/1976,8
02/19/1979,2
02/19/1980,41
02/19/1981,5
02/19/1982,7
02/19/1983,1
02/19/1984,3
02/19/1985,10
02/19/1986,12
02/19/1987,3
02/19/1988,50
02/19/1989,1
02/19/1990,9
02/19/1991,5
02/19/1992,94
02/19/1993,5
02/19/1994,4
02/19/1995,2
02/19/1996,15
02/19/1997,59
02/19/1998,61
02/19/1999,31
02/19/2000,9
02/19/2001,6
02/19/2002,57
02/19/2003,101
02/19/2004,92
02/19/2005,4
02/19/2006,6
02/19/2007,22
02/19/2008,166
02/19/2009,66
02/19/2010,112
02/19/2012,7
02/19/2013,110
02/19/2014,98
02/19/2015,82
02/19/2016,325
02/19/2018,87
02/19/2019,122
02/19/2020,338
02/19/2021,165
02/19/2022,5
02/19/2023,2
02/19/2024,213
02/19/2025,179
02/19/2026,123
02/20/1963,1
02/20/1967,6
02/20/1968,1
02/20/1970,1
02/20/1973,2
02/20/1976,5
02/20/1979,7
02/20/1980,31
02/20/1981,2
02/20/1984,9
02/20/1985,8
02/20/1986,7
02/20/1987,9
02/20/1988,7
02/20/1989,4
02/20/1990,94
02/20/1991,13
02/20/1992,103
02/20/1993,4
02/20/1994,3
02/20/1995,41
02/20/1996,106
02/20/1997,38
02/20/1998,87
02/20/1999,2
02/20/2000,14
02/20/2001,29
02/20/2002,63
02/20/2003,83
02/20/2004,92
02/20/2005,6
02/20/2006,7
02/20/2007,62
02/20/2008,304
02/20/2009,62
02/20/2010,6
02/20/2011,5
02/20/2012,73
02/20/2013,65
02/20/2014,103
02/20/2015,89
02/20/2016,19
02/20/2017,17
02/20/2018,153
02/20/2019,81
02/20/2020,355
02/20/2021,8
02/20/2022,4
02/20/2023,56
02/20/2024,1866
02/20/2025,199
02/20/2026,172
02/21/1964,1
02/21/1967,5
02/21/1968,1
02/21/1971,4
02/21/1972,19
02/21/1974,3
02/21/1975,1
02/21/1978,4
02/21/1979,1
02/21/1980,21
02/21/1983,1
02/21/1984,37
02/21/1985,3
02/21/1986,8
02/21/1987,1
02/21/1988,6
02/21/1989,9
02/21/1990,70
02/21/1991,11
02/21/1992,79
02/21/1993,1
02/21/1994,15
02/21/1995,27
02/21/1996,111
02/21/1997,46
02/21/1998,8
02/21/1999,1
02/21/2000,19
02/21/2001,33
02/21/2002,45
02/21/2003,131
02/21/2004,7
02/21/2005,7
02/21/2006,73
02/21/2007,51
02/21/2008,126
02/21/2009,6
02/21/2010,3
02/21/2011,15
02/21/2012,176
02/21/2013,10
02/21/2014,128
02/21/2015,2
02/21/2016,10
02/21/2017,245
02/21/2018,135
02/21/2019,90
02/21/2020,434
02/21/2021,5
02/21/2022,29
02/21/2023,299
02/21/2024,71
02/21/2025,128
02/21/2026,5
02/22/1967,1
02/22/1968,2
02/22/1971,1
02/22/1972,28
02/22/1974,1
02/22/1975,2
02/22/1976,1
02/22/1977,3
02/22/1978,2
02/22/1979,4
02/22/1980,26
02/22/1982,6
02/22/1983,6
02/22/1984,37
02/22/1985,11
02/22/1986,4
02/22/1987,3
02/22/1988,46
02/22/1989,11
02/22/1990,28
02/22/1991,9
02/22/1992,23
02/22/1993,8
02/22/1994,34
02/22/1995,36
02/22/1996,184
02/22/1997,4
02/22/1998,6
02/22/1999,61
02/22/2000,103
02/22/2001,25
02/22/2002,61
02/22/2003,11
02/22/2004,12
02/22/2005,53
02/22/2006,58
02/22/2007,45
02/22/2008,174
02/22/2009,4
02/22/2010,132
02/22/2011,90
02/22/2012,125
02/22/2013,96
02/22/2014,4
02/22/2015,3
02/22/2016,331
02/22/2017,101
02/22/2018,122
02/22/2019,133
02/22/2020,32
02/22/2021,353
02/22/2022,219
02/22/2023,360
02/22/2024,42
02/22/2025,2
02/22/2026,11
02/23/1956,1
02/23/1962,1
02/23/1963,1
02/23/1965,1
02/23/1968,1
02/23/1972,35
02/23/1976,3
02/23/1977,3
02/23/1978,6
02/23/1979,2
02/23/1980,3
02/23/1981,4
02/23/1982,5
02/23/1983,2
02/23/1984,29
02/23/1986,1
02/23/1987,9
02/23/1988,45
02/23/1989,7
02/23/1990,41
02/23/1991,3
02/23/1992,15
02/23/1993,1
02/23/1994,29
02/23/1995,25
02/23/1996,112
02/23/1997,8
02/23/1998,27
02/23/1999,146
02/23/2000,77
02/23/2001,14
02/23/2003,3
02/23/2004,214
02/23/2005,45
02/23/2006,82
02/23/2007,93
02/23/2008,16
02/23/2009,86
02/23/2010,71
02/23/2011,119
02/23/2012,259
02/23/2013,5
02/23/2014,1
02/23/2015,111
02/23/2016,318
02/23/2017,97
02/23/2018,245
02/23/2019,3
02/23/2020,35
02/23/2021,66
02/23/2022,194
02/23/2023,335
02/23/2024,54
02/23/2025,4
02/23/2026,301
02/24/1967,1
02/24/1970,1
02/24/1972,26
02/24/1975,1
02/24/1976,12
02/24/1978,3
02/24/1980,2
02/24/1981,2
02/24/1982,3
02/24/1983,6
02/24/1984,22
02/24/1986,9
02/24/1987,7
02/24/1988,47
02/24/1989,6
02/24/1990,5
02/24/1991,3
02/24/1992,97
02/24/1993,5
02/24/1994,40
02/24/1995,38
02/24/1996,55
02/24/1997,17
02/24/1998,93
02/24/1999,176
02/24/2000,68
02/24/2001,1
02/24/2002,5
02/24/2003,22
02/24/2004,106
02/24/2005,59
02/24/2006,99
02/24/2007,5
02/24/2008,10
02/24/2009,50
02/24/2010,81
02/24/2011,75
02/24/2012,246
02/24/2013,4
02/24/2014,170
02/24/2015,105
02/24/2016,274
02/24/2017,166
02/24/2018,20
02/24/2019,6
02/24/2020,582
02/24/2021,183
02/24/2022,173
02/24/2023,265
02/24/2024,17
02/24/2025,450
02/24/2026,114
02/25/1955,1
02/25/1963,2
02/25/1970,1
02/25/1972,39
02/25/1974,5
02/25/1976,12
02/25/1977,1
02/25/1980,40
02/25/1981,3
02/25/1982,4
02/25/1983,4
02/25/1984,5
02/25/1985,13
02/25/1986,8
02/25/1987,4
02/25/1988,38
02/25/1989,1
02/25/1990,4
02/25/1991,12
02/25/1992,90
02/25/1993,6
02/25/1994,28
02/25/1995,5
02/25/1996,6
02/25/1997,107
02/25/1998,85
02/25/1999,213
02/25/2000,86
02/25/2002,40
02/25/2003,141
02/25/2004,81
02/25/2005,63
02/25/2006,3
02/25/2007,1
02/25/2008,153
02/25/2009,68
02/25/2010,135
02/25/2011,98
02/25/2012,1
02/25/2013,33
02/25/2014,98
02/25/2015,120
02/25/2016,279
02/25/2017,16
02/25/2018,11
02/25/2019,406
02/25/2020,230
02/25/2021,162
02/25/2022,207
02/25/2023,6
02/25/2024,4
02/25/2025,111
02/25/2026,89
02/26/1968,2
02/26/1970,2
02/26/1972,5
02/26/1974,4
02/26/1976,13
02/26/1979,1
02/26/1980,52
02/26/1981,2
02/26/1982,5
02/26/1983,2
02/26/1984,1
02/26/1985,28
02/26/1986,23
02/26/1987,7
02/26/1988,43
02/26/1989,3
02/26/1990,42
02/26/1991,20
02/26/1992,78
02/26/1993,3
02/26/1994,6
02/26/1995,2
02/26/1996,81
02/26/1997,158
02/26/1998,61
02/26/1999,38
02/26/2000,11
02/26/2001,16
02/26/2002,79
02/26/2003,90
02/26/2004,148
02/26/2005,3
02/26/2006,2
02/26/2007,50
02/26/2008,134
02/26/2009,78
02/26/2010,105
02/26/2011,3
02/26/2012,7
02/26/2013,51
02/26/2014,86
02/26/2015,65
02/26/2016,328
02/26/2017,2
02/26/2018,221
02/26/2019,163
02/26/2020,457
02/26/2021,162
02/26/2022,7
02/26/2023,3
02/26/2024,49
02/26/2025,88
02/26/2026,150
02/27/1959,2
02/27/1967,2
02/27/1972,1
02/27/1974,2
02/27/1976,12
02/27/1978,10
02/27/1979,8
02/27/1980,70
02/27/1981,1
02/27/1984,31
02/27/1985,62
02/27/1986,12
02/27/1987,8
02/27/1988,5
02/27/1989,13
02/27/1990,34
02/27/1991,331
02/27/1992,69
02/27/1993,4
02/27/1994,1
02/27/1995,11
02/27/1996,141
02/27/1997,56
02/27/1998,107
02/27/1999,3
02/27/2000,5
02/27/2001,56
02/27/2002,52
02/27/2003,79
02/27/2004,110
02/27/2005,2
02/27/2006,57
02/27/2007,103
02/27/2008,143
02/27/2009,74
02/27/2010,2
02/27/2011,1
02/27/2012,199
02/27/2013,268
02/27/2014,142
02/27/2015,112
02/27/2016,32
02/27/2017,189
02/27/2018,122
02/27/2019,173
02/27/2020,405
02/27/2021,1
02/27/2022,11
02/27/2023,428
02/27/2024,26
02/27/2025,228
02/27/2026,141
02/28/1959,1
02/28/1961,1
02/28/1963,1
02/28/1966,2
02/28/1967,5
02/28/1968,1
02/28/1970,1
02/28/1972,44
02/28/1973,1
02/28/1974,3
02/28/1975,1
02/28/1976,2
02/28/1977,1
02/28/1978,7
02/28/1979,1
02/28/1980,65
02/28/1983,4
02/28/1984,25
02/28/1985,15
02/28/1986,16
02/28/1988,13
02/28/1989,12
02/28/1990,43
02/28/1991,54
02/28/1992,87
02/28/1993,3
02/28/1994,36
02/28/1995,60
02/28/1996,159
02/28/1997,115
02/28/1998,13
02/28/1999,7
02/28/2000,117
02/28/2001,54
02/28/2002,54
02/28/2003,98
02/28/2004,14
02/28/2005,34
02/28/2006,99
02/28/2007,137
02/28/2008,137
02/28/2009,2
02/28/2010,2
02/28/2011,85
02/28/2012,177
02/28/2013,109
02/28/2014,147
02/28/2015,4
02/28/2016,20
02/28/2017,85
02/28/2018,108
02/28/2019,159
02/28/2020,449
02/28/2021,2
02/28/2022,339
02/28/2023,105
02/28/2024,27
02/28/2025,217
02/28/2026,9
02/29/1956,1
02/29/1960,1
02/29/1972,48
02/29/1980,60
02/29/1984,41
02/29/1988,47
02/29/1992,39
02/29/1996,138
02/29/2000,97
02/29/2004,3
02/29/2008,108
02/29/2012,428
02/29/2016,464
02/29/2020,18
02/29/2024,21
03/01/1960,1
03/01/1963,2
03/01/1965,1
03/01/1967,1
03/01/1972,31
03/01/1973,1
03/01/1974,4
03/01/1975,5
03/01/1976,11
03/01/1977,1
03/01/1978,9
03/01/1979,9
03/01/1980,31
03/01/1982,11
03/01/1983,11
03/01/1984,24
03/01/1985,21
03/01/1986,1
03/01/1987,1
03/01/1988,59
03/01/1989,111
03/01/1990,22
03/01/1991,35
03/01/1992,19
03/01/1993,16
03/01/1994,33
03/01/1995,566
03/01/1996,134
03/01/1997,21
03/01/1998,9
03/01/1999,14
03/01/2000,158
03/01/2001,43
03/01/2002,51
03/01/2003,6
03/01/2004,132
03/01/2005,137
03/01/2006,77
03/01/2007,81
03/01/2008,10
03/01/2009,5
03/01/2010,97
03/01/2011,94
03/01/2012,183
03/01/2013,117
03/01/2014,1
03/01/2016,344
03/01/2017,96
03/01/2018,154
03/01/2019,211
03/01/2020,39
03/01/2021,257
03/01/2022,138
03/01/2023,227
03/01/2024,28
03/01/2025,8
03/01/2026,17
03/02/1956,1
03/02/1963,1
03/02/1968,2
03/02/1972,24
03/02/1976,8
03/02/1977,1
03/02/1978,4
03/02/1979,2
03/02/1980,2
03/02/1981,3
03/02/1982,8
03/02/1983,62
03/02/1984,24
03/02/1985,1
03/02/1986,1
03/02/1987,7
03/02/1988,45
03/02/1989,20
03/02/1990,31
03/02/1991,8
03/02/1992,112
03/02/1993,15
03/02/1994,38
03/02/1995,103
03/02/1996,14
03/02/1997,9
03/02/1998,34
03/02/1999,61
03/02/2000,114
03/02/2001,38
03/02/2002,3
03/02/2003,2
03/02/2004,172
03/02/2005,117
03/02/2006,78
03/02/2007,124
03/02/2008,12
03/02/2009,86
03/02/2010,133
03/02/2011,377
03/02/2012,187
03/02/2013,8
03/02/2014,1
03/02/2015,89
03/02/2016,426
03/02/2017,143
03/02/2018,160
03/02/2019,3
03/02/2020,536
03/02/2021,234
03/02/2022,174
03/02/2023,219
03/02/2024,3
03/02/2025,4
03/02/2026,352
03/03/1959,1
03/03/1964,1
03/03/1970,4
03/03/1972,17
03/03/1975,2
03/03/1976,13
03/03/1977,2
03/03/1978,7
03/03/1979,1
03/03/1980,73
03/03/1981,2
03/03/1982,4
03/03/1983,22
03/03/1984,16
03/03/1985,3
03/03/1986,11
03/03/1987,17
03/03/1988,44
03/03/1989,40
03/03/1990,8
03/03/1991,1
03/03/1992,104
03/03/1993,172
03/03/1994,45
03/03/1995,99
03/03/1996,16
03/03/1997,40
03/03/1998,111
03/03/1999,159
03/03/2000,112
03/03/2001,6
03/03/2002,1
03/03/2003,129
03/03/2004,127
03/03/2005,181
03/03/2006,149
03/03/2007,7
03/03/2008,135
03/03/2009,68
03/03/2010,122
03/03/2011,126
03/03/2012,9
03/03/2013,3
03/03/2014,166
03/03/2015,81
03/03/2016,431
03/03/2017,165
03/03/2018,28
03/03/2019,4
03/03/2020,280
03/03/2021,204
03/03/2022,257
03/03/2023,238
03/03/2024,6
03/03/2025,568
03/03/2026,149
03/04/1957,1
03/04/1964,1
03/04/1967,1
03/04/1970,1
03/04/1972,10
03/04/1974,2
03/04/1975,1
03/04/1976,7
03/04/1977,2
03/04/1978,6
03/04/1980,67
03/04/1981,3
03/04/1982,7
03/04/1983,12
03/04/1984,1
03/04/1985,27
03/04/1986,13
03/04/1987,144
03/04/1988,28
03/04/1989,9
03/04/1990,2
03/04/1991,48
03/04/1992,124
03/04/1993,47
03/04/1994,29
03/04/1995,12
03/04/1996,91
03/04/1997,102
03/04/1998,67
03/04/1999,95
03/04/2000,15
03/04/2001,1
03/04/2002,39
03/04/2003,89
03/04/2004,101
03/04/2005,124
03/04/2006,18
03/04/2007,4
03/04/2008,128
03/04/2009,133
03/04/2010,116
03/04/2011,113
03/04/2012,11
03/04/2013,95
03/04/2014,96
03/04/2015,261
03/04/2016,592
03/04/2017,17
03/04/2018,2
03/04/2019,289
03/04/2020,545
03/04/2021,155
03/04/2022,175
03/04/2023,2
03/04/2024,32
03/04/2025,96
03/04/2026,182
03/05/1955,1
03/05/1968,1
03/05/1970,1
03/05/1974,6
03/05/1975,22
03/05/1976,6
03/05/1979,4
03/05/1980,149
03/05/1981,2
03/05/1982,13
03/05/1983,2
03/05/1984,32
03/05/1985,9
03/05/1986,11
03/05/1987,44
03/05/1988,15
03/05/1989,3
03/05/1990,29
03/05/1991,35
03/05/1992,127
03/05/1993,40
03/05/1994,77
03/05/1995,7
03/05/1996,135
03/05/1997,74
03/05/1998,75
03/05/1999,71
03/05/2000,18
03/05/2001,40
03/05/2002,71
03/05/2003,69
03/05/2004,128
03/05/2005,4
03/05/2006,15
03/05/2007,89
03/05/2008,171
03/05/2009,97
03/05/2010,167
03/05/2011,8
03/05/2012,175
03/05/2013,128
03/05/2014,107
03/05/2015,95
03/05/2016,287
03/05/2018,246
03/05/2019,127
03/05/2020,383
03/05/2021,163
03/05/2022,9
03/05/2023,3
03/05/2024,52
03/05/2025,94
03/05/2026,336
03/06/1959,1
03/06/1963,2
03/06/1967,1
03/06/1968,2
03/06/1969,3
03/06/1970,2
03/06/1972,26
03/06/1973,2
03/06/1974,5
03/06/1975,26
03/06/1978,14
03/06/1979,4
03/06/1980,160
03/06/1981,4
03/06/1984,42
03/06/1985,17
03/06/1986,21
03/06/1987,41
03/06/1988,12
03/06/1989,34
03/06/1990,37
03/06/1991,32
03/06/1992,104
03/06/1993,7
03/06/1994,43
03/06/1995,96
03/06/1996,119
03/06/1997,85
03/06/1998,82
03/06/1999,11
03/06/2000,90
03/06/2001,42
03/06/2002,43
03/06/2003,78
03/06/2004,17
03/06/2005,12
03/06/2006,62
03/06/2007,85
03/06/2008,112
03/06/2009,91
03/06/2010,1
03/06/2011,4
03/06/2012,129
03/06/2013,88
03/06/2014,113
03/06/2015,126
03/06/2016,54
03/06/2017,152
03/06/2018,179
03/06/2019,200
03/06/2020,513
03/06/2021,3
03/06/2022,14
03/06/2023,383
03/06/2024,40
03/06/2025,246
03/06/2026,210
03/07/1963,3
03/07/1968,4
03/07/1969,2
03/07/1972,32
03/07/1973,9
03/07/1974,2
03/07/1975,23
03/07/1976,1
03/07/1977,4
03/07/1978,30
03/07/1979,42
03/07/1980,223
03/07/1983,26
03/07/1984,31
03/07/1985,15
03/07/1986,15
03/07/1987,11
03/07/1988,44
03/07/1989,43
03/07/1990,28
03/07/1991,46
03/07/1992,76
03/07/1993,6
03/07/1994,152
03/07/1995,112
03/07/1996,120
03/07/1997,92
03/07/1998,5
03/07/1999,4
03/07/2000,176
03/07/2001,66
03/07/2002,95
03/07/2003,71
03/07/2004,23
03/07/2005,108
03/07/2006,111
03/07/2007,89
03/07/2008,127
03/07/2009,2
03/07/2010,2
03/07/2011,90
03/07/2012,146
03/07/2013,114
03/07/2014,148
03/07/2015,2
03/07/2016,640
03/07/2017,76
03/07/2018,162
03/07/2019,207
03/07/2020,80
03/07/2021,1
03/07/2022,349
03/07/2023,89
03/07/2024,48
03/07/2025,210
03/07/2026,16
03/08/1956,1
03/08/1957,1
03/08/1959,1
03/08/1963,1
03/08/1965,1
03/08/1967,2
03/08/1968,2
03/08/1972,30
03/08/1973,9
03/08/1974,5
03/08/1975,4
03/08/1976,14
03/08/1977,3
03/08/1978,8
03/08/1979,40
03/08/1980,45
03/08/1981,1
03/08/1982,17
03/08/1983,28
03/08/1984,29
03/08/1985,32
03/08/1986,8
03/08/1987,8
03/08/1988,74
03/08/1989,23
03/08/1990,28
03/08/1991,59
03/08/1992,13
03/08/1993,61
03/08/1994,83
03/08/1995,74
03/08/1996,133
03/08/1997,16
03/08/1998,6
03/08/1999,55
03/08/2000,160
03/08/2001,51
03/08/2002,78
03/08/2003,9
03/08/2004,124
03/08/2005,320
03/08/2006,69
03/08/2007,61
03/08/2008,13
03/08/2010,142
03/08/2011,105
03/08/2012,172
03/08/2013,180
03/08/2014,4
03/08/2015,1
03/08/2016,536
03/08/2017,105
03/08/2018,180
03/08/2019,245
03/08/2020,41
03/08/2021,240
03/08/2022,73
03/08/2023,303
03/08/2024,37
03/08/2025,31
03/08/2026,10
03/09/1960,1
03/09/1962,5
03/09/1963,1
03/09/1965,1
03/09/1968,1
03/09/1971,2
03/09/1972,43
03/09/1973,16
03/09/1975,1
03/09/1976,9
03/09/1977,24
03/09/1978,11
03/09/1979,40
03/09/1980,5
03/09/1981,7
03/09/1982,11
03/09/1983,25
03/09/1984,35
03/09/1986,1
03/09/1987,46
03/09/1988,60
03/09/1989,39
03/09/1990,36
03/09/1991,22
03/09/1992,102
03/09/1993,38
03/09/1994,64
03/09/1995,117
03/09/1996,23
03/09/1997,6
03/09/1998,12
03/09/1999,59
03/09/2000,125
03/09/2001,79
03/09/2002,5
03/09/2003,6
03/09/2004,166
03/09/2005,120
03/09/2006,89
03/09/2007,76
03/09/2008,13
03/09/2009,96
03/09/2010,107
03/09/2011,130
03/09/2012,231
03/09/2013,7
03/09/2014,4
03/09/2015,307
03/09/2016,451
03/09/2017,121
03/09/2018,250
03/09/2019,4
03/09/2020,631
03/09/2021,166
03/09/2022,170
03/09/2023,245
03/09/2024,9
03/09/2025,9
03/09/2026,346
03/10/1959,1
03/10/1964,1
03/10/1967,10
03/10/1969,6
03/10/1970,2
03/10/1971,9
03/10/1972,48
03/10/1973,2
03/10/1975,29
03/10/1976,15
03/10/1977,20
03/10/1978,12
03/10/1979,5
03/10/1980,474
03/10/1981,5
03/10/1982,10
03/10/1983,27
03/10/1984,5
03/10/1985,4
03/10/1986,34
03/10/1987,29
03/10/1988,40
03/10/1989,32
03/10/1990,6
03/10/1991,4
03/10/1992,146
03/10/1993,39
03/10/1994,54
03/10/1995,124
03/10/1996,27
03/10/1997,53
03/10/1998,113
03/10/1999,81
03/10/2000,136
03/10/2001,10
03/10/2003,117
03/10/2004,193
03/10/2005,111
03/10/2006,98
03/10/2007,3
03/10/2008,108
03/10/2009,91
03/10/2010,110
03/10/2011,117
03/10/2012,16
03/10/2013,6
03/10/2014,149
03/10/2015,233
03/10/2016,380
03/10/2017,122
03/10/2018,16
03/10/2019,2
03/10/2020,328
03/10/2021,179
03/10/2022,257
03/10/2023,204
03/10/2024,15
03/10/2025,733
03/10/2026,145
03/11/1960,6
03/11/1965,1
03/11/1966,2
03/11/1967,1
03/11/1968,6
03/11/1969,11
03/11/1970,3
03/11/1971,14
03/11/1972,5
03/11/1974,12
03/11/1975,91
03/11/1976,16
03/11/1977,16
03/11/1978,2
03/11/1979,2
03/11/1980,738
03/11/1981,39
03/11/1982,12
03/11/1983,41
03/11/1984,3
03/11/1985,55
03/11/1986,21
03/11/1987,36
03/11/1988,66
03/11/1989,36
03/11/1990,1
03/11/1991,59
03/11/1992,114
03/11/1993,33
03/11/1994,43
03/11/1995,22
03/11/1996,113
03/11/1997,99
03/11/1998,71
03/11/1999,89
03/11/2000,12
03/11/2001,4
03/11/2002,65
03/11/2003,121
03/11/2004,152
03/11/2005,94
03/11/2006,8
03/11/2007,3
03/11/2008,134
03/11/2009,82
03/11/2010,139
03/11/2011,102
03/11/2012,7
03/11/2013,160
03/11/2014,129
03/11/2015,106
03/11/2016,384
03/11/2017,33
03/11/2018,2
03/11/2019,277
03/11/2020,362
03/11/2021,167
03/11/2022,328
03/11/2023,8
03/11/2024,36
03/11/2025,433
03/11/2026,315
03/12/1962,1
03/12/1963,2
03/12/1964,1
03/12/1965,3
03/12/1966,3
03/12/1968,4
03/12/1970,1
03/12/1971,6
03/12/1973,24
03/12/1974,19
03/12/1975,2
03/12/1976,18
03/12/1977,2
03/12/1979,97
03/12/1980,3
03/12/1981,18
03/12/1982,16
03/12/1983,8
03/12/1984,58
03/12/1985,66
03/12/1986,3
03/12/1987,32
03/12/1988,19
03/12/1989,5
03/12/1990,37
03/12/1991,56
03/12/1992,116
03/12/1993,27
03/12/1994,31
03/12/1995,7
03/12/1996,186
03/12/1997,79
03/12/1998,81
03/12/1999,98
03/12/2000,24
03/12/2001,116
03/12/2002,68
03/12/2003,144
03/12/2004,121
03/12/2005,13
03/12/2006,8
03/12/2007,113
03/12/2008,103
03/12/2009,100
03/12/2010,141
03/12/2011,3
03/12/2012,197
03/12/2013,213
03/12/2014,79
03/12/2015,147
03/12/2016,37
03/12/2017,3
03/12/2018,235
03/12/2019,136
03/12/2020,394
03/12/2021,228
03/12/2022,4
03/12/2023,2
03/12/2024,90
03/12/2025,526
03/12/2026,1354
03/13/1962,1
03/13/1964,3
03/13/1967,3
03/13/1970,2
03/13/1971,3
03/13/1972,31
03/13/1973,32
03/13/1974,2
03/13/1976,9
03/13/1978,20
03/13/1979,198
03/13/1981,24
03/13/1982,7
03/13/1983,4
03/13/1984,66
03/13/1985,5
03/13/1986,8
03/13/1987,51
03/13/1988,7
03/13/1989,71
03/13/1990,46
03/13/1991,91
03/13/1992,157
03/13/1993,3
03/13/1994,4
03/13/1995,54
03/13/1996,133
03/13/1997,105
03/13/1998,75
03/13/1999,9
03/13/2000,104
03/13/2001,115
03/13/2002,39
03/13/2003,113
03/13/2004,17
03/13/2005,13
03/13/2006,34
03/13/2007,98
03/13/2008,122
03/13/2009,105
03/13/2010,8
03/13/2011,4
03/13/2012,278
03/13/2013,44
03/13/2014,77
03/13/2015,153
03/13/2016,93
03/13/2017,168
03/13/2018,151
03/13/2019,195
03/13/2020,401
03/13/2021,6
03/13/2022,11
03/13/2023,402
03/13/2024,34
03/13/2025,540
03/13/2026,1254
03/14/1959,1
03/14/1963,1
03/14/1964,1
03/14/1967,2
03/14/1972,55
03/14/1974,8
03/14/1975,1
03/14/1977,44
03/14/1978,23
03/14/1979,4
03/14/1982,2
03/14/1983,88
03/14/1984,34
03/14/1985,4
03/14/1986,14
03/14/1987,13
03/14/1988,87
03/14/1989,138
03/14/1990,15
03/14/1991,115
03/14/1992,25
03/14/1993,9
03/14/1994,73
03/14/1995,146
03/14/1996,132
03/14/1997,117
03/14/1998,10
03/14/1999,8
03/14/2000,168
03/14/2001,119
03/14/2002,66
03/14/2003,185
03/14/2004,5
03/14/2005,111
03/14/2006,63
03/14/2007,117
03/14/2008,144
03/14/2009,3
03/14/2010,6
03/14/2011,220
03/14/2012,137
03/14/2013,52
03/14/2014,150
03/14/2015,16
03/14/2016,419
03/14/2017,95
03/14/2018,226
03/14/2019,202
03/14/2020,23
03/14/2021,12
03/14/2022,482
03/14/2023,110
03/14/2024,59
03/14/2025,827
03/14/2026,12
03/15/1958,1
03/15/1963,1
03/15/1966,3
03/15/1967,1
03/15/1968,1
03/15/1971,16
03/15/1972,31
03/15/1976,29
03/15/1977,84
03/15/1978,3
03/15/1979,1
03/15/1982,33
03/15/1983,111
03/15/1984,26
03/15/1985,1
03/15/1986,5
03/15/1987,5
03/15/1988,73
03/15/1989,10
03/15/1990,14
03/15/1991,175
03/15/1992,31
03/15/1993,81
03/15/1994,71
03/15/1995,135
03/15/1996,177
03/15/1997,15
03/15/1998,10
03/15/1999,69
03/15/2000,154
03/15/2001,140
03/15/2002,74
03/15/2003,19
03/15/2004,126
03/15/2005,105
03/15/2006,55
03/15/2007,129
03/15/2008,12
03/15/2009,2
03/15/2010,166
03/15/2011,121
03/15/2012,141
03/15/2013,50
03/15/2014,22
03/15/2015,55
03/15/2016,395
03/15/2017,198
03/15/2018,227
03/15/2019,198
03/15/2020,25
03/15/2021,344
03/15/2022,299
03/15/2023,263
03/15/2024,34
03/15/2025,11
03/15/2026,4
03/16/1956,1
03/16/1964,2
03/16/1967,1
03/16/1970,5
03/16/1971,35
03/16/1972,10
03/16/1973,1
03/16/1976,39
03/16/1977,1
03/16/1978,3
03/16/1980,1
03/16/1981,42
03/16/1982,42
03/16/1983,2
03/16/1984,30
03/16/1987,108
03/16/1988,34
03/16/1989,1
03/16/1990,25
03/16/1991,86
03/16/1992,178
03/16/1993,49
03/16/1994,64
03/16/1995,133
03/16/1996,34
03/16/1997,20
03/16/1998,37
03/16/1999,105
03/16/2000,119
03/16/2001,153
03/16/2003,21
03/16/2004,166
03/16/2005,110
03/16/2006,75
03/16/2007,107
03/16/2008,9
03/16/2009,107
03/16/2010,82
03/16/2011,118
03/16/2012,145
03/16/2013,2
03/16/2014,2
03/16/2015,338
03/16/2016,382
03/16/2017,141
03/16/2018,190
03/16/2019,3
03/16/2020,475
03/16/2021,156
03/16/2022,475
03/16/2023,313
03/16/2024,10
03/16/2025,6
03/16/2026,1600
03/17/1955,1
03/17/1964,1
03/17/1970,1
03/17/1972,24
03/17/1976,12
03/17/1978,1
03/17/1979,1
03/17/1980,2
03/17/1981,67
03/17/1982,5
03/17/1983,2
03/17/1984,2
03/17/1986,14
03/17/1987,136
03/17/1988,21
03/17/1989,2
03/17/1990,16
03/17/1991,57
03/17/1992,138
03/17/1993,41
03/17/1994,55
03/17/1995,132
03/17/1996,12
03/17/1997,167
03/17/1998,113
03/17/1999,101
03/17/2000,173
03/17/2001,12
03/17/2002,3
03/17/2003,541
03/17/2004,147
03/17/2005,155
03/17/2006,92
03/17/2007,29
03/17/2008,204
03/17/2009,111
03/17/2010,112
03/17/2011,161
03/17/2012,7
03/17/2013,3
03/17/2014,139
03/17/2015,396
03/17/2016,322
03/17/2017,151
03/17/2018,8
03/17/2019,5
03/17/2020,201
03/17/2021,227
03/17/2022,440
03/17/2023,290
03/17/2024,3
03/17/2025,734
03/17/2026,976
03/17/2206,1
03/18/1960,1
03/18/1963,1
03/18/1968,2
03/18/1972,1
03/18/1974,1
03/18/1976,6
03/18/1977,1
03/18/1978,1
03/18/1980,1
03/18/1981,3
03/18/1982,8
03/18/1983,2
03/18/1984,1
03/18/1985,5
03/18/1986,8
03/18/1987,5
03/18/1988,41
03/18/1990,15
03/18/1991,28
03/18/1992,159
03/18/1993,47
03/18/1994,77
03/18/1995,56
03/18/1996,158
03/18/1997,57
03/18/1998,104
03/18/1999,123
03/18/2000,26
03/18/2001,19
03/18/2002,77
03/18/2003,96
03/18/2004,126
03/18/2005,162
03/18/2006,6
03/18/2007,12
03/18/2008,87
03/18/2009,124
03/18/2010,123
03/18/2011,181
03/18/2012,9
03/18/2013,19
03/18/2014,115
03/18/2015,95
03/18/2016,270
03/18/2017,160
03/18/2018,3
03/18/2019,277
03/18/2020,313
03/18/2021,227
03/18/2022,291
03/18/2023,9
03/18/2024,19
03/18/2025,200
03/18/2026,723
03/18/2206,2
03/19/1958,1
03/19/1960,1
03/19/1963,4
03/19/1968,6
03/19/1974,2
03/19/1976,8
03/19/1980,2
03/19/1982,4
03/19/1983,1
03/19/1984,28
03/19/1985,5
03/19/1986,12
03/19/1987,2
03/19/1988,10
03/19/1989,1
03/19/1990,33
03/19/1991,3
03/19/1992,219
03/19/1993,83
03/19/1994,39
03/19/1995,13
03/19/1996,88
03/19/1997,66
03/19/1998,87
03/19/1999,203
03/19/2000,18
03/19/2001,180
03/19/2002,52
03/19/2003,49
03/19/2004,145
03/19/2005,11
03/19/2006,9
03/19/2007,383
03/19/2008,93
03/19/2009,127
03/19/2010,158
03/19/2011,9
03/19/2012,85
03/19/2013,61
03/19/2014,80
03/19/2015,46
03/19/2016,24
03/19/2017,47
03/19/2018,238
03/19/2019,102
03/19/2020,326
03/19/2021,194
03/19/2022,18
03/19/2023,4
03/19/2024,74
03/19/2025,60
03/19/2026,589
03/20/1952,1
03/20/1959,1
03/20/1964,1
03/20/1968,4
03/20/1972,15
03/20/1974,2
03/20/1976,1
03/20/1978,4
03/20/1979,1
03/20/1981,4
03/20/1984,32
03/20/1985,2
03/20/1986,9
03/20/1987,1
03/20/1988,6
03/20/1990,28
03/20/1991,3
03/20/1992,381
03/20/1993,46
03/20/1994,32
03/20/1995,271
03/20/1996,115
03/20/1997,48
03/20/1998,124
03/20/1999,29
03/20/2000,327
03/20/2001,58
03/20/2002,55
03/20/2003,48
03/20/2004,6
03/20/2005,21
03/20/2006,114
03/20/2007,37
03/20/2008,76
03/20/2009,144
03/20/2010,13
03/20/2011,9
03/20/2012,115
03/20/2013,53
03/20/2014,91
03/20/2015,40
03/20/2016,8
03/20/2017,116
03/20/2018,110
03/20/2019,300
03/20/2020,248
03/20/2021,2
03/20/2022,10
03/20/2023,471
03/20/2024,754
03/20/2025,134
03/20/2026,484
03/21/1956,1
03/21/1960,2
03/21/1963,2
03/21/1966,2
03/21/1967,3
03/21/1968,4
03/21/1972,23
03/21/1974,3
03/21/1977,2
03/21/1978,2
03/21/1980,1
03/21/1982,1
03/21/1983,1
03/21/1984,26
03/21/1985,1
03/21/1986,5
03/21/1987,2
03/21/1988,37
03/21/1989,1
03/21/1990,22
03/21/1991,4
03/21/1992,203
03/21/1993,29
03/21/1994,144
03/21/1995,35
03/21/1996,101
03/21/1997,67
03/21/1998,20
03/21/1999,12
03/21/2000,117
03/21/2001,43
03/21/2002,55
03/21/2003,47
03/21/2004,9
03/21/2005,409
03/21/2006,70
03/21/2007,39
03/21/2008,101
03/21/2009,4
03/21/2010,12
03/21/2011,308
03/21/2012,118
03/21/2013,36
03/21/2014,103
03/21/2015,2
03/21/2016,394
03/21/2017,211
03/21/2018,110
03/21/2019,143
03/21/2020,26
03/21/2021,7
03/21/2022,382
03/21/2023,193
03/21/2024,253
03/21/2025,261
03/21/2026,12
03/22/1955,1
03/22/1956,1
03/22/1960,6
03/22/1961,1
03/22/1963,5
03/22/1965,1
03/22/1966,3
03/22/1967,4
03/22/1968,8
03/22/1972,34
03/22/1974,2
03/22/1976,6
03/22/1977,2
03/22/1978,3
03/22/1980,1
03/22/1981,1
03/22/1982,3
03/22/1984,30
03/22/1986,4
03/22/1988,32
03/22/1989,4
03/22/1990,13
03/22/1991,3
03/22/1992,145
03/22/1993,227
03/22/1994,34
03/22/1995,15
03/22/1996,112
03/22/1997,3
03/22/1998,6
03/22/1999,259
03/22/2000,66
03/22/2001,26
03/22/2002,67
03/22/2003,2
03/22/2004,243
03/22/2005,129
03/22/2006,63
03/22/2007,24
03/22/2008,4
03/22/2009,5
03/22/2010,179
03/22/2011,55
03/22/2012,121
03/22/2013,34
03/22/2014,4
03/22/2015,3
03/22/2016,347
03/22/2017,98
03/22/2018,174
03/22/2019,181
03/22/2020,20
03/22/2021,351
03/22/2022,208
03/22/2023,248
03/22/2024,438
03/22/2025,4
03/22/2026,6
03/22/2027,1
03/23/1956,1
03/23/1960,2
03/23/1961,2
03/23/1962,2
03/23/1964,1
03/23/1966,1
03/23/1967,4
03/23/1970,1
03/23/1972,15
03/23/1976,12
03/23/1978,1
03/23/1982,3
03/23/1983,3
03/23/1984,50
03/23/1985,1
03/23/1987,4
03/23/1988,31
03/23/1989,1
03/23/1990,17
03/23/1991,2
03/23/1992,1196
03/23/1993,115
03/23/1994,21
03/23/1995,28
03/23/1996,9
03/23/1997,4
03/23/1998,59
03/23/1999,160
03/23/2000,147
03/23/2001,39
03/23/2002,1
03/23/2003,5
03/23/2004,95
03/23/2005,63
03/23/2006,40
03/23/2007,45
03/23/2008,4
03/23/2009,260
03/23/2010,107
03/23/2011,62
03/23/2012,155
03/23/2013,1
03/23/2014,5
03/23/2015,50
03/23/2016,252
03/23/2017,109
03/23/2018,246
03/23/2019,11
03/23/2020,212
03/23/2021,83
03/23/2022,314
03/23/2023,272
03/23/2024,11
03/23/2025,6
03/23/2026,689
03/24/1960,2
03/24/1964,1
03/24/1966,1
03/24/1967,9
03/24/1972,29
03/24/1976,3
03/24/1978,2
03/24/1980,1
03/24/1981,1
03/24/1982,2
03/24/1984,4
03/24/1986,16
03/24/1987,3
03/24/1988,18
03/24/1990,7
03/24/1992,46
03/24/1993,4
03/24/1994,21
03/24/1995,35
03/24/1996,9
03/24/1997,9
03/24/1998,68
03/24/1999,92
03/24/2000,62
03/24/2001,1
03/24/2002,2
03/24/2003,31
03/24/2004,136
03/24/2005,51
03/24/2006,65
03/24/2007,2
03/24/2008,107
03/24/2009,46
03/24/2010,102
03/24/2011,50
03/24/2012,20
03/24/2013,2
03/24/2014,128
03/24/2015,40
03/24/2016,311
03/24/2017,100
03/24/2018,33
03/24/2019,8
03/24/2020,65
03/24/2021,208
03/24/2022,222
03/24/2023,279
03/24/2024,11
03/24/2025,718
03/24/2026,394
03/25/1954,1
03/25/1955,1
03/25/1960,8
03/25/1963,1
03/25/1964,2
03/25/1965,3
03/25/1966,3
03/25/1968,1
03/25/1972,1
03/25/1974,3
03/25/1976,8
03/25/1982,2
03/25/1984,1
03/25/1986,11
03/25/1987,4
03/25/1988,34
03/25/1990,1
03/25/1991,4
03/25/1992,40
03/25/1993,52
03/25/1994,17
03/25/1995,4
03/25/1996,29
03/25/1997,66
03/25/1998,65
03/25/1999,50
03/25/2000,2
03/25/2002,19
03/25/2003,45
03/25/2004,112
03/25/2005,38
03/25/2006,6
03/25/2008,107
03/25/2009,23
03/25/2010,97
03/25/2011,79
03/25/2012,4
03/25/2013,11
03/25/2014,65
03/25/2015,14
03/25/2016,269
03/25/2017,4
03/25/2018,6
03/25/2019,279
03/25/2020,108
03/25/2021,209
03/25/2022,251
03/25/2023,6
03/25/2024,567
03/25/2025,243
03/25/2026,399
03/26/1964,2
03/26/1965,3
03/26/1970,1
03/26/1972,2
03/26/1974,3
03/26/1976,9
03/26/1979,1
03/26/1980,1
03/26/1981,1
03/26/1982,8
03/26/1983,2
03/26/1984,28
03/26/1985,1
03/26/1986,13
03/26/1987,4
03/26/1988,24
03/26/1990,20
03/26/1992,7
03/26/1993,58
03/26/1994,5
03/26/1995,3
03/26/1996,126
03/26/1997,54
03/26/1998,64
03/26/1999,81
03/26/2000,5
03/26/2001,5
03/26/2002,78
03/26/2003,37
03/26/2004,101
03/26/2005,3
03/26/2006,2
03/26/2007,24
03/26/2008,100
03/26/2009,48
03/26/2010,99
03/26/2011,4
03/26/2012,104
03/26/2013,57
03/26/2014,57
03/26/2015,38
03/26/2016,25
03/26/2017,1
03/26/2018,250
03/26/2019,96
03/26/2020,91
03/26/2021,152
03/26/2022,10
03/26/2023,2
03/26/2024,300
03/26/2025,78
03/26/2026,408
03/27/1959,1
03/27/1962,1
03/27/1964,7
03/27/1967,1
03/27/1968,1
03/27/1972,16
03/27/1974,2
03/27/1976,3
03/27/1978,1
03/27/1979,1
03/27/1984,16
03/27/1986,6
03/27/1987,2
03/27/1988,2
03/27/1989,7
03/27/1990,24
03/27/1991,3
03/27/1992,8
03/27/1994,6
03/27/1995,11
03/27/1996,85
03/27/1997,54
03/27/1998,77
03/27/1999,1
03/27/2000,49
03/27/2001,28
03/27/2002,47
03/27/2003,49
03/27/2004,5
03/27/2005,2
03/27/2006,35
03/27/2007,45
03/27/2008,73
03/27/2009,31
03/27/2010,15
03/27/2012,147
03/27/2013,47
03/27/2014,92
03/27/2015,14
03/27/2016,76
03/27/2017,95
03/27/2018,159
03/27/2019,149
03/27/2020,91
03/27/2021,5
03/27/2022,5
03/27/2023,336
03/27/2024,607
03/27/2025,254
03/27/2026,390
03/28/1968,1
03/28/1972,11
03/28/1974,2
03/28/1978,9
03/28/1981,1
03/28/1984,16
03/28/1985,1
03/28/1986,7
03/28/1988,32
03/28/1989,2
03/28/1990,17
03/28/1991,2
03/28/1992,2
03/28/1994,23
03/28/1995,23
03/28/1996,82
03/28/1997,64
03/28/1998,9
03/28/1999,5
03/28/2000,104
03/28/2001,14
03/28/2002,57
03/28/2003,67
03/28/2004,1
03/28/2005,48
03/28/2006,87
03/28/2007,42
03/28/2008,89
03/28/2010,9
03/28/2011,16
03/28/2012,114
03/28/2013,49
03/28/2014,145
03/28/2015,4
03/28/2016,373
03/28/2017,148
03/28/2018,138
03/28/2019,167
03/28/2020,26
03/28/2021,3
03/28/2022,445
03/28/2023,177
03/28/2024,1178
03/28/2025,267
03/28/2026,14
03/29/1962,1
03/29/1972,21
03/29/1974,2
03/29/1976,7
03/29/1978,6
03/29/1980,1
03/29/1982,3
03/29/1983,1
03/29/1984,27
03/29/1985,1
03/29/1988,51
03/29/1989,2
03/29/1990,18
03/29/1991,6
03/29/1992,4
03/29/1993,1
03/29/1994,14
03/29/1995,19
03/29/1996,90
03/29/1997,12
03/29/1998,4
03/29/1999,9
03/29/2000,55
03/29/2001,21
03/29/2002,70
03/29/2003,8
03/29/2004,110
03/29/2005,51
03/29/2006,63
03/29/2007,36
03/29/2008,4
03/29/2010,123
03/29/2011,60
03/29/2012,146
03/29/2013,78
03/29/2014,6
03/29/2015,5
03/29/2016,241
03/29/2017,133
03/29/2018,189
03/29/2019,233
03/29/2020,21
03/29/2021,305
03/29/2022,276
03/29/2023,249
03/29/2024,1015
03/29/2025,10
03/29/2026,10
03/30/1966,1
03/30/1968,2
03/30/1970,1
03/30/1972,30
03/30/1974,4
03/30/1976,12
03/30/1978,3
03/30/1979,2
03/30/1982,4
03/30/1983,2
03/30/1984,25
03/30/1987,8
03/30/1988,36
03/30/1990,30
03/30/1991,2
03/30/1992,14
03/30/1993,1
03/30/1994,22
03/30/1995,20
03/30/1996,24
03/30/1997,4
03/30/1998,41
03/30/1999,27
03/30/2000,71
03/30/2001,26
03/30/2002,7
03/30/2003,2
03/30/2004,108
03/30/2005,34
03/30/2006,40
03/30/2007,41
03/30/2008,7
03/30/2009,37
03/30/2010,109
03/30/2011,31
03/30/2012,132
03/30/2013,3
03/30/2014,3
03/30/2015,58
03/30/2016,238
03/30/2017,94
03/30/2018,181
03/30/2019,6
03/30/2020,212
03/30/2021,143
03/30/2022,523
03/30/2023,191
03/30/2024,10
03/30/2025,7
03/30/2026,948
03/31/1956,1
03/31/1958,1
03/31/1966,1
03/31/1970,1
03/31/1972,14
03/31/1976,7
03/31/1978,1
03/31/1980,4
03/31/1982,5
03/31/1983,3
03/31/1984,2
03/31/1986,9
03/31/1987,5
03/31/1988,24
03/31/1989,5
03/31/1990,2
03/31/1992,9
03/31/1993,2
03/31/1994,18
03/31/1995,15
03/31/1996,32
03/31/1997,18
03/31/1998,99
03/31/1999,20
03/31/2000,51
03/31/2001,2
03/31/2002,1
03/31/2003,19
03/31/2004,111
03/31/2005,44
03/31/2006,57
03/31/2007,15
03/31/2008,105
03/31/2009,53
03/31/2010,107
03/31/2011,60
03/31/2012,9
03/31/2013,2
03/31/2014,142
03/31/2015,61
03/31/2016,231
03/31/2017,123
03/31/2018,26
03/31/2019,8
03/31/2020,134
03/31/2021,205
03/31/2022,345
03/31/2023,309
03/31/2024,7
03/31/2025,654
03/31/2026,131
04/01/1960,1
04/01/1965,1
04/01/1966,2
04/01/1968,1
04/01/1972,2
04/01/1974,2
04/01/1976,9
04/01/1980,30
04/01/1981,1
04/01/1982,1
04/01/1983,1
04/01/1984,4
04/01/1985,3
04/01/1986,23
04/01/1987,2
04/01/1988,27
04/01/1989,3
04/01/1991,8
04/01/1992,7
04/01/1993,10
04/01/1994,24
04/01/1995,9
04/01/1996,59
04/01/1997,182
04/01/1998,67
04/01/1999,45
04/01/2000,4
04/01/2001,2
04/01/2002,35
04/01/2003,180
04/01/2004,111
04/01/2005,52
04/01/2006,12
04/01/2007,2
04/01/2008,120
04/01/2009,36
04/01/2010,97
04/01/2011,52
04/01/2012,4
04/01/2013,14
04/01/2014,119
04/01/2015,36
04/01/2016,211
04/01/2017,12
04/01/2018,2
04/01/2019,238
04/01/2020,160
04/01/2021,170
04/01/2022,201
04/01/2023,4
04/01/2024,756
04/01/2025,100
04/01/2026,137
04/02/1973,1
04/02/1974,2
04/02/1975,5
04/02/1976,12
04/02/1979,1
04/02/1980,78
04/02/1984,23
04/02/1985,4
04/02/1986,11
04/02/1987,3
04/02/1988,3
04/02/1990,28
04/02/1991,20
04/02/1992,5
04/02/1993,2
04/02/1994,4
04/02/1995,1
04/02/1996,115
04/02/1997,123
04/02/1998,69
04/02/1999,21
04/02/2000,7
04/02/2001,13
04/02/2002,78
04/02/2003,85
04/02/2004,202
04/02/2005,40
04/02/2006,2
04/02/2007,55
04/02/2008,112
04/02/2009,56
04/02/2010,91
04/02/2011,6
04/02/2012,112
04/02/2013,110
04/02/2014,132
04/02/2015,43
04/02/2016,19
04/02/2017,2
04/02/2018,299
04/02/2019,120
04/02/2020,129
04/02/2021,145
04/02/2022,4
04/02/2023,5
04/02/2024,856
04/02/2025,113
04/02/2026,728
04/03/1956,1
04/03/1964,2
04/03/1967,1
04/03/1968,4
04/03/1969,1
04/03/1970,1
04/03/1972,21
04/03/1973,1
04/03/1974,2
04/03/1975,9
04/03/1976,3
04/03/1978,3
04/03/1979,2
04/03/1980,19
04/03/1982,2
04/03/1984,21
04/03/1985,44
04/03/1986,12
04/03/1987,1
04/03/1988,2
04/03/1989,7
04/03/1990,21
04/03/1991,193
04/03/1992,8
04/03/1993,1
04/03/1994,6
04/03/1995,9
04/03/1996,241
04/03/1997,75
04/03/1998,85
04/03/1999,1
04/03/2000,51
04/03/2001,121
04/03/2002,64
04/03/2003,68
04/03/2004,4
04/03/2005,2
04/03/2006,58
04/03/2007,282
04/03/2008,80
04/03/2009,36
04/03/2010,11
04/03/2011,1
04/03/2012,86
04/03/2013,481
04/03/2014,160
04/03/2015,57
04/03/2016,2
04/03/2017,119
04/03/2018,158
04/03/2019,194
04/03/2020,168
04/03/2021,2
04/03/2022,9
04/03/2023,388
04/03/2024,1053
04/03/2025,309
04/03/2026,454
04/04/1956,1
04/04/1960,1
04/04/1972,44
04/04/1973,3
04/04/1974,3
04/04/1975,3
04/04/1977,1
04/04/1978,7
04/04/1979,37
04/04/1980,15
04/04/1984,62
04/04/1985,10
04/04/1986,13
04/04/1987,1
04/04/1988,17
04/04/1989,7
04/04/1990,74
04/04/1991,20
04/04/1992,4
04/04/1993,2
04/04/1994,45
04/04/1995,83
04/04/1996,106
04/04/1997,76
04/04/1998,11
04/04/1999,1
04/04/2000,168
04/04/2001,46
04/04/2002,66
04/04/2003,80
04/04/2004,5
04/04/2005,50
04/04/2006,84
04/04/2007,113
04/04/2008,91
04/04/2009,1
04/04/2010,8
04/04/2011,18
04/04/2012,143
04/04/2013,116
04/04/2014,111
04/04/2015,11
04/04/2016,338
04/04/2017,74
04/04/2018,135
04/04/2019,198
04/04/2020,252
04/04/2022,482
04/04/2023,145
04/04/2024,994
04/04/2025,291
04/04/2026,10
04/05/1963,1
04/05/1967,1
04/05/1972,55
04/05/1973,2
04/05/1974,5
04/05/1975,2
04/05/1976,6
04/05/1977,1
04/05/1978,15
04/05/1979,8
04/05/1982,1
04/05/1983,2
04/05/1984,13
04/05/1985,10
04/05/1986,1
04/05/1988,21
04/05/1989,120
04/05/1990,12
04/05/1991,13
04/05/1992,1
04/05/1993,3
04/05/1994,38
04/05/1995,552
04/05/1996,106
04/05/1997,9
04/05/1998,9
04/05/1999,12
04/05/2000,110
04/05/2001,20
04/05/2002,71
04/05/2003,2
04/05/2004,85
04/05/2005,358
04/05/2006,71
04/05/2007,73
04/05/2008,11
04/05/2010,98
04/05/2011,185
04/05/2012,147
04/05/2013,97
04/05/2014,28
04/05/2015,1
04/05/2016,194
04/05/2017,79
04/05/2018,221
04/05/2019,214
04/05/2020,42
04/05/2021,302
04/05/2022,156
04/05/2023,268
04/05/2024,677
04/05/2025,9
04/05/2026,6
04/06/1968,3
04/06/1970,1
04/06/1972,52
04/06/1973,3
04/06/1976,4
04/06/1977,14
04/06/1978,5
04/06/1979,3
04/06/1981,1
04/06/1982,5
04/06/1983,36
04/06/1984,21
04/06/1985,2
04/06/1986,1
04/06/1987,4
04/06/1988,60
04/06/1989,18
04/06/1990,9
04/06/1991,3
04/06/1992,7
04/06/1993,30
04/06/1994,153
04/06/1995,80
04/06/1996,11
04/06/1997,5
04/06/1998,18
04/06/1999,100
04/06/2000,98
04/06/2001,33
04/06/2002,5
04/06/2003,1
04/06/2004,122
04/06/2005,156
04/06/2006,58
04/06/2007,96
04/06/2008,5
04/06/2009,22
04/06/2010,109
04/06/2011,413
04/06/2012,130
04/06/2013,1
04/06/2014,5
04/06/2015,29
04/06/2016,181
04/06/2017,124
04/06/2018,229
04/06/2019,7
04/06/2020,265
04/06/2021,247
04/06/2022,263
04/06/2023,213
04/06/2024,12
04/06/2025,7
04/06/2026,1004
04/07/1966,1
04/07/1971,1
04/07/1972,64
04/07/1975,2
04/07/1976,13
04/07/1977,5
04/07/1978,3
04/07/1980,29
04/07/1981,1
04/07/1982,16
04/07/1983,13
04/07/1984,5
04/07/1985,2
04/07/1986,14
04/07/1987,5
04/07/1988,27
04/07/1989,13
04/07/1990,2
04/07/1991,6
04/07/1992,24
04/07/1993,126
04/07/1994,37
04/07/1995,82
04/07/1996,3
04/07/1997,25
04/07/1998,111
04/07/1999,91
04/07/2000,114
04/07/2001,3
04/07/2002,3
04/07/2003,68
04/07/2004,166
04/07/2005,104
04/07/2006,70
04/07/2007,1
04/07/2008,115
04/07/2009,122
04/07/2010,142
04/07/2011,149
04/07/2012,8
04/07/2013,4
04/07/2014,191
04/07/2015,187
04/07/2016,225
04/07/2017,32
04/07/2018,25
04/07/2019,3
04/07/2020,156
04/07/2021,171
04/07/2022,66
04/07/2023,243
04/07/2024,23
04/07/2025,622
04/07/2026,258
04/08/1964,2
04/08/1968,4
04/08/1970,3
04/08/1972,13
04/08/1974,1
04/08/1975,1
04/08/1976,11
04/08/1977,2
04/08/1980,13
04/08/1981,29
04/08/1982,8
04/08/1983,12
04/08/1984,1
04/08/1985,11
04/08/1986,8
04/08/1987,111
04/08/1988,22
04/08/1989,1
04/08/1990,2
04/08/1991,21
04/08/1992,527
04/08/1993,21
04/08/1994,42
04/08/1995,5
04/08/1996,66
04/08/1997,64
04/08/1998,112
04/08/1999,86
04/08/2000,8
04/08/2002,54
04/08/2003,80
04/08/2004,202
04/08/2005,108
04/08/2006,7
04/08/2007,1
04/08/2008,107
04/08/2009,234
04/08/2010,178
04/08/2011,125
04/08/2012,5
04/08/2013,100
04/08/2014,96
04/08/2015,243
04/08/2016,222
04/08/2017,15
04/08/2018,4
04/08/2019,251
04/08/2020,328
04/08/2021,191
04/08/2022,123
04/08/2023,9
04/08/2024,747
04/08/2025,185
04/08/2026,141
04/09/1957,1
04/09/1968,1
04/09/1971,1
04/09/1973,1
04/09/1974,3
04/09/1976,10
04/09/1979,2
04/09/1980,11
04/09/1981,3
04/09/1982,4
04/09/1983,1
04/09/1984,33
04/09/1985,6
04/09/1986,14
04/09/1987,19
04/09/1988,3
04/09/1990,23
04/09/1991,29
04/09/1992,78
04/09/1993,12
04/09/1994,11
04/09/1995,4
04/09/1996,124
04/09/1997,73
04/09/1998,75
04/09/1999,53
04/09/2000,5
04/09/2001,41
04/09/2002,60
04/09/2003,95
04/09/2004,85
04/09/2005,2
04/09/2006,2
04/09/2007,69
04/09/2008,93
04/09/2009,41
04/09/2010,115
04/09/2011,7
04/09/2012,174
04/09/2013,146
04/09/2014,243
04/09/2015,98
04/09/2016,14
04/09/2017,1
04/09/2018,228
04/09/2019,175
04/09/2020,488
04/09/2021,223
04/09/2022,5
04/09/2023,5
04/09/2024,394
04/09/2025,232
04/09/2026,411
04/10/1968,3
04/10/1972,16
04/10/1973,3
04/10/1974,1
04/10/1975,1
04/10/1976,1
04/10/1978,7
04/10/1979,7
04/10/1980,14
04/10/1981,5
04/10/1982,1
04/10/1984,28
04/10/1985,10
04/10/1986,4
04/10/1987,23
04/10/1988,1
04/10/1989,15
04/10/1990,22
04/10/1991,21
04/10/1992,65
04/10/1993,3
04/10/1994,9
04/10/1995,57
04/10/1996,84
04/10/1997,43
04/10/1998,139
04/10/1999,3
04/10/2000,100
04/10/2001,53
04/10/2002,67
04/10/2003,87
04/10/2004,13
04/10/2005,5
04/10/2006,41
04/10/2007,91
04/10/2008,67
04/10/2009,66
04/10/2010,10
04/10/2011,1
04/10/2012,181
04/10/2013,144
04/10/2014,104
04/10/2015,128
04/10/2016,6
04/10/2017,82
04/10/2018,175
04/10/2019,224
04/10/2020,163
04/10/2021,5
04/10/2022,3
04/10/2023,409
04/10/2024,855
04/10/2025,334
04/10/2026,369
04/11/1958,1
04/11/1968,1
04/11/1972,34
04/11/1974,3
04/11/1975,2
04/11/1977,4
04/11/1978,4
04/11/1979,6
04/11/1980,11
04/11/1982,1
04/11/1983,5
04/11/1984,23
04/11/1985,11
04/11/1986,18
04/11/1988,17
04/11/1989,16
04/11/1990,34
04/11/1991,5
04/11/1992,14
04/11/1993,5
04/11/1994,31
04/11/1995,94
04/11/1996,104
04/11/1997,66
04/11/1998,3
04/11/1999,6
04/11/2000,183
04/11/2001,29
04/11/2002,64
04/11/2003,61
04/11/2004,7
04/11/2005,123
04/11/2006,61
04/11/2007,87
04/11/2008,90
04/11/2009,4
04/11/2010,17
04/11/2011,72
04/11/2012,112
04/11/2013,170
04/11/2014,130
04/11/2015,6
04/11/2016,238
04/11/2017,105
04/11/2018,120
04/11/2019,166
04/11/2020,20
04/11/2021,1
04/11/2022,449
04/11/2023,86
04/11/2024,973
04/11/2025,278
04/11/2026,12
04/12/1971,1
04/12/1972,20
04/12/1974,1
04/12/1976,8
04/12/1977,4
04/12/1978,6
04/12/1979,5
04/12/1982,3
04/12/1983,8
04/12/1984,21
04/12/1985,4
04/12/1986,9
04/12/1987,3
04/12/1988,18
04/12/1989,15
04/12/1990,12
04/12/1991,13
04/12/1992,6
04/12/1993,29
04/12/1994,38
04/12/1995,59
04/12/1996,114
04/12/1997,13
04/12/1998,4
04/12/1999,74
04/12/2000,67
04/12/2001,47
04/12/2002,76
04/12/2003,2
04/12/2004,88
04/12/2005,70
04/12/2006,56
04/12/2007,65
04/12/2008,13
04/12/2009,1
04/12/2010,88
04/12/2011,81
04/12/2012,117
04/12/2013,177
04/12/2014,1
04/12/2015,4
04/12/2016,197
04/12/2017,108
04/12/2018,201
04/12/2019,209
04/12/2020,26
04/12/2021,283
04/12/2022,138
04/12/2023,208
04/12/2024,476
04/12/2025,19
04/12/2026,8
04/13/1956,1
04/13/1967,1
04/13/1968,1
04/13/1972,20
04/13/1973,2
04/13/1974,1
04/13/1976,6
04/13/1978,7
04/13/1979,7
04/13/1980,4
04/13/1981,3
04/13/1982,5
04/13/1983,9
04/13/1984,19
04/13/1985,6
04/13/1987,17
04/13/1988,16
04/13/1989,14
04/13/1990,22
04/13/1991,1
04/13/1992,67
04/13/1993,17
04/13/1994,31
04/13/1995,49
04/13/1996,18
04/13/1997,4
04/13/1998,34
04/13/1999,62
04/13/2000,63
04/13/2001,31
04/13/2002,3
04/13/2003,2
04/13/2004,167
04/13/2005,81
04/13/2006,41
04/13/2007,122
04/13/2008,5
04/13/2009,51
04/13/2010,97
04/13/2011,151
04/13/2012,153
04/13/2013,3
04/13/2014,10
04/13/2015,187
04/13/2016,281
04/13/2017,141
04/13/2018,156
04/13/2019,5
04/13/2020,227
04/13/2021,97
04/13/2022,537
04/13/2023,329
04/13/2024,14
04/13/2025,7
04/13/2026,804
04/14/1969,1
04/14/1970,2
04/14/1971,1
04/14/1972,19
04/14/1975,3
04/14/1976,9
04/14/1977,7
04/14/1978,15
04/14/1980,14
04/14/1982,7
04/14/1983,11
04/14/1984,10
04/14/1986,11
04/14/1987,14
04/14/1988,32
04/14/1989,7
04/14/1990,6
04/14/1992,47
04/14/1993,13
04/14/1994,26
04/14/1995,52
04/14/1996,24
04/14/1997,43
04/14/1998,87
04/14/1999,73
04/14/2000,106
04/14/2001,2
04/14/2002,2
04/14/2003,37
04/14/2004,137
04/14/2005,103
04/14/2006,53
04/14/2007,2
04/14/2008,98
04/14/2009,73
04/14/2010,132
04/14/2011,136
04/14/2012,14
04/14/2013,5
04/14/2014,158
04/14/2015,225
04/14/2016,227
04/14/2017,103
04/14/2018,24
04/14/2019,9
04/14/2020,188
04/14/2021,196
04/14/2022,220
04/14/2023,294
04/14/2024,9
04/14/2025,790
04/14/2026,131
04/15/1968,6
04/15/1970,1
04/15/1972,14
04/15/1974,2
04/15/1975,1
04/15/1976,4
04/15/1977,1
04/15/1978,2
04/15/1980,22
04/15/1981,9
04/15/1982,4
04/15/1983,6
04/15/1984,3
04/15/1985,10
04/15/1986,12
04/15/1987,15
04/15/1988,22
04/15/1989,3
04/15/1990,2
04/15/1991,19
04/15/1992,47
04/15/1993,13
04/15/1994,56
04/15/1995,21
04/15/1996,58
04/15/1997,81
04/15/1998,72
04/15/1999,49
04/15/2000,7
04/15/2002,41
04/15/2003,91
04/15/2004,219
04/15/2005,77
04/15/2006,7
04/15/2007,3
04/15/2008,89
04/15/2009,141
04/15/2010,124
04/15/2011,160
04/15/2012,11
04/15/2013,98
04/15/2014,78
04/15/2015,316
04/15/2016,193
04/15/2017,6
04/15/2018,1
04/15/2019,323
04/15/2020,211
04/15/2021,139
04/15/2022,224
04/15/2023,7
04/15/2024,592
04/15/2025,203
04/15/2026,162
04/16/1958,1
04/16/1964,1
04/16/1965,1
04/16/1966,1
04/16/1968,5
04/16/1970,1
04/16/1972,1
04/16/1974,3
04/16/1975,1
04/16/1976,6
04/16/1979,6
04/16/1980,4
04/16/1981,1
04/16/1982,8
04/16/1984,24
04/16/1985,3
04/16/1986,12
04/16/1987,17
04/16/1988,3
04/16/1989,2
04/16/1990,21
04/16/1991,25
04/16/1992,32
04/16/1993,9
04/16/1994,8
04/16/1995,3
04/16/1996,87
04/16/1997,53
04/16/1998,94
04/16/1999,32
04/16/2000,5
04/16/2001,33
04/16/2002,57
04/16/2003,77
04/16/2004,113
04/16/2005,40
04/16/2006,3
04/16/2007,51
04/16/2008,111
04/16/2009,87
04/16/2010,110
04/16/2011,2
04/16/2012,117
04/16/2013,70
04/16/2014,61
04/16/2015,191
04/16/2016,23
04/16/2017,2
04/16/2018,300
04/16/2019,115
04/16/2020,255
04/16/2021,197
04/16/2022,11
04/16/2023,5
04/16/2024,699
04/16/2025,84
04/16/2026,278
04/17/1970,1
04/17/1972,19
04/17/1973,1
04/17/1974,2
04/17/1975,2
04/17/1978,15
04/17/1979,2
04/17/1980,17
04/17/1981,3
04/17/1984,22
04/17/1985,2
04/17/1986,15
04/17/1987,12
04/17/1989,14
04/17/1990,20
04/17/1991,8
04/17/1992,46
04/17/1993,3
04/17/1994,2
04/17/1995,28
04/17/1996,70
04/17/1997,49
04/17/1998,128
04/17/1999,3
04/17/2000,133
04/17/2001,35
04/17/2002,52
04/17/2003,58
04/17/2004,7
04/17/2005,3
04/17/2006,52
04/17/2007,62
04/17/2008,95
04/17/2009,92
04/17/2010,10
04/17/2011,5
04/17/2012,146
04/17/2013,85
04/17/2014,109
04/17/2015,215
04/17/2016,8
04/17/2017,255
04/17/2018,224
04/17/2019,162
04/17/2020,204
04/17/2021,5
04/17/2022,6
04/17/2023,381
04/17/2024,498
04/17/2025,262
04/17/2026,275
04/18/1966,1
04/18/1967,1
04/18/1968,2
04/18/1972,18
04/18/1974,3
04/18/1975,4
04/18/1976,1
04/18/1977,3
04/18/1978,25
04/18/1979,8
04/18/1980,12
04/18/1982,1
04/18/1983,9
04/18/1984,12
04/18/1985,1
04/18/1986,18
04/18/1987,1
04/18/1988,21
04/18/1989,18
04/18/1990,22
04/18/1991,25
04/18/1992,2
04/18/1994,32
04/18/1995,79
04/18/1996,76
04/18/1997,72
04/18/1998,3
04/18/1999,4
04/18/2000,129
04/18/2001,43
04/18/2002,68
04/18/2003,70
04/18/2004,7
04/18/2005,72
04/18/2006,65
04/18/2007,52
04/18/2008,85
04/18/2009,4
04/18/2010,4
04/18/2011,112
04/18/2012,123
04/18/2013,116
04/18/2014,107
04/18/2015,4
04/18/2016,259
04/18/2017,262
04/18/2018,167
04/18/2019,160
04/18/2020,117
04/18/2021,7
04/18/2022,370
04/18/2023,115
04/18/2024,521
04/18/2025,302
04/18/2026,9
04/19/1956,1
04/19/1963,1
04/19/1971,1
04/19/1972,8
04/19/1973,2
04/19/1974,7
04/19/1976,29
04/19/1977,3
04/19/1978,2
04/19/1979,2
04/19/1980,6
04/19/1982,10
04/19/1983,3
04/19/1984,22
04/19/1985,10
04/19/1986,2
04/19/1987,1
04/19/1988,17
04/19/1989,8
04/19/1990,19
04/19/1991,11
04/19/1992,3
04/19/1993,22
04/19/1994,33
04/19/1995,64
04/19/1996,90
04/19/1997,5
04/19/1998,1
04/19/1999,22
04/19/2000,74
04/19/2001,29
04/19/2002,73
04/19/2003,2
04/19/2004,128
04/19/2005,62
04/19/2006,61
04/19/2007,52
04/19/2008,1
04/19/2009,2
04/19/2010,120
04/19/2011,147
04/19/2012,117
04/19/2013,146
04/19/2015,5
04/19/2016,189
04/19/2017,234
04/19/2018,170
04/19/2019,184
04/19/2020,69
04/19/2021,322
04/19/2022,149
04/19/2023,259
04/19/2024,434
04/19/2025,4
04/19/2026,4
04/20/1967,1
04/20/1970,2
04/20/1971,2
04/20/1972,16
04/20/1973,1
04/20/1974,1
04/20/1976,6
04/20/1977,1
04/20/1978,4
04/20/1979,6
04/20/1980,1
04/20/1981,3
04/20/1982,7
04/20/1983,4
04/20/1984,19
04/20/1986,2
04/20/1987,6
04/20/1988,22
04/20/1989,13
04/20/1990,26
04/20/1991,4
04/20/1992,111
04/20/1993,15
04/20/1994,31
04/20/1995,52
04/20/1996,17
04/20/1997,3
04/20/1998,41
04/20/1999,30
04/20/2000,50
04/20/2001,76
04/20/2002,5
04/20/2003,2
04/20/2004,118
04/20/2005,61
04/20/2006,44
04/20/2007,71
04/20/2008,4
04/20/2009,131
04/20/2010,105
04/20/2011,102
04/20/2012,139
04/20/2013,8
04/20/2015,155
04/20/2016,153
04/20/2017,373
04/20/2018,233
04/20/2019,9
04/20/2020,327
04/20/2021,88
04/20/2022,203
04/20/2023,272
04/20/2024,10
04/20/2025,8
04/20/2026,541
04/21/1966,1
04/21/1970,1
04/21/1972,15
04/21/1974,3
04/21/1975,2
04/21/1976,5
04/21/1977,1
04/21/1978,5
04/21/1980,7
04/21/1981,2
04/21/1982,5
04/21/1983,4
04/21/1984,4
04/21/1986,20
04/21/1987,10
04/21/1988,17
04/21/1989,9
04/21/1990,2
04/21/1991,4
04/21/1992,45
04/21/1993,12
04/21/1994,28
04/21/1995,79
04/21/1996,57
04/21/1997,23
04/21/1998,124
04/21/1999,26
04/21/2000,57
04/21/2001,3
04/21/2002,14
04/21/2003,65
04/21/2004,125
04/21/2005,74
04/21/2006,79
04/21/2007,2
04/21/2008,114
04/21/2009,97
04/21/2010,93
04/21/2011,165
04/21/2012,8
04/21/2013,5
04/21/2014,224
04/21/2015,148
04/21/2016,216
04/21/2017,257
04/21/2018,29
04/21/2019,8
04/21/2020,221
04/21/2021,226
04/21/2022,312
04/21/2023,217
04/21/2024,8
04/21/2025,795
04/21/2026,135
04/22/1960,1
04/22/1968,2
04/22/1971,2
04/22/1972,1
04/22/1974,3
04/22/1975,1
04/22/1976,7
04/22/1977,3
04/22/1980,12
04/22/1981,6
04/22/1983,5
04/22/1984,2
04/22/1985,6
04/22/1986,8
04/22/1987,4
04/22/1988,26
04/22/1990,8
04/22/1991,19
04/22/1992,57
04/22/1993,13
04/22/1994,23
04/22/1995,6
04/22/1996,41
04/22/1997,78
04/22/1998,101
04/22/1999,44
04/22/2000,3
04/22/2001,1
04/22/2002,54
04/22/2003,86
04/22/2004,72
04/22/2005,104
04/22/2006,2
04/22/2007,6
04/22/2008,112
04/22/2009,90
04/22/2010,97
04/22/2011,149
04/22/2012,1
04/22/2013,113
04/22/2014,97
04/22/2015,124
04/22/2016,211
04/22/2017,12
04/22/2018,8
04/22/2019,259
04/22/2020,355
04/22/2021,176
04/22/2022,241
04/22/2023,9
04/22/2024,547
04/22/2025,259
04/22/2026,117
04/23/1960,2
04/23/1966,2
04/23/1968,3
04/23/1970,1
04/23/1971,1
04/23/1974,5
04/23/1975,1
04/23/1976,9
04/23/1977,2
04/23/1978,1
04/23/1979,1
04/23/1980,11
04/23/1981,1
04/23/1982,8
04/23/1983,1
04/23/1984,25
04/23/1985,5
04/23/1986,16
04/23/1987,15
04/23/1988,5
04/23/1990,26
04/23/1991,28
04/23/1992,60
04/23/1993,10
04/23/1994,14
04/23/1995,1
04/23/1996,119
04/23/1997,44
04/23/1998,64
04/23/1999,63
04/23/2000,4
04/23/2001,39
04/23/2002,66
04/23/2003,56
04/23/2004,160
04/23/2005,1
04/23/2006,2
04/23/2007,54
04/23/2008,76
04/23/2009,67
04/23/2010,120
04/23/2011,5
04/23/2012,158
04/23/2013,104
04/23/2014,77
04/23/2015,139
04/23/2016,26
04/23/2017,1
04/23/2018,230
04/23/2019,124
04/23/2020,404
04/23/2021,141
04/23/2022,7
04/23/2023,3
04/23/2024,128
04/23/2025,112
04/23/2026,282
04/24/1968,1
04/24/1972,16
04/24/1973,1
04/24/1974,5
04/24/1976,7
04/24/1978,3
04/24/1979,2
04/24/1980,7
04/24/1981,3
04/24/1984,17
04/24/1985,5
04/24/1986,20
04/24/1987,6
04/24/1988,3
04/24/1989,14
04/24/1990,24
04/24/1991,13
04/24/1992,49
04/24/1993,1
04/24/1994,3
04/24/1995,30
04/24/1996,104
04/24/1997,53
04/24/1998,62
04/24/1999,1
04/24/2000,54
04/24/2001,99
04/24/2002,60
04/24/2003,59
04/24/2004,23
04/24/2005,1
04/24/2006,29
04/24/2007,62
04/24/2008,62
04/24/2009,137
04/24/2010,5
04/24/2011,2
04/24/2012,161
04/24/2013,81
04/24/2014,98
04/24/2015,158
04/24/2016,6
04/24/2017,149
04/24/2018,224
04/24/2019,204
04/24/2020,333
04/24/2021,6
04/24/2022,11
04/24/2023,433
04/24/2024,324
04/24/2025,307
04/24/2026,293
04/25/1964,1
04/25/1968,4
04/25/1970,1
04/25/1972,19
04/25/1974,3
04/25/1975,1
04/25/1976,3
04/25/1977,3
04/25/1978,8
04/25/1979,1
04/25/1980,7
04/25/1983,4
04/25/1984,12
04/25/1985,6
04/25/1986,10
04/25/1988,37
04/25/1989,7
04/25/1990,25
04/25/1991,20
04/25/1992,20
04/25/1993,1
04/25/1994,28
04/25/1995,111
04/25/1996,76
04/25/1997,51
04/25/1998,2
04/25/1999,5
04/25/2000,99
04/25/2001,87
04/25/2002,52
04/25/2003,87
04/25/2004,5
04/25/2005,54
04/25/2006,64
04/25/2007,70
04/25/2008,102
04/25/2009,2
04/25/2010,7
04/25/2011,103
04/25/2012,193
04/25/2013,93
04/25/2014,127
04/25/2015,2
04/25/2016,192
04/25/2017,115
04/25/2018,133
04/25/2019,262
04/25/2020,35
04/25/2021,5
04/25/2022,426
04/25/2023,146
04/25/2024,246
04/25/2025,338
04/25/2026,12
04/26/1968,6
04/26/1971,1
04/26/1972,22
04/26/1974,3
04/26/1976,9
04/26/1977,4
04/26/1978,5
04/26/1979,4
04/26/1980,3
04/26/1982,7
04/26/1983,6
04/26/1984,18
04/26/1985,4
04/26/1986,2
04/26/1988,27
04/26/1989,7
04/26/1990,19
04/26/1991,11
04/26/1992,6
04/26/1993,23
04/26/1994,28
04/26/1995,85
04/26/1996,97
04/26/1997,6
04/26/1998,4
04/26/1999,20
04/26/2000,64
04/26/2001,105
04/26/2002,83
04/26/2003,1
04/26/2004,172
04/26/2005,91
04/26/2006,33
04/26/2007,64
04/26/2008,11
04/26/2009,2
04/26/2010,135
04/26/2011,112
04/26/2012,165
04/26/2013,120
04/26/2014,1
04/26/2015,5
04/26/2016,150
04/26/2017,119
04/26/2018,168
04/26/2019,258
04/26/2020,50
04/26/2021,320
04/26/2022,263
04/26/2023,222
04/26/2024,305
04/26/2025,8
04/26/2026,6
04/26/2027,1
04/27/1962,1
04/27/1964,3
04/27/1972,25
04/27/1976,5
04/27/1977,3
04/27/1978,10
04/27/1979,4
04/27/1980,1
04/27/1981,4
04/27/1982,3
04/27/1983,6
04/27/1984,14
04/27/1987,14
04/27/1988,26
04/27/1989,12
04/27/1990,28
04/27/1991,1
04/27/1992,68
04/27/1993,19
04/27/1994,14
04/27/1995,47
04/27/1996,15
04/27/1997,4
04/27/1998,28
04/27/1999,50
04/27/2000,59
04/27/2001,55
04/27/2002,3
04/27/2003,1
04/27/2004,139
04/27/2005,86
04/27/2006,53
04/27/2007,103
04/27/2009,64
04/27/2010,99
04/27/2011,64
04/27/2012,249
04/27/2013,5
04/27/2015,188
04/27/2016,159
04/27/2017,246
04/27/2018,228
04/27/2019,7
04/27/2020,499
04/27/2021,120
04/27/2022,220
04/27/2023,244
04/27/2024,8
04/27/2025,9
04/27/2026,606
04/28/1960,1
04/28/1970,1
04/28/1972,29
04/28/1975,4
04/28/1976,10
04/28/1977,5
04/28/1978,12
04/28/1980,10
04/28/1981,6
04/28/1982,6
04/28/1983,7
04/28/1984,7
04/28/1986,38
04/28/1987,10
04/28/1988,58
04/28/1989,11
04/28/1990,3
04/28/1991,1
04/28/1992,61
04/28/1993,12
04/28/1994,30
04/28/1995,57
04/28/1996,52
04/28/1997,16
04/28/1998,94
04/28/1999,39
04/28/2000,88
04/28/2002,1
04/28/2003,43
04/28/2004,151
04/28/2005,105
04/28/2006,59
04/28/2007,5
04/28/2008,123
04/28/2009,77
04/28/2010,73
04/28/2011,106
04/28/2012,15
04/28/2013,7
04/28/2014,113
04/28/2015,105
04/28/2016,128
04/28/2017,171
04/28/2018,13
04/28/2019,5
04/28/2020,165
04/28/2021,221
04/28/2022,522
04/28/2023,208
04/28/2024,15
04/28/2025,637
04/28/2026,119
04/29/1963,1
04/29/1968,4
04/29/1969,1
04/29/1970,1
04/29/1971,1
04/29/1972,2
04/29/1974,5
04/29/1975,1
04/29/1976,12
04/29/1977,4
04/29/1978,1
04/29/1980,10
04/29/1981,3
04/29/1982,1
04/29/1983,8
04/29/1984,1
04/29/1985,6
04/29/1986,24
04/29/1987,7
04/29/1988,31
04/29/1989,2
04/29/1990,2
04/29/1991,19
04/29/1992,65
04/29/1993,8
04/29/1994,37
04/29/1995,6
04/29/1996,60
04/29/1997,68
04/29/1998,73
04/29/1999,56
04/29/2000,7
04/29/2001,5
04/29/2002,49
04/29/2003,63
04/29/2004,138
04/29/2005,78
04/29/2006,5
04/29/2008,90
04/29/2009,55
04/29/2010,117
04/29/2011,108
04/29/2012,11
04/29/2013,69
04/29/2014,71
04/29/2015,73
04/29/2016,169
04/29/2017,9
04/29/2018,3
04/29/2019,252
04/29/2020,201
04/29/2021,320
04/29/2022,336
04/29/2023,2
04/29/2024,468
04/29/2025,160
04/29/2026,92
04/30/1962,1
04/30/1964,3
04/30/1968,5
04/30/1970,1
04/30/1971,1
04/30/1973,1
04/30/1974,5
04/30/1975,3
04/30/1976,9
04/30/1977,2
04/30/1979,2
04/30/1980,12
04/30/1981,2
04/30/1982,7
04/30/1984,25
04/30/1985,3
04/30/1986,12
04/30/1987,16
04/30/1988,3
04/30/1990,16
04/30/1991,14
04/30/1992,48
04/30/1993,8
04/30/1994,26
04/30/1995,3
04/30/1996,142
04/30/1997,55
04/30/1998,93
04/30/1999,62
04/30/2000,6
04/30/2001,29
04/30/2002,69
04/30/2003,54
04/30/2004,156
04/30/2005,1
04/30/2006,2
04/30/2007,57
04/30/2008,93
04/30/2009,81
04/30/2010,105
04/30/2011,6
04/30/2012,186
04/30/2013,83
04/30/2014,117
04/30/2015,102
04/30/2016,138
04/30/2017,5
04/30/2018,191
04/30/2019,142
04/30/2020,144
04/30/2021,215
04/30/2022,8
04/30/2023,6
04/30/2024,148
04/30/2025,107
04/30/2026,208
05/01/1961,1
05/01/1964,2
05/01/1969,1
05/01/1972,17
05/01/1974,1
05/01/1976,2
05/01/1978,9
05/01/1979,4
05/01/1980,9
05/01/1981,4
05/01/1983,1
05/01/1984,33
05/01/1985,2
05/01/1986,16
05/01/1987,10
05/01/1988,7
05/01/1989,17
05/01/1990,21
05/01/1991,11
05/01/1992,58
05/01/1993,7
05/01/1994,1
05/01/1995,34
05/01/1996,107
05/01/1997,49
05/01/1998,88
05/01/1999,3
05/01/2000,67
05/01/2001,43
05/01/2002,67
05/01/2003,49
05/01/2004,17
05/01/2005,5
05/01/2006,58
05/01/2007,88
05/01/2008,114
05/01/2009,67
05/01/2010,11
05/01/2011,5
05/01/2012,82
05/01/2013,62
05/01/2014,121
05/01/2015,114
05/01/2016,11
05/01/2017,154
05/01/2018,151
05/01/2019,193
05/01/2020,156
05/01/2021,1
05/01/2022,4
05/01/2023,302
05/01/2024,292
05/01/2025,155
05/01/2026,217
05/02/1953,1
05/02/1964,1
05/02/1966,1
05/02/1967,1
05/02/1968,1
05/02/1972,50
05/02/1974,3
05/02/1976,1
05/02/1977,1
05/02/1978,3
05/02/1979,3
05/02/1980,13
05/02/1983,12
05/02/1984,19
05/02/1985,1
05/02/1986,14
05/02/1988,28
05/02/1989,7
05/02/1990,19
05/02/1991,16
05/02/1992,10
05/02/1993,6
05/02/1994,38
05/02/1995,78
05/02/1996,102
05/02/1997,96
05/02/1998,5
05/02/1999,9
05/02/2000,102
05/02/2001,31
05/02/2002,73
05/02/2003,55
05/02/2004,7
05/02/2005,63
05/02/2006,82
05/02/2007,42
05/02/2008,105
05/02/2010,5
05/02/2011,101
05/02/2012,46
05/02/2013,82
05/02/2014,151
05/02/2015,1
05/02/2016,234
05/02/2017,67
05/02/2018,146
05/02/2019,169
05/02/2020,14
05/02/2021,3
05/02/2022,452
05/02/2023,204
05/02/2024,283
05/02/2025,332
05/02/2026,6
05/03/1946,1
05/03/1960,1
05/03/1963,1
05/03/1966,4
05/03/1968,1
05/03/1972,13
05/03/1973,1
05/03/1974,2
05/03/1976,14
05/03/1977,2
05/03/1978,3
05/03/1982,4
05/03/1983,2
05/03/1984,26
05/03/1985,4
05/03/1986,2
05/03/1987,2
05/03/1988,37
05/03/1989,14
05/03/1990,15
05/03/1991,8
05/03/1992,6
05/03/1993,5
05/03/1994,42
05/03/1995,78
05/03/1996,107
05/03/1997,4
05/03/1998,8
05/03/1999,49
05/03/2000,72
05/03/2001,44
05/03/2002,69
05/03/2003,3
05/03/2004,128
05/03/2005,61
05/03/2006,62
05/03/2007,48
05/03/2008,12
05/03/2009,4
05/03/2010,138
05/03/2011,78
05/03/2012,24
05/03/2013,123
05/03/2014,2
05/03/2015,1
05/03/2016,168
05/03/2017,77
05/03/2018,158
05/03/2019,260
05/03/2020,19
05/03/2021,388
05/03/2022,109
05/03/2023,229
05/03/2024,332
05/03/2025,10
05/03/2026,3
05/04/1962,1
05/04/1964,1
05/04/1970,3
05/04/1972,19
05/04/1976,11
05/04/1977,1
05/04/1978,9
05/04/1979,2
05/04/1981,2
05/04/1982,6
05/04/1983,5
05/04/1984,8
05/04/1987,7
05/04/1988,17
05/04/1989,7
05/04/1990,19
05/04/1991,1
05/04/1992,62
05/04/1993,20
05/04/1994,25
05/04/1995,64
05/04/1996,24
05/04/1997,3
05/04/1998,44
05/04/1999,58
05/04/2000,74
05/04/2001,45
05/04/2002,5
05/04/2004,158
05/04/2005,70
05/04/2006,48
05/04/2007,70
05/04/2008,6
05/04/2009,78
05/04/2010,110
05/04/2011,89
05/04/2012,21
05/04/2013,5
05/04/2014,1
05/04/2015,118
05/04/2016,141
05/04/2017,89
05/04/2018,202
05/04/2019,9
05/04/2020,186
05/04/2021,59
05/04/2022,288
05/04/2023,167
05/04/2024,17
05/04/2025,8
05/04/2026,642
05/05/1970,1
05/05/1972,29
05/05/1976,3
05/05/1977,2
05/05/1978,2
05/05/1980,15
05/05/1981,2
05/05/1982,3
05/05/1983,2
05/05/1984,9
05/05/1985,1
05/05/1986,8
05/05/1987,6
05/05/1988,22
05/05/1989,6
05/05/1990,9
05/05/1991,1
05/05/1992,43
05/05/1993,17
05/05/1994,29
05/05/1995,53
05/05/1996,56
05/05/1997,21
05/05/1998,86
05/05/1999,70
05/05/2000,74
05/05/2001,2
05/05/2002,7
05/05/2003,36
05/05/2004,150
05/05/2005,47
05/05/2006,80
05/05/2007,3
05/05/2008,95
05/05/2009,47
05/05/2010,101
05/05/2011,81
05/05/2012,7
05/05/2013,6
05/05/2014,147
05/05/2015,119
05/05/2016,177
05/05/2017,123
05/05/2018,24
05/05/2019,3
05/05/2020,106
05/05/2021,241
05/05/2022,248
05/05/2023,257
05/05/2024,15
05/05/2025,717
05/06/1966,1
05/06/1968,1
05/06/1972,5
05/06/1974,3
05/06/1975,1
05/06/1976,12
05/06/1977,2
05/06/1980,12
05/06/1981,5
05/06/1982,4
05/06/1983,3
05/06/1984,3
05/06/1985,4
05/06/1986,13
05/06/1987,5
05/06/1988,19
05/06/1989,4
05/06/1990,1
05/06/1991,16
05/06/1992,39
05/06/1993,22
05/06/1994,42
05/06/1995,3
05/06/1996,59
05/06/1997,74
05/06/1998,76
05/06/1999,69
05/06/2000,17
05/06/2001,8
05/06/2002,54
05/06/2003,62
05/06/2004,109
05/06/2005,52
05/06/2006,6
05/06/2007,1
05/06/2008,129
05/06/2009,81
05/06/2010,131
05/06/2011,102
05/06/2012,4
05/06/2013,73
05/06/2014,139
05/06/2015,102
05/06/2016,175
05/06/2017,13
05/06/2018,3
05/06/2019,353
05/06/2020,190
05/06/2021,199
05/06/2022,536
05/06/2023,4
05/06/2024,477
05/06/2025,246
05/07/1964,2
05/07/1969,1
05/07/1970,1
05/07/1972,1
05/07/1974,5
05/07/1975,1
05/07/1976,7
05/07/1977,3
05/07/1979,3
05/07/1980,17
05/07/1981,6
05/07/1982,13
05/07/1984,25
05/07/1985,3
05/07/1986,7
05/07/1987,7
05/07/1988,9
05/07/1990,23
05/07/1991,17
05/07/1992,33
05/07/1993,21
05/07/1994,4
05/07/1995,2
05/07/1996,108
05/07/1997,32
05/07/1998,98
05/07/1999,62
05/07/2000,4
05/07/2001,57
05/07/2002,89
05/07/2003,55
05/07/2004,118
05/07/2006,2
05/07/2007,45
05/07/2008,102
05/07/2009,51
05/07/2010,84
05/07/2011,3
05/07/2012,80
05/07/2013,65
05/07/2014,73
05/07/2015,87
05/07/2016,19
05/07/2017,1
05/07/2018,214
05/07/2019,135
05/07/2020,139
05/07/2021,162
05/07/2022,25
05/07/2023,6
05/07/2024,190
05/07/2025,169
05/08/1967,3
05/08/1968,2
05/08/1969,1
05/08/1970,1
05/08/1972,31
05/08/1974,4
05/08/1975,1
05/08/1976,2
05/08/1978,2
05/08/1979,5
05/08/1980,14
05/08/1981,1
05/08/1982,1
05/08/1983,1
05/08/1984,17
05/08/1985,2
05/08/1986,6
05/08/1987,4
05/08/1988,1
05/08/1989,10
05/08/1990,20
05/08/1991,10
05/08/1992,24
05/08/1993,4
05/08/1994,4
05/08/1995,26
05/08/1996,124
05/08/1997,52
05/08/1998,207
05/08/1999,3
05/08/2000,92
05/08/2001,102
05/08/2002,84
05/08/2003,65
05/08/2004,13
05/08/2006,73
05/08/2007,67
05/08/2008,77
05/08/2009,57
05/08/2010,3
05/08/2011,1
05/08/2012,203
05/08/2013,80
05/08/2014,85
05/08/2015,96
05/08/2016,13
05/08/2017,164
05/08/2018,113
05/08/2019,202
05/08/2020,108
05/08/2021,6
05/08/2022,12
05/08/2023,267
05/08/2024,322
05/08/2025,240
05/09/1970,1
05/09/1972,53
05/09/1973,2
05/09/1974,8
05/09/1975,4
05/09/1977,2
05/09/1978,1
05/09/1979,1
05/09/1980,8
05/09/1983,8
05/09/1984,13
05/09/1985,3
05/09/1986,8
05/09/1987,2
05/09/1988,15
05/09/1989,6
05/09/1990,24
05/09/1991,11
05/09/1992,9
05/09/1994,32
05/09/1995,98
05/09/1996,88
05/09/1997,68
05/09/1998,4
05/09/1999,1
05/09/2000,80
05/09/2001,82
05/09/2002,63
05/09/2003,57
05/09/2004,2
05/09/2005,55
05/09/2006,94
05/09/2007,64
05/09/2008,105
05/09/2009,5
05/09/2010,6
05/09/2011,109
05/09/2012,194
05/09/2013,89
05/09/2014,105
05/09/2015,17
05/09/2016,286
05/09/2017,124
05/09/2018,130
05/09/2019,182
05/09/2020,17
05/09/2021,2
05/09/2022,579
05/09/2023,176
05/09/2024,299
05/09/2025,291
05/10/1968,1
05/10/1971,1
05/10/1972,34
05/10/1974,2
05/10/1976,12
05/10/1977,3
05/10/1978,5
05/10/1982,2
05/10/1983,4
05/10/1984,11
05/10/1985,3
05/10/1988,36
05/10/1989,5
05/10/1990,17
05/10/1991,8
05/10/1992,2
05/10/1993,16
05/10/1994,37
05/10/1995,54
05/10/1996,80
05/10/1997,1
05/10/1998,8
05/10/1999,71
05/10/2000,97
05/10/2001,45
05/10/2002,76
05/10/2003,2
05/10/2004,114
05/10/2005,65
05/10/2006,128
05/10/2007,57
05/10/2008,2
05/10/2009,2
05/10/2010,118
05/10/2011,104
05/10/2012,150
05/10/2013,86
05/10/2015,28
05/10/2016,174
05/10/2017,122
05/10/2018,165
05/10/2019,227
05/10/2020,11
05/10/2021,421
05/10/2022,328
05/10/2023,240
05/10/2024,208
05/10/2025,10
05/11/1960,1
05/11/1966,1
05/11/1971,1
05/11/1972,39
05/11/1974,1
05/11/1976,8
05/11/1977,1
05/11/1978,3
05/11/1979,2
05/11/1982,5
05/11/1983,7
05/11/1984,17
05/11/1986,2
05/11/1987,8
05/11/1988,23
05/11/1989,10
05/11/1990,12
05/11/1992,54
05/11/1993,10
05/11/1994,23
05/11/1995,49
05/11/1996,4
05/11/1997,3
05/11/1998,48
05/11/1999,229
05/11/2000,52
05/11/2001,133
05/11/2002,3
05/11/2003,9
05/11/2004,110
05/11/2005,66
05/11/2006,86
05/11/2007,91
05/11/2008,3
05/11/2009,119
05/11/2010,97
05/11/2011,95
05/11/2012,152
05/11/2013,3
05/11/2015,163
05/11/2016,170
05/11/2017,184
05/11/2018,193
05/11/2019,4
05/11/2020,177
05/11/2021,85
05/11/2022,468
05/11/2023,213
05/11/2024,11
05/11/2025,6
05/12/1960,1
05/12/1966,3
05/12/1972,42
05/12/1975,1
05/12/1976,12
05/12/1978,4
05/12/1980,14
05/12/1981,4
05/12/1982,5
05/12/1983,8
05/12/1984,6
05/12/1986,12
05/12/1987,11
05/12/1988,29
05/12/1989,8
05/12/1990,2
05/12/1991,2
05/12/1992,72
05/12/1993,27
05/12/1994,31
05/12/1995,55
05/12/1996,22
05/12/1997,14
05/12/1998,86
05/12/1999,184
05/12/2000,51
05/12/2001,3
05/12/2002,3
05/12/2003,45
05/12/2004,104
05/12/2005,52
05/12/2006,51
05/12/2007,3
05/12/2008,127
05/12/2009,65
05/12/2010,90
05/12/2011,113
05/12/2012,8
05/12/2014,195
05/12/2015,76
05/12/2016,179
05/12/2017,202
05/12/2018,19
05/12/2019,10
05/12/2020,83
05/12/2021,162
05/12/2022,349
05/12/2023,316
05/12/2024,11
05/12/2025,617
05/13/1964,2
05/13/1965,1
05/13/1966,1
05/13/1970,1
05/13/1972,9
05/13/1974,10
05/13/1976,11
05/13/1980,10
05/13/1981,1
05/13/1982,4
05/13/1983,2
05/13/1984,3
05/13/1985,6
05/13/1986,13
05/13/1987,4
05/13/1988,33
05/13/1989,1
05/13/1991,13
05/13/1992,36
05/13/1993,12
05/13/1994,27
05/13/1995,2
05/13/1996,70
05/13/1997,52
05/13/1998,113
05/13/1999,108
05/13/2000,12
05/13/2001,2
05/13/2002,29
05/13/2003,50
05/13/2004,100
05/13/2005,41
05/13/2006,6
05/13/2007,1
05/13/2008,106
05/13/2009,74
05/13/2010,112
05/13/2011,119
05/13/2012,3
05/13/2013,83
05/13/2014,132
05/13/2015,92
05/13/2016,238
05/13/2017,15
05/13/2018,4
05/13/2019,232
05/13/2020,197
05/13/2021,248
05/13/2022,292
05/13/2023,2
05/13/2024,511
05/13/2025,240
05/14/1960,1
05/14/1968,1
05/14/1969,1
05/14/1973,2
05/14/1974,9
05/14/1975,3
05/14/1976,9
05/14/1979,2
05/14/1980,8
05/14/1981,3
05/14/1982,3
05/14/1983,2
05/14/1984,16
05/14/1985,10
05/14/1986,10
05/14/1987,6
05/14/1988,2
05/14/1989,2
05/14/1990,13
05/14/1991,2
05/14/1992,98
05/14/1993,12
05/14/1994,3
05/14/1995,2
05/14/1996,113
05/14/1997,58
05/14/1998,66
05/14/1999,142
05/14/2000,1
05/14/2001,62
05/14/2002,90
05/14/2003,65
05/14/2004,109
05/14/2005,1
05/14/2006,5
05/14/2007,54
05/14/2008,80
05/14/2009,106
05/14/2010,102
05/14/2011,6
05/14/2012,126
05/14/2013,130
05/14/2014,107
05/14/2015,89
05/14/2016,15
05/14/2018,250
05/14/2019,174
05/14/2020,187
05/14/2021,181
05/14/2022,13
05/14/2023,6
05/14/2024,200
05/14/2025,114
05/15/1954,1
05/15/1964,2
05/15/1972,27
05/15/1974,7
05/15/1976,3
05/15/1978,13
05/15/1979,1
05/15/1980,8
05/15/1981,2
05/15/1983,1
05/15/1984,14
05/15/1985,3
05/15/1986,8
05/15/1987,5
05/15/1988,3
05/15/1989,9
05/15/1990,23
05/15/1991,11
05/15/1992,106
05/15/1993,17
05/15/1995,48
05/15/1996,116
05/15/1997,50
05/15/1998,142
05/15/1999,12
05/15/2000,51
05/15/2001,46
05/15/2002,65
05/15/2003,49
05/15/2004,40
05/15/2005,1
05/15/2006,99
05/15/2007,110
05/15/2008,86
05/15/2009,77
05/15/2010,8
05/15/2011,2
05/15/2012,305
05/15/2013,94
05/15/2014,99
05/15/2015,98
05/15/2016,6
05/15/2017,151
05/15/2018,166
05/15/2019,190
05/15/2020,181
05/15/2021,3
05/15/2022,15
05/15/2023,430
05/15/2024,227
05/15/2025,319
05/16/1960,2
05/16/1964,1
05/16/1966,2
05/16/1967,1
05/16/1968,2
05/16/1972,27
05/16/1973,2
05/16/1974,5
05/16/1975,1
05/16/1977,8
05/16/1978,7
05/16/1979,2
05/16/1980,9
05/16/1981,1
05/16/1983,3
05/16/1984,8
05/16/1985,4
05/16/1986,8
05/16/1987,1
05/16/1988,31
05/16/1989,18
05/16/1990,12
05/16/1991,7
05/16/1992,30
05/16/1993,1
05/16/1994,52
05/16/1995,43
05/16/1996,78
05/16/1997,74
05/16/1998,5
05/16/2000,88
05/16/2001,49
05/16/2002,47
05/16/2003,52
05/16/2004,6
05/16/2005,30
05/16/2006,60
05/16/2007,98
05/16/2008,126
05/16/2009,9
05/16/2010,3
05/16/2011,127
05/16/2012,163
05/16/2013,93
05/16/2014,128
05/16/2015,11
05/16/2016,398
05/16/2017,96
05/16/2018,194
05/16/2019,145
05/16/2020,22
05/16/2021,4
05/16/2022,390
05/16/2023,203
05/16/2024,295
05/16/2025,296
05/17/1968,4
05/17/1972,25
05/17/1974,13
05/17/1976,9
05/17/1977,3
05/17/1978,5
05/17/1979,3
05/17/1982,5
05/17/1983,5
05/17/1984,11
05/17/1985,1
05/17/1986,4
05/17/1988,25
05/17/1989,8
05/17/1990,9
05/17/1991,11
05/17/1992,17
05/17/1993,18
05/17/1994,28
05/17/1995,44
05/17/1996,87
05/17/1997,4
05/17/1998,6
05/17/1999,50
05/17/2000,75
05/17/2001,35
05/17/2002,85
05/17/2004,120
05/17/2005,58
05/17/2006,59
05/17/2007,65
05/17/2008,4
05/17/2009,4
05/17/2010,141
05/17/2011,100
05/17/2012,150
05/17/2013,87
05/17/2014,28
05/17/2015,5
05/17/2016,190
05/17/2017,99
05/17/2018,200
05/17/2019,204
05/17/2020,13
05/17/2021,398
05/17/2022,243
05/17/2023,301
05/17/2024,396
05/17/2025,6
05/18/1968,2
05/18/1970,2
05/18/1972,22
05/18/1975,2
05/18/1976,11
05/18/1977,2
05/18/1978,2
05/18/1979,5
05/18/1981,4
05/18/1982,9
05/18/1983,1
05/18/1984,19
05/18/1987,13
05/18/1988,16
05/18/1989,10
05/18/1990,22
05/18/1991,2
05/18/1992,77
05/18/1993,17
05/18/1994,11
05/18/1995,36
05/18/1996,14
05/18/1997,7
05/18/1998,26
05/18/1999,60
05/18/2000,34
05/18/2001,33
05/18/2002,5
05/18/2003,2
05/18/2004,122
05/18/2005,89
05/18/2006,49
05/18/2007,97
05/18/2008,2
05/18/2009,77
05/18/2010,104
05/18/2011,95
05/18/2012,180
05/18/2013,8
05/18/2014,2
05/18/2015,114
05/18/2016,199
05/18/2017,168
05/18/2018,242
05/18/2019,3
05/18/2020,300
05/18/2021,139
05/18/2022,333
05/18/2023,454
05/18/2024,10
05/18/2025,8
05/19/1964,1
05/19/1966,1
05/19/1969,1
05/19/1971,1
05/19/1972,30
05/19/1974,1
05/19/1975,4
05/19/1976,10
05/19/1977,1
05/19/1978,5
05/19/1980,11
05/19/1981,1
05/19/1982,6
05/19/1983,2
05/19/1984,3
05/19/1986,17
05/19/1987,10
05/19/1988,31
05/19/1989,7
05/19/1990,10
05/19/1992,38
05/19/1993,14
05/19/1994,37
05/19/1995,48
05/19/1996,42
05/19/1997,16
05/19/1998,83
05/19/1999,33
05/19/2000,94
05/19/2001,7
05/19/2002,8
05/19/2003,44
05/19/2004,114
05/19/2005,40
05/19/2006,71
05/19/2007,4
05/19/2008,85
05/19/2009,78
05/19/2010,96
05/19/2011,101
05/19/2012,9
05/19/2013,4
05/19/2014,139
05/19/2015,177
05/19/2016,237
05/19/2017,137
05/19/2018,23
05/19/2019,8
05/19/2020,152
05/19/2021,225
05/19/2022,311
05/19/2023,233
05/19/2024,13
05/19/2025,684
05/20/1964,1
05/20/1966,2
05/20/1968,1
05/20/1970,2
05/20/1972,20
05/20/1974,8
05/20/1975,3
05/20/1976,11
05/20/1977,7
05/20/1980,10
05/20/1981,2
05/20/1982,6
05/20/1983,5
05/20/1984,2
05/20/1985,3
05/20/1986,9
05/20/1987,6
05/20/1988,17
05/20/1989,1
05/20/1990,7
05/20/1991,12
05/20/1992,68
05/20/1993,12
05/20/1994,38
05/20/1995,2
05/20/1996,44
05/20/1997,67
05/20/1998,78
05/20/1999,69
05/20/2000,11
05/20/2001,2
05/20/2002,39
05/20/2003,81
05/20/2004,133
05/20/2005,75
05/20/2006,3
05/20/2007,11
05/20/2008,133
05/20/2009,82
05/20/2010,137
05/20/2011,109
05/20/2012,3
05/20/2013,83
05/20/2014,103
05/20/2015,93
05/20/2016,222
05/20/2017,30
05/20/2018,4
05/20/2019,295
05/20/2020,242
05/20/2021,174
05/20/2022,281
05/20/2023,10
05/20/2024,775
05/20/2025,368
05/21/1954,1
05/21/1968,1
05/21/1970,1
05/21/1974,3
05/21/1976,9
05/21/1979,3
05/21/1980,6
05/21/1981,1
05/21/1982,7
05/21/1983,5
05/21/1984,20
05/21/1985,3
05/21/1986,11
05/21/1987,5
05/21/1988,5
05/21/1990,22
05/21/1991,7
05/21/1992,56
05/21/1993,13
05/21/1994,2
05/21/1995,1
05/21/1996,122
05/21/1997,58
05/21/1998,84
05/21/1999,130
05/21/2000,6
05/21/2001,23
05/21/2002,78
05/21/2003,76
05/21/2004,99
05/21/2005,1
05/21/2006,4
05/21/2007,90
05/21/2008,107
05/21/2009,73
05/21/2010,130
05/21/2011,3
05/21/2012,174
05/21/2013,75
05/21/2014,74
05/21/2015,86
05/21/2016,17
05/21/2017,1
05/21/2018,255
05/21/2019,139
05/21/2020,267
05/21/2021,210
05/21/2022,39
05/21/2023,9
05/21/2024,460
05/21/2025,129
05/22/1968,2
05/22/1972,22
05/22/1973,1
05/22/1974,5
05/22/1975,1
05/22/1976,2
05/22/1978,14
05/22/1979,2
05/22/1980,7
05/22/1981,3
05/22/1984,16
05/22/1985,3
05/22/1986,15
05/22/1987,5
05/22/1989,11
05/22/1990,15
05/22/1991,3
05/22/1992,53
05/22/1993,13
05/22/1994,1
05/22/1995,40
05/22/1996,86
05/22/1997,64
05/22/1998,153
05/22/1999,5
05/22/2000,33
05/22/2001,70
05/22/2002,47
05/22/2003,57
05/22/2004,11
05/22/2005,2
05/22/2006,75
05/22/2007,66
05/22/2008,114
05/22/2009,105
05/22/2010,12
05/22/2011,1
05/22/2012,192
05/22/2013,110
05/22/2014,135
05/22/2015,86
05/22/2016,5
05/22/2017,146
05/22/2018,332
05/22/2019,193
05/22/2020,203
05/22/2021,6
05/22/2022,14
05/22/2023,313
05/22/2024,399
05/22/2025,307
05/23/1960,3
05/23/1964,1
05/23/1972,36
05/23/1974,3
05/23/1975,2
05/23/1978,7
05/23/1979,1
05/23/1980,21
05/23/1983,8
05/23/1984,17
05/23/1985,3
05/23/1986,12
05/23/1987,1
05/23/1988,27
05/23/1989,4
05/23/1990,7
05/23/1991,10
05/23/1992,21
05/23/1993,1
05/23/1994,31
05/23/1995,53
05/23/1996,114
05/23/1997,54
05/23/1998,8
05/23/1999,3
05/23/2000,46
05/23/2001,57
05/23/2002,58
05/23/2003,44
05/23/2004,9
05/23/2005,61
05/23/2006,50
05/23/2007,117
05/23/2008,85
05/23/2009,6
05/23/2010,2
05/23/2011,84
05/23/2012,190
05/23/2013,92
05/23/2014,141
05/23/2015,1
05/23/2016,313
05/23/2017,168
05/23/2018,227
05/23/2019,178
05/23/2020,20
05/23/2021,4
05/23/2022,362
05/23/2023,315
05/23/2024,476
05/23/2025,356
05/24/1967,1
05/24/1968,2
05/24/1972,17
05/24/1973,1
05/24/1974,3
05/24/1976,9
05/24/1978,7
05/24/1979,5
05/24/1980,2
05/24/1982,11
05/24/1983,6
05/24/1984,10
05/24/1985,2
05/24/1986,3
05/24/1987,1
05/24/1988,28
05/24/1989,8
05/24/1990,22
05/24/1991,10
05/24/1992,1
05/24/1993,13
05/24/1994,55
05/24/1995,34
05/24/1996,113
05/24/1997,6
05/24/1998,6
05/24/1999,59
05/24/2000,47
05/24/2001,49
05/24/2002,66
05/24/2003,4
05/24/2004,165
05/24/2005,77
05/24/2006,39
05/24/2007,103
05/24/2008,8
05/24/2009,1
05/24/2010,168
05/24/2011,87
05/24/2012,157
05/24/2013,112
05/24/2015,1
05/24/2016,177
05/24/2017,101
05/24/2018,251
05/24/2019,180
05/24/2020,22
05/24/2021,295
05/24/2022,275
05/24/2023,380
05/24/2024,443
05/24/2025,7
05/25/1970,1
05/25/1972,19
05/25/1973,1
05/25/1976,8
05/25/1977,1
05/25/1978,12
05/25/1979,5
05/25/1980,1
05/25/1982,2
05/25/1983,4
05/25/1984,18
05/25/1987,2
05/25/1988,18
05/25/1989,11
05/25/1990,19
05/25/1991,2
05/25/1992,7
05/25/1993,15
05/25/1994,42
05/25/1995,41
05/25/1996,11
05/25/1997,23
05/25/1998,8
05/25/1999,68
05/25/2000,52
05/25/2001,52
05/25/2002,4
05/25/2003,2
05/25/2004,115
05/25/2005,35
05/25/2006,54
05/25/2007,85
05/25/2008,6
05/25/2009,3
05/25/2010,134
05/25/2011,75
05/25/2012,202
05/25/2013,5
05/25/2016,362
05/25/2017,136
05/25/2018,200
05/25/2019,6
05/25/2020,70
05/25/2021,168
05/25/2022,411
05/25/2023,298
05/25/2024,5
05/25/2025,6
05/26/1956,1
05/26/1967,3
05/26/1970,1
05/26/1972,34
05/26/1976,11
05/26/1977,5
05/26/1978,6
05/26/1979,1
05/26/1981,2
05/26/1982,4
05/26/1983,3
05/26/1984,9
05/26/1987,7
05/26/1988,31
05/26/1989,4
05/26/1990,2
05/26/1992,58
05/26/1993,4
05/26/1994,25
05/26/1995,53
05/26/1996,10
05/26/1997,8
05/26/1998,79
05/26/1999,35
05/26/2000,53
05/26/2001,1
05/26/2002,1
05/26/2003,2
05/26/2004,154
05/26/2005,30
05/26/2006,70
05/26/2007,7
05/26/2008,9
05/26/2009,136
05/26/2010,122
05/26/2011,95
05/26/2012,9
05/26/2013,2
05/26/2014,1
05/26/2015,147
05/26/2016,268
05/26/2017,190
05/26/2018,19
05/26/2019,2
05/26/2020,260
05/26/2021,254
05/26/2022,311
05/26/2023,264
05/26/2024,6
05/26/2025,10
05/27/1958,1
05/27/1964,1
05/27/1967,1
05/27/1972,1
05/27/1976,12
05/27/1977,3
05/27/1980,4
05/27/1981,2
05/27/1982,9
05/27/1983,7
05/27/1985,1
05/27/1986,19
05/27/1987,11
05/27/1988,20
05/27/1989,2
05/27/1991,1
05/27/1992,52
05/27/1993,11
05/27/1994,22
05/27/1995,1
05/27/1996,11
05/27/1997,71
05/27/1998,98
05/27/1999,27
05/27/2000,7
05/27/2001,1
05/27/2002,5
05/27/2003,71
05/27/2004,146
05/27/2005,59
05/27/2006,5
05/27/2007,1
05/27/2008,176
05/27/2009,120
05/27/2010,105
05/27/2011,142
05/27/2012,3
05/27/2013,4
05/27/2014,144
05/27/2015,82
05/27/2016,309
05/27/2017,12
05/27/2018,5
05/27/2019,2
05/27/2020,210
05/27/2021,260
05/27/2022,354
05/27/2023,4
05/27/2024,7
05/27/2025,574
05/28/1960,1
05/28/1968,1
05/28/1970,1
05/28/1974,4
05/28/1975,2
05/28/1976,4
05/28/1980,10
05/28/1981,1
05/28/1982,6
05/28/1984,4
05/28/1985,1
05/28/1986,19
05/28/1987,5
05/28/1988,14
05/28/1989,1
05/28/1991,13
05/28/1992,65
05/28/1993,14
05/28/1994,1
05/28/1995,3
05/28/1996,141
05/28/1997,63
05/28/1998,87
05/28/1999,56
05/28/2000,4
05/28/2001,2
05/28/2002,101
05/28/2003,87
05/28/2004,190
05/28/2005,2
05/28/2006,2
05/28/2007,3
05/28/2008,122
05/28/2009,83
05/28/2010,187
05/28/2011,4
05/28/2012,6
05/28/2013,162
05/28/2014,107
05/28/2015,126
05/28/2016,19
05/28/2017,1
05/28/2018,7
05/28/2019,320
05/28/2020,320
05/28/2021,237
05/28/2022,20
05/28/2023,3
05/28/2024,651
05/28/2025,236
05/29/1962,1
05/29/1964,3
05/29/1968,3
05/29/1974,5
05/29/1975,2
05/29/1979,7
05/29/1980,7
05/29/1981,1
05/29/1982,1
05/29/1984,27
05/29/1985,5
05/29/1986,21
05/29/1987,15
05/29/1990,24
05/29/1991,11
05/29/1992,66
05/29/1993,2
05/29/1994,4
05/29/1995,5
05/29/1996,109
05/29/1997,67
05/29/1998,97
05/29/1999,3
05/29/2000,6
05/29/2001,81
05/29/2002,59
05/29/2003,63
05/29/2004,15
05/29/2006,11
05/29/2007,114
05/29/2008,83
05/29/2009,92
05/29/2010,5
05/29/2011,1
05/29/2012,153
05/29/2013,89
05/29/2014,103
05/29/2015,138
05/29/2016,11
05/29/2017,2
05/29/2018,230
05/29/2019,222
05/29/2020,357
05/29/2021,1
05/29/2022,23
05/29/2023,26
05/29/2024,461
05/29/2025,169
05/30/1970,1
05/30/1972,27
05/30/1973,1
05/30/1974,6
05/30/1975,4
05/30/1978,9
05/30/1979,3
05/30/1980,9
05/30/1984,14
05/30/1985,5
05/30/1986,15
05/30/1987,2
05/30/1988,2
05/30/1989,14
05/30/1990,19
05/30/1991,7
05/30/1992,12
05/30/1994,3
05/30/1995,53
05/30/1996,119
05/30/1997,79
05/30/1998,8
05/30/1999,2
05/30/2000,95
05/30/2001,34
05/30/2002,82
05/30/2003,43
05/30/2004,8
05/30/2005,1
05/30/2006,66
05/30/2007,143
05/30/2008,93
05/30/2009,4
05/30/2010,4
05/30/2011,3
05/30/2012,155
05/30/2013,109
05/30/2014,170
05/30/2015,2
05/30/2016,18
05/30/2017,208
05/30/2018,155
05/30/2019,193
05/30/2020,54
05/30/2021,5
05/30/2022,14
05/30/2023,419
05/30/2024,431
05/30/2025,294
05/31/1960,1
05/31/1961,1
05/31/1968,1
05/31/1972,17
05/31/1973,1
05/31/1974,8
05/31/1977,4
05/31/1978,4
05/31/1979,2
05/31/1983,9
05/31/1984,20
05/31/1985,7
05/31/1986,1
05/31/1987,2
05/31/1988,43
05/31/1989,11
05/31/1990,18
05/31/1991,19
05/31/1992,9
05/31/1994,46
05/31/1995,61
05/31/1996,110
05/31/1997,6
05/31/1998,9
05/31/1999,1
05/31/2000,72
05/31/2001,97
05/31/2002,67
05/31/2003,3
05/31/2004,9
05/31/2005,53
05/31/2006,77
05/31/2007,80
05/31/2008,9
05/31/2009,2
05/31/2010,3
05/31/2011,128
05/31/2012,195
05/31/2013,124
05/31/2015,2
05/31/2016,342
05/31/2017,63
05/31/2018,276
05/31/2019,207
05/31/2020,117
05/31/2021,5
05/31/2022,463
05/31/2023,155
05/31/2024,528
05/31/2025,8
06/01/1960,1
06/01/1964,3
06/01/1966,1
06/01/1970,2
06/01/1972,25
06/01/1974,4
06/01/1976,15
06/01/1977,2
06/01/1978,10
06/01/1980,1
06/01/1981,3
06/01/1982,8
06/01/1983,7
06/01/1984,22
06/01/1985,3
06/01/1987,12
06/01/1988,31
06/01/1989,10
06/01/1990,21
06/01/1991,5
06/01/1992,100
06/01/1993,21
06/01/1994,48
06/01/1995,52
06/01/1996,42
06/01/1997,11
06/01/1998,29
06/01/1999,77
06/01/2000,66
06/01/2001,23
06/01/2002,2
06/01/2003,1
06/01/2004,166
06/01/2005,44
06/01/2006,57
06/01/2007,77
06/01/2008,12
06/01/2009,86
06/01/2010,178
06/01/2011,85
06/01/2012,260
06/01/2013,17
06/01/2014,3
06/01/2015,121
06/01/2016,283
06/01/2017,125
06/01/2018,313
06/01/2019,11
06/01/2020,609
06/01/2021,323
06/01/2022,270
06/01/2023,277
06/01/2024,28
06/01/2025,7
06/02/1960,1
06/02/1962,1
06/02/1964,4
06/02/1966,1
06/02/1967,1
06/02/1972,27
06/02/1975,2
06/02/1976,9
06/02/1977,1
06/02/1978,8
06/02/1980,15
06/02/1981,6
06/02/1982,13
06/02/1983,3
06/02/1984,3
06/02/1985,1
06/02/1986,19
06/02/1987,4
06/02/1988,29
06/02/1989,12
06/02/1990,2
06/02/1992,81
06/02/1993,6
06/02/1994,24
06/02/1995,54
06/02/1996,43
06/02/1997,30
06/02/1998,122
06/02/1999,121
06/02/2000,110
06/02/2001,2
06/02/2002,8
06/02/2003,62
06/02/2004,159
06/02/2005,64
06/02/2006,92
06/02/2007,6
06/02/2008,149
06/02/2009,103
06/02/2010,147
06/02/2011,119
06/02/2012,7
06/02/2013,14
06/02/2014,178
06/02/2015,76
06/02/2016,224
06/02/2017,216
06/02/2018,27
06/02/2019,5
06/02/2020,314
06/02/2021,180
06/02/2022,261
06/02/2023,189
06/02/2024,27
06/02/2025,506
06/03/1964,3
06/03/1966,1
06/03/1968,4
06/03/1972,13
06/03/1974,11
06/03/1975,1
06/03/1976,14
06/03/1978,8
06/03/1980,15
06/03/1981,1
06/03/1982,9
06/03/1983,4
06/03/1984,4
06/03/1985,3
06/03/1986,27
06/03/1987,3
06/03/1988,25
06/03/1989,1
06/03/1991,16
06/03/1992,75
06/03/1993,10
06/03/1994,36
06/03/1996,71
06/03/1997,79
06/03/1998,87
06/03/1999,29
06/03/2000,23
06/03/2001,4
06/03/2002,45
06/03/2003,93
06/03/2004,222
06/03/2005,91
06/03/2006,13
06/03/2007,2
06/03/2008,97
06/03/2009,87
06/03/2010,127
06/03/2011,133
06/03/2012,2
06/03/2013,87
06/03/2014,136
06/03/2015,64
06/03/2016,280
06/03/2017,14
06/03/2018,7
06/03/2019,280
06/03/2020,433
06/03/2021,198
06/03/2022,354
06/03/2023,6
06/03/2024,525
06/03/2025,363
06/04/1968,4
06/04/1970,3
06/04/1971,2
06/04/1972,6
06/04/1973,3
06/04/1974,6
06/04/1975,2
06/04/1976,11
06/04/1979,3
06/04/1980,15
06/04/1981,4
06/04/1982,8
06/04/1983,1
06/04/1984,32
06/04/1985,3
06/04/1986,39
06/04/1987,12
06/04/1988,8
06/04/1989,1
06/04/1990,26
06/04/1991,17
06/04/1992,69
06/04/1993,3
06/04/1994,13
06/04/1995,2
06/04/1996,117
06/04/1997,59
06/04/1998,107
06/04/1999,32
06/04/2000,13
06/04/2001,25
06/04/2002,66
06/04/2003,66
06/04/2004,121
06/04/2005,2
06/04/2006,6
06/04/2007,41
06/04/2008,113
06/04/2009,115
06/04/2010,144
06/04/2011,10
06/04/2012,134
06/04/2013,116
06/04/2014,97
06/04/2015,148
06/04/2016,55
06/04/2017,7
06/04/2018,252
06/04/2019,101
06/04/2020,441
06/04/2021,194
06/04/2022,11
06/04/2023,5
06/04/2024,502
06/04/2025,136
06/05/1961,1
06/05/1968,5
06/05/1969,1
06/05/1970,3
06/05/1972,28
06/05/1973,1
06/05/1974,7
06/05/1975,3
06/05/1978,13
06/05/1979,1
06/05/1980,10
06/05/1981,3
06/05/1982,4
06/05/1984,22
06/05/1985,4
06/05/1986,18
06/05/1987,5
06/05/1988,4
06/05/1989,10
06/05/1990,10
06/05/1991,11
06/05/1992,74
06/05/1993,1
06/05/1994,4
06/05/1995,45
06/05/1996,136
06/05/1997,68
06/05/1998,116
06/05/1999,1
06/05/2000,103
06/05/2001,97
06/05/2002,82
06/05/2003,59
06/05/2004,9
06/05/2005,2
06/05/2006,94
06/05/2007,66
06/05/2008,110
06/05/2009,91
06/05/2010,10
06/05/2011,1
06/05/2012,175
06/05/2013,126
06/05/2014,114
06/05/2015,100
06/05/2016,30
06/05/2017,157
06/05/2018,149
06/05/2019,207
06/05/2020,421
06/05/2021,3
06/05/2022,20
06/05/2023,324
06/05/2024,433
06/05/2025,348
06/06/0202,1
06/06/1966,2
06/06/1968,6
06/06/1970,3
06/06/1972,31
06/06/1973,1
06/06/1974,10
06/06/1975,1
06/06/1976,1
06/06/1977,2
06/06/1978,10
06/06/1979,4
06/06/1980,12
06/06/1982,1
06/06/1983,3
06/06/1984,23
06/06/1986,18
06/06/1987,2
06/06/1988,28
06/06/1989,5
06/06/1990,18
06/06/1991,5
06/06/1992,20
06/06/1994,37
06/06/1995,55
06/06/1996,117
06/06/1997,80
06/06/1998,21
06/06/1999,6
06/06/2000,112
06/06/2001,63
06/06/2002,77
06/06/2003,70
06/06/2004,7
06/06/2005,41
06/06/2006,113
06/06/2007,80
06/06/2008,124
06/06/2009,12
06/06/2011,75
06/06/2012,139
06/06/2013,111
06/06/2014,112
06/06/2015,13
06/06/2016,204
06/06/2017,118
06/06/2018,173
06/06/2019,220
06/06/2020,42
06/06/2021,2
06/06/2022,516
06/06/2023,205
06/06/2024,516
06/06/2025,280
06/07/1960,1
06/07/1963,1
06/07/1966,1
06/07/1967,1
06/07/1968,14
06/07/1971,1
06/07/1972,27
06/07/1973,3
06/07/1974,9
06/07/1976,21
06/07/1977,1
06/07/1978,10
06/07/1980,2
06/07/1982,9
06/07/1983,13
06/07/1984,25
06/07/1985,8
06/07/1986,3
06/07/1987,1
06/07/1988,30
06/07/1989,26
06/07/1990,20
06/07/1991,6
06/07/1992,9
06/07/1993,10
06/07/1994,43
06/07/1995,88
06/07/1996,127
06/07/1997,5
06/07/1998,24
06/07/1999,46
06/07/2000,64
06/07/2001,45
06/07/2002,67
06/07/2003,3
06/07/2004,158
06/07/2005,99
06/07/2006,72
06/07/2007,84
06/07/2008,15
06/07/2009,12
06/07/2010,178
06/07/2011,101
06/07/2012,165
06/07/2013,81
06/07/2015,41
06/07/2016,203
06/07/2017,134
06/07/2018,211
06/07/2019,198
06/07/2020,55
06/07/2021,353
06/07/2022,308
06/07/2023,321
06/07/2024,410
06/07/2025,12
06/08/1964,1
06/08/1966,2
06/08/1968,10
06/08/1971,2
06/08/1972,21
06/08/1974,2
06/08/1976,15
06/08/1978,9
06/08/1979,1
06/08/1980,2
06/08/1981,1
06/08/1982,6
06/08/1983,9
06/08/1984,18
06/08/1986,2
06/08/1987,9
06/08/1988,30
06/08/1989,4
06/08/1990,29
06/08/1991,1
06/08/1992,102
06/08/1993,7
06/08/1994,43
06/08/1995,46
06/08/1996,18
06/08/1997,5
06/08/1998,28
06/08/1999,38
06/08/2000,93
06/08/2001,42
06/08/2002,7
06/08/2003,6
06/08/2004,204
06/08/2005,57
06/08/2006,78
06/08/2007,97
06/08/2008,14
06/08/2009,104
06/08/2010,133
06/08/2011,92
06/08/2012,163
06/08/2013,16
06/08/2014,1
06/08/2015,157
06/08/2016,215
06/08/2017,74
06/08/2018,224
06/08/2019,7
06/08/2020,507
06/08/2021,195
06/08/2022,645
06/08/2023,285
06/08/2024,23
06/08/2025,4
06/09/1956,1
06/09/1958,1
06/09/1960,2
06/09/1964,1
06/09/1970,2
06/09/1972,36
06/09/1975,3
06/09/1976,17
06/09/1977,5
06/09/1978,6
06/09/1980,16
06/09/1982,10
06/09/1983,8
06/09/1984,5
06/09/1986,42
06/09/1987,11
06/09/1988,33
06/09/1989,7
06/09/1990,7
06/09/1992,93
06/09/1993,16
06/09/1994,53
06/09/1995,63
06/09/1996,30
06/09/1997,20
06/09/1998,107
06/09/1999,37
06/09/2000,140
06/09/2001,3
06/09/2002,4
06/09/2003,49
06/09/2004,157
06/09/2005,56
06/09/2006,73
06/09/2007,7
06/09/2008,167
06/09/2009,67
06/09/2010,138
06/09/2011,131
06/09/2012,13
06/09/2013,12
06/09/2014,160
06/09/2015,118
06/09/2016,232
06/09/2017,281
06/09/2018,20
06/09/2019,8
06/09/2020,265
06/09/2021,361
06/09/2022,562
06/09/2023,279
06/09/2024,13
06/09/2025,744
06/10/1960,2
06/10/1964,1
06/10/1966,2
06/10/1968,1
06/10/1969,1
06/10/1970,2
06/10/1972,6
06/10/1974,8
06/10/1976,14
06/10/1978,1
06/10/1980,10
06/10/1981,1
06/10/1982,7
06/10/1984,1
06/10/1985,5
06/10/1986,27
06/10/1987,8
06/10/1988,36
06/10/1990,2
06/10/1991,10
06/10/1992,90
06/10/1993,7
06/10/1994,48
06/10/1995,3
06/10/1996,88
06/10/1997,72
06/10/1998,86
06/10/1999,81
06/10/2000,30
06/10/2001,6
06/10/2002,37
06/10/2003,88
06/10/2004,204
06/10/2005,43
06/10/2006,18
06/10/2007,9
06/10/2008,141
06/10/2009,84
06/10/2010,110
06/10/2011,130
06/10/2012,8
06/10/2013,114
06/10/2014,91
06/10/2015,142
06/10/2016,231
06/10/2017,18
06/10/2018,5
06/10/2019,366
06/10/2020,258
06/10/2021,233
06/10/2022,593
06/10/2023,13
06/10/2024,655
06/10/2025,116
06/11/1960,2
06/11/1964,1
06/11/1965,2
06/11/1968,1
06/11/1970,2
06/11/1972,2
06/11/1974,8
06/11/1975,3
06/11/1976,11
06/11/1978,4
06/11/1980,17
06/11/1981,1
06/11/1982,6
06/11/1983,1
06/11/1984,46
06/11/1985,3
06/11/1986,18
06/11/1987,7
06/11/1988,2
06/11/1989,2
06/11/1990,34
06/11/1991,12
06/11/1992,73
06/11/1993,15
06/11/1994,6
06/11/1995,3
06/11/1996,110
06/11/1997,53
06/11/1998,101
06/11/1999,59
06/11/2000,4
06/11/2001,12
06/11/2002,73
06/11/2003,65
06/11/2004,75
06/11/2005,4
06/11/2006,2
06/11/2007,82
06/11/2008,135
06/11/2009,65
06/11/2010,109
06/11/2011,15
06/11/2012,174
06/11/2013,107
06/11/2014,104
06/11/2015,226
06/11/2016,67
06/11/2017,3
06/11/2018,276
06/11/2019,146
06/11/2020,248
06/11/2021,226
06/11/2022,19
06/11/2023,8
06/11/2024,191
06/11/2025,121
06/12/1954,1
06/12/1964,3
06/12/1968,1
06/12/1969,1
06/12/1970,4
06/12/1972,28
06/12/1973,1
06/12/1974,8
06/12/1978,8
06/12/1979,5
06/12/1980,8
06/12/1981,2
06/12/1982,6
06/12/1984,25
06/12/1986,19
06/12/1987,6
06/12/1988,1
06/12/1989,6
06/12/1990,45
06/12/1991,15
06/12/1992,55
06/12/1994,6
06/12/1995,27
06/12/1996,121
06/12/1997,65
06/12/1998,111
06/12/1999,5
06/12/2000,172
06/12/2001,17
06/12/2002,65
06/12/2003,67
06/12/2004,13
06/12/2005,2
06/12/2006,73
06/12/2007,82
06/12/2008,107
06/12/2009,76
06/12/2010,7
06/12/2011,7
06/12/2012,143
06/12/2013,77
06/12/2014,123
06/12/2015,169
06/12/2016,5
06/12/2017,177
06/12/2018,156
06/12/2019,229
06/12/2020,354
06/12/2021,4
06/12/2022,14
06/12/2023,438
06/12/2024,459
06/12/2025,489
06/13/1956,1
06/13/1960,2
06/13/1964,2
06/13/1968,11
06/13/1969,2
06/13/1970,2
06/13/1972,33
06/13/1973,2
06/13/1974,6
06/13/1975,1
06/13/1976,5
06/13/1977,4
06/13/1978,11
06/13/1979,5
06/13/1980,11
06/13/1981,1
06/13/1982,1
06/13/1983,1
06/13/1984,19
06/13/1985,1
06/13/1986,16
06/13/1987,3
06/13/1988,37
06/13/1989,8
06/13/1990,18
06/13/1991,6
06/13/1992,17
06/13/1994,43
06/13/1995,61
06/13/1996,93
06/13/1997,73
06/13/1998,16
06/13/1999,1
06/13/2000,180
06/13/2001,34
06/13/2002,71
06/13/2003,60
06/13/2004,5
06/13/2005,56
06/13/2006,63
06/13/2007,76
06/13/2008,92
06/13/2009,5
06/13/2010,8
06/13/2011,85
06/13/2012,117
06/13/2013,108
06/13/2014,158
06/13/2015,19
06/13/2016,313
06/13/2017,138
06/13/2018,163
06/13/2019,218
06/13/2020,38
06/13/2022,552
06/13/2023,107
06/13/2024,383
06/13/2025,128
06/14/1968,4
06/14/1971,2
06/14/1972,36
06/14/1973,1
06/14/1974,10
06/14/1975,1
06/14/1976,23
06/14/1978,19
06/14/1979,2
06/14/1982,17
06/14/1983,3
06/14/1984,26
06/14/1985,4
06/14/1986,1
06/14/1988,28
06/14/1989,7
06/14/1990,16
06/14/1991,7
06/14/1992,11
06/14/1993,10
06/14/1994,56
06/14/1995,60
06/14/1996,137
06/14/1997,6
06/14/1998,9
06/14/1999,34
06/14/2000,106
06/14/2001,51
06/14/2002,159
06/14/2003,19
06/14/2004,167
06/14/2005,96
06/14/2006,88
06/14/2007,64
06/14/2008,20
06/14/2009,2
06/14/2010,169
06/14/2011,117
06/14/2012,159
06/14/2013,108
06/14/2014,6
06/14/2015,5
06/14/2016,175
06/14/2017,114
06/14/2018,196
06/14/2019,244
06/14/2020,110
06/14/2021,500
06/14/2022,260
06/14/2023,299
06/14/2024,294
06/14/2025,10
06/15/1960,1
06/15/1962,1
06/15/1966,2
06/15/1968,7
06/15/1970,4
06/15/1972,44
06/15/1976,28
06/15/1977,8
06/15/1978,22
06/15/1979,1
06/15/1980,1
06/15/1981,2
06/15/1982,10
06/15/1983,5
06/15/1984,33
06/15/1985,1
06/15/1986,2
06/15/1987,7
06/15/1988,49
06/15/1989,9
06/15/1990,41
06/15/1992,125
06/15/1993,5
06/15/1994,32
06/15/1995,57
06/15/1996,23
06/15/1997,5
06/15/1998,45
06/15/1999,58
06/15/2000,138
06/15/2001,51
06/15/2002,195
06/15/2003,13
06/15/2004,176
06/15/2005,115
06/15/2006,73
06/15/2007,70
06/15/2008,22
06/15/2009,104
06/15/2010,100
06/15/2011,91
06/15/2012,191
06/15/2013,8
06/15/2014,1
06/15/2015,121
06/15/2016,187
06/15/2017,150
06/15/2018,235
06/15/2019,10
06/15/2020,617
06/15/2021,150
06/15/2022,481
06/15/2023,238
06/15/2024,19
06/15/2025,8
06/16/1956,1
06/16/1958,1
06/16/1962,1
06/16/1966,1
06/16/1967,1
06/16/1970,4
06/16/1972,55
06/16/1975,1
06/16/1976,17
06/16/1977,2
06/16/1978,19
06/16/1980,18
06/16/1981,1
06/16/1982,17
06/16/1983,7
06/16/1984,7
06/16/1985,1
06/16/1986,18
06/16/1987,9
06/16/1988,39
06/16/1989,9
06/16/1990,50
06/16/1992,64
06/16/1993,9
06/16/1994,39
06/16/1995,46
06/16/1996,24
06/16/1997,11
06/16/1998,133
06/16/1999,66
06/16/2000,128
06/16/2001,6
06/16/2002,4
06/16/2003,55
06/16/2004,179
06/16/2005,76
06/16/2006,88
06/16/2007,9
06/16/2008,191
06/16/2009,73
06/16/2010,133
06/16/2011,157
06/16/2012,28
06/16/2013,14
06/16/2014,167
06/16/2015,72
06/16/2016,250
06/16/2017,170
06/16/2018,25
06/16/2019,8
06/16/2020,340
06/16/2021,211
06/16/2022,348
06/16/2023,298
06/16/2024,15
06/16/2025,707
06/17/1968,1
06/17/1971,1
06/17/1972,66
06/17/1974,6
06/17/1975,4
06/17/1976,21
06/17/1977,6
06/17/1978,24
06/17/1980,19
06/17/1981,3
06/17/1982,10
06/17/1983,6
06/17/1984,4
06/17/1985,3
06/17/1986,16
06/17/1987,5
06/17/1988,62
06/17/1989,1
06/17/1990,11
06/17/1991,20
06/17/1992,54
06/17/1993,3
06/17/1994,47
06/17/1995,7
06/17/1996,70
06/17/1997,96
06/17/1998,118
06/17/1999,48
06/17/2000,4
06/17/2001,1
06/17/2002,54
06/17/2003,134
06/17/2004,211
06/17/2005,42
06/17/2006,16
06/17/2007,6
06/17/2008,167
06/17/2009,86
06/17/2010,134
06/17/2011,136
06/17/2012,12
06/17/2013,112
06/17/2014,101
06/17/2015,213
06/17/2016,252
06/17/2017,20
06/17/2018,6
06/17/2019,310
06/17/2020,501
06/17/2021,209
06/17/2022,457
06/17/2023,11
06/17/2024,504
06/17/2025,131
06/18/1962,1
06/18/1964,1
06/18/1966,1
06/18/1968,4
06/18/1970,2
06/18/1973,1
06/18/1974,6
06/18/1975,2
06/18/1976,36
06/18/1978,2
06/18/1979,4
06/18/1980,37
06/18/1981,2
06/18/1982,5
06/18/1984,33
06/18/1985,3
06/18/1986,31
06/18/1987,7
06/18/1988,47
06/18/1989,1
06/18/1990,50
06/18/1991,12
06/18/1992,53
06/18/1993,4
06/18/1994,17
06/18/1995,1
06/18/1996,137
06/18/1997,57
06/18/1998,105
06/18/1999,76
06/18/2000,12
06/18/2001,24
06/18/2002,106
06/18/2003,76
06/18/2004,180
06/18/2005,6
06/18/2006,6
06/18/2007,34
06/18/2008,129
06/18/2009,132
06/18/2010,122
06/18/2011,6
06/18/2012,170
06/18/2013,109
06/18/2014,107
06/18/2015,118
06/18/2016,59
06/18/2017,5
06/18/2018,307
06/18/2019,150
06/18/2020,349
06/18/2021,318
06/18/2022,23
06/18/2023,2
06/18/2024,160
06/18/2025,90
06/19/1962,1
06/19/1967,1
06/19/1968,8
06/19/1970,5
06/19/1972,67
06/19/1973,1
06/19/1974,13
06/19/1975,4
06/19/1976,3
06/19/1978,37
06/19/1979,5
06/19/1980,24
06/19/1982,4
06/19/1984,33
06/19/1985,3
06/19/1986,16
06/19/1987,5
06/19/1988,10
06/19/1989,13
06/19/1990,33
06/19/1991,11
06/19/1992,59
06/19/1994,4
06/19/1995,47
06/19/1996,137
06/19/1997,43
06/19/1998,123
06/19/1999,6
06/19/2000,111
06/19/2001,53
06/19/2002,89
06/19/2003,54
06/19/2004,21
06/19/2005,1
06/19/2006,87
06/19/2007,70
06/19/2008,108
06/19/2009,81
06/19/2010,15
06/19/2011,3
06/19/2012,140
06/19/2013,81
06/19/2014,154
06/19/2015,135
06/19/2016,8
06/19/2017,229
06/19/2018,146
06/19/2019,250
06/19/2020,541
06/19/2021,5
06/19/2022,14
06/19/2023,114
06/19/2024,60
06/19/2025,58
06/20/1900,1
06/20/1962,1
06/20/1964,1
06/20/1966,4
06/20/1968,4
06/20/1970,2
06/20/1972,58
06/20/1973,1
06/20/1974,20
06/20/1975,8
06/20/1977,4
06/20/1978,41
06/20/1979,5
06/20/1980,43
06/20/1983,7
06/20/1984,30
06/20/1985,3
06/20/1986,30
06/20/1987,1
06/20/1988,71
06/20/1989,11
06/20/1990,58
06/20/1991,7
06/20/1992,22
06/20/1993,2
06/20/1994,57
06/20/1995,96
06/20/1996,106
06/20/1997,90
06/20/1998,16
06/20/1999,10
06/20/2000,109
06/20/2001,56
06/20/2002,49
06/20/2003,66
06/20/2004,12
06/20/2005,31
06/20/2006,94
06/20/2007,66
06/20/2008,96
06/20/2009,2
06/20/2010,12
06/20/2011,99
06/20/2012,119
06/20/2013,126
06/20/2014,137
06/20/2015,2
06/20/2016,236
06/20/2017,138
06/20/2018,1165
06/20/2019,250
06/20/2020,56
06/20/2021,2
06/20/2022,296
06/20/2023,388
06/20/2024,496
06/20/2025,406
06/21/1956,2
06/21/1963,1
06/21/1966,2
06/21/1968,2
06/21/1970,1
06/21/1972,58
06/21/1974,11
06/21/1976,41
06/21/1977,1
06/21/1978,39
06/21/1979,3
06/21/1980,7
06/21/1982,11
06/21/1983,1
06/21/1984,39
06/21/1985,8
06/21/1986,20
06/21/1987,3
06/21/1988,71
06/21/1989,9
06/21/1990,41
06/21/1991,9
06/21/1992,5
06/21/1993,13
06/21/1994,34
06/21/1995,62
06/21/1996,111
06/21/1997,8
06/21/1998,11
06/21/1999,30
06/21/2000,101
06/21/2001,132
06/21/2002,92
06/21/2003,7
06/21/2004,201
06/21/2005,64
06/21/2006,81
06/21/2007,48
06/21/2008,14
06/21/2009,5
06/21/2010,136
06/21/2011,108
06/21/2012,161
06/21/2013,98
06/21/2014,48
06/21/2015,1
06/21/2016,156
06/21/2017,125
06/21/2018,601
06/21/2019,263
06/21/2020,32
06/21/2021,515
06/21/2022,438
06/21/2023,346
06/21/2024,202
06/21/2025,12
06/22/1964,1
06/22/1966,1
06/22/1968,2
06/22/1970,4
06/22/1972,26
06/22/1974,1
06/22/1976,21
06/22/1977,1
06/22/1978,30
06/22/1979,5
06/22/1980,1
06/22/1981,2
06/22/1982,9
06/22/1983,1
06/22/1984,66
06/22/1986,11
06/22/1987,6
06/22/1988,65
06/22/1989,4
06/22/1990,25
06/22/1991,4
06/22/1992,59
06/22/1993,10
06/22/1994,58
06/22/1995,53
06/22/1996,37
06/22/1997,13
06/22/1998,41
06/22/1999,117
06/22/2000,90
06/22/2001,61
06/22/2002,4
06/22/2003,5
06/22/2004,316
06/22/2005,49
06/22/2006,78
06/22/2007,68
06/22/2008,9
06/22/2009,89
06/22/2010,126
06/22/2011,119
06/22/2012,154
06/22/2013,12
06/22/2014,2
06/22/2015,154
06/22/2016,199
06/22/2017,147
06/22/2018,487
06/22/2019,14
06/22/2020,722
06/22/2021,155
06/22/2022,470
06/22/2023,244
06/22/2024,30
06/22/2025,8
06/23/1958,1
06/23/1964,1
06/23/1966,1
06/23/1969,1
06/23/1970,4
06/23/1972,38
06/23/1975,8
06/23/1976,39
06/23/1978,34
06/23/1979,1
06/23/1980,36
06/23/1981,1
06/23/1982,15
06/23/1983,4
06/23/1984,44
06/23/1985,1
06/23/1986,29
06/23/1987,5
06/23/1988,42
06/23/1989,3
06/23/1990,10
06/23/1991,1
06/23/1992,47
06/23/1993,14
06/23/1994,35
06/23/1995,68
06/23/1996,30
06/23/1997,27
06/23/1998,140
06/23/1999,181
06/23/2000,65
06/23/2001,4
06/23/2002,2
06/23/2003,48
06/23/2004,241
06/23/2005,61
06/23/2006,64
06/23/2007,4
06/23/2008,142
06/23/2009,71
06/23/2010,90
06/23/2011,109
06/23/2012,26
06/23/2013,7
06/23/2014,208
06/23/2015,149
06/23/2016,252
06/23/2017,247
06/23/2018,115
06/23/2019,7
06/23/2020,248
06/23/2021,263
06/23/2022,475
06/23/2023,295
06/23/2024,7
06/23/2025,576
06/24/1964,1
06/24/1966,3
06/24/1968,1
06/24/1969,1
06/24/1970,4
06/24/1972,13
06/24/1974,7
06/24/1975,22
06/24/1976,32
06/24/1978,32
06/24/1980,22
06/24/1981,6
06/24/1982,5
06/24/1983,4
06/24/1984,12
06/24/1985,3
06/24/1986,34
06/24/1987,18
06/24/1988,73
06/24/1989,1
06/24/1990,6
06/24/1991,13
06/24/1992,59
06/24/1993,7
06/24/1994,36
06/24/1995,4
06/24/1996,67
06/24/1997,96
06/24/1998,109
06/24/1999,85
06/24/2000,6
06/24/2001,5
06/24/2002,49
06/24/2003,84
06/24/2004,212
06/24/2005,74
06/24/2006,7
06/24/2007,4
06/24/2008,122
06/24/2009,86
06/24/2010,160
06/24/2011,140
06/24/2012,31
06/24/2013,81
06/24/2014,153
06/24/2015,116
06/24/2016,340
06/24/2017,27
06/24/2018,15
06/24/2019,320
06/24/2020,460
06/24/2021,221
06/24/2022,715
06/24/2023,11
06/24/2024,566
06/24/2025,229
06/25/1964,2
06/25/1968,5
06/25/1970,3
06/25/1971,1
06/25/1974,6
06/25/1975,1
06/25/1976,28
06/25/1978,2
06/25/1979,3
06/25/1980,29
06/25/1981,2
06/25/1982,26
06/25/1983,2
06/25/1984,39
06/25/1985,9
06/25/1986,31
06/25/1987,3
06/25/1988,89
06/25/1990,21
06/25/1991,9
06/25/1992,67
06/25/1993,10
06/25/1994,11
06/25/1996,146
06/25/1997,69
06/25/1998,91
06/25/1999,53
06/25/2000,11
06/25/2001,17
06/25/2002,130
06/25/2003,91
06/25/2004,196
06/25/2005,3
06/25/2006,11
06/25/2007,50
06/25/2008,152
06/25/2009,80
06/25/2010,149
06/25/2011,5
06/25/2012,218
06/25/2013,78
06/25/2014,161
06/25/2015,136
06/25/2016,22
06/25/2017,3
06/25/2018,369
06/25/2019,155
06/25/2020,457
06/25/2021,240
06/25/2022,215
06/25/2023,5
06/25/2024,161
06/25/2025,141
06/26/1956,1
06/26/1964,1
06/26/1968,4
06/26/1970,6
06/26/1972,29
06/26/1974,7
06/26/1976,28
06/26/1978,21
06/26/1979,5
06/26/1980,19
06/26/1981,3
06/26/1982,16
06/26/1984,31
06/26/1985,4
06/26/1986,34
06/26/1987,6
06/26/1988,20
06/26/1989,19
06/26/1990,19
06/26/1991,13
06/26/1992,81
06/26/1993,2
06/26/1994,16
06/26/1995,37
06/26/1996,137
06/26/1997,92
06/26/1998,106
06/26/1999,5
06/26/2000,95
06/26/2001,47
06/26/2002,61
06/26/2003,71
06/26/2004,17
06/26/2005,1
06/26/2006,47
06/26/2007,72
06/26/2008,125
06/26/2009,89
06/26/2010,8
06/26/2011,3
06/26/2012,225
06/26/2013,108
06/26/2014,163
06/26/2015,183
06/26/2016,66
06/26/2017,226
06/26/2018,209
06/26/2019,253
06/26/2020,391
06/26/2021,3
06/26/2022,189
06/26/2023,413
06/26/2024,342
06/26/2025,262
06/27/1962,2
06/27/1966,2
06/27/1968,4
06/27/1970,1
06/27/1972,49
06/27/1973,1
06/27/1974,6
06/27/1975,1
06/27/1976,3
06/27/1978,15
06/27/1979,3
06/27/1980,32
06/27/1982,7
06/27/1983,3
06/27/1984,39
06/27/1985,10
06/27/1986,45
06/27/1987,1
06/27/1988,65
06/27/1989,8
06/27/1990,25
06/27/1991,25
06/27/1992,83
06/27/1994,64
06/27/1995,83
06/27/1996,144
06/27/1997,103
06/27/1998,18
06/27/2000,119
06/27/2001,50
06/27/2002,76
06/27/2003,78
06/27/2004,28
06/27/2005,43
06/27/2006,77
06/27/2007,129
06/27/2008,150
06/27/2009,1
06/27/2010,11
06/27/2011,91
06/27/2012,199
06/27/2013,96
06/27/2014,160
06/27/2015,4
06/27/2016,237
06/27/2017,103
06/27/2018,203
06/27/2019,230
06/27/2020,113
06/27/2021,2
06/27/2022,1480
06/27/2023,124
06/27/2024,368
06/27/2025,358
06/28/1962,1
06/28/1968,4
06/28/1972,45
06/28/1973,1
06/28/1974,11
06/28/1976,37
06/28/1977,2
06/28/1978,28
06/28/1979,4
06/28/1980,25
06/28/1982,28
06/28/1983,3
06/28/1984,35
06/28/1985,13
06/28/1986,28
06/28/1987,2
06/28/1988,61
06/28/1989,23
06/28/1990,24
06/28/1991,29
06/28/1992,12
06/28/1993,10
06/28/1994,45
06/28/1995,48
06/28/1996,120
06/28/1997,6
06/28/1998,38
06/28/1999,50
06/28/2000,119
06/28/2001,91
06/28/2002,96
06/28/2003,3
06/28/2004,242
06/28/2005,70
06/28/2006,82
06/28/2007,74
06/28/2008,11
06/28/2009,2
06/28/2010,176
06/28/2011,93
06/28/2012,195
06/28/2013,118
06/28/2014,7
06/28/2015,5
06/28/2016,236
06/28/2017,136
06/28/2018,346
06/28/2019,242
06/28/2020,63
06/28/2021,375
06/28/2022,1232
06/28/2023,487
06/28/2024,530
06/28/2025,15
06/29/1960,1
06/29/1966,1
06/29/1968,3
06/29/1970,3
06/29/1971,1
06/29/1972,54
06/29/1973,1
06/29/1974,2
06/29/1976,28
06/29/1977,1
06/29/1978,27
06/29/1979,3
06/29/1980,2
06/29/1981,2
06/29/1982,17
06/29/1983,2
06/29/1984,87
06/29/1985,5
06/29/1986,18
06/29/1987,5
06/29/1988,81
06/29/1989,16
06/29/1990,48
06/29/1991,3
06/29/1992,80
06/29/1993,24
06/29/1994,60
06/29/1995,69
06/29/1996,75
06/29/1997,7
06/29/1998,66
06/29/1999,74
06/29/2000,84
06/29/2001,44
06/29/2002,9
06/29/2003,6
06/29/2004,197
06/29/2005,47
06/29/2006,117
06/29/2007,119
06/29/2008,3
06/29/2009,150
06/29/2010,170
06/29/2011,109
06/29/2012,228
06/29/2013,5
06/29/2014,11
06/29/2015,185
06/29/2016,154
06/29/2017,168
06/29/2018,275
06/29/2019,8
06/29/2020,587
06/29/2021,198
06/29/2022,1322
06/29/2023,492
06/29/2024,22
06/29/2025,11
06/30/1960,1
06/30/1966,2
06/30/1970,7
06/30/1972,40
06/30/1974,1
06/30/1975,2
06/30/1976,48
06/30/1977,1
06/30/1978,35
06/30/1980,17
06/30/1981,6
06/30/1982,23
06/30/1983,3
06/30/1984,58
06/30/1985,8
06/30/1986,41
06/30/1987,11
06/30/1988,84
06/30/1989,14
06/30/1990,46
06/30/1991,3
06/30/1992,82
06/30/1993,10
06/30/1994,71
06/30/1995,69
06/30/1996,58
06/30/1997,34
06/30/1998,128
06/30/1999,62
06/30/2000,119
06/30/2001,6
06/30/2002,23
06/30/2003,70
06/30/2004,294
06/30/2005,103
06/30/2006,116
06/30/2007,27
06/30/2008,144
06/30/2009,63
06/30/2010,115
06/30/2011,120
06/30/2012,15
06/30/2013,4
06/30/2014,275
06/30/2015,134
06/30/2016,259
06/30/2017,151
06/30/2018,52
06/30/2019,2
06/30/2020,265
06/30/2021,244
06/30/2022,1656
06/30/2023,302
06/30/2024,26
06/30/2025,774
07/01/1966,5
07/01/1968,3
07/01/1969,1
07/01/1970,12
07/01/1972,37
07/01/1974,20
07/01/1975,1
07/01/1976,35
07/01/1978,22
07/01/1979,1
07/01/1980,24
07/01/1981,4
07/01/1982,33
07/01/1983,8
07/01/1984,39
07/01/1985,4
07/01/1986,45
07/01/1987,11
07/01/1988,91
07/01/1989,10
07/01/1990,14
07/01/1991,33
07/01/1992,116
07/01/1993,32
07/01/1994,130
07/01/1995,25
07/01/1996,79
07/01/1997,78
07/01/1998,131
07/01/1999,94
07/01/2000,19
07/01/2001,4
07/01/2002,58
07/01/2003,85
07/01/2004,239
07/01/2005,71
07/01/2006,16
07/01/2007,35
07/01/2008,223
07/01/2009,80
07/01/2010,179
07/01/2011,126
07/01/2012,24
07/01/2013,141
07/01/2014,163
07/01/2015,162
07/01/2016,298
07/01/2017,16
07/01/2018,14
07/01/2019,349
07/01/2020,465
07/01/2021,220
07/01/2022,1248
07/01/2023,67
07/01/2024,854
07/01/2025,233
07/02/1962,1
07/02/1964,2
07/02/1966,1
07/02/1968,12
07/02/1970,17
07/02/1972,3
07/02/1974,23
07/02/1975,1
07/02/1976,51
07/02/1977,1
07/02/1979,1
07/02/1980,26
07/02/1981,4
07/02/1982,36
07/02/1983,1
07/02/1984,56
07/02/1985,3
07/02/1986,34
07/02/1987,7
07/02/1988,82
07/02/1989,13
07/02/1990,41
07/02/1991,18
07/02/1992,85
07/02/1993,49
07/02/1994,17
07/02/1995,11
07/02/1996,159
07/02/1997,105
07/02/1998,153
07/02/1999,82
07/02/2000,9
07/02/2001,69
07/02/2002,105
07/02/2003,58
07/02/2004,235
07/02/2006,5
07/02/2007,64
07/02/2008,145
07/02/2009,112
07/02/2010,151
07/02/2011,8
07/02/2012,176
07/02/2013,123
07/02/2014,109
07/02/2015,144
07/02/2016,17
07/02/2017,1
07/02/2018,355
07/02/2019,140
07/02/2020,559
07/02/2021,318
07/02/2022,399
07/02/2023,6
07/02/2024,438
07/02/2025,137
07/03/1961,1
07/03/1964,2
07/03/1967,1
07/03/1968,4
07/03/1970,5
07/03/1972,57
07/03/1974,13
07/03/1975,1
07/03/1976,23
07/03/1978,28
07/03/1979,3
07/03/1980,28
07/03/1981,1
07/03/1982,11
07/03/1983,1
07/03/1984,54
07/03/1985,4
07/03/1986,40
07/03/1987,14
07/03/1988,46
07/03/1989,15
07/03/1990,33
07/03/1991,8
07/03/1992,76
07/03/1993,1
07/03/1994,35
07/03/1995,22
07/03/1996,153
07/03/1997,90
07/03/1998,28
07/03/1999,10
07/03/2000,106
07/03/2001,41
07/03/2002,86
07/03/2003,96
07/03/2004,14
07/03/2005,1
07/03/2006,63
07/03/2007,76
07/03/2008,107
07/03/2009,2
07/03/2010,13
07/03/2011,2
07/03/2012,214
07/03/2013,97
07/03/2014,149
07/03/2015,2
07/03/2016,58
07/03/2017,166
07/03/2018,211
07/03/2019,248
07/03/2020,435
07/03/2021,3
07/03/2022,276
07/03/2023,308
07/03/2024,704
07/03/2025,169
07/04/1970,1
07/04/1972,1
07/04/1975,3
07/04/1978,1
07/04/1979,1
07/04/1982,1
07/04/1984,2
07/04/1986,18
07/04/1987,19
07/04/1988,11
07/04/1990,3
07/04/1991,1
07/04/1992,48
07/04/1994,36
07/04/1995,2
07/04/1996,24
07/04/1997,6
07/04/1998,8
07/04/1999,1
07/04/2000,35
07/04/2001,6
07/04/2002,7
07/04/2003,3
07/04/2004,62
07/04/2006,5
07/04/2007,2
07/04/2008,14
07/04/2009,2
07/04/2010,23
07/04/2011,4
07/04/2012,10
07/04/2013,3
07/04/2014,3
07/04/2015,1
07/04/2016,12
07/04/2017,2
07/04/2018,35
07/04/2019,15
07/04/2020,135
07/04/2021,1
07/04/2022,614
07/04/2023,16
07/04/2024,21
07/04/2025,7
07/05/1956,1
07/05/1966,1
07/05/1967,1
07/05/1968,6
07/05/1972,51
07/05/1973,1
07/05/1974,39
07/05/1976,4
07/05/1977,1
07/05/1978,43
07/05/1979,2
07/05/1980,7
07/05/1982,4
07/05/1983,3
07/05/1984,47
07/05/1985,1
07/05/1986,28
07/05/1988,112
07/05/1989,16
07/05/1990,29
07/05/1991,5
07/05/1992,6
07/05/1994,167
07/05/1995,84
07/05/1996,216
07/05/1997,10
07/05/1998,32
07/05/1999,10
07/05/2000,140
07/05/2001,60
07/05/2002,100
07/05/2003,5
07/05/2004,30
07/05/2005,97
07/05/2006,122
07/05/2007,86
07/05/2008,10
07/05/2009,2
07/05/2010,20
07/05/2011,121
07/05/2012,269
07/05/2013,120
07/05/2014,5
07/05/2015,3
07/05/2016,327
07/05/2017,128
07/05/2018,366
07/05/2019,315
07/05/2020,177
07/05/2021,5
07/05/2022,1528
07/05/2023,433
07/05/2024,667
07/05/2025,5
07/06/1955,1
07/06/1960,2
07/06/1962,2
07/06/1964,3
07/06/1965,1
07/06/1966,8
07/06/1967,1
07/06/1968,1
07/06/1970,14
07/06/1972,97
07/06/1973,3
07/06/1974,20
07/06/1976,52
07/06/1977,1
07/06/1978,71
07/06/1979,7
07/06/1980,3
07/06/1981,5
07/06/1982,24
07/06/1983,6
07/06/1984,85
07/06/1985,7
07/06/1986,8
07/06/1987,12
07/06/1988,96
07/06/1989,7
07/06/1990,54
07/06/1991,1
07/06/1992,155
07/06/1993,10
07/06/1994,155
07/06/1995,77
07/06/1996,32
07/06/1997,4
07/06/1998,62
07/06/1999,68
07/06/2000,100
07/06/2001,103
07/06/2002,8
07/06/2003,3
07/06/2004,368
07/06/2005,111
07/06/2006,120
07/06/2007,80
07/06/2008,10
07/06/2009,82
07/06/2010,205
07/06/2011,120
07/06/2012,200
07/06/2013,5
07/06/2014,3
07/06/2015,270
07/06/2016,273
07/06/2017,131
07/06/2018,201
07/06/2019,14
07/06/2020,941
07/06/2021,352
07/06/2022,1808
07/06/2023,163
07/06/2024,22
07/06/2025,9
07/07/0525,1
07/07/1960,5
07/07/1962,1
07/07/1964,4
07/07/1966,8
07/07/1969,2
07/07/1970,5
07/07/1972,115
07/07/1973,1
07/07/1975,1
07/07/1976,81
07/07/1977,2
07/07/1978,107
07/07/1980,59
07/07/1981,19
07/07/1982,36
07/07/1983,1
07/07/1984,35
07/07/1985,2
07/07/1986,76
07/07/1987,17
07/07/1988,131
07/07/1989,11
07/07/1990,33
07/07/1991,1
07/07/1992,135
07/07/1993,22
07/07/1994,170
07/07/1995,64
07/07/1996,35
07/07/1997,19
07/07/1998,179
07/07/1999,47
07/07/2000,110
07/07/2001,7
07/07/2002,13
07/07/2003,79
07/07/2004,367
07/07/2005,88
07/07/2006,132
07/07/2007,12
07/07/2008,188
07/07/2009,112
07/07/2010,128
07/07/2011,156
07/07/2012,43
07/07/2013,12
07/07/2014,235
07/07/2015,118
07/07/2016,363
07/07/2017,110
07/07/2018,81
07/07/2019,7
07/07/2020,724
07/07/2021,252
07/07/2022,1926
07/07/2023,312
07/07/2024,18
07/07/2025,635
07/08/1948,1
07/08/1958,1
07/08/1960,1
07/08/1964,6
07/08/1966,10
07/08/1968,10
07/08/1970,21
07/08/1972,20
07/08/1973,1
07/08/1974,33
07/08/1976,80
07/08/1977,3
07/08/1978,34
07/08/1979,1
07/08/1980,63
07/08/1981,1
07/08/1982,37
07/08/1983,4
07/08/1984,18
07/08/1985,10
07/08/1986,60
07/08/1987,4
07/08/1988,242
07/08/1989,2
07/08/1990,23
07/08/1991,21
07/08/1992,117
07/08/1993,13
07/08/1994,176
07/08/1995,6
07/08/1996,171
07/08/1997,77
07/08/1998,166
07/08/1999,60
07/08/2000,22
07/08/2001,1
07/08/2002,100
07/08/2003,95
07/08/2004,340
07/08/2005,78
07/08/2006,16
07/08/2007,28
07/08/2008,142
07/08/2009,77
07/08/2010,303
07/08/2011,115
07/08/2012,33
07/08/2013,108
07/08/2014,142
07/08/2015,95
07/08/2016,364
07/08/2017,88
07/08/2018,28
07/08/2019,328
07/08/2020,758
07/08/2021,185
07/08/2022,1668
07/08/2023,123
07/08/2024,886
07/08/2025,409
07/09/1960,2
07/09/1964,9
07/09/1968,13
07/09/1970,14
07/09/1971,1
07/09/1972,12
07/09/1973,2
07/09/1974,27
07/09/1975,1
07/09/1976,126
07/09/1979,2
07/09/1980,62
07/09/1981,1
07/09/1982,71
07/09/1984,109
07/09/1985,7
07/09/1986,108
07/09/1987,5
07/09/1988,119
07/09/1990,57
07/09/1991,15
07/09/1992,128
07/09/1993,17
07/09/1994,33
07/09/1995,1
07/09/1996,169
07/09/1997,94
07/09/1998,206
07/09/1999,124
07/09/2000,24
07/09/2001,28
07/09/2002,117
07/09/2003,77
07/09/2004,336
07/09/2005,2
07/09/2006,20
07/09/2007,61
07/09/2008,217
07/09/2009,93
07/09/2010,177
07/09/2011,12
07/09/2012,266
07/09/2013,93
07/09/2014,121
07/09/2015,165
07/09/2016,83
07/09/2017,11
07/09/2018,424
07/09/2019,181
07/09/2020,744
07/09/2021,249
07/09/2022,1203
07/09/2023,2
07/09/2024,491
07/09/2025,186
07/10/1900,1
07/10/1954,1
07/10/1956,1
07/10/1964,4
07/10/1967,1
07/10/1968,29
07/10/1970,14
07/10/1972,223
07/10/1974,42
07/10/1976,26
07/10/1978,252
07/10/1979,6
07/10/1980,83
07/10/1981,3
07/10/1982,36
07/10/1984,103
07/10/1985,7
07/10/1986,128
07/10/1987,2
07/10/1988,38
07/10/1989,14
07/10/1990,80
07/10/1991,19
07/10/1992,188
07/10/1993,15
07/10/1994,23
07/10/1995,24
07/10/1996,222
07/10/1997,76
07/10/1998,188
07/10/1999,14
07/10/2000,131
07/10/2001,107
07/10/2002,115
07/10/2003,89
07/10/2004,61
07/10/2005,3
07/10/2006,210
07/10/2007,68
07/10/2008,186
07/10/2009,101
07/10/2010,66
07/10/2011,4
07/10/2012,401
07/10/2013,99
07/10/2014,185
07/10/2015,155
07/10/2016,24
07/10/2017,335
07/10/2018,410
07/10/2019,377
07/10/2020,688
07/10/2021,4
07/10/2022,1043
07/10/2023,653
07/10/2024,544
07/10/2025,326
07/11/1900,1
07/11/1960,7
07/11/1962,2
07/11/1964,3
07/11/1966,21
07/11/1967,3
07/11/1968,21
07/11/1970,8
07/11/1972,370
07/11/1974,52
07/11/1975,1
07/11/1976,3
07/11/1978,486
07/11/1979,5
07/11/1980,126
07/11/1982,14
07/11/1983,8
07/11/1984,151
07/11/1985,1
07/11/1986,224
07/11/1987,1
07/11/1988,400
07/11/1989,10
07/11/1990,55
07/11/1991,15
07/11/1992,65
07/11/1993,3
07/11/1994,144
07/11/1995,65
07/11/1996,245
07/11/1997,108
07/11/1998,38
07/11/1999,5
07/11/2000,282
07/11/2001,38
07/11/2002,124
07/11/2003,66
07/11/2004,86
07/11/2005,45
07/11/2006,157
07/11/2007,97
07/11/2008,194
07/11/2009,2
07/11/2010,39
07/11/2011,129
07/11/2012,259
07/11/2013,113
07/11/2014,236
07/11/2015,7
07/11/2016,518
07/11/2017,250
07/11/2018,647
07/11/2019,250
07/11/2020,257
07/11/2021,4
07/11/2022,3262
07/11/2023,773
07/11/2024,778
07/11/2025,396
07/12/1956,1
07/12/1960,7
07/12/1962,3
07/12/1966,40
07/12/1968,36
07/12/1971,2
07/12/1972,3
07/12/1974,83
07/12/1976,297
07/12/1977,3
07/12/1978,2
07/12/1979,5
07/12/1980,22
07/12/1982,126
07/12/1983,5
07/12/1984,139
07/12/1985,4
07/12/1986,58
07/12/1987,1
07/12/1988,665
07/12/1989,11
07/12/1990,75
07/12/1991,9
07/12/1992,77
07/12/1993,16
07/12/1994,218
07/12/1995,86
07/12/1996,205
07/12/1997,21
07/12/1998,85
07/12/1999,83
07/12/2000,236
07/12/2001,19
07/12/2002,141
07/12/2003,3
07/12/2004,654
07/12/2005,113
07/12/2006,151
07/12/2007,67
07/12/2008,35
07/12/2009,1
07/12/2010,185
07/12/2011,131
07/12/2012,381
07/12/2013,138
07/12/2014,36
07/12/2015,4
07/12/2016,1599
07/12/2017,115
07/12/2018,557
07/12/2019,318
07/12/2020,157
07/12/2021,495
07/12/2022,14896
07/12/2023,140
07/12/2024,1061
07/12/2025,12
07/13/1954,1
07/13/1956,1
07/13/1960,1
07/13/1962,1
07/13/1964,21
07/13/1966,1
07/13/1968,12
07/13/1970,38
07/13/1972,11
07/13/1974,37
07/13/1975,1
07/13/1976,464
07/13/1977,1
07/13/1978,5
07/13/1979,4
07/13/1980,5
07/13/1981,1
07/13/1982,348
07/13/1983,2
07/13/1984,240
07/13/1986,46
07/13/1987,12
07/13/1988,7
07/13/1989,12
07/13/1990,81
07/13/1991,1
07/13/1992,233
07/13/1993,33
07/13/1994,324
07/13/1995,57
07/13/1996,78
07/13/1997,10
07/13/1998,137
07/13/1999,113
07/13/2000,261
07/13/2001,60
07/13/2002,16
07/13/2004,585
07/13/2005,90
07/13/2006,180
07/13/2007,108
07/13/2008,20
07/13/2009,131
07/13/2010,216
07/13/2011,129
07/13/2012,326
07/13/2013,6
07/13/2014,32
07/13/2015,183
07/13/2016,104
07/13/2017,120
07/13/2018,846
07/13/2019,10
07/13/2020,1515
07/13/2021,594
07/13/2022,172
07/13/2023,151
07/13/2024,243
07/13/2025,15
07/14/1956,1
07/14/1958,3
07/14/1960,1
07/14/1964,24
07/14/1968,1
07/14/1970,75
07/14/1972,9
07/14/1975,2
07/14/1976,1
07/14/1977,1
07/14/1980,343
07/14/1981,1
07/14/1982,3
07/14/1983,4
07/14/1984,66
07/14/1985,3
07/14/1986,387
07/14/1987,3
07/14/1988,13
07/14/1989,4
07/14/1990,30
07/14/1991,3
07/14/1992,331
07/14/1993,11
07/14/1994,384
07/14/1995,72
07/14/1996,69
07/14/1997,48
07/14/1998,225
07/14/1999,112
07/14/2000,342
07/14/2001,2
07/14/2002,24
07/14/2003,77
07/14/2004,530
07/14/2005,65
07/14/2006,235
07/14/2007,12
07/14/2008,176
07/14/2009,101
07/14/2010,235
07/14/2011,126
07/14/2012,44
07/14/2013,4
07/14/2014,357
07/14/2015,111
07/14/2016,137
07/14/2017,124
07/14/2018,244
07/14/2019,13
07/14/2020,3732
07/14/2021,189
07/14/2022,184
07/14/2023,165
07/14/2024,113
07/14/2025,855
07/15/1954,1
07/15/1956,1
07/15/1958,2
07/15/1960,4
07/15/1964,4
07/15/1968,51
07/15/1972,1
07/15/1974,177
07/15/1975,1
07/15/1976,1
07/15/1977,2
07/15/1979,1
07/15/1980,546
07/15/1981,2
07/15/1983,6
07/15/1984,22
07/15/1985,9
07/15/1986,728
07/15/1987,9
07/15/1988,15
07/15/1990,23
07/15/1991,23
07/15/1992,334
07/15/1993,12
07/15/1994,615
07/15/1995,8
07/15/1996,181
07/15/1997,91
07/15/1998,239
07/15/1999,82
07/15/2000,113
07/15/2001,2
07/15/2002,103
07/15/2003,128
07/15/2004,607
07/15/2005,252
07/15/2006,52
07/15/2007,28
07/15/2008,227
07/15/2009,82
07/15/2010,310
07/15/2011,130
07/15/2012,76
07/15/2013,115
07/15/2014,589
07/15/2015,153
07/15/2016,124
07/15/2017,12
07/15/2018,181
07/15/2019,432
07/15/2020,201
07/15/2021,206
07/15/2022,101
07/15/2023,3
07/15/2024,1699
07/15/2025,757
07/16/0024,1
07/16/1956,1
07/16/1960,1
07/16/1962,3
07/16/1963,2
07/16/1968,72
07/16/1970,1
07/16/1971,1
07/16/1973,1
07/16/1974,329
07/16/1975,3
07/16/1976,4
07/16/1979,8
07/16/1980,4
07/16/1981,1
07/16/1982,1
07/16/1983,5
07/16/1984,437
07/16/1985,1
07/16/1986,8
07/16/1987,11
07/16/1988,2
07/16/1989,4
07/16/1990,138
07/16/1991,9
07/16/1992,570
07/16/1993,19
07/16/1994,254
07/16/1995,3
07/16/1996,255
07/16/1997,73
07/16/1998,283
07/16/1999,115
07/16/2000,59
07/16/2001,39
07/16/2002,178
07/16/2003,88
07/16/2004,749
07/16/2005,2
07/16/2006,45
07/16/2007,70
07/16/2008,241
07/16/2009,89
07/16/2010,361
07/16/2011,7
07/16/2012,741
07/16/2013,140
07/16/2014,103
07/16/2015,193
07/16/2016,34
07/16/2017,2
07/16/2018,1015
07/16/2019,499
07/16/2020,135
07/16/2021,167
07/16/2022,15
07/16/2023,5
07/16/2024,4432
07/16/2025,91
07/17/1950,1
07/17/1956,7
07/17/1962,7
07/17/1964,2
07/17/1967,1
07/17/1972,7
07/17/1973,2
07/17/1975,6
07/17/1978,1
07/17/1979,4
07/17/1980,6
07/17/1981,1
07/17/1982,1
07/17/1984,838
07/17/1985,4
07/17/1986,8
07/17/1987,18
07/17/1989,10
07/17/1990,159
07/17/1991,10
07/17/1992,855
07/17/1993,6
07/17/1994,138
07/17/1995,21
07/17/1996,275
07/17/1997,100
07/17/1998,301
07/17/1999,2
07/17/2000,680
07/17/2001,57
07/17/2002,214
07/17/2003,85
07/17/2004,125
07/17/2005,1
07/17/2006,553
07/17/2007,120
07/17/2008,298
07/17/2009,92
07/17/2010,60
07/17/2011,5
07/17/2012,1407
07/17/2013,104
07/17/2014,70
07/17/2015,156
07/17/2016,19
07/17/2017,153
07/17/2018,3090
07/17/2019,209
07/17/2020,150
07/17/2021,1
07/17/2022,18
07/17/2023,219
07/17/2024,112
07/17/2025,234
07/18/1960,2
07/18/1962,1
07/18/1964,2
07/18/1967,2
07/18/1972,2
07/18/1974,2
07/18/1975,1
07/18/1976,1
07/18/1977,2
07/18/1978,1
07/18/1979,1
07/18/1980,1
07/18/1981,1
07/18/1983,6
07/18/1984,2
07/18/1985,2
07/18/1986,23
07/18/1987,2
07/18/1988,31
07/18/1989,12
07/18/1990,311
07/18/1991,9
07/18/1992,377
07/18/1994,1511
07/18/1995,62
07/18/1996,311
07/18/1997,122
07/18/1998,110
07/18/1999,8
07/18/2000,209
07/18/2001,32
07/18/2002,179
07/18/2003,55
07/18/2004,157
07/18/2005,244
07/18/2006,164
07/18/2007,115
07/18/2008,415
07/18/2009,2
07/18/2010,69
07/18/2011,142
07/18/2012,124
07/18/2013,143
07/18/2014,57
07/18/2015,6
07/18/2016,71
07/18/2017,100
07/18/2018,162
07/18/2019,223
07/18/2020,29
07/18/2021,4
07/18/2022,64
07/18/2023,97
07/18/2024,125
07/18/2025,189
07/19/1956,1
07/19/1971,2
07/19/1972,7
07/19/1975,1
07/19/1977,1
07/19/1979,4
07/19/1980,1
07/19/1982,4
07/19/1983,6
07/19/1984,2
07/19/1985,3
07/19/1988,2
07/19/1989,10
07/19/1990,390
07/19/1991,20
07/19/1992,178
07/19/1993,42
07/19/1994,94
07/19/1995,93
07/19/1996,462
07/19/1997,9
07/19/1998,112
07/19/1999,44
07/19/2000,88
07/19/2001,34
07/19/2002,231
07/19/2003,5
07/19/2004,1992
07/19/2005,98
07/19/2006,78
07/19/2007,81
07/19/2008,85
07/19/2009,1
07/19/2010,1036
07/19/2011,98
07/19/2012,134
07/19/2013,149
07/19/2014,2
07/19/2015,5
07/19/2016,105
07/19/2017,115
07/19/2018,154
07/19/2019,273
07/19/2020,29
07/19/2021,227
07/19/2022,59
07/19/2023,203
07/19/2024,45
07/19/2025,5
07/20/1960,2
07/20/1964,8
07/20/1971,1
07/20/1972,15
07/20/1973,1
07/20/1979,2
07/20/1981,8
07/20/1982,2
07/20/1983,4
07/20/1984,3
07/20/1985,2
07/20/1986,9
07/20/1987,8
07/20/1988,2
07/20/1989,11
07/20/1990,599
07/20/1991,3
07/20/1992,2247
07/20/1993,39
07/20/1994,55
07/20/1995,55
07/20/1996,157
07/20/1997,8
07/20/1998,656
07/20/1999,97
07/20/2000,53
07/20/2001,59
07/20/2002,83
07/20/2003,7
07/20/2004,586
07/20/2005,120
07/20/2006,87
07/20/2007,179
07/20/2008,79
07/20/2009,109
07/20/2010,72
07/20/2011,103
07/20/2012,132
07/20/2013,2
07/20/2014,5
07/20/2015,216
07/20/2016,107
07/20/2017,149
07/20/2018,116
07/20/2019,4
07/20/2020,136
07/20/2021,67
07/20/2022,52
07/20/2023,107
07/20/2024,16
07/20/2025,7
07/21/1960,7
07/21/1964,3
07/21/1972,10
07/21/1975,2
07/21/1977,3
07/21/1981,3
07/21/1982,4
07/21/1983,6
07/21/1986,6
07/21/1987,16
07/21/1988,7
07/21/1989,10
07/21/1990,212
07/21/1991,2
07/21/1992,84
07/21/1993,19
07/21/1994,34
07/21/1995,79
07/21/1996,167
07/21/1997,42
07/21/1998,147
07/21/1999,54
07/21/2000,80
07/21/2001,1
07/21/2002,72
07/21/2003,43
07/21/2004,279
07/21/2005,127
07/21/2006,70
07/21/2007,33
07/21/2008,1045
07/21/2009,107
07/21/2010,72
07/21/2011,145
07/21/2012,7
07/21/2013,9
07/21/2014,55
07/21/2015,96
07/21/2016,130
07/21/2017,130
07/21/2018,34
07/21/2019,3
07/21/2020,94
07/21/2021,128
07/21/2022,56
07/21/2023,154
07/21/2024,22
07/21/2025,395
07/22/0200,1
07/22/1954,1
07/22/1960,9
07/22/1961,1
07/22/1964,7
07/22/1971,1
07/22/1975,1
07/22/1980,1
07/22/1982,3
07/22/1983,3
07/22/1985,2
07/22/1986,17
07/22/1987,5
07/22/1988,1
07/22/1990,212
07/22/1991,13
07/22/1992,54
07/22/1993,7
07/22/1994,73
07/22/1995,4
07/22/1996,1135
07/22/1997,123
07/22/1998,131
07/22/1999,75
07/22/2000,7
07/22/2001,3
07/22/2002,697
07/22/2003,88
07/22/2004,318
07/22/2005,216
07/22/2006,10
07/22/2007,30
07/22/2008,30
07/22/2009,80
07/22/2010,54
07/22/2011,117
07/22/2012,1
07/22/2013,143
07/22/2014,68
07/22/2015,123
07/22/2016,137
07/22/2017,19
07/22/2018,15
07/22/2019,266
07/22/2020,87
07/22/2021,156
07/22/2022,57
07/22/2023,1
07/22/2024,97
07/22/2025,96
07/23/1948,1
07/23/1954,1
07/23/1956,1
07/23/1964,8
07/23/1971,2
07/23/1973,1
07/23/1975,4
07/23/1976,2
07/23/1979,5
07/23/1982,4
07/23/1983,1
07/23/1984,3
07/23/1985,4
07/23/1986,11
07/23/1987,9
07/23/1988,1
07/23/1989,3
07/23/1990,44
07/23/1991,12
07/23/1992,31
07/23/1993,28
07/23/1994,1
07/23/1995,1
07/23/1996,104
07/23/1997,98
07/23/1998,118
07/23/1999,79
07/23/2000,1
07/23/2001,77
07/23/2002,279
07/23/2003,91
07/23/2004,146
07/23/2006,5
07/23/2007,89
07/23/2008,83
07/23/2009,132
07/23/2010,103
07/23/2011,3
07/23/2012,117
07/23/2013,104
07/23/2014,54
07/23/2015,132
07/23/2016,30
07/23/2017,6
07/23/2018,86
07/23/2019,196
07/23/2020,63
07/23/2021,157
07/23/2022,15
07/23/2023,3
07/23/2024,61
07/23/2025,69
07/24/1956,1
07/24/1962,2
07/24/1964,30
07/24/1967,1
07/24/1975,2
07/24/1979,8
07/24/1980,4
07/24/1981,1
07/24/1984,9
07/24/1985,7
07/24/1986,4
07/24/1987,13
07/24/1988,2
07/24/1989,7
07/24/1990,14
07/24/1991,11
07/24/1992,15
07/24/1993,1
07/24/1994,6
07/24/1995,29
07/24/1996,55
07/24/1997,84
07/24/1998,181
07/24/1999,3
07/24/2000,27
07/24/2001,156
07/24/2002,79
07/24/2003,69
07/24/2004,27
07/24/2005,2
07/24/2006,77
07/24/2007,78
07/24/2008,92
07/24/2009,109
07/24/2010,2
07/24/2011,3
07/24/2012,136
07/24/2013,90
07/24/2014,58
07/24/2015,159
07/24/2016,16
07/24/2017,133
07/24/2018,124
07/24/2019,197
07/24/2020,82
07/24/2022,8
07/24/2023,206
07/24/2024,74
07/24/2025,140
07/25/1956,2
07/25/1958,4
07/25/1972,9
07/25/1974,1
07/25/1975,2
07/25/1977,2
07/25/1979,1
07/25/1980,1
07/25/1981,1
07/25/1983,2
07/25/1985,8
07/25/1986,4
07/25/1987,2
07/25/1988,7
07/25/1989,17
07/25/1990,6
07/25/1991,11
07/25/1992,4
07/25/1994,19
07/25/1995,110
07/25/1996,113
07/25/1997,108
07/25/1998,32
07/25/1999,5
07/25/2000,59
07/25/2001,107
07/25/2002,111
07/25/2003,92
07/25/2004,16
07/25/2005,62
07/25/2006,107
07/25/2007,84
07/25/2008,95
07/25/2009,4
07/25/2010,1
07/25/2011,149
07/25/2012,121
07/25/2013,141
07/25/2014,75
07/25/2015,4
07/25/2016,71
07/25/2017,88
07/25/2018,118
07/25/2019,176
07/25/2020,12
07/25/2021,3
07/25/2022,54
07/25/2023,67
07/25/2024,127
07/25/2025,198
07/26/1962,2
07/26/1971,2
07/26/1972,8
07/26/1973,1
07/26/1977,1
07/26/1978,1
07/26/1979,4
07/26/1983,1
07/26/1984,3
07/26/1985,7
07/26/1988,2
07/26/1989,12
07/26/1990,4
07/26/1991,12
07/26/1992,2
07/26/1993,15
07/26/1994,30
07/26/1995,56
07/26/1996,104
07/26/1997,20
07/26/1998,24
07/26/1999,59
07/26/2000,49
07/26/2001,30
07/26/2002,70
07/26/2003,2
07/26/2004,164
07/26/2005,124
07/26/2006,67
07/26/2007,72
07/26/2008,6
07/26/2009,2
07/26/2010,54
07/26/2011,120
07/26/2012,115
07/26/2013,151
07/26/2014,4
07/26/2015,10
07/26/2016,133
07/26/2017,105
07/26/2018,184
07/26/2019,253
07/26/2020,18
07/26/2021,206
07/26/2022,64
07/26/2023,136
07/26/2024,88
07/26/2025,4
07/27/1956,4
07/27/1962,6
07/27/1971,1
07/27/1972,8
07/27/1973,1
07/27/1977,2
07/27/1979,3
07/27/1981,3
07/27/1982,1
07/27/1983,2
07/27/1984,4
07/27/1985,1
07/27/1986,1
07/27/1987,9
07/27/1988,8
07/27/1989,7
07/27/1990,4
07/27/1991,1
07/27/1992,17
07/27/1993,6
07/27/1994,19
07/27/1995,65
07/27/1996,23
07/27/1997,21
07/27/1998,43
07/27/1999,93
07/27/2000,39
07/27/2001,34
07/27/2002,10
07/27/2003,3
07/27/2004,191
07/27/2005,183
07/27/2006,65
07/27/2007,93
07/27/2008,2
07/27/2009,122
07/27/2010,70
07/27/2011,111
07/27/2012,158
07/27/2013,9
07/27/2014,7
07/27/2015,186
07/27/2016,152
07/27/2017,135
07/27/2018,131
07/27/2019,26
07/27/2020,70
07/27/2021,80
07/27/2022,54
07/27/2023,115
07/27/2024,40
07/27/2025,4
07/28/1972,7
07/28/1976,3
07/28/1977,2
07/28/1980,2
07/28/1981,5
07/28/1982,2
07/28/1983,5
07/28/1984,1
07/28/1985,1
07/28/1986,3
07/28/1987,15
07/28/1988,7
07/28/1989,5
07/28/1990,2
07/28/1992,3
07/28/1993,19
07/28/1994,16
07/28/1995,58
07/28/1996,14
07/28/1997,53
07/28/1998,117
07/28/1999,61
07/28/2000,41
07/28/2001,4
07/28/2002,2
07/28/2003,81
07/28/2004,202
07/28/2005,217
07/28/2006,82
07/28/2007,5
07/28/2008,70
07/28/2009,97
07/28/2010,70
07/28/2011,142
07/28/2012,4
07/28/2013,5
07/28/2014,75
07/28/2015,134
07/28/2016,157
07/28/2017,137
07/28/2018,29
07/28/2019,19
07/28/2020,144
07/28/2021,126
07/28/2022,76
07/28/2023,176
07/28/2024,10
07/28/2025,430
07/29/1967,1
07/29/1971,2
07/29/1977,5
07/29/1980,1
07/29/1981,3
07/29/1983,7
07/29/1985,5
07/29/1986,4
07/29/1987,3
07/29/1988,5
07/29/1989,2
07/29/1991,8
07/29/1992,12
07/29/1993,9
07/29/1994,23
07/29/1995,2
07/29/1996,41
07/29/1997,95
07/29/1998,160
07/29/1999,67
07/29/2000,10
07/29/2001,3
07/29/2002,30
07/29/2003,79
07/29/2004,163
07/29/2005,91
07/29/2006,23
07/29/2007,6
07/29/2008,105
07/29/2009,106
07/29/2010,85
07/29/2011,149
07/29/2012,3
07/29/2013,117
07/29/2014,54
07/29/2015,156
07/29/2016,203
07/29/2017,41
07/29/2018,18
07/29/2019,279
07/29/2020,52
07/29/2021,133
07/29/2022,82
07/29/2023,3
07/29/2024,126
07/29/2025,112
07/30/1962,1
07/30/1971,1
07/30/1975,6
07/30/1976,1
07/30/1979,5
07/30/1980,2
07/30/1981,1
07/30/1984,1
07/30/1985,8
07/30/1986,3
07/30/1987,13
07/30/1988,1
07/30/1990,5
07/30/1991,13
07/30/1992,12
07/30/1993,6
07/30/1994,2
07/30/1996,76
07/30/1997,100
07/30/1998,173
07/30/1999,76
07/30/2000,5
07/30/2001,39
07/30/2002,42
07/30/2003,67
07/30/2004,244
07/30/2005,1
07/30/2006,10
07/30/2007,60
07/30/2008,65
07/30/2009,113
07/30/2010,107
07/30/2011,6
07/30/2012,103
07/30/2013,111
07/30/2014,70
07/30/2015,192
07/30/2016,51
07/30/2017,2
07/30/2018,143
07/30/2019,302
07/30/2020,43
07/30/2021,107
07/30/2022,26
07/30/2023,6
07/30/2024,64
07/30/2025,56
07/31/1975,2
07/31/1979,8
07/31/1980,1
07/31/1981,6
07/31/1982,1
07/31/1984,3
07/31/1985,5
07/31/1986,2
07/31/1987,14
07/31/1988,4
07/31/1989,5
07/31/1990,6
07/31/1991,20
07/31/1992,7
07/31/1995,45
07/31/1996,101
07/31/1997,122
07/31/1998,152
07/31/1999,9
07/31/2000,35
07/31/2001,74
07/31/2002,38
07/31/2003,60
07/31/2004,72
07/31/2005,4
07/31/2006,52
07/31/2007,102
07/31/2008,148
07/31/2009,131
07/31/2010,26
07/31/2012,172
07/31/2013,118
07/31/2014,58
07/31/2015,217
07/31/2016,29
07/31/2017,162
07/31/2018,133
07/31/2019,275
07/31/2020,66
07/31/2021,42
07/31/2022,14
07/31/2023,198
07/31/2024,127
07/31/2025,151
08/01/1900,2
08/01/1972,1287
08/01/1973,2
08/01/1975,4
08/01/1977,3
08/01/1978,17
08/01/1979,2
08/01/1981,2
08/01/1982,3
08/01/1983,11
08/01/1984,1
08/01/1985,2
08/01/1986,9
08/01/1988,8
08/01/1989,11
08/01/1990,6
08/01/1991,14
08/01/1992,4
08/01/1994,12
08/01/1995,105
08/01/1996,122
08/01/1997,134
08/01/1998,59
08/01/1999,9
08/01/2000,642
08/01/2001,54
08/01/2002,46
08/01/2003,66
08/01/2004,26
08/01/2005,161
08/01/2006,758
08/01/2007,139
08/01/2008,187
08/01/2009,2
08/01/2010,8
08/01/2011,129
08/01/2012,112
08/01/2013,135
08/01/2014,68
08/01/2015,12
08/01/2016,91
08/01/2017,132
08/01/2018,129
08/01/2019,247
08/01/2020,12
08/01/2021,1
08/01/2022,150
08/01/2023,117
08/01/2024,86
08/01/2025,226
08/02/1966,1
08/02/1972,18
08/02/1973,1
08/02/1978,37
08/02/1979,4
08/02/1982,3
08/02/1983,7
08/02/1985,4
08/02/1987,1
08/02/1988,76
08/02/1989,9
08/02/1990,5
08/02/1991,12
08/02/1993,33
08/02/1994,236
08/02/1995,91
08/02/1996,90
08/02/1997,16
08/02/1998,25
08/02/1999,58
08/02/2000,189
08/02/2001,54
08/02/2002,56
08/02/2003,6
08/02/2004,172
08/02/2005,156
08/02/2006,171
08/02/2007,74
08/02/2008,10
08/02/2009,3
08/02/2010,59
08/02/2011,126
08/02/2012,109
08/02/2013,107
08/02/2014,6
08/02/2015,78
08/02/2016,558
08/02/2017,300
08/02/2018,110
08/02/2019,197
08/02/2020,8
08/02/2021,219
08/02/2022,1085
08/02/2023,442
08/02/2024,109
08/02/2025,12
08/03/1960,1
08/03/1970,1
08/03/1971,3
08/03/1972,5
08/03/1976,6
08/03/1978,13
08/03/1979,7
08/03/1981,2
08/03/1982,17
08/03/1983,9
08/03/1984,3
08/03/1987,8
08/03/1988,419
08/03/1989,8
08/03/1990,9
08/03/1991,4
08/03/1992,10
08/03/1993,15
08/03/1994,656
08/03/1995,78
08/03/1996,41
08/03/1997,15
08/03/1998,63
08/03/1999,165
08/03/2000,95
08/03/2001,48
08/03/2002,12
08/03/2003,10
08/03/2004,956
08/03/2005,115
08/03/2006,87
08/03/2007,105
08/03/2008,3
08/03/2009,108
08/03/2010,1542
08/03/2011,119
08/03/2012,109
08/03/2013,3
08/03/2014,9
08/03/2015,205
08/03/2016,637
08/03/2017,179
08/03/2018,124
08/03/2019,20
08/03/2020,97
08/03/2021,66
08/03/2022,1225
08/03/2023,199
08/03/2024,14
08/03/2025,9
08/04/1960,1
08/04/1970,3
08/04/1972,10
08/04/1974,1
08/04/1975,1
08/04/1976,42
08/04/1978,9
08/04/1981,2
08/04/1982,57
08/04/1983,5
08/04/1984,1
08/04/1986,6
08/04/1987,8
08/04/1988,64
08/04/1989,11
08/04/1990,1
08/04/1991,2
08/04/1992,146
08/04/1993,16
08/04/1994,129
08/04/1995,81
08/04/1996,18
08/04/1997,31
08/04/1998,2642
08/04/1999,132
08/04/2000,246
08/04/2001,6
08/04/2002,5
08/04/2003,42
08/04/2004,376
08/04/2005,110
08/04/2006,109
08/04/2007,19
08/04/2008,57
08/04/2009,133
08/04/2010,679
08/04/2011,138
08/04/2012,7
08/04/2013,8
08/04/2014,67
08/04/2015,150
08/04/2016,260
08/04/2017,111
08/04/2018,42
08/04/2019,14
08/04/2020,382
08/04/2021,472
08/04/2022,395
08/04/2023,167
08/04/2024,16
08/04/2025,439
08/04/2026,1
08/05/1908,1
08/05/1964,3
08/05/1966,1
08/05/1970,3
08/05/1971,1
08/05/1975,3
08/05/1976,18
08/05/1977,1
08/05/1978,2
08/05/1979,1
08/05/1980,10
08/05/1981,5
08/05/1982,16
08/05/1983,7
08/05/1984,1
08/05/1985,3
08/05/1986,31
08/05/1987,14
08/05/1988,83
08/05/1991,16
08/05/1992,767
08/05/1993,21
08/05/1994,96
08/05/1995,3
08/05/1996,78
08/05/1997,127
08/05/1998,353
08/05/1999,72
08/05/2000,10
08/05/2001,5
08/05/2002,21
08/05/2003,81
08/05/2004,417
08/05/2005,99
08/05/2006,19
08/05/2007,9
08/05/2008,467
08/05/2009,82
08/05/2010,149
08/05/2011,148
08/05/2012,7
08/05/2013,139
08/05/2014,421
08/05/2015,121
08/05/2016,223
08/05/2017,15
08/05/2018,16
08/05/2019,317
08/05/2020,1504
08/05/2021,349
08/05/2022,525
08/05/2023,8
08/05/2024,109
08/05/2025,91
08/06/1952,1
08/06/1960,2
08/06/1963,1
08/06/1964,1
08/06/1970,1
08/06/1971,2
08/06/1973,2
08/06/1974,11
08/06/1975,1
08/06/1976,17
08/06/1979,4
08/06/1980,96
08/06/1981,5
08/06/1982,17
08/06/1984,2
08/06/1985,7
08/06/1986,147
08/06/1987,5
08/06/1988,18
08/06/1989,1
08/06/1990,7
08/06/1991,17
08/06/1992,89
08/06/1993,24
08/06/1994,19
08/06/1995,9
08/06/1996,3210
08/06/1997,81
08/06/1998,142
08/06/1999,86
08/06/2000,9
08/06/2001,46
08/06/2002,517
08/06/2003,107
08/06/2004,450
08/06/2005,2
08/06/2006,10
08/06/2007,78
08/06/2008,692
08/06/2009,98
08/06/2010,153
08/06/2011,3
08/06/2012,120
08/06/2013,122
08/06/2014,957
08/06/2015,163
08/06/2016,31
08/06/2017,3
08/06/2018,131
08/06/2019,265
08/06/2020,292
08/06/2021,292
08/06/2022,22
08/06/2023,6
08/06/2024,318
08/06/2025,361
08/07/1964,1
08/07/1968,1
08/07/1972,9
08/07/1973,1
08/07/1974,20
08/07/1975,3
08/07/1976,3
08/07/1978,17
08/07/1979,3
08/07/1980,20
08/07/1981,1
08/07/1982,5
08/07/1983,3
08/07/1984,35
08/07/1985,2
08/07/1986,34
08/07/1987,8
08/07/1989,12
08/07/1990,72
08/07/1991,16
08/07/1992,71
08/07/1993,9
08/07/1994,9
08/07/1995,30
08/07/1996,506
08/07/1997,90
08/07/1998,163
08/07/1999,7
08/07/2000,108
08/07/2001,148
08/07/2002,542
08/07/2003,80
08/07/2004,30
08/07/2005,3
08/07/2006,84
08/07/2007,341
08/07/2008,163
08/07/2009,127
08/07/2010,7
08/07/2011,2
08/07/2012,479
08/07/2013,100
08/07/2014,99
08/07/2015,152
08/07/2016,22
08/07/2017,173
08/07/2018,608
08/07/2019,170
08/07/2020,318
08/07/2021,6
08/07/2022,103
08/07/2023,309
08/07/2024,967
08/07/2025,216
08/08/1960,1
08/08/1967,1
08/08/1968,2
08/08/1970,1
08/08/1972,20
08/08/1973,1
08/08/1974,14
08/08/1975,1
08/08/1976,1
08/08/1977,1
08/08/1978,24
08/08/1979,2
08/08/1980,26
08/08/1982,1
08/08/1983,4
08/08/1984,204
08/08/1985,6
08/08/1986,37
08/08/1987,3
08/08/1988,80
08/08/1989,13
08/08/1990,355
08/08/1991,26
08/08/1992,29
08/08/1993,2
08/08/1994,60
08/08/1995,95
08/08/1996,202
08/08/1997,141
08/08/1998,23
08/08/1999,5
08/08/2000,132
08/08/2001,144
08/08/2002,169
08/08/2003,72
08/08/2004,33
08/08/2005,160
08/08/2006,133
08/08/2007,124
08/08/2008,225
08/08/2009,2
08/08/2010,9
08/08/2011,88
08/08/2012,2048
08/08/2013,101
08/08/2014,105
08/08/2015,10
08/08/2016,394
08/08/2017,247
08/08/2018,613
08/08/2019,162
08/08/2020,38
08/08/2021,5
08/08/2022,510
08/08/2023,399
08/08/2024,281
08/08/2025,241
08/09/0020,1
08/09/1966,1
08/09/1968,4
08/09/1969,1
08/09/1971,1
08/09/1972,13
08/09/1974,11
08/09/1976,16
08/09/1977,1
08/09/1978,12
08/09/1979,7
08/09/1980,1
08/09/1982,16
08/09/1983,4
08/09/1984,37
08/09/1985,3
08/09/1986,11
08/09/1987,1
08/09/1988,66
08/09/1989,11
08/09/1990,76
08/09/1991,8
08/09/1992,9
08/09/1993,30
08/09/1994,134
08/09/1995,98
08/09/1996,151
08/09/1997,9
08/09/1998,17
08/09/1999,38
08/09/2000,126
08/09/2001,47
08/09/2002,180
08/09/2003,1
08/09/2004,396
08/09/2005,178
08/09/2006,127
08/09/2007,90
08/09/2008,17
08/09/2009,2
08/09/2010,61
08/09/2011,120
08/09/2012,266
08/09/2013,125
08/09/2014,1
08/09/2015,9
08/09/2016,492
08/09/2017,217
08/09/2018,227
08/09/2019,278
08/09/2020,20
08/09/2021,290
08/09/2022,450
08/09/2023,171
08/09/2024,322
08/09/2025,10
08/10/1966,1
08/10/1970,1
08/10/1971,1
08/10/1972,13
08/10/1973,1
08/10/1974,1
08/10/1976,19
08/10/1977,1
08/10/1978,12
08/10/1979,5
08/10/1981,3
08/10/1982,19
08/10/1983,7
08/10/1984,52
08/10/1985,1
08/10/1986,2
08/10/1987,13
08/10/1988,42
08/10/1989,10
08/10/1990,53
08/10/1991,5
08/10/1992,128
08/10/1993,17
08/10/1994,132
08/10/1995,91
08/10/1996,48
08/10/1997,10
08/10/1998,69
08/10/1999,97
08/10/2000,111
08/10/2001,58
08/10/2002,12
08/10/2003,5
08/10/2004,533
08/10/2005,188
08/10/2006,84
08/10/2007,119
08/10/2008,14
08/10/2009,123
08/10/2010,169
08/10/2011,125
08/10/2012,286
08/10/2013,11
08/10/2014,3
08/10/2015,261
08/10/2016,315
08/10/2017,173
08/10/2018,193
08/10/2019,8
08/10/2020,260
08/10/2021,199
08/10/2022,252
08/10/2023,148
08/10/2024,20
08/10/2025,8
08/11/1960,1
08/11/1971,1
08/11/1972,6
08/11/1974,1
08/11/1976,26
08/11/1977,2
08/11/1978,9
08/11/1980,14
08/11/1981,2
08/11/1982,8
08/11/1983,3
08/11/1984,10
08/11/1985,1
08/11/1986,32
08/11/1987,14
08/11/1988,53
08/11/1989,6
08/11/1990,16
08/11/1991,2
08/11/1992,82
08/11/1993,16
08/11/1994,116
08/11/1995,67
08/11/1996,33
08/11/1997,56
08/11/1998,225
08/11/1999,55
08/11/2000,98
08/11/2001,4
08/11/2002,1
08/11/2003,68
08/11/2004,563
08/11/2005,169
08/11/2006,126
08/11/2007,1
08/11/2008,222
08/11/2009,97
08/11/2010,124
08/11/2011,135
08/11/2012,19
08/11/2013,6
08/11/2014,132
08/11/2015,103
08/11/2016,490
08/11/2017,170
08/11/2018,42
08/11/2019,11
08/11/2020,341
08/11/2021,144
08/11/2022,481
08/11/2023,202
08/11/2024,21
08/11/2025,430
08/12/1968,1
08/12/1970,1
08/12/1972,1
08/12/1974,9
08/12/1975,1
08/12/1976,13
08/12/1977,1
08/12/1978,4
08/12/1980,31
08/12/1981,2
08/12/1982,15
08/12/1983,6
08/12/1984,4
08/12/1985,7
08/12/1986,39
08/12/1987,4
08/12/1988,48
08/12/1989,1
08/12/1990,1
08/12/1991,15
08/12/1992,70
08/12/1993,8
08/12/1994,126
08/12/1995,10
08/12/1996,145
08/12/1997,167
08/12/1998,107
08/12/1999,49
08/12/2000,13
08/12/2001,2
08/12/2002,122
08/12/2003,100
08/12/2004,505
08/12/2005,135
08/12/2006,14
08/12/2007,5
08/12/2008,211
08/12/2009,103
08/12/2010,136
08/12/2011,115
08/12/2012,14
08/12/2013,124
08/12/2014,157
08/12/2015,127
08/12/2016,488
08/12/2017,23
08/12/2018,19
08/12/2019,380
08/12/2020,352
08/12/2021,305
08/12/2022,510
08/12/2023,9
08/12/2024,331
08/12/2025,238
08/13/1960,1
08/13/1962,1
08/13/1968,2
08/13/1973,3
08/13/1974,16
08/13/1976,10
08/13/1978,2
08/13/1979,5
08/13/1980,19
08/13/1982,16
08/13/1984,43
08/13/1985,3
08/13/1986,31
08/13/1987,8
08/13/1988,6
08/13/1990,77
08/13/1991,11
08/13/1992,124
08/13/1993,13
08/13/1994,25
08/13/1995,2
08/13/1996,176
08/13/1997,143
08/13/1998,139
08/13/1999,76
08/13/2000,10
08/13/2001,88
08/13/2002,195
08/13/2003,87
08/13/2004,405
08/13/2005,6
08/13/2006,5
08/13/2007,72
08/13/2008,145
08/13/2009,120
08/13/2010,205
08/13/2011,10
08/13/2012,176
08/13/2013,107
08/13/2014,107
08/13/2015,163
08/13/2016,57
08/13/2017,2
08/13/2018,130
08/13/2019,234
08/13/2020,324
08/13/2021,430
08/13/2022,5
08/13/2023,4
08/13/2024,325
08/13/2025,485
08/14/1961,1
08/14/1968,6
08/14/1970,1
08/14/1972,18
08/14/1974,14
08/14/1975,2
08/14/1976,3
08/14/1978,15
08/14/1979,6
08/14/1980,16
08/14/1981,4
08/14/1982,2
08/14/1984,33
08/14/1985,13
08/14/1986,36
08/14/1987,2
08/14/1988,6
08/14/1989,8
08/14/1990,82
08/14/1991,26
08/14/1992,94
08/14/1993,2
08/14/1994,8
08/14/1995,32
08/14/1996,211
08/14/1997,87
08/14/1998,210
08/14/1999,6
08/14/2000,115
08/14/2001,73
08/14/2002,183
08/14/2003,58
08/14/2004,14
08/14/2005,1
08/14/2006,108
08/14/2007,81
08/14/2008,200
08/14/2009,107
08/14/2010,8
08/14/2011,3
08/14/2012,331
08/14/2013,110
08/14/2014,137
08/14/2015,162
08/14/2016,14
08/14/2017,236
08/14/2018,226
08/14/2019,330
08/14/2020,319
08/14/2021,7
08/14/2022,9
08/14/2023,465
08/14/2024,363
08/14/2025,826
08/15/1900,1
08/15/1968,3
08/15/1969,1
08/15/1972,21
08/15/1974,5
08/15/1975,3
08/15/1978,15
08/15/1979,2
08/15/1980,26
08/15/1982,2
08/15/1983,6
08/15/1984,28
08/15/1985,10
08/15/1986,17
08/15/1987,3
08/15/1988,81
08/15/1989,13
08/15/1990,74
08/15/1991,19
08/15/1992,33
08/15/1993,2
08/15/1994,46
08/15/1995,75
08/15/1996,203
08/15/1997,79
08/15/1998,23
08/15/1999,3
08/15/2000,109
08/15/2001,28
08/15/2002,116
08/15/2003,68
08/15/2004,15
08/15/2005,112
08/15/2006,118
08/15/2007,59
08/15/2008,143
08/15/2009,1
08/15/2010,9
08/15/2011,137
08/15/2012,314
08/15/2013,121
08/15/2014,245
08/15/2015,3
08/15/2016,441
08/15/2017,234
08/15/2018,319
08/15/2019,291
08/15/2020,22
08/15/2021,3
08/15/2022,208
08/15/2023,936
08/15/2024,549
08/15/2025,944
08/16/1958,1
08/16/1966,1
08/16/1972,9
08/16/1974,10
08/16/1975,1
08/16/1976,24
08/16/1977,5
08/16/1978,23
08/16/1979,5
08/16/1980,1
08/16/1982,12
08/16/1983,7
08/16/1984,29
08/16/1985,3
08/16/1986,3
08/16/1987,1
08/16/1988,66
08/16/1989,10
08/16/1990,43
08/16/1991,18
08/16/1992,7
08/16/1993,25
08/16/1994,108
08/16/1995,74
08/16/1996,171
08/16/1997,11
08/16/1998,17
08/16/1999,62
08/16/2000,84
08/16/2001,70
08/16/2002,206
08/16/2003,4
08/16/2004,354
08/16/2005,160
08/16/2006,92
08/16/2007,86
08/16/2008,27
08/16/2009,3
08/16/2010,166
08/16/2011,140
08/16/2012,274
08/16/2013,141
08/16/2014,2
08/16/2015,4
08/16/2016,595
08/16/2017,298
08/16/2018,392
08/16/2019,244
08/16/2020,22
08/16/2021,539
08/16/2022,285
08/16/2023,1038
08/16/2024,466
08/16/2025,11
08/17/1956,1
08/17/1960,1
08/17/1972,20
08/17/1973,1
08/17/1975,1
08/17/1976,12
08/17/1977,3
08/17/1978,8
08/17/1979,2
08/17/1980,1
08/17/1982,20
08/17/1983,13
08/17/1984,34
08/17/1986,2
08/17/1987,8
08/17/1988,86
08/17/1989,6
08/17/1990,47
08/17/1991,2
08/17/1992,103
08/17/1993,24
08/17/1994,68
08/17/1995,72
08/17/1996,43
08/17/1997,6
08/17/1998,65
08/17/1999,99
08/17/2000,131
08/17/2001,59
08/17/2002,7
08/17/2003,3
08/17/2004,426
08/17/2005,84
08/17/2006,78
08/17/2007,104
08/17/2008,19
08/17/2009,84
08/17/2010,198
08/17/2011,112
08/17/2012,374
08/17/2013,6
08/17/2014,4
08/17/2015,279
08/17/2016,587
08/17/2017,270
08/17/2018,585
08/17/2019,10
08/17/2020,353
08/17/2021,381
08/17/2022,257
08/17/2023,1068
08/17/2024,20
08/17/2025,18
08/18/1966,1
08/18/1967,1
08/18/1972,11
08/18/1975,4
08/18/1976,26
08/18/1977,2
08/18/1978,13
08/18/1979,2
08/18/1980,32
08/18/1981,3
08/18/1982,13
08/18/1983,6
08/18/1984,4
08/18/1985,3
08/18/1986,34
08/18/1987,7
08/18/1988,62
08/18/1989,16
08/18/1990,5
08/18/1991,4
08/18/1992,115
08/18/1993,14
08/18/1994,84
08/18/1995,110
08/18/1996,24
08/18/1997,31
08/18/1998,140
08/18/1999,72
08/18/2000,151
08/18/2001,4
08/18/2002,4
08/18/2003,47
08/18/2004,375
08/18/2005,91
08/18/2006,117
08/18/2007,7
08/18/2008,257
08/18/2009,87
08/18/2010,278
08/18/2011,125
08/18/2012,16
08/18/2013,10
08/18/2014,183
08/18/2015,102
08/18/2016,409
08/18/2017,247
08/18/2018,96
08/18/2019,13
08/18/2020,299
08/18/2021,553
08/18/2022,294
08/18/2023,773
08/18/2024,26
08/18/2025,1250
08/19/1941,1
08/19/1968,2
08/19/1971,1
08/19/1974,4
08/19/1975,4
08/19/1976,24
08/19/1977,7
08/19/1978,1
08/19/1980,17
08/19/1981,4
08/19/1982,8
08/19/1983,15
08/19/1984,2
08/19/1985,6
08/19/1986,35
08/19/1987,9
08/19/1988,81
08/19/1989,3
08/19/1990,5
08/19/1991,14
08/19/1992,80
08/19/1993,22
08/19/1994,85
08/19/1995,2
08/19/1996,141
08/19/1997,103
08/19/1998,127
08/19/1999,37
08/19/2000,13
08/19/2001,2
08/19/2002,131
08/19/2003,97
08/19/2004,391
08/19/2005,101
08/19/2006,11
08/19/2007,5
08/19/2008,200
08/19/2009,79
08/19/2010,193
08/19/2011,151
08/19/2012,14
08/19/2013,162
08/19/2014,246
08/19/2015,137
08/19/2016,496
08/19/2017,23
08/19/2018,52
08/19/2019,424
08/19/2020,469
08/19/2021,669
08/19/2022,325
08/19/2023,7
08/19/2024,741
08/19/2025,978
08/20/1964,1
08/20/1968,1
08/20/1969,1
08/20/1971,1
08/20/1973,3
08/20/1974,9
08/20/1975,1
08/20/1976,23
08/20/1978,1
08/20/1979,4
08/20/1980,15
08/20/1981,7
08/20/1982,16
08/20/1983,2
08/20/1984,27
08/20/1985,4
08/20/1986,43
08/20/1987,3
08/20/1988,15
08/20/1989,2
08/20/1990,53
08/20/1991,21
08/20/1992,107
08/20/1993,18
08/20/1994,13
08/20/1995,5
08/20/1996,193
08/20/1997,82
08/20/1998,110
08/20/1999,71
08/20/2000,8
08/20/2001,54
08/20/2002,240
08/20/2003,68
08/20/2004,620
08/20/2005,7
08/20/2006,5
08/20/2007,104
08/20/2008,181
08/20/2009,106
08/20/2010,214
08/20/2011,9
08/20/2012,403
08/20/2013,130
08/20/2014,212
08/20/2015,179
08/20/2016,27
08/20/2017,2
08/20/2018,501
08/20/2019,273
08/20/2020,516
08/20/2021,297
08/20/2022,6
08/20/2023,6
08/20/2024,794
08/20/2025,450
08/21/1958,1
08/21/1963,1
08/21/1966,1
08/21/1970,3
08/21/1972,21
08/21/1973,1
08/21/1974,6
08/21/1976,3
08/21/1978,15
08/21/1979,4
08/21/1980,17
08/21/1981,2
08/21/1982,1
08/21/1984,41
08/21/1985,2
08/21/1986,41
08/21/1987,9
08/21/1988,7
08/21/1989,16
08/21/1990,51
08/21/1991,13
08/21/1992,178
08/21/1993,2
08/21/1994,7
08/21/1995,19
08/21/1996,205
08/21/1997,92
08/21/1998,153
08/21/2000,166
08/21/2001,112
08/21/2002,202
08/21/2003,67
08/21/2004,18
08/21/2005,4
08/21/2006,119
08/21/2007,146
08/21/2008,296
08/21/2009,96
08/21/2010,13
08/21/2011,8
08/21/2012,480
08/21/2013,93
08/21/2014,226
08/21/2015,207
08/21/2016,16
08/21/2017,245
08/21/2018,530
08/21/2019,537
08/21/2020,759
08/21/2021,24
08/21/2022,4
08/21/2023,496
08/21/2024,1061
08/21/2025,365
08/22/1900,1
08/22/1960,1
08/22/1967,8
08/22/1968,1
08/22/1972,34
08/22/1973,1
08/22/1974,9
08/22/1977,4
08/22/1978,13
08/22/1979,5
08/22/1980,18
08/22/1981,1
08/22/1982,1
08/22/1983,31
08/22/1984,48
08/22/1985,2
08/22/1986,23
08/22/1987,3
08/22/1988,72
08/22/1989,18
08/22/1990,37
08/22/1991,9
08/22/1992,38
08/22/1993,1
08/22/1994,127
08/22/1995,98
08/22/1996,209
08/22/1997,133
08/22/1998,17
08/22/1999,7
08/22/2000,220
08/22/2001,174
08/22/2002,153
08/22/2003,79
08/22/2004,11
08/22/2005,90
08/22/2006,132
08/22/2007,80
08/22/2008,219
08/22/2009,2
08/22/2010,8
08/22/2011,89
08/22/2012,407
08/22/2013,116
08/22/2014,231
08/22/2016,562
08/22/2017,170
08/22/2018,509
08/22/2019,483
08/22/2020,345
08/22/2021,6
08/22/2022,451
08/22/2023,432
08/22/2024,1442
08/22/2025,492
08/23/1960,1
08/23/1968,1
08/23/1972,16
08/23/1974,12
08/23/1976,13
08/23/1977,25
08/23/1978,19
08/23/1979,3
08/23/1980,2
08/23/1982,16
08/23/1983,14
08/23/1984,44
08/23/1985,4
08/23/1986,5
08/23/1987,3
08/23/1988,53
08/23/1989,10
08/23/1990,32
08/23/1991,20
08/23/1992,3
08/23/1993,13
08/23/1994,72
08/23/1995,59
08/23/1996,209
08/23/1997,5
08/23/1998,10
08/23/1999,55
08/23/2000,138
08/23/2001,32
08/23/2002,158
08/23/2003,5
08/23/2004,397
08/23/2005,88
08/23/2006,143
08/23/2007,77
08/23/2008,18
08/23/2009,1
08/23/2010,219
08/23/2011,127
08/23/2012,314
08/23/2013,179
08/23/2014,2
08/23/2015,6
08/23/2016,425
08/23/2017,160
08/23/2018,463
08/23/2019,412
08/23/2020,182
08/23/2021,516
08/23/2022,458
08/23/2023,345
08/23/2024,1656
08/23/2025,9
08/24/1968,1
08/24/1970,1
08/24/1971,2
08/24/1972,15
08/24/1973,1
08/24/1976,14
08/24/1977,2
08/24/1978,14
08/24/1979,8
08/24/1981,3
08/24/1982,18
08/24/1983,10
08/24/1984,43
08/24/1987,18
08/24/1988,78
08/24/1989,12
08/24/1990,37
08/24/1991,5
08/24/1992,196
08/24/1993,9
08/24/1994,89
08/24/1995,48
08/24/1996,51
08/24/1997,6
08/24/1998,111
08/24/1999,57
08/24/2000,244
08/24/2001,62
08/24/2002,2
08/24/2004,318
08/24/2005,70
08/24/2006,155
08/24/2007,90
08/24/2008,16
08/24/2009,119
08/24/2010,236
08/24/2011,131
08/24/2012,296
08/24/2013,8
08/24/2014,1
08/24/2015,239
08/24/2016,362
08/24/2017,134
08/24/2018,546
08/24/2019,1
08/24/2020,825
08/24/2021,346
08/24/2022,493
08/24/2023,821
08/24/2024,522
08/24/2025,11
08/25/1966,1
08/25/1969,1
08/25/1972,11
08/25/1975,2
08/25/1976,20
08/25/1977,3
08/25/1978,15
08/25/1980,14
08/25/1981,3
08/25/1982,17
08/25/1983,8
08/25/1984,9
08/25/1986,27
08/25/1987,4
08/25/1988,73
08/25/1989,16
08/25/1990,8
08/25/1992,185
08/25/1993,4
08/25/1994,81
08/25/1995,70
08/25/1996,71
08/25/1997,74
08/25/1998,144
08/25/1999,70
08/25/2000,239
08/25/2001,3
08/25/2002,8
08/25/2003,72
08/25/2004,395
08/25/2005,69
08/25/2006,134
08/25/2007,2
08/25/2008,208
08/25/2009,69
08/25/2010,221
08/25/2011,134
08/25/2012,13
08/25/2013,5
08/25/2014,281
08/25/2015,117
08/25/2016,294
08/25/2017,248
08/25/2018,46
08/25/2019,8
08/25/2020,695
08/25/2021,389
08/25/2022,734
08/25/2023,464
08/25/2024,343
08/25/2025,908
08/26/1964,2
08/26/1966,1
08/26/1967,1
08/26/1968,1
08/26/1971,1
08/26/1972,1
08/26/1974,11
08/26/1975,2
08/26/1976,16
08/26/1977,1
08/26/1978,1
08/26/1980,17
08/26/1981,4
08/26/1982,19
08/26/1983,13
08/26/1984,3
08/26/1985,6
08/26/1986,26
08/26/1987,5
08/26/1988,66
08/26/1989,3
08/26/1990,4
08/26/1991,30
08/26/1992,106
08/26/1993,8
08/26/1994,87
08/26/1995,7
08/26/1996,130
08/26/1997,92
08/26/1998,151
08/26/1999,39
08/26/2000,8
08/26/2001,7
08/26/2002,136
08/26/2003,69
08/26/2004,365
08/26/2005,99
08/26/2006,18
08/26/2007,3
08/26/2008,257
08/26/2009,66
08/26/2010,316
08/26/2011,159
08/26/2012,8
08/26/2013,194
08/26/2014,233
08/26/2015,150
08/26/2016,337
08/26/2017,16
08/26/2018,23
08/26/2019,400
08/26/2020,745
08/26/2021,226
08/26/2022,757
08/26/2023,7
08/26/2024,1589
08/26/2025,179
08/27/1953,1
08/27/1956,1
08/27/1963,1
08/27/1964,1
08/27/1968,1
08/27/1970,2
08/27/1971,1
08/27/1974,7
08/27/1975,3
08/27/1976,14
08/27/1978,2
08/27/1979,5
08/27/1980,19
08/27/1981,2
08/27/1982,14
08/27/1983,1
08/27/1984,30
08/27/1985,11
08/27/1986,15
08/27/1987,6
08/27/1988,24
08/27/1990,51
08/27/1991,20
08/27/1992,103
08/27/1993,14
08/27/1994,7
08/27/1995,7
08/27/1996,176
08/27/1997,78
08/27/1998,106
08/27/1999,69
08/27/2000,11
08/27/2001,71
08/27/2002,167
08/27/2003,53
08/27/2004,280
08/27/2005,8
08/27/2006,6
08/27/2007,65
08/27/2008,332
08/27/2009,119
08/27/2010,168
08/27/2011,7
08/27/2012,309
08/27/2013,153
08/27/2014,191
08/27/2015,180
08/27/2016,61
08/27/2017,4
08/27/2018,471
08/27/2019,350
08/27/2020,1056
08/27/2021,188
08/27/2022,8
08/27/2023,5
08/27/2024,1500
08/27/2025,119
08/28/1962,1
08/28/1968,5
08/28/1972,12
08/28/1974,4
08/28/1975,3
08/28/1978,15
08/28/1979,4
08/28/1980,15
08/28/1981,4
08/28/1982,5
08/28/1984,47
08/28/1985,7
08/28/1986,23
08/28/1987,3
08/28/1988,2
08/28/1989,21
08/28/1990,29
08/28/1991,14
08/28/1992,117
08/28/1993,2
08/28/1994,4
08/28/1995,28
08/28/1996,172
08/28/1997,68
08/28/1998,127
08/28/1999,5
08/28/2000,132
08/28/2001,68
08/28/2002,116
08/28/2003,75
08/28/2004,29
08/28/2005,2
08/28/2006,124
08/28/2007,142
08/28/2008,263
08/28/2009,125
08/28/2010,7
08/28/2011,5
08/28/2012,238
08/28/2013,108
08/28/2014,178
08/28/2015,236
08/28/2016,19
08/28/2017,206
08/28/2018,305
08/28/2019,260
08/28/2020,1048
08/28/2021,5
08/28/2022,8
08/28/2023,729
08/28/2024,1829
08/28/2025,357
08/29/1957,1
08/29/1959,1
08/29/1960,1
08/29/1964,1
08/29/1966,1
08/29/1968,2
08/29/1972,13
08/29/1973,1
08/29/1974,8
08/29/1975,2
08/29/1976,1
08/29/1977,4
08/29/1978,7
08/29/1979,1
08/29/1980,28
08/29/1983,19
08/29/1984,29
08/29/1985,7
08/29/1986,23
08/29/1987,5
08/29/1988,68
08/29/1989,19
08/29/1990,24
08/29/1991,14
08/29/1992,29
08/29/1993,3
08/29/1994,76
08/29/1995,80
08/29/1996,197
08/29/1997,109
08/29/1998,18
08/29/1999,2
08/29/2000,82
08/29/2001,99
08/29/2002,136
08/29/2003,39
08/29/2004,26
08/29/2005,85
08/29/2006,111
08/29/2007,83
08/29/2008,262
08/29/2009,2
08/29/2010,4
08/29/2011,120
08/29/2012,325
08/29/2013,123
08/29/2014,156
08/29/2015,28
08/29/2016,439
08/29/2017,131
08/29/2018,335
08/29/2019,344
08/29/2020,53
08/29/2021,7
08/29/2022,997
08/29/2023,319
08/29/2024,1249
08/29/2025,436
08/30/1956,1
08/30/1966,1
08/30/1968,1
08/30/1971,2
08/30/1972,9
08/30/1974,7
08/30/1976,38
08/30/1977,1
08/30/1978,14
08/30/1979,3
08/30/1980,1
08/30/1982,18
08/30/1983,15
08/30/1984,34
08/30/1985,7
08/30/1986,1
08/30/1987,1
08/30/1988,64
08/30/1989,12
08/30/1990,40
08/30/1991,19
08/30/1992,11
08/30/1993,29
08/30/1994,95
08/30/1995,63
08/30/1996,213
08/30/1997,27
08/30/1998,14
08/30/1999,44
08/30/2000,188
08/30/2001,52
08/30/2002,101
08/30/2003,2
08/30/2004,300
08/30/2005,93
08/30/2006,135
08/30/2007,67
08/30/2008,43
08/30/2010,151
08/30/2011,123
08/30/2012,368
08/30/2013,111
08/30/2014,6
08/30/2015,2
08/30/2016,169
08/30/2017,119
08/30/2018,446
08/30/2019,284
08/30/2020,143
08/30/2021,464
08/30/2022,924
08/30/2023,344
08/30/2024,1132
08/30/2025,66
08/31/1900,1
08/31/1956,1
08/31/1960,1
08/31/1964,1
08/31/1966,1
08/31/1971,2
08/31/1972,4
08/31/1973,1
08/31/1974,1
08/31/1976,15
08/31/1977,2
08/31/1978,11
08/31/1979,5
08/31/1981,4
08/31/1982,7
08/31/1983,10
08/31/1984,55
08/31/1985,3
08/31/1986,2
08/31/1987,9
08/31/1988,98
08/31/1989,12
08/31/1990,38
08/31/1991,7
08/31/1992,141
08/31/1993,16
08/31/1994,63
08/31/1995,79
08/31/1996,43
08/31/1997,5
08/31/1998,53
08/31/1999,54
08/31/2000,157
08/31/2001,50
08/31/2002,8
08/31/2003,2
08/31/2004,357
08/31/2005,104
08/31/2006,135
08/31/2007,76
08/31/2008,24
08/31/2009,133
08/31/2010,162
08/31/2011,113
08/31/2012,263
08/31/2013,7
08/31/2014,1
08/31/2015,203
08/31/2016,302
08/31/2017,149
08/31/2018,458
08/31/2019,10
08/31/2020,1171
08/31/2021,221
08/31/2022,953
08/31/2023,276
08/31/2024,576
08/31/2025,34
09/01/1970,1
09/01/1971,1
09/01/1972,13
09/01/1976,22
09/01/1977,2
09/01/1978,20
09/01/1980,2
09/01/1981,3
09/01/1982,22
09/01/1983,15
09/01/1984,35
09/01/1986,4
09/01/1987,9
09/01/1988,58
09/01/1989,21
09/01/1990,2
09/01/1991,1
09/01/1992,119
09/01/1993,15
09/01/1994,80
09/01/1995,79
09/01/1996,30
09/01/1997,10
09/01/1998,163
09/01/1999,54
09/01/2000,166
09/01/2001,7
09/01/2002,5
09/01/2003,7
09/01/2004,371
09/01/2005,160
09/01/2006,129
09/01/2007,10
09/01/2008,43
09/01/2009,67
09/01/2010,148
09/01/2011,139
09/01/2012,28
09/01/2013,9
09/01/2014,3
09/01/2015,110
09/01/2016,331
09/01/2017,159
09/01/2018,28
09/01/2019,6
09/01/2020,1153
09/01/2021,314
09/01/2022,1139
09/01/2023,257
09/01/2024,296
09/01/2025,6
09/02/1964,3
09/02/1966,8
09/02/1970,1
09/02/1971,1
09/02/1972,1
09/02/1974,1
09/02/1975,1
09/02/1976,25
09/02/1977,4
09/02/1980,30
09/02/1981,9
09/02/1982,9
09/02/1983,14
09/02/1984,5
09/02/1986,28
09/02/1987,73
09/02/1988,68
09/02/1989,4
09/02/1990,2
09/02/1991,4
09/02/1992,138
09/02/1993,11
09/02/1994,74
09/02/1995,3
09/02/1996,32
09/02/1997,75
09/02/1998,135
09/02/1999,44
09/02/2000,9
09/02/2001,2
09/02/2002,7
09/02/2003,111
09/02/2004,269
09/02/2005,64
09/02/2006,8
09/02/2007,6
09/02/2008,438
09/02/2009,90
09/02/2010,136
09/02/2011,114
09/02/2012,20
09/02/2013,1
09/02/2014,172
09/02/2015,102
09/02/2016,244
09/02/2017,27
09/02/2018,9
09/02/2019,9
09/02/2020,1295
09/02/2021,273
09/02/2022,804
09/02/2023,5
09/02/2024,1056
09/02/2025,781
09/03/1964,3
09/03/1966,3
09/03/1968,3
09/03/1970,3
09/03/1974,10
09/03/1975,6
09/03/1976,21
09/03/1980,28
09/03/1981,3
09/03/1982,24
09/03/1983,1
09/03/1984,4
09/03/1985,3
09/03/1986,24
09/03/1987,11
09/03/1988,14
09/03/1989,3
09/03/1990,7
09/03/1991,20
09/03/1992,76
09/03/1993,15
09/03/1994,9
09/03/1995,1
09/03/1996,220
09/03/1997,103
09/03/1998,103
09/03/1999,54
09/03/2000,4
09/03/2001,6
09/03/2002,130
09/03/2003,69
09/03/2004,366
09/03/2005,3
09/03/2006,14
09/03/2007,3
09/03/2008,388
09/03/2009,105
09/03/2010,163
09/03/2011,5
09/03/2012,25
09/03/2013,139
09/03/2014,190
09/03/2015,131
09/03/2016,32
09/03/2017,5
09/03/2018,11
09/03/2019,503
09/03/2020,815
09/03/2021,202
09/03/2022,34
09/03/2023,3
09/03/2024,1679
09/03/2025,363
09/04/1968,2
09/04/1970,3
09/04/1971,1
09/04/1973,2
09/04/1974,8
09/04/1975,1
09/04/1976,4
09/04/1978,1
09/04/1979,6
09/04/1980,22
09/04/1981,3
09/04/1982,2
09/04/1984,39
09/04/1985,3
09/04/1986,17
09/04/1987,7
09/04/1988,8
09/04/1989,3
09/04/1990,30
09/04/1991,23
09/04/1992,77
09/04/1993,9
09/04/1994,4
09/04/1995,3
09/04/1996,204
09/04/1997,81
09/04/1998,161
09/04/1999,5
09/04/2000,9
09/04/2001,182
09/04/2002,148
09/04/2003,90
09/04/2004,36
09/04/2006,17
09/04/2007,141
09/04/2008,264
09/04/2009,97
09/04/2010,11
09/04/2012,450
09/04/2013,118
09/04/2014,178
09/04/2015,179
09/04/2016,9
09/04/2017,4
09/04/2018,488
09/04/2019,344
09/04/2020,834
09/04/2021,3
09/04/2022,33
09/04/2023,6
09/04/2024,1276
09/04/2025,209
09/05/1964,1
09/05/1968,7
09/05/1969,1
09/05/1970,3
09/05/1972,6
09/05/1973,1
09/05/1974,5
09/05/1975,8
09/05/1978,19
09/05/1980,26
09/05/1983,5
09/05/1984,46
09/05/1985,4
09/05/1986,25
09/05/1987,1
09/05/1988,15
09/05/1989,10
09/05/1990,44
09/05/1991,24
09/05/1992,101
09/05/1993,1
09/05/1994,3
09/05/1995,75
09/05/1996,193
09/05/1997,96
09/05/1998,14
09/05/1999,5
09/05/2000,214
09/05/2001,120
09/05/2002,147
09/05/2003,63
09/05/2004,13
09/05/2005,4
09/05/2006,178
09/05/2007,70
09/05/2008,327
09/05/2009,2
09/05/2010,3
09/05/2011,1
09/05/2012,331
09/05/2013,111
09/05/2014,188
09/05/2015,5
09/05/2016,25
09/05/2017,186
09/05/2018,376
09/05/2019,317
09/05/2020,273
09/05/2021,17
09/05/2022,313
09/05/2023,638
09/05/2024,1426
09/05/2025,393
09/06/1958,1
09/06/1966,1
09/06/1967,1
09/06/1968,2
09/06/1972,7
09/06/1973,1
09/06/1974,8
09/06/1975,6
09/06/1977,5
09/06/1978,4
09/06/1979,2
09/06/1980,3
09/06/1983,10
09/06/1984,45
09/06/1985,7
09/06/1986,5
09/06/1988,76
09/06/1989,13
09/06/1990,44
09/06/1991,21
09/06/1992,24
09/06/1993,3
09/06/1994,82
09/06/1995,83
09/06/1996,193
09/06/1997,22
09/06/1998,5
09/06/1999,7
09/06/2000,254
09/06/2001,47
09/06/2002,51
09/06/2003,2
09/06/2004,23
09/06/2005,113
09/06/2006,133
09/06/2007,73
09/06/2008,57
09/06/2009,4
09/06/2010,9
09/06/2011,164
09/06/2012,415
09/06/2013,128
09/06/2014,1
09/06/2015,1
09/06/2016,533
09/06/2017,167
09/06/2018,478
09/06/2019,321
09/06/2020,35
09/06/2021,6
09/06/2022,641
09/06/2023,179
09/06/2024,1043
09/06/2025,7
09/07/1954,1
09/07/1965,1
09/07/1967,1
09/07/1971,1
09/07/1972,7
09/07/1973,1
09/07/1974,4
09/07/1976,24
09/07/1977,2
09/07/1978,9
09/07/1979,5
09/07/1982,10
09/07/1983,9
09/07/1984,50
09/07/1985,2
09/07/1986,1
09/07/1988,85
09/07/1989,18
09/07/1990,41
09/07/1991,10
09/07/1992,21
09/07/1993,24
09/07/1994,73
09/07/1995,68
09/07/1996,131
09/07/1997,7
09/07/1998,25
09/07/1999,45
09/07/2000,303
09/07/2001,42
09/07/2002,7
09/07/2003,4
09/07/2004,497
09/07/2005,89
09/07/2006,78
09/07/2007,68
09/07/2008,55
09/07/2009,6
09/07/2010,168
09/07/2011,90
09/07/2012,417
09/07/2013,8
09/07/2014,1
09/07/2015,2
09/07/2016,256
09/07/2017,187
09/07/2018,320
09/07/2019,6
09/07/2020,238
09/07/2021,494
09/07/2022,1014
09/07/2023,297
09/07/2024,70
09/07/2025,7
09/08/1958,1
09/08/1966,2
09/08/1970,2
09/08/1971,1
09/08/1972,6
09/08/1975,8
09/08/1976,31
09/08/1977,1
09/08/1978,13
09/08/1980,29
09/08/1982,18
09/08/1983,11
09/08/1984,9
09/08/1986,25
09/08/1987,25
09/08/1988,74
09/08/1989,9
09/08/1990,22
09/08/1991,9
09/08/1992,152
09/08/1993,5
09/08/1994,77
09/08/1995,83
09/08/1996,84
09/08/1997,31
09/08/1998,122
09/08/1999,76
09/08/2000,235
09/08/2001,5
09/08/2002,4
09/08/2003,56
09/08/2004,365
09/08/2005,55
09/08/2006,134
09/08/2007,17
09/08/2008,493
09/08/2009,150
09/08/2010,117
09/08/2011,130
09/08/2012,23
09/08/2013,6
09/08/2014,240
09/08/2015,257
09/08/2016,183
09/08/2017,134
09/08/2018,56
09/08/2019,11
09/08/2020,1271
09/08/2021,81
09/08/2022,1365
09/08/2023,368
09/08/2024,28
09/08/2025,947
09/09/0202,1
09/09/1954,1
09/09/1964,3
09/09/1966,3
09/09/1969,1
09/09/1974,14
09/09/1975,4
09/09/1976,25
09/09/1977,3
09/09/1978,4
09/09/1979,1
09/09/1980,14
09/09/1981,4
09/09/1982,16
09/09/1983,15
09/09/1984,1
09/09/1985,4
09/09/1986,49
09/09/1987,25
09/09/1988,178
09/09/1989,3
09/09/1990,8
09/09/1991,27
09/09/1992,119
09/09/1993,26
09/09/1994,69
09/09/1995,8
09/09/1996,126
09/09/1997,129
09/09/1998,134
09/09/1999,141
09/09/2000,13
09/09/2001,2
09/09/2002,95
09/09/2003,73
09/09/2004,452
09/09/2005,90
09/09/2006,52
09/09/2007,8
09/09/2008,453
09/09/2009,86
09/09/2010,141
09/09/2011,134
09/09/2012,26
09/09/2013,174
09/09/2014,135
09/09/2015,124
09/09/2016,233
09/09/2017,20
09/09/2018,11
09/09/2019,507
09/09/2020,1668
09/09/2021,155
09/09/2022,1428
09/09/2023,12
09/09/2024,1378
09/09/2025,213
09/10/1964,1
09/10/1966,2
09/10/1968,9
09/10/1970,7
09/10/1973,5
09/10/1974,15
09/10/1975,2
09/10/1976,18
09/10/1977,1
09/10/1978,1
09/10/1979,4
09/10/1980,21
09/10/1981,7
09/10/1982,16
09/10/1984,61
09/10/1985,7
09/10/1986,31
09/10/1987,25
09/10/1988,99
09/10/1989,1
09/10/1990,55
09/10/1991,21
09/10/1992,124
09/10/1993,11
09/10/1994,19
09/10/1995,6
09/10/1996,227
09/10/1997,96
09/10/1998,113
09/10/1999,116
09/10/2000,21
09/10/2001,47
09/10/2002,127
09/10/2003,77
09/10/2004,447
09/10/2005,12
09/10/2006,32
09/10/2007,55
09/10/2008,330
09/10/2009,88
09/10/2010,140
09/10/2011,3
09/10/2012,422
09/10/2013,130
09/10/2014,130
09/10/2015,158
09/10/2016,32
09/10/2017,4
09/10/2018,430
09/10/2019,218
09/10/2020,1614
09/10/2021,249
09/10/2022,77
09/10/2023,6
09/10/2024,1094
09/10/2025,115
09/11/1902,1
09/11/1952,1
09/11/1956,1
09/11/1958,1
09/11/1963,1
09/11/1964,1
09/11/1968,4
09/11/1970,6
09/11/1972,4
09/11/1973,4
09/11/1974,9
09/11/1975,2
09/11/1976,3
09/11/1978,24
09/11/1979,7
09/11/1980,18
09/11/1981,7
09/11/1982,2
09/11/1984,49
09/11/1985,3
09/11/1986,26
09/11/1987,15
09/11/1988,8
09/11/1989,14
09/11/1990,56
09/11/1991,17
09/11/1992,125
09/11/1993,2
09/11/1994,14
09/11/1995,77
09/11/1996,211
09/11/1997,141
09/11/1998,153
09/11/1999,14
09/11/2000,150
09/11/2001,51
09/11/2002,129
09/11/2003,110
09/11/2004,36
09/11/2005,3
09/11/2006,117
09/11/2007,52
09/11/2008,385
09/11/2009,97
09/11/2010,21
09/11/2011,5
09/11/2012,394
09/11/2013,106
09/11/2014,167
09/11/2015,180
09/11/2016,21
09/11/2017,233
09/11/2018,387
09/11/2019,197
09/11/2020,1603
09/11/2021,66
09/11/2022,6
09/11/2023,693
09/11/2024,1716
09/11/2025,431
09/12/0222,1
09/12/0240,1
09/12/1956,1
09/12/1964,1
09/12/1966,2
09/12/1967,1
09/12/1968,4
09/12/1970,1
09/12/1972,7
09/12/1974,12
09/12/1975,2
09/12/1976,4
09/12/1977,2
09/12/1978,17
09/12/1979,5
09/12/1980,16
09/12/1982,2
09/12/1983,5
09/12/1984,56
09/12/1985,3
09/12/1986,46
09/12/1987,7
09/12/1988,100
09/12/1989,12
09/12/1990,34
09/12/1991,20
09/12/1992,84
09/12/1993,3
09/12/1994,66
09/12/1995,82
09/12/1996,191
09/12/1997,376
09/12/1998,55
09/12/1999,11
09/12/2000,125
09/12/2001,62
09/12/2002,108
09/12/2003,130
09/12/2004,57
09/12/2005,65
09/12/2006,207
09/12/2007,78
09/12/2008,325
09/12/2009,7
09/12/2010,10
09/12/2011,99
09/12/2012,390
09/12/2013,107
09/12/2014,162
09/12/2015,2
09/12/2016,218
09/12/2017,130
09/12/2018,430
09/12/2019,260
09/12/2020,212
09/12/2021,99
09/12/2022,1509
09/12/2023,253
09/12/2024,1653
09/12/2025,325
09/13/1952,1
09/13/1960,1
09/13/1968,1
09/13/1972,16
09/13/1973,2
09/13/1974,7
09/13/1975,1
09/13/1976,30
09/13/1977,4
09/13/1978,12
09/13/1979,2
09/13/1980,4
09/13/1982,24
09/13/1983,14
09/13/1984,60
09/13/1985,7
09/13/1986,9
09/13/1987,4
09/13/1988,68
09/13/1989,10
09/13/1990,38
09/13/1991,15
09/13/1992,18
09/13/1993,22
09/13/1994,90
09/13/1995,60
09/13/1996,193
09/13/1997,258
09/13/1998,24
09/13/1999,130
09/13/2000,99
09/13/2001,57
09/13/2002,107
09/13/2003,3
09/13/2004,409
09/13/2005,37
09/13/2006,206
09/13/2007,59
09/13/2008,60
09/13/2009,1
09/13/2010,128
09/13/2011,112
09/13/2012,378
09/13/2013,131
09/13/2014,4
09/13/2015,3
09/13/2016,495
09/13/2017,151
09/13/2018,430
09/13/2019,384
09/13/2020,380
09/13/2021,275
09/13/2022,991
09/13/2023,123
09/13/2024,1698
09/13/2025,12
09/14/1956,3
09/14/1964,2
09/14/1968,3
09/14/1970,1
09/14/1971,2
09/14/1972,13
09/14/1976,28
09/14/1977,5
09/14/1978,13
09/14/1979,6
09/14/1980,2
09/14/1981,3
09/14/1982,12
09/14/1983,5
09/14/1984,72
09/14/1985,5
09/14/1986,5
09/14/1987,25
09/14/1988,109
09/14/1989,16
09/14/1990,48
09/14/1991,6
09/14/1992,176
09/14/1993,19
09/14/1994,101
09/14/1995,59
09/14/1996,83
09/14/1997,165
09/14/1998,73
09/14/1999,163
09/14/2000,124
09/14/2001,30
09/14/2002,7
09/14/2003,2
09/14/2004,502
09/14/2005,64
09/14/2006,167
09/14/2007,117
09/14/2008,36
09/14/2009,90
09/14/2010,149
09/14/2011,115
09/14/2012,345
09/14/2013,11
09/14/2014,5
09/14/2015,176
09/14/2016,476
09/14/2017,162
09/14/2018,376
09/14/2019,20
09/14/2020,1494
09/14/2021,216
09/14/2022,1204
09/14/2023,54
09/14/2024,355
09/14/2025,7
09/15/1944,1
09/15/1956,1
09/15/1958,1
09/15/1960,1
09/15/1964,1
09/15/1965,1
09/15/1971,2
09/15/1972,13
09/15/1974,2
09/15/1975,1
09/15/1976,29
09/15/1977,4
09/15/1978,16
09/15/1980,17
09/15/1981,7
09/15/1982,21
09/15/1983,2
09/15/1984,37
09/15/1986,44
09/15/1987,23
09/15/1988,118
09/15/1989,13
09/15/1990,18
09/15/1991,5
09/15/1992,159
09/15/1993,20
09/15/1994,78
09/15/1995,93
09/15/1996,44
09/15/1997,297
09/15/1998,128
09/15/1999,96
09/15/2000,154
09/15/2001,5
09/15/2002,5
09/15/2003,83
09/15/2004,381
09/15/2005,47
09/15/2006,171
09/15/2007,5
09/15/2008,636
09/15/2009,116
09/15/2010,153
09/15/2011,107
09/15/2012,43
09/15/2013,6
09/15/2014,206
09/15/2015,112
09/15/2016,283
09/15/2017,193
09/15/2018,26
09/15/2019,2
09/15/2020,1146
09/15/2021,205
09/15/2022,1245
09/15/2023,95
09/15/2024,272
09/15/2025,806
09/16/1949,1
09/16/1960,1
09/16/1964,1
09/16/1965,2
09/16/1966,5
09/16/1968,1
09/16/1970,2
09/16/1972,8
09/16/1974,3
09/16/1975,2
09/16/1976,22
09/16/1977,7
09/16/1978,2
09/16/1980,31
09/16/1981,2
09/16/1982,24
09/16/1983,4
09/16/1984,4
09/16/1985,3
09/16/1986,33
09/16/1987,11
09/16/1988,98
09/16/1990,6
09/16/1991,21
09/16/1992,209
09/16/1993,20
09/16/1994,115
09/16/1995,8
09/16/1996,181
09/16/1997,257
09/16/1998,115
09/16/1999,145
09/16/2000,18
09/16/2001,8
09/16/2002,109
09/16/2003,122
09/16/2004,344
09/16/2005,60
09/16/2006,61
09/16/2007,2
09/16/2008,442
09/16/2009,91
09/16/2010,125
09/16/2011,104
09/16/2012,32
09/16/2013,147
09/16/2014,170
09/16/2015,134
09/16/2016,432
09/16/2017,19
09/16/2018,11
09/16/2019,326
09/16/2020,1199
09/16/2021,160
09/16/2022,1295
09/16/2023,42
09/16/2024,2481
09/16/2025,294
09/17/1958,1
09/17/1960,1
09/17/1966,6
09/17/1968,3
09/17/1970,7
09/17/1972,1
09/17/1974,13
09/17/1975,4
09/17/1976,38
09/17/1977,1
09/17/1978,4
09/17/1979,5
09/17/1980,45
09/17/1981,9
09/17/1982,20
09/17/1983,5
09/17/1984,55
09/17/1985,6
09/17/1986,44
09/17/1987,24
09/17/1988,86
09/17/1989,1
09/17/1990,43
09/17/1991,27
09/17/1992,190
09/17/1993,15
09/17/1994,23
09/17/1995,14
09/17/1996,217
09/17/1997,157
09/17/1998,119
09/17/1999,194
09/17/2000,10
09/17/2001,45
09/17/2002,134
09/17/2003,60
09/17/2004,369
09/17/2005,11
09/17/2006,34
09/17/2007,76
09/17/2008,519
09/17/2009,95
09/17/2010,162
09/17/2011,4
09/17/2012,381
09/17/2013,107
09/17/2014,143
09/17/2015,165
09/17/2016,33
09/17/2017,5
09/17/2018,611
09/17/2019,309
09/17/2020,1133
09/17/2021,241
09/17/2022,15
09/17/2023,21
09/17/2024,1683
09/17/2025,205
09/18/1958,1
09/18/1964,1
09/18/1968,2
09/18/1970,2
09/18/1972,8
09/18/1974,11
09/18/1975,2
09/18/1976,2
09/18/1978,14
09/18/1979,7
09/18/1980,36
09/18/1981,4
09/18/1982,5
09/18/1983,2
09/18/1984,71
09/18/1985,6
09/18/1986,26
09/18/1987,20
09/18/1988,22
09/18/1989,18
09/18/1990,53
09/18/1991,18
09/18/1992,246
09/18/1993,20
09/18/1994,3
09/18/1995,51
09/18/1996,251
09/18/1997,131
09/18/1998,149
09/18/1999,6
09/18/2000,131
09/18/2001,57
09/18/2002,127
09/18/2003,113
09/18/2004,54
09/18/2005,2
09/18/2006,151
09/18/2007,118
09/18/2008,475
09/18/2009,86
09/18/2010,6
09/18/2011,4
09/18/2012,399
09/18/2013,74
09/18/2014,179
09/18/2015,177
09/18/2016,27
09/18/2017,235
09/18/2018,353
09/18/2019,249
09/18/2020,1011
09/18/2021,17
09/18/2022,13
09/18/2023,807
09/18/2024,1633
09/18/2025,564
09/19/1960,2
09/19/1962,1
09/19/1964,9
09/19/1968,1
09/19/1970,2
09/19/1972,11
09/19/1973,2
09/19/1974,16
09/19/1975,1
09/19/1977,4
09/19/1978,15
09/19/1979,32
09/19/1980,44
09/19/1983,8
09/19/1984,63
09/19/1985,8
09/19/1986,32
09/19/1987,3
09/19/1988,107
09/19/1989,12
09/19/1990,44
09/19/1991,16
09/19/1992,165
09/19/1993,16
09/19/1994,76
09/19/1995,116
09/19/1996,250
09/19/1997,146
09/19/1998,32
09/19/1999,5
09/19/2000,132
09/19/2001,62
09/19/2002,106
09/19/2003,115
09/19/2004,29
09/19/2005,68
09/19/2006,132
09/19/2007,71
09/19/2008,460
09/19/2009,5
09/19/2010,8
09/19/2011,104
09/19/2012,334
09/19/2013,108
09/19/2014,157
09/19/2015,4
09/19/2016,421
09/19/2017,166
09/19/2018,539
09/19/2019,683
09/19/2020,673
09/19/2021,36
09/19/2022,1661
09/19/2023,501
09/19/2024,1872
09/19/2025,505
09/20/0220,1
09/20/1963,7
09/20/1966,1
09/20/1968,3
09/20/1972,13
09/20/1973,1
09/20/1974,15
09/20/1976,34
09/20/1977,16
09/20/1978,33
09/20/1979,9
09/20/1980,19
09/20/1982,26
09/20/1983,9
09/20/1984,47
09/20/1985,4
09/20/1986,51
09/20/1987,3
09/20/1988,114
09/20/1989,7
09/20/1990,54
09/20/1991,18
09/20/1992,53
09/20/1993,105
09/20/1994,138
09/20/1995,97
09/20/1996,235
09/20/1997,81
09/20/1998,15
09/20/1999,119
09/20/2000,154
09/20/2001,64
09/20/2002,143
09/20/2003,2
09/20/2004,373
09/20/2005,47
09/20/2006,122
09/20/2007,63
09/20/2008,108
09/20/2009,2
09/20/2010,175
09/20/2011,98
09/20/2012,346
09/20/2013,115
09/20/2014,5
09/20/2015,8
09/20/2016,258
09/20/2017,135
09/20/2018,434
09/20/2019,371
09/20/2020,390
09/20/2021,344
09/20/2022,1523
09/20/2023,377
09/20/2024,1865
09/20/2025,14
09/21/1956,1
09/21/1960,1
09/21/1964,3
09/21/1966,2
09/21/1967,1
09/21/1968,2
09/21/1970,4
09/21/1971,1
09/21/1972,13
09/21/1973,1
09/21/1974,7
09/21/1976,30
09/21/1977,4
09/21/1978,34
09/21/1979,5
09/21/1980,3
09/21/1981,2
09/21/1982,24
09/21/1983,8
09/21/1984,61
09/21/1985,1
09/21/1986,12
09/21/1987,28
09/21/1988,93
09/21/1989,7
09/21/1990,125
09/21/1991,15
09/21/1992,169
09/21/1993,65
09/21/1994,88
09/21/1995,56
09/21/1996,128
09/21/1997,47
09/21/1998,78
09/21/1999,88
09/21/2000,165
09/21/2001,30
09/21/2002,16
09/21/2003,4
09/21/2004,443
09/21/2005,64
09/21/2006,149
09/21/2007,111
09/21/2008,37
09/21/2009,102
09/21/2010,147
09/21/2011,107
09/21/2012,384
09/21/2013,5
09/21/2014,5
09/21/2015,189
09/21/2016,425
09/21/2017,139
09/21/2018,587
09/21/2019,129
09/21/2020,1736
09/21/2021,97
09/21/2022,870
09/21/2023,365
09/21/2024,156
09/21/2025,10
09/22/0230,1
09/22/1960,2
09/22/1964,1
09/22/1966,1
09/22/1967,1
09/22/1969,1
09/22/1970,1
09/22/1972,9
09/22/1975,2
09/22/1976,54
09/22/1977,5
09/22/1978,33
09/22/1979,1
09/22/1980,62
09/22/1981,8
09/22/1982,16
09/22/1983,7
09/22/1984,20
09/22/1986,51
09/22/1987,24
09/22/1988,91
09/22/1989,9
09/22/1990,132
09/22/1992,217
09/22/1993,18
09/22/1994,93
09/22/1995,55
09/22/1996,63
09/22/1997,100
09/22/1998,177
09/22/1999,46
09/22/2000,287
09/22/2001,8
09/22/2002,22
09/22/2003,61
09/22/2004,447
09/22/2005,69
09/22/2006,162
09/22/2007,1
09/22/2008,649
09/22/2009,93
09/22/2010,141
09/22/2011,86
09/22/2012,49
09/22/2013,7
09/22/2014,298
09/22/2015,173
09/22/2016,395
09/22/2017,220
09/22/2018,84
09/22/2019,111
09/22/2020,1876
09/22/2021,245
09/22/2022,1114
09/22/2023,296
09/22/2024,88
09/22/2025,1027
09/23/1960,3
09/23/1964,2
09/23/1966,3
09/23/1968,4
09/23/1969,1
09/23/1970,5
09/23/1971,1
09/23/1972,6
09/23/1974,14
09/23/1975,2
09/23/1976,59
09/23/1977,2
09/23/1978,32
09/23/1980,51
09/23/1981,4
09/23/1982,24
09/23/1983,8
09/23/1984,5
09/23/1985,10
09/23/1986,60
09/23/1987,15
09/23/1988,123
09/23/1989,2
09/23/1990,26
09/23/1991,27
09/23/1992,279
09/23/1993,23
09/23/1994,107
09/23/1995,13
09/23/1996,210
09/23/1997,171
09/23/1998,114
09/23/1999,64
09/23/2000,34
09/23/2001,4
09/23/2002,150
09/23/2003,83
09/23/2004,404
09/23/2005,89
09/23/2006,33
09/23/2007,7
09/23/2008,653
09/23/2009,66
09/23/2010,236
09/23/2011,135
09/23/2012,37
09/23/2013,140
09/23/2014,179
09/23/2015,166
09/23/2016,847
09/23/2017,17
09/23/2018,75
09/23/2019,769
09/23/2020,1693
09/23/2021,284
09/23/2022,614
09/23/2023,23
09/23/2024,1745
09/23/2025,161
09/24/1960,1
09/24/1962,1
09/24/1964,2
09/24/1968,6
09/24/1970,1
09/24/1971,1
09/24/1972,1
09/24/1974,14
09/24/1976,69
09/24/1979,13
09/24/1980,48
09/24/1981,6
09/24/1982,46
09/24/1984,88
09/24/1985,14
09/24/1986,57
09/24/1987,23
09/24/1988,96
09/24/1989,7
09/24/1990,77
09/24/1991,22
09/24/1992,253
09/24/1993,10
09/24/1994,86
09/24/1995,8
09/24/1996,260
09/24/1997,116
09/24/1998,186
09/24/1999,84
09/24/2000,26
09/24/2001,77
09/24/2002,148
09/24/2003,60
09/24/2004,394
09/24/2005,15
09/24/2006,22
09/24/2007,57
09/24/2008,504
09/24/2009,93
09/24/2010,232
09/24/2011,7
09/24/2012,499
09/24/2013,93
09/24/2014,176
09/24/2015,224
09/24/2016,144
09/24/2017,2
09/24/2018,779
09/24/2019,728
09/24/2020,1835
09/24/2021,256
09/24/2022,50
09/24/2023,22
09/24/2024,1180
09/24/2025,191
09/25/1959,1
09/25/1964,3
09/25/1968,5
09/25/1970,3
09/25/1972,12
09/25/1973,1
09/25/1974,14
09/25/1975,2
09/25/1976,29
09/25/1977,2
09/25/1978,37
09/25/1979,10
09/25/1980,67
09/25/1981,6
09/25/1982,17
09/25/1984,67
09/25/1985,4
09/25/1986,57
09/25/1987,35
09/25/1988,25
09/25/1989,17
09/25/1990,83
09/25/1991,10
09/25/1992,221
09/25/1993,6
09/25/1994,22
09/25/1995,41
09/25/1996,250
09/25/1997,99
09/25/1998,168
09/25/1999,7
09/25/2000,265
09/25/2001,56
09/25/2002,238
09/25/2003,69
09/25/2004,44
09/25/2005,3
09/25/2006,131
09/25/2007,114
09/25/2008,573
09/25/2009,108
09/25/2010,16
09/25/2011,6
09/25/2012,515
09/25/2013,109
09/25/2014,152
09/25/2015,330
09/25/2016,137
09/25/2017,282
09/25/2018,1136
09/25/2019,767
09/25/2020,1617
09/25/2021,51
09/25/2022,48
09/25/2023,405
09/25/2024,1699
09/25/2025,438
09/26/1960,1
09/26/1964,2
09/26/1966,2
09/26/1967,3
09/26/1968,3
09/26/1970,5
09/26/1971,1
09/26/1972,16
09/26/1973,1
09/26/1974,24
09/26/1975,2
09/26/1976,3
09/26/1978,28
09/26/1979,5
09/26/1980,54
09/26/1981,1
09/26/1982,8
09/26/1983,9
09/26/1984,58
09/26/1985,3
09/26/1986,69
09/26/1987,2
09/26/1988,154
09/26/1989,11
09/26/1990,92
09/26/1991,19
09/26/1992,207
09/26/1993,2
09/26/1994,72
09/26/1995,116
09/26/1996,248
09/26/1997,243
09/26/1998,16
09/26/1999,15
09/26/2000,262
09/26/2001,54
09/26/2002,141
09/26/2003,79
09/26/2004,43
09/26/2005,77
09/26/2006,121
09/26/2007,86
09/26/2008,560
09/26/2009,2
09/26/2010,16
09/26/2011,187
09/26/2012,551
09/26/2013,121
09/26/2014,293
09/26/2015,7
09/26/2016,875
09/26/2017,152
09/26/2018,915
09/26/2019,656
09/26/2020,824
09/26/2021,29
09/26/2022,1030
09/26/2023,263
09/26/2024,1574
09/26/2025,445
09/27/1960,2
09/27/1965,1
09/27/1967,4
09/27/1968,4
09/27/1972,10
09/27/1974,21
09/27/1976,69
09/27/1977,3
09/27/1978,39
09/27/1979,6
09/27/1980,24
09/27/1982,51
09/27/1983,14
09/27/1984,70
09/27/1985,10
09/27/1986,87
09/27/1988,138
09/27/1989,7
09/27/1990,72
09/27/1991,13
09/27/1992,89
09/27/1993,55
09/27/1994,124
09/27/1995,77
09/27/1996,273
09/27/1997,23
09/27/1998,24
09/27/1999,62
09/27/2000,223
09/27/2001,29
09/27/2002,162
09/27/2003,6
09/27/2004,577
09/27/2005,89
09/27/2006,141
09/27/2007,60
09/27/2008,85
09/27/2009,2
09/27/2010,213
09/27/2011,130
09/27/2012,445
09/27/2013,163
09/27/2014,69
09/27/2015,1
09/27/2016,906
09/27/2017,169
09/27/2018,901
09/27/2019,460
09/27/2020,139
09/27/2021,448
09/27/2022,353
09/27/2023,414
09/27/2024,1526
09/27/2025,10
09/28/1960,2
09/28/1966,2
09/28/1967,1
09/28/1968,8
09/28/1970,3
09/28/1971,1
09/28/1972,30
09/28/1974,8
09/28/1975,1
09/28/1976,60
09/28/1977,3
09/28/1978,43
09/28/1979,11
09/28/1980,1
09/28/1981,6
09/28/1982,57
09/28/1983,8
09/28/1984,131
09/28/1986,18
09/28/1987,31
09/28/1988,142
09/28/1989,8
09/28/1990,87
09/28/1991,19
09/28/1992,296
09/28/1993,24
09/28/1994,133
09/28/1995,83
09/28/1996,86
09/28/1997,32
09/28/1998,108
09/28/1999,73
09/28/2000,240
09/28/2001,93
09/28/2002,34
09/28/2003,2
09/28/2004,471
09/28/2005,62
09/28/2006,167
09/28/2007,73
09/28/2008,53
09/28/2009,153
09/28/2010,196
09/28/2011,97
09/28/2012,497
09/28/2013,6
09/28/2014,3
09/28/2015,211
09/28/2016,835
09/28/2017,141
09/28/2018,732
09/28/2019,98
09/28/2020,2141
09/28/2021,416
09/28/2022,489
09/28/2023,455
09/28/2024,158
09/28/2025,9
09/29/1956,1
09/29/1958,1
09/29/1964,1
09/29/1967,2
09/29/1970,6
09/29/1972,24
09/29/1975,2
09/29/1976,67
09/29/1977,2
09/29/1978,27
09/29/1979,2
09/29/1980,65
09/29/1981,6
09/29/1982,60
09/29/1983,13
09/29/1984,73
09/29/1986,54
09/29/1987,36
09/29/1988,142
09/29/1989,11
09/29/1990,116
09/29/1991,7
09/29/1992,241
09/29/1993,13
09/29/1994,100
09/29/1995,79
09/29/1996,59
09/29/1997,184
09/29/1998,152
09/29/1999,89
09/29/2000,317
09/29/2002,26
09/29/2003,59
09/29/2004,493
09/29/2005,70
09/29/2006,134
09/29/2007,5
09/29/2008,666
09/29/2009,75
09/29/2010,183
09/29/2011,109
09/29/2012,74
09/29/2013,8
09/29/2014,266
09/29/2015,131
09/29/2016,719
09/29/2017,247
09/29/2018,210
09/29/2019,21
09/29/2020,1814
09/29/2021,453
09/29/2022,366
09/29/2023,201
09/29/2024,151
09/29/2025,786
09/30/1960,3
09/30/1964,5
09/30/1966,3
09/30/1967,2
09/30/1968,9
09/30/1970,6
09/30/1971,1
09/30/1972,11
09/30/1974,20
09/30/1975,1
09/30/1976,86
09/30/1977,1
09/30/1978,33
09/30/1980,75
09/30/1981,4
09/30/1982,55
09/30/1983,5
09/30/1984,12
09/30/1985,8
09/30/1986,65
09/30/1987,28
09/30/1988,142
09/30/1989,3
09/30/1990,16
09/30/1991,58
09/30/1992,304
09/30/1993,17
09/30/1994,125
09/30/1995,9
09/30/1996,181
09/30/1997,189
09/30/1998,170
09/30/1999,46
09/30/2000,27
09/30/2001,2
09/30/2002,219
09/30/2003,73
09/30/2004,589
09/30/2005,68
09/30/2006,29
09/30/2007,1
09/30/2008,824
09/30/2009,85
09/30/2010,205
09/30/2011,173
09/30/2012,65
09/30/2013,134
09/30/2014,235
09/30/2015,138
09/30/2016,956
09/30/2017,30
09/30/2018,50
09/30/2019,537
09/30/2020,1759
09/30/2021,549
09/30/2022,356
09/30/2023,18
09/30/2024,1212
09/30/2025,288
10/01/1960,1
10/01/1964,6
10/01/1965,1
10/01/1966,8
10/01/1968,6
10/01/1970,15
10/01/1972,1
10/01/1973,1
10/01/1974,24
10/01/1975,7
10/01/1976,76
10/01/1977,2
10/01/1978,3
10/01/1979,5
10/01/1980,68
10/01/1981,4
10/01/1982,94
10/01/1983,1
10/01/1984,118
10/01/1985,8
10/01/1986,86
10/01/1987,8
10/01/1988,85
10/01/1990,87
10/01/1991,27
10/01/1992,296
10/01/1993,23
10/01/1994,49
10/01/1995,13
10/01/1996,292
10/01/1997,104
10/01/1998,132
10/01/1999,74
10/01/2000,27
10/01/2001,57
10/01/2002,231
10/01/2003,60
10/01/2004,756
10/01/2005,5
10/01/2006,32
10/01/2007,114
10/01/2008,995
10/01/2009,119
10/01/2010,187
10/01/2011,11
10/01/2012,754
10/01/2013,104
10/01/2014,252
10/01/2015,135
10/01/2016,184
10/01/2017,7
10/01/2018,849
10/01/2019,370
10/01/2020,1962
10/01/2021,338
10/01/2022,24
10/01/2023,24
10/01/2024,665
10/01/2025,169
10/02/1956,1
10/02/1962,1
10/02/1964,2
10/02/1968,19
10/02/1970,8
10/02/1972,28
10/02/1973,2
10/02/1974,43
10/02/1975,3
10/02/1976,42
10/02/1978,39
10/02/1979,3
10/02/1980,81
10/02/1981,6
10/02/1982,27
10/02/1984,119
10/02/1985,10
10/02/1986,52
10/02/1987,25
10/02/1988,22
10/02/1989,13
10/02/1990,88
10/02/1991,23
10/02/1992,340
10/02/1994,22
10/02/1995,75
10/02/1996,243
10/02/1997,103
10/02/1998,150
10/02/1999,12
10/02/2000,281
10/02/2001,39
10/02/2002,173
10/02/2003,69
10/02/2004,147
10/02/2006,212
10/02/2007,89
10/02/2008,957
10/02/2009,94
10/02/2010,27
10/02/2011,6
10/02/2012,604
10/02/2013,98
10/02/2014,232
10/02/2015,249
10/02/2016,258
10/02/2017,256
10/02/2018,526
10/02/2019,537
10/02/2020,1805
10/02/2021,223
10/02/2022,14
10/02/2023,306
10/02/2024,1369
10/02/2025,478
10/03/1958,2
10/03/1960,2
10/03/1964,2
10/03/1966,1
10/03/1967,1
10/03/1968,9
10/03/1970,6
10/03/1972,27
10/03/1974,41
10/03/1975,4
10/03/1976,4
10/03/1977,2
10/03/1978,53
10/03/1979,6
10/03/1980,115
10/03/1982,10
10/03/1983,10
10/03/1984,98
10/03/1985,8
10/03/1986,86
10/03/1987,1
10/03/1988,192
10/03/1989,8
10/03/1990,96
10/03/1991,15
10/03/1992,368
10/03/1993,4
10/03/1994,110
10/03/1995,83
10/03/1996,265
10/03/1997,138
10/03/1998,49
10/03/1999,16
10/03/2000,284
10/03/2001,88
10/03/2002,105
10/03/2003,57
10/03/2004,101
10/03/2005,70
10/03/2006,187
10/03/2007,89
10/03/2008,962
10/03/2009,4
10/03/2010,25
10/03/2011,96
10/03/2012,617
10/03/2013,116
10/03/2014,238
10/03/2015,397
10/03/2016,715
10/03/2017,113
10/03/2018,662
10/03/2019,361
10/03/2020,756
10/03/2021,279
10/03/2022,948
10/03/2023,309
10/03/2024,1771
10/03/2025,449
10/04/1958,2
10/04/1960,2
10/04/1962,1
10/04/1964,1
10/04/1966,3
10/04/1968,19
10/04/1969,2
10/04/1972,29
10/04/1974,49
10/04/1976,118
10/04/1978,92
10/04/1979,4
10/04/1980,28
10/04/1982,73
10/04/1983,10
10/04/1984,138
10/04/1985,9
10/04/1986,107
10/04/1988,173
10/04/1989,15
10/04/1990,81
10/04/1991,17
10/04/1992,68
10/04/1993,34
10/04/1994,212
10/04/1995,70
10/04/1996,245
10/04/1997,53
10/04/1998,32
10/04/1999,94
10/04/2000,257
10/04/2001,43
10/04/2002,166
10/04/2003,2
10/04/2004,693
10/04/2005,75
10/04/2006,153
10/04/2007,98
10/04/2008,377
10/04/2009,7
10/04/2010,268
10/04/2011,128
10/04/2012,658
10/04/2013,131
10/04/2014,26
10/04/2015,8
10/04/2016,618
10/04/2017,145
10/04/2018,780
10/04/2019,332
10/04/2020,271
10/04/2021,438
10/04/2022,289
10/04/2023,337
10/04/2024,1392
10/04/2025,19
10/05/1960,2
10/05/1962,2
10/05/1964,12
10/05/1966,3
10/05/1967,2
10/05/1968,12
10/05/1970,9
10/05/1971,1
10/05/1972,32
10/05/1973,1
10/05/1974,23
10/05/1976,132
10/05/1978,43
10/05/1979,4
10/05/1980,15
10/05/1981,5
10/05/1982,80
10/05/1983,11
10/05/1984,165
10/05/1986,11
10/05/1987,22
10/05/1988,190
10/05/1989,12
10/05/1990,93
10/05/1991,7
10/05/1992,435
10/05/1993,18
10/05/1994,157
10/05/1995,68
10/05/1996,154
10/05/1997,36
10/05/1998,109
10/05/1999,169
10/05/2000,273
10/05/2001,56
10/05/2002,21
10/05/2003,3
10/05/2004,1034
10/05/2005,87
10/05/2006,187
10/05/2007,115
10/05/2008,147
10/05/2009,73
10/05/2010,282
10/05/2011,99
10/05/2012,652
10/05/2013,3
10/05/2014,24
10/05/2015,276
10/05/2016,722
10/05/2017,196
10/05/2018,605
10/05/2019,12
10/05/2020,2270
10/05/2021,362
10/05/2022,426
10/05/2023,800
10/05/2024,404
10/05/2025,15
10/06/1958,2
10/06/1960,4
10/06/1962,1
10/06/1964,13
10/06/1966,1
10/06/1967,3
10/06/1970,12
10/06/1971,1
10/06/1972,57
10/06/1974,4
10/06/1975,7
10/06/1976,149
10/06/1978,71
10/06/1980,153
10/06/1981,6
10/06/1982,99
10/06/1983,2
10/06/1984,133
10/06/1985,1
10/06/1986,122
10/06/1987,13
10/06/1988,214
10/06/1989,11
10/06/1990,62
10/06/1991,2
10/06/1992,345
10/06/1993,62
10/06/1994,135
10/06/1995,69
10/06/1996,107
10/06/1997,52
10/06/1998,174
10/06/1999,192
10/06/2000,289
10/06/2001,6
10/06/2002,24
10/06/2003,63
10/06/2004,589
10/06/2005,55
10/06/2006,222
10/06/2007,4
10/06/2008,1447
10/06/2009,88
10/06/2010,226
10/06/2011,111
10/06/2012,89
10/06/2013,4
10/06/2014,353
10/06/2015,165
10/06/2016,676
10/06/2017,250
10/06/2018,238
10/06/2019,53
10/06/2020,1660
10/06/2021,481
10/06/2022,443
10/06/2023,505
10/06/2024,129
10/06/2025,1001
10/07/1958,1
10/07/1960,2
10/07/1964,5
10/07/1965,1
10/07/1966,6
10/07/1967,2
10/07/1968,19
10/07/1969,1
10/07/1970,20
10/07/1971,1
10/07/1972,29
10/07/1974,82
10/07/1975,8
10/07/1976,182
10/07/1977,4
10/07/1978,21
10/07/1980,142
10/07/1981,1
10/07/1982,103
10/07/1983,10
10/07/1984,31
10/07/1985,8
10/07/1986,120
10/07/1987,24
10/07/1988,208
10/07/1989,3
10/07/1990,11
10/07/1991,14
10/07/1992,385
10/07/1993,19
10/07/1994,157
10/07/1995,4
10/07/1996,327
10/07/1997,108
10/07/1998,177
10/07/1999,67
10/07/2000,51
10/07/2001,1
10/07/2002,181
10/07/2003,131
10/07/2004,1050
10/07/2005,82
10/07/2006,29
10/07/2007,7
10/07/2008,1236
10/07/2009,53
10/07/2010,206
10/07/2011,106
10/07/2012,81
10/07/2013,114
10/07/2014,281
10/07/2015,150
10/07/2016,700
10/07/2017,27
10/07/2018,162
10/07/2019,645
10/07/2020,2038
10/07/2021,420
10/07/2022,359
10/07/2023,14
10/07/2024,1388
10/07/2025,237
10/08/1946,1
10/08/1956,1
10/08/1960,2
10/08/1962,1
10/08/1964,12
10/08/1966,6
10/08/1968,26
10/08/1970,24
10/08/1972,3
10/08/1973,2
10/08/1974,58
10/08/1975,1
10/08/1976,246
10/08/1978,5
10/08/1979,7
10/08/1980,203
10/08/1981,3
10/08/1982,162
10/08/1983,4
10/08/1984,174
10/08/1985,5
10/08/1986,159
10/08/1987,25
10/08/1988,127
10/08/1990,75
10/08/1991,14
10/08/1992,488
10/08/1993,23
10/08/1994,73
10/08/1995,8
10/08/1996,401
10/08/1997,109
10/08/1998,169
10/08/1999,84
10/08/2000,47
10/08/2001,46
10/08/2002,324
10/08/2003,75
10/08/2004,792
10/08/2005,8
10/08/2006,36
10/08/2007,49
10/08/2008,1403
10/08/2009,97
10/08/2010,249
10/08/2011,10
10/08/2012,596
10/08/2013,96
10/08/2014,263
10/08/2015,197
10/08/2016,140
10/08/2017,30
10/08/2018,792
10/08/2019,392
10/08/2020,1480
10/08/2021,358
10/08/2022,19
10/08/2023,18
10/08/2024,2218
10/08/2025,264
10/09/1954,2
10/09/1956,1
10/09/1958,2
10/09/1961,1
10/09/1963,1
10/09/1964,17
10/09/1967,6
10/09/1968,29
10/09/1970,26
10/09/1971,1
10/09/1972,43
10/09/1973,1
10/09/1974,96
10/09/1975,3
10/09/1976,52
10/09/1977,1
10/09/1978,67
10/09/1979,8
10/09/1980,179
10/09/1981,6
10/09/1982,40
10/09/1984,215
10/09/1985,2
10/09/1986,161
10/09/1987,27
10/09/1988,23
10/09/1989,9
10/09/1990,121
10/09/1991,20
10/09/1992,454
10/09/1993,1
10/09/1994,27
10/09/1995,32
10/09/1996,427
10/09/1997,62
10/09/1998,207
10/09/1999,16
10/09/2000,236
10/09/2001,99
10/09/2002,170
10/09/2003,79
10/09/2004,407
10/09/2005,10
10/09/2006,136
10/09/2007,116
10/09/2008,1296
10/09/2009,110
10/09/2010,17
10/09/2011,14
10/09/2012,912
10/09/2013,105
10/09/2014,337
10/09/2015,285
10/09/2016,211
10/09/2017,105
10/09/2018,1258
10/09/2019,527
10/09/2020,2035
10/09/2021,82
10/09/2022,18
10/09/2023,441
10/09/2024,1800
10/09/2025,572
10/10/1956,1
10/10/1958,5
10/10/1960,2
10/10/1962,2
10/10/1964,7
10/10/1966,6
10/10/1967,6
10/10/1968,26
10/10/1969,2
10/10/1970,24
10/10/1972,66
10/10/1973,5
10/10/1974,116
10/10/1975,4
10/10/1976,12
10/10/1978,145
10/10/1979,7
10/10/1980,246
10/10/1982,11
10/10/1983,4
10/10/1984,290
10/10/1985,6
10/10/1986,280
10/10/1987,6
10/10/1988,245
10/10/1989,13
10/10/1990,128
10/10/1991,22
10/10/1992,516
10/10/1993,1
10/10/1994,95
10/10/1995,189
10/10/1996,407
10/10/1997,123
10/10/1998,43
10/10/1999,3
10/10/2000,363
10/10/2001,57
10/10/2002,225
10/10/2003,83
10/10/2004,277
10/10/2005,20
10/10/2006,224
10/10/2007,85
10/10/2008,1473
10/10/2009,4
10/10/2010,34
10/10/2011,76
10/10/2012,918
10/10/2013,104
10/10/2014,413
10/10/2015,11
10/10/2016,627
10/10/2017,273
10/10/2018,1262
10/10/2019,452
10/10/2020,1723
10/10/2021,76
10/10/2022,547
10/10/2023,510
10/10/2024,2505
10/10/2025,536
10/11/1954,1
10/11/1956,3
10/11/1958,1
10/11/1960,2
10/11/1962,2
10/11/1966,7
10/11/1967,1
10/11/1968,24
10/11/1969,3
10/11/1970,2
10/11/1972,69
10/11/1974,159
10/11/1976,292
10/11/1977,2
10/11/1978,146
10/11/1979,6
10/11/1980,55
10/11/1982,217
10/11/1983,10
10/11/1984,251
10/11/1985,8
10/11/1986,134
10/11/1987,1
10/11/1988,305
10/11/1989,8
10/11/1990,126
10/11/1991,16
10/11/1992,148
10/11/1993,11
10/11/1994,213
10/11/1995,62
10/11/1996,339
10/11/1997,9
10/11/1998,45
10/11/1999,16
10/11/2000,448
10/11/2001,57
10/11/2002,193
10/11/2003,3
10/11/2004,654
10/11/2005,67
10/11/2006,210
10/11/2007,89
10/11/2008,339
10/11/2009,3
10/11/2010,204
10/11/2011,137
10/11/2012,940
10/11/2013,103
10/11/2014,46
10/11/2015,5
10/11/2016,1071
10/11/2017,237
10/11/2018,1350
10/11/2019,482
10/11/2020,1186
10/11/2021,422
10/11/2022,397
10/11/2023,443
10/11/2024,2161
10/11/2025,32
10/12/1960,4
10/12/1962,4
10/12/1964,16
10/12/1966,5
10/12/1967,1
10/12/1968,21
10/12/1970,72
10/12/1971,1
10/12/1972,96
10/12/1973,1
10/12/1974,48
10/12/1975,1
10/12/1976,879
10/12/1977,1
10/12/1978,117
10/12/1979,7
10/12/1980,7
10/12/1981,1
10/12/1982,624
10/12/1983,10
10/12/1984,413
10/12/1985,1
10/12/1986,63
10/12/1987,12
10/12/1988,363
10/12/1989,9
10/12/1990,151
10/12/1991,15
10/12/1992,627
10/12/1993,21
10/12/1994,178
10/12/1995,49
10/12/1996,206
10/12/1997,18
10/12/1998,158
10/12/1999,55
10/12/2000,382
10/12/2001,128
10/12/2002,65
10/12/2003,5
10/12/2004,1147
10/12/2005,66
10/12/2006,250
10/12/2007,92
10/12/2008,109
10/12/2009,55
10/12/2010,311
10/12/2011,118
10/12/2012,990
10/12/2013,1
10/12/2014,40
10/12/2015,183
10/12/2016,1256
10/12/2017,226
10/12/2018,1203
10/12/2019,47
10/12/2020,4027
10/12/2021,1601
10/12/2022,840
10/12/2023,553
10/12/2024,1108
10/12/2025,34
10/13/1202,1
10/13/1900,1
10/13/1954,1
10/13/1958,2
10/13/1960,4
10/13/1962,2
10/13/1964,26
10/13/1966,10
10/13/1967,4
10/13/1968,4
10/13/1970,122
10/13/1971,1
10/13/1972,121
10/13/1974,5
10/13/1975,3
10/13/1976,3
10/13/1977,1
10/13/1978,180
10/13/1979,1
10/13/1980,403
10/13/1981,7
10/13/1982,3
10/13/1983,7
10/13/1984,114
10/13/1986,404
10/13/1987,46
10/13/1988,364
10/13/1989,5
10/13/1990,128
10/13/1991,4
10/13/1992,831
10/13/1993,16
10/13/1994,228
10/13/1995,72
10/13/1996,134
10/13/1997,33
10/13/1998,276
10/13/1999,41
10/13/2000,334
10/13/2001,3
10/13/2002,39
10/13/2003,45
10/13/2004,1382
10/13/2005,85
10/13/2006,198
10/13/2007,7
10/13/2008,924
10/13/2009,101
10/13/2010,342
10/13/2011,165
10/13/2012,123
10/13/2013,4
10/13/2014,491
10/13/2015,214
10/13/2016,1215
10/13/2017,247
10/13/2018,398
10/13/2019,38
10/13/2020,18255
10/13/2021,55
10/13/2022,734
10/13/2023,530
10/13/2024,407
10/13/2025,840
10/14/1952,1
10/14/1958,5
10/14/1960,3
10/14/1964,3
10/14/1966,18
10/14/1968,70
10/14/1972,57
10/14/1974,240
10/14/1975,4
10/14/1976,1
10/14/1977,3
10/14/1978,53
10/14/1980,1056
10/14/1981,5
10/14/1982,1
10/14/1983,5
10/14/1984,52
10/14/1985,1
10/14/1986,1206
10/14/1987,30
10/14/1988,627
10/14/1989,4
10/14/1990,37
10/14/1991,17
10/14/1992,1018
10/14/1993,8
10/14/1994,235
10/14/1995,4
10/14/1996,344
10/14/1997,183
10/14/1998,275
10/14/1999,46
10/14/2000,68
10/14/2001,9
10/14/2002,198
10/14/2003,94
10/14/2004,1542
10/14/2005,91
10/14/2006,60
10/14/2007,1
10/14/2008,1405
10/14/2009,73
10/14/2010,388
10/14/2011,110
10/14/2012,257
10/14/2013,67
10/14/2014,2207
10/14/2015,149
10/14/2016,1139
10/14/2017,55
10/14/2018,415
10/14/2019,568
10/14/2020,78
10/14/2021,28
10/14/2022,863
10/14/2023,95
10/14/2024,2553
10/14/2025,2247
10/15/1956,3
10/15/1960,3
10/15/1962,5
10/15/1964,1
10/15/1966,18
10/15/1968,97
10/15/1971,1
10/15/1972,7
10/15/1974,605
10/15/1975,4
10/15/1976,5
10/15/1977,1
10/15/1978,10
10/15/1979,12
10/15/1980,8
10/15/1981,3
10/15/1982,2
10/15/1983,2
10/15/1984,865
10/15/1985,5
10/15/1986,6
10/15/1987,21
10/15/1988,296
10/15/1990,167
10/15/1991,34
10/15/1992,1173
10/15/1993,19
10/15/1994,121
10/15/1995,4
10/15/1996,524
10/15/1997,190
10/15/1998,276
10/15/1999,79
10/15/2000,91
10/15/2001,58
10/15/2002,274
10/15/2003,88
10/15/2004,1499
10/15/2005,7
10/15/2006,49
10/15/2007,67
10/15/2008,1459
10/15/2009,100
10/15/2010,361
10/15/2011,8
10/15/2012,1981
10/15/2013,113
10/15/2014,82
10/15/2015,137
10/15/2016,311
10/15/2017,66
10/15/2018,3067
10/15/2019,1822
10/15/2020,111
10/15/2021,57
10/15/2022,250
10/15/2023,48
10/15/2024,12936
10/15/2025,54
10/16/1952,1
10/16/1958,1
10/16/1962,10
10/16/1964,3
10/16/1968,1
10/16/1972,224
10/16/1974,1
10/16/1976,1
10/16/1978,384
10/16/1979,19
10/16/1980,20
10/16/1983,1
10/16/1984,1280
10/16/1985,2
10/16/1986,19
10/16/1987,18
10/16/1988,86
10/16/1989,18
10/16/1990,194
10/16/1991,24
10/16/1992,1811
10/16/1993,3
10/16/1994,102
10/16/1995,52
10/16/1996,554
10/16/1997,111
10/16/1998,341
10/16/1999,9
10/16/2000,378
10/16/2001,49
10/16/2002,337
10/16/2003,98
10/16/2004,461
10/16/2005,1
10/16/2006,279
10/16/2007,95
10/16/2008,1525
10/16/2009,117
10/16/2010,83
10/16/2011,6
10/16/2012,4601
10/16/2013,98
10/16/2014,95
10/16/2015,160
10/16/2016,538
10/16/2017,402
10/16/2018,6663
10/16/2019,110
10/16/2020,101
10/16/2021,5
10/16/2022,82
10/16/2023,879
10/16/2024,110
10/16/2025,54
10/17/1958,1
10/17/1960,3
10/17/1966,46
10/17/1972,308
10/17/1973,2
10/17/1974,1
10/17/1975,1
10/17/1976,4
10/17/1977,8
10/17/1978,614
10/17/1979,2
10/17/1980,7
10/17/1983,18
10/17/1984,36
10/17/1985,3
10/17/1986,43
10/17/1987,6
10/17/1988,1163
10/17/1989,9
10/17/1990,318
10/17/1991,37
10/17/1992,1100
10/17/1994,235
10/17/1995,94
10/17/1996,643
10/17/1997,137
10/17/1998,81
10/17/1999,6
10/17/2000,446
10/17/2001,74
10/17/2002,402
10/17/2003,79
10/17/2004,328
10/17/2005,67
10/17/2006,273
10/17/2007,148
10/17/2008,1960
10/17/2009,9
10/17/2010,100
10/17/2011,106
10/17/2012,175
10/17/2013,138
10/17/2014,70
10/17/2015,4
10/17/2016,3658
10/17/2017,637
10/17/2018,181
10/17/2019,135
10/17/2020,37
10/17/2021,3
10/17/2022,1520
10/17/2023,1716
10/17/2024,83
10/17/2025,50
10/18/1960,7
10/18/1962,1
10/18/1966,65
10/18/1967,2
10/18/1971,1
10/18/1974,1
10/18/1976,2
10/18/1977,10
10/18/1978,15
10/18/1979,3
10/18/1980,2
10/18/1981,1
10/18/1982,4
10/18/1983,13
10/18/1984,27
10/18/1985,2
10/18/1986,11
10/18/1987,1
10/18/1988,1729
10/18/1989,11
10/18/1990,443
10/18/1991,28
10/18/1992,552
10/18/1993,24
10/18/1994,337
10/18/1995,75
10/18/1996,832
10/18/1997,12
10/18/1998,59
10/18/1999,78
10/18/2000,600
10/18/2001,62
10/18/2002,453
10/18/2003,7
10/18/2004,5831
10/18/2005,83
10/18/2006,375
10/18/2007,99
10/18/2008,847
10/18/2009,3
10/18/2010,1254
10/18/2011,133
10/18/2012,119
10/18/2013,157
10/18/2014,1
10/18/2015,4
10/18/2016,9346
10/18/2017,70
10/18/2018,122
10/18/2019,101
10/18/2020,27
10/18/2021,33
10/18/2022,3174
10/18/2023,62
10/18/2024,112
10/18/2025,6
10/19/1960,3
10/19/1962,3
10/19/1964,11
10/19/1972,1
10/19/1973,1
10/19/1976,1
10/19/1977,1
10/19/1979,8
10/19/1981,2
10/19/1982,7
10/19/1984,12
10/19/1985,1
10/19/1986,3
10/19/1987,36
10/19/1988,26
10/19/1989,8
10/19/1990,659
10/19/1991,6
10/19/1992,5706
10/19/1993,16
10/19/1994,332
10/19/1995,71
10/19/1996,496
10/19/1997,13
10/19/1998,714
10/19/1999,115
10/19/2000,623
10/19/2001,63
10/19/2002,169
10/19/2003,3
10/19/2004,947
10/19/2005,54
10/19/2006,366
10/19/2007,73
10/19/2008,351
10/19/2009,100
10/19/2010,80
10/19/2011,125
10/19/2012,126
10/19/2013,3
10/19/2015,206
10/19/2016,165
10/19/2017,69
10/19/2018,110
10/19/2019,9
10/19/2020,53
10/19/2021,18
10/19/2022,54
10/19/2023,51
10/19/2024,24
10/19/2025,6
10/20/1958,1
10/20/1964,3
10/20/1971,2
10/20/1975,8
10/20/1976,1
10/20/1977,2
10/20/1978,1
10/20/1980,1
10/20/1981,3
10/20/1982,6
10/20/1983,9
10/20/1984,2
10/20/1986,17
10/20/1987,67
10/20/1988,10
10/20/1989,5
10/20/1990,381
10/20/1991,4
10/20/1992,32
10/20/1993,11
10/20/1994,470
10/20/1995,79
10/20/1996,428
10/20/1997,113
10/20/1998,205
10/20/1999,104
10/20/2000,761
10/20/2001,2
10/20/2002,136
10/20/2003,74
10/20/2004,440
10/20/2005,68
10/20/2006,528
10/20/2007,6
10/20/2008,8360
10/20/2009,86
10/20/2010,70
10/20/2011,188
10/20/2012,10
10/20/2013,1
10/20/2014,72
10/20/2015,92
10/20/2016,84
10/20/2017,76
10/20/2018,25
10/20/2019,15
10/20/2020,37
10/20/2021,20
10/20/2022,91
10/20/2023,68
10/20/2024,26
10/20/2025,57
10/21/1958,2
10/21/1962,1
10/21/1964,9
10/21/1974,1
10/21/1975,2
10/21/1977,1
10/21/1980,2
10/21/1981,2
10/21/1982,4
10/21/1983,10
10/21/1984,10
10/21/1985,12
10/21/1986,15
10/21/1987,18
10/21/1988,12
10/21/1989,1
10/21/1990,324
10/21/1991,74
10/21/1992,23
10/21/1993,18
10/21/1994,574
10/21/1995,6
10/21/1996,2825
10/21/1997,154
10/21/1998,101
10/21/1999,62
10/21/2000,378
10/21/2001,4
10/21/2002,1155
10/21/2003,102
10/21/2004,350
10/21/2005,71
10/21/2006,129
10/21/2007,1
10/21/2008,72
10/21/2009,66
10/21/2010,57
10/21/2011,117
10/21/2012,7
10/21/2013,185
10/21/2014,62
10/21/2015,121
10/21/2016,110
10/21/2017,21
10/21/2018,27
10/21/2019,115
10/21/2020,81
10/21/2021,32
10/21/2022,42
10/21/2023,4
10/21/2024,132
10/21/2025,110
10/22/1944,1
10/22/1952,1
10/22/1954,2
10/22/1958,3
10/22/1960,2
10/22/1962,2
10/22/1964,12
10/22/1965,2
10/22/1969,2
10/22/1971,2
10/22/1974,1
10/22/1975,3
10/22/1979,5
10/22/1980,4
10/22/1981,1
10/22/1982,2
10/22/1984,21
10/22/1985,2
10/22/1986,1
10/22/1987,14
10/22/1988,1
10/22/1989,1
10/22/1990,122
10/22/1991,9
10/22/1992,59
10/22/1993,27
10/22/1994,397
10/22/1995,1
10/22/1996,173
10/22/1997,103
10/22/1998,83
10/22/1999,69
10/22/2000,339
10/22/2001,63
10/22/2002,219
10/22/2003,65
10/22/2004,249
10/22/2005,3
10/22/2006,77
10/22/2007,139
10/22/2008,61
10/22/2009,86
10/22/2010,69
10/22/2011,5
10/22/2012,131
10/22/2013,125
10/22/2014,56
10/22/2015,175
10/22/2016,15
10/22/2017,4
10/22/2018,63
10/22/2019,92
10/22/2020,43
10/22/2021,23
10/22/2022,3
10/22/2023,3
10/22/2024,75
10/22/2025,32
10/23/1952,1
10/23/1958,4
10/23/1962,5
10/23/1964,11
10/23/1973,2
10/23/1978,1
10/23/1979,4
10/23/1980,1
10/23/1981,1
10/23/1983,2
10/23/1984,12
10/23/1985,10
10/23/1986,1
10/23/1987,19
10/23/1989,13
10/23/1990,14
10/23/1991,23
10/23/1992,79
10/23/1993,1
10/23/1994,152
10/23/1995,30
10/23/1996,94
10/23/1997,91
10/23/1998,74
10/23/1999,15
10/23/2000,2590
10/23/2001,91
10/23/2002,120
10/23/2003,63
10/23/2004,79
10/23/2005,2
10/23/2006,1770
10/23/2007,84
10/23/2008,26
10/23/2009,113
10/23/2010,3
10/23/2011,17
10/23/2012,121
10/23/2013,97
10/23/2014,53
10/23/2015,161
10/23/2016,12
10/23/2017,32
10/23/2018,87
10/23/2019,90
10/23/2020,59
10/23/2021,3
10/23/2022,9
10/23/2023,39
10/23/2024,80
10/23/2025,35
10/24/1956,1
10/24/1958,5
10/24/1960,2
10/24/1962,2
10/24/1964,1
10/24/1969,2
10/24/1972,1
10/24/1973,2
10/24/1975,2
10/24/1977,5
10/24/1979,2
10/24/1980,1
10/24/1983,15
10/24/1985,4
10/24/1986,4
10/24/1987,1
10/24/1988,9
10/24/1989,7
10/24/1990,23
10/24/1991,21
10/24/1992,37
10/24/1993,3
10/24/1994,1868
10/24/1995,95
10/24/1996,210
10/24/1997,118
10/24/1998,23
10/24/1999,6
10/24/2000,408
10/24/2001,81
10/24/2002,70
10/24/2003,57
10/24/2004,114
10/24/2005,33
10/24/2006,34
10/24/2007,85
10/24/2008,60
10/24/2009,1
10/24/2010,2
10/24/2011,144
10/24/2012,90
10/24/2013,162
10/24/2014,70
10/24/2015,1
10/24/2016,44
10/24/2017,63
10/24/2018,98
10/24/2019,80
10/24/2020,28
10/24/2021,3
10/24/2022,42
10/24/2023,42
10/24/2024,73
10/24/2025,27
10/25/1950,1
10/25/1958,1
10/25/1960,5
10/25/1962,4
10/25/1963,1
10/25/1972,1
10/25/1973,1
10/25/1977,1
10/25/1979,6
10/25/1983,10
10/25/1984,3
10/25/1985,9
10/25/1988,11
10/25/1989,12
10/25/1990,1
10/25/1991,10
10/25/1992,26
10/25/1993,26
10/25/1994,244
10/25/1995,73
10/25/1996,128
10/25/1997,14
10/25/1998,6
10/25/1999,49
10/25/2000,347
10/25/2001,56
10/25/2002,67
10/25/2003,4
10/25/2004,250
10/25/2005,90
10/25/2006,52
10/25/2007,90
10/25/2008,8
10/25/2009,2
10/25/2010,42
10/25/2011,114
10/25/2012,100
10/25/2013,152
10/25/2014,3
10/25/2015,6
10/25/2016,75
10/25/2017,47
10/25/2018,101
10/25/2019,148
10/25/2020,30
10/25/2021,28
10/25/2022,61
10/25/2023,57
10/25/2024,71
10/25/2025,5
10/26/1956,1
10/26/1960,3
10/26/1962,8
10/26/1971,3
10/26/1973,2
10/26/1977,4
10/26/1979,4
10/26/1981,3
10/26/1983,8
10/26/1987,16
10/26/1988,3
10/26/1989,5
10/26/1990,1
10/26/1991,1
10/26/1992,82
10/26/1993,14
10/26/1994,51
10/26/1995,54
10/26/1996,33
10/26/1997,10
10/26/1998,39
10/26/1999,82
10/26/2000,347
10/26/2001,45
10/26/2002,65
10/26/2003,3
10/26/2004,208
10/26/2005,68
10/26/2006,55
10/26/2007,105
10/26/2008,4
10/26/2009,110
10/26/2010,87
10/26/2011,102
10/26/2012,118
10/26/2013,5
10/26/2014,2
10/26/2015,210
10/26/2016,56
10/26/2017,64
10/26/2018,111
10/26/2019,8
10/26/2020,85
10/26/2021,27
10/26/2022,37
10/26/2023,65
10/26/2024,25
10/26/2025,4
10/27/1944,1
10/27/1960,6
10/27/1961,1
10/27/1976,1
10/27/1977,4
10/27/1981,4
10/27/1982,2
10/27/1983,10
10/27/1984,2
10/27/1985,1
10/27/1986,1
10/27/1987,9
10/27/1988,1
10/27/1989,14
10/27/1991,6
10/27/1992,1
10/27/1993,21
10/27/1994,312
10/27/1995,61
10/27/1996,31
10/27/1997,31
10/27/1998,92
10/27/1999,46
10/27/2000,311
10/27/2001,2
10/27/2002,3
10/27/2003,94
10/27/2004,181
10/27/2005,77
10/27/2006,55
10/27/2007,8
10/27/2008,28
10/27/2009,81
10/27/2010,58
10/27/2011,121
10/27/2012,16
10/27/2013,6
10/27/2014,73
10/27/2015,142
10/27/2016,62
10/27/2017,64
10/27/2018,35
10/27/2019,8
10/27/2020,52
10/27/2021,26
10/27/2022,32
10/27/2023,54
10/27/2024,31
10/27/2025,45
10/28/1959,1
10/28/1960,6
10/28/1975,2
10/28/1977,3
10/28/1981,4
10/28/1982,1
10/28/1983,6
10/28/1985,9
10/28/1986,4
10/28/1987,12
10/28/1989,1
10/28/1991,31
10/28/1992,13
10/28/1993,15
10/28/1994,46
10/28/1995,8
10/28/1996,93
10/28/1997,95
10/28/1998,86
10/28/1999,64
10/28/2000,421
10/28/2001,1
10/28/2002,52
10/28/2003,67
10/28/2004,134
10/28/2005,77
10/28/2006,9
10/28/2007,5
10/28/2008,24
10/28/2009,113
10/28/2010,71
10/28/2011,99
10/28/2012,8
10/28/2013,162
10/28/2014,54
10/28/2015,124
10/28/2016,75
10/28/2017,18
10/28/2018,24
10/28/2019,102
10/28/2020,64
10/28/2021,85
10/28/2022,52
10/28/2023,5
10/28/2024,86
10/28/2025,36
10/29/1971,2
10/29/1975,1
10/29/1976,1
10/29/1979,7
10/29/1981,4
10/29/1982,2
10/29/1983,2
10/29/1985,11
10/29/1986,1
10/29/1987,3
10/29/1990,5
10/29/1991,23
10/29/1992,2
10/29/1993,16
10/29/1994,6
10/29/1995,2
10/29/1996,150
10/29/1997,114
10/29/1998,75
10/29/1999,59
10/29/2000,436
10/29/2001,38
10/29/2002,80
10/29/2003,67
10/29/2004,108
10/29/2005,1
10/29/2006,3
10/29/2007,67
10/29/2008,37
10/29/2009,85
10/29/2010,78
10/29/2011,5
10/29/2012,79
10/29/2013,112
10/29/2014,48
10/29/2015,148
10/29/2016,26
10/29/2017,4
10/29/2018,82
10/29/2019,73
10/29/2020,61
10/29/2021,22
10/29/2022,8
10/29/2023,5
10/29/2024,160
10/29/2025,37
10/30/1964,1
10/30/1975,1
10/30/1979,4
10/30/1981,3
10/30/1983,2
10/30/1985,8
10/30/1986,4
10/30/1987,13
10/30/1989,10
10/30/1990,2
10/30/1991,21
10/30/1992,2
10/30/1993,2
10/30/1995,51
10/30/1996,113
10/30/1997,100
10/30/1998,85
10/30/1999,9
10/30/2000,333
10/30/2001,80
10/30/2002,62
10/30/2003,58
10/30/2004,22
10/30/2005,2
10/30/2006,42
10/30/2007,85
10/30/2008,38
10/30/2009,81
10/30/2010,6
10/30/2011,7
10/30/2012,84
10/30/2013,91
10/30/2014,59
10/30/2015,223
10/30/2016,5
10/30/2017,22
10/30/2018,110
10/30/2019,73
10/30/2020,74
10/30/2021,7
10/30/2022,7
10/30/2023,46
10/30/2024,116
10/30/2025,48
10/31/1973,4
10/31/1975,4
10/31/1979,2
10/31/1981,1
10/31/1983,11
10/31/1985,10
10/31/1986,5
10/31/1988,3
10/31/1989,12
10/31/1991,9
10/31/1992,2
10/31/1994,7
10/31/1995,91
10/31/1996,89
10/31/1997,103
10/31/1998,27
10/31/1999,8
10/31/2000,104
10/31/2001,56
10/31/2002,36
10/31/2003,48
10/31/2004,9
10/31/2005,54
10/31/2006,53
10/31/2007,72
10/31/2008,47
10/31/2009,3
10/31/2010,1
10/31/2011,143
10/31/2012,84
10/31/2013,90
10/31/2014,63
10/31/2015,48
10/31/2016,27
10/31/2017,61
10/31/2018,96
10/31/2019,74
10/31/2020,16
10/31/2021,3
10/31/2022,35
10/31/2023,17
10/31/2024,215
10/31/2025,38
10/31/2026,1
11/01/1907,1
11/01/1959,1
11/01/1972,47
11/01/1973,4
11/01/1977,1
11/01/1979,7
11/01/1980,1
11/01/1982,3
11/01/1983,11
11/01/1984,1
11/01/1985,12
11/01/1986,1
11/01/1987,6
11/01/1988,3
11/01/1989,15
11/01/1990,4
11/01/1991,15
11/01/1992,1
11/01/1993,23
11/01/1994,38
11/01/1995,77
11/01/1996,125
11/01/1997,15
11/01/1998,12
11/01/1999,33
11/01/2000,55
11/01/2001,52
11/01/2002,68
11/01/2003,1
11/01/2004,47
11/01/2005,81
11/01/2006,55
11/01/2007,76
11/01/2008,9
11/01/2009,5
11/01/2010,49
11/01/2011,137
11/01/2012,93
11/01/2013,94
11/01/2014,5
11/01/2015,1
11/01/2016,64
11/01/2017,61
11/01/2018,120
11/01/2019,91
11/01/2020,15
11/01/2021,25
11/01/2022,138
11/01/2023,46
11/01/2024,179
11/01/2025,8
11/02/1965,2
11/02/1972,3
11/02/1976,3
11/02/1977,2
11/02/1979,11
11/02/1981,3
11/02/1982,5
11/02/1983,2
11/02/1984,1
11/02/1986,3
11/02/1987,13
11/02/1988,3
11/02/1989,9
11/02/1991,4
11/02/1992,4
11/02/1993,24
11/02/1994,7
11/02/1995,79
11/02/1996,81
11/02/1997,5
11/02/1998,39
11/02/1999,62
11/02/2000,52
11/02/2001,72
11/02/2002,19
11/02/2003,7
11/02/2004,1921
11/02/2005,56
11/02/2006,67
11/02/2007,104
11/02/2008,12
11/02/2009,93
11/02/2010,990
11/02/2011,89
11/02/2012,106
11/02/2013,2
11/02/2014,3
11/02/2015,182
11/02/2016,68
11/02/2017,52
11/02/2018,133
11/02/2019,25
11/02/2020,102
11/02/2021,250
11/02/2022,76
11/02/2023,47
11/02/2024,53
11/02/2025,12
11/03/1964,17
11/03/1967,2
11/03/1971,2
11/03/1975,5
11/03/1976,7
11/03/1977,4
11/03/1978,1
11/03/1979,2
11/03/1980,1
11/03/1981,6
11/03/1982,61
11/03/1983,6
11/03/1985,5
11/03/1986,2
11/03/1987,15
11/03/1988,2
11/03/1989,11
11/03/1990,1
11/03/1991,3
11/03/1992,42
11/03/1993,37
11/03/1994,9
11/03/1995,100
11/03/1996,24
11/03/1997,39
11/03/1998,1090
11/03/1999,58
11/03/2000,40
11/03/2001,3
11/03/2002,3
11/03/2003,69
11/03/2004,145
11/03/2005,58
11/03/2006,54
11/03/2007,10
11/03/2008,61
11/03/2009,90
11/03/2010,652
11/03/2011,85
11/03/2012,23
11/03/2013,1
11/03/2014,85
11/03/2015,124
11/03/2016,50
11/03/2017,59
11/03/2018,110
11/03/2019,15
11/03/2020,1045
11/03/2021,642
11/03/2022,45
11/03/2023,59
11/03/2024,5
11/03/2025,47
11/04/1970,1
11/04/1972,1
11/04/1973,1
11/04/1975,2
11/04/1976,1
11/04/1977,2
11/04/1980,1
11/04/1981,7
11/04/1982,8
11/04/1983,2
11/04/1984,1
11/04/1985,9
11/04/1986,20
11/04/1987,14
11/04/1988,3
11/04/1989,3
11/04/1991,17
11/04/1992,110
11/04/1993,18
11/04/1994,21
11/04/1995,2
11/04/1996,74
11/04/1997,119
11/04/1998,320
11/04/1999,200
11/04/2000,5
11/04/2002,30
11/04/2003,138
11/04/2004,147
11/04/2005,70
11/04/2006,6
11/04/2007,4
11/04/2008,2151
11/04/2009,91
11/04/2010,143
11/04/2011,124
11/04/2012,43
11/04/2013,134
11/04/2014,623
11/04/2015,158
11/04/2016,54
11/04/2017,21
11/04/2018,46
11/04/2019,124
11/04/2020,1913
11/04/2021,118
11/04/2022,44
11/04/2023,21
11/04/2024,106
11/04/2025,469
11/05/1968,1
11/05/1969,1
11/05/1972,1
11/05/1973,1
11/05/1974,2
11/05/1975,3
11/05/1976,1
11/05/1977,1
11/05/1978,1
11/05/1979,2
11/05/1980,21
11/05/1981,3
11/05/1982,7
11/05/1983,3
11/05/1985,5
11/05/1986,87
11/05/1987,13
11/05/1989,2
11/05/1990,2
11/05/1991,26
11/05/1992,10
11/05/1993,18
11/05/1994,2
11/05/1995,3
11/05/1996,1223
11/05/1997,105
11/05/1998,171
11/05/1999,165
11/05/2000,5
11/05/2001,35
11/05/2002,848
11/05/2003,62
11/05/2004,114
11/05/2005,8
11/05/2006,4
11/05/2007,65
11/05/2008,606
11/05/2009,101
11/05/2010,109
11/05/2011,7
11/05/2012,193
11/05/2013,95
11/05/2014,517
11/05/2015,152
11/05/2016,27
11/05/2017,7
11/05/2018,197
11/05/2019,376
11/05/2020,465
11/05/2021,229
11/05/2022,22
11/05/2023,8
11/05/2024,2216
11/05/2025,554
11/06/1965,1
11/06/1967,2
11/06/1969,3
11/06/1972,1
11/06/1973,1
11/06/1974,9
11/06/1975,4
11/06/1978,1
11/06/1979,19
11/06/1980,8
11/06/1981,2
11/06/1982,2
11/06/1983,2
11/06/1984,4
11/06/1985,8
11/06/1986,15
11/06/1987,9
11/06/1988,1
11/06/1989,16
11/06/1990,6
11/06/1991,37
11/06/1992,14
11/06/1993,4
11/06/1994,2
11/06/1995,37
11/06/1996,378
11/06/1997,81
11/06/1998,90
11/06/1999,5
11/06/2000,16
11/06/2001,86
11/06/2002,164
11/06/2003,79
11/06/2004,2
11/06/2005,2
11/06/2006,45
11/06/2007,117
11/06/2008,175
11/06/2009,66
11/06/2010,7
11/06/2011,8
11/06/2012,1626
11/06/2013,77
11/06/2014,169
11/06/2015,151
11/06/2016,14
11/06/2017,24
11/06/2018,1389
11/06/2019,660
11/06/2020,429
11/06/2021,5
11/06/2022,7
11/06/2023,48
11/06/2024,2069
11/06/2025,173
11/07/1967,6
11/07/1969,2
11/07/1972,1106
11/07/1973,1
11/07/1974,3
11/07/1975,2
11/07/1977,1
11/07/1978,4
11/07/1979,10
11/07/1980,2
11/07/1982,1
11/07/1983,6
11/07/1984,20
11/07/1985,8
11/07/1986,13
11/07/1987,2
11/07/1988,2
11/07/1989,13
11/07/1990,207
11/07/1991,11
11/07/1992,4
11/07/1993,2
11/07/1994,5
11/07/1995,98
11/07/1996,117
11/07/1997,113
11/07/1998,11
11/07/1999,5
11/07/2000,1115
11/07/2001,68
11/07/2002,137
11/07/2003,67
11/07/2005,48
11/07/2006,1594
11/07/2007,111
11/07/2008,126
11/07/2009,6
11/07/2010,3
11/07/2011,128
11/07/2012,2277
11/07/2013,94
11/07/2014,169
11/07/2015,2
11/07/2016,74
11/07/2017,181
11/07/2018,907
11/07/2019,217
11/07/2020,63
11/07/2021,9
11/07/2022,57
11/07/2023,286
11/07/2024,691
11/07/2025,198
11/08/1966,13
11/08/1971,1
11/08/1972,9
11/08/1976,2
11/08/1977,7
11/08/1978,30
11/08/1979,3
11/08/1980,2
11/08/1982,4
11/08/1983,10
11/08/1984,4
11/08/1985,5
11/08/1986,3
11/08/1988,5
11/08/1989,17
11/08/1990,24
11/08/1991,15
11/08/1993,36
11/08/1994,146
11/08/1995,75
11/08/1996,48
11/08/1997,9
11/08/1998,10
11/08/1999,202
11/08/2000,145
11/08/2001,46
11/08/2002,145
11/08/2003,6
11/08/2004,290
11/08/2005,82
11/08/2006,336
11/08/2007,111
11/08/2008,28
11/08/2009,1
11/08/2010,58
11/08/2011,102
11/08/2012,264
11/08/2013,98
11/08/2014,14
11/08/2015,5
11/08/2016,2144
11/08/2017,317
11/08/2018,374
11/08/2019,223
11/08/2020,16
11/08/2021,280
11/08/2022,485
11/08/2023,604
11/08/2024,676
11/08/2025,18
11/09/1954,1
11/09/1971,1
11/09/1972,13
11/09/1973,3
11/09/1976,2
11/09/1977,3
11/09/1978,3
11/09/1979,6
11/09/1981,5
11/09/1982,5
11/09/1983,35
11/09/1984,6
11/09/1986,1
11/09/1987,14
11/09/1988,111
11/09/1989,18
11/09/1990,37
11/09/1991,7
11/09/1992,18
11/09/1993,41
11/09/1994,503
11/09/1995,72
11/09/1996,13
11/09/1997,15
11/09/1998,61
11/09/1999,77
11/09/2000,57
11/09/2001,48
11/09/2002,11
11/09/2003,7
11/09/2004,254
11/09/2005,49
11/09/2006,108
11/09/2007,100
11/09/2008,3
11/09/2009,130
11/09/2010,131
11/09/2011,108
11/09/2012,198
11/09/2013,3
11/09/2014,8
11/09/2015,186
11/09/2016,618
11/09/2017,173
11/09/2018,247
11/09/2019,8
11/09/2020,212
11/09/2021,144
11/09/2022,976
11/09/2023,281
11/09/2024,156
11/09/2025,13
11/10/1972,1
11/10/1975,2
11/10/1976,3
11/10/1977,3
11/10/1978,5
11/10/1980,2
11/10/1981,8
11/10/1982,7
11/10/1983,12
11/10/1984,3
11/10/1986,15
11/10/1987,16
11/10/1988,10
11/10/1989,7
11/10/1990,6
11/10/1991,2
11/10/1992,8
11/10/1993,20
11/10/1994,63
11/10/1995,17
11/10/1996,9
11/10/1997,30
11/10/1998,120
11/10/1999,47
11/10/2000,5
11/10/2001,3
11/10/2002,3
11/10/2003,49
11/10/2004,284
11/10/2005,87
11/10/2006,31
11/10/2007,5
11/10/2008,65
11/10/2009,84
11/10/2010,135
11/10/2011,146
11/10/2012,11
11/10/2013,2
11/10/2014,207
11/10/2015,104
11/10/2016,418
11/10/2017,12
11/10/2018,12
11/10/2019,12
11/10/2020,138
11/10/2021,144
11/10/2022,373
11/10/2023,29
11/10/2024,79
11/10/2025,189
11/11/1935,1
11/11/1972,1
11/11/1973,2
11/11/1974,4
11/11/1975,3
11/11/1976,1
11/11/1981,3
11/11/1982,1
11/11/1985,2
11/11/1986,11
11/11/1987,91
11/11/1988,3
11/11/1989,1
11/11/1990,1
11/11/1991,8
11/11/1992,9
11/11/1993,1
11/11/1994,9
11/11/1995,4
11/11/1996,19
11/11/1997,27
11/11/1998,27
11/11/1999,24
11/11/2000,1
11/11/2002,6
11/11/2003,3
11/11/2004,2
11/11/2005,4
11/11/2006,3
11/11/2007,2
11/11/2008,12
11/11/2009,5
11/11/2010,4
11/11/2011,10
11/11/2012,5
11/11/2013,16
11/11/2014,26
11/11/2015,16
11/11/2016,142
11/11/2017,22
11/11/2018,6
11/11/2019,13
11/11/2020,17
11/11/2021,6
11/11/2022,34
11/11/2023,8
11/11/2024,102
11/11/2025,8
11/12/1954,1
11/12/1963,1
11/12/1968,1
11/12/1971,2
11/12/1972,1
11/12/1973,3
11/12/1974,2
11/12/1975,2
11/12/1976,2
11/12/1978,2
11/12/1979,4
11/12/1980,1
11/12/1981,1
11/12/1982,6
11/12/1983,3
11/12/1984,6
11/12/1985,4
11/12/1986,13
11/12/1987,23
11/12/1988,2
11/12/1989,2
11/12/1990,4
11/12/1991,19
11/12/1992,9
11/12/1993,31
11/12/1994,4
11/12/1995,3
11/12/1996,218
11/12/1997,138
11/12/1998,126
11/12/1999,43
11/12/2000,2
11/12/2001,9
11/12/2002,147
11/12/2003,138
11/12/2004,194
11/12/2005,2
11/12/2007,3
11/12/2008,95
11/12/2009,86
11/12/2010,180
11/12/2011,9
11/12/2012,12
11/12/2013,143
11/12/2014,156
11/12/2015,218
11/12/2016,41
11/12/2017,28
11/12/2018,11
11/12/2019,338
11/12/2020,148
11/12/2021,170
11/12/2022,21
11/12/2023,3
11/12/2024,564
11/12/2025,202
11/13/1966,1
11/13/1969,1
11/13/1972,7
11/13/1973,4
11/13/1974,1
11/13/1975,4
11/13/1978,4
11/13/1979,6
11/13/1980,6
11/13/1981,2
11/13/1983,1
11/13/1984,7
11/13/1985,1
11/13/1986,10
11/13/1987,14
11/13/1988,1
11/13/1989,6
11/13/1990,32
11/13/1991,27
11/13/1992,12
11/13/1993,5
11/13/1994,6
11/13/1995,29
11/13/1996,94
11/13/1997,71
11/13/1998,135
11/13/1999,11
11/13/2000,19
11/13/2001,85
11/13/2002,123
11/13/2003,118
11/13/2004,1
11/13/2005,2
11/13/2006,48
11/13/2007,91
11/13/2008,130
11/13/2009,92
11/13/2010,7
11/13/2011,8
11/13/2012,233
11/13/2013,61
11/13/2014,152
11/13/2015,167
11/13/2016,25
11/13/2017,311
11/13/2018,194
11/13/2019,206
11/13/2020,183
11/13/2021,6
11/13/2022,2
11/13/2023,361
11/13/2024,688
11/13/2025,428
11/14/1959,2
11/14/1969,2
11/14/1972,7
11/14/1973,3
11/14/1975,2
11/14/1977,4
11/14/1978,6
11/14/1979,5
11/14/1980,3
11/14/1981,1
11/14/1982,1
11/14/1983,28
11/14/1984,6
11/14/1985,6
11/14/1986,17
11/14/1987,1
11/14/1988,12
11/14/1989,13
11/14/1990,23
11/14/1991,20
11/14/1992,1
11/14/1993,1
11/14/1994,39
11/14/1995,113
11/14/1996,62
11/14/1997,101
11/14/1998,8
11/14/1999,19
11/14/2000,43
11/14/2001,59
11/14/2002,91
11/14/2003,92
11/14/2004,1
11/14/2005,70
11/14/2006,93
11/14/2007,93
11/14/2008,202
11/14/2009,3
11/14/2010,3
11/14/2011,106
11/14/2012,165
11/14/2013,120
11/14/2014,380
11/14/2015,34
11/14/2016,193
11/14/2017,373
11/14/2018,235
11/14/2019,206
11/14/2020,3
11/14/2021,3
11/14/2022,284
11/14/2023,213
11/14/2024,426
11/14/2025,607
11/15/1956,1
11/15/1969,1
11/15/1971,2
11/15/1972,1
11/15/1973,4
11/15/1974,1
11/15/1976,1
11/15/1977,3
11/15/1978,5
11/15/1979,8
11/15/1982,12
11/15/1983,13
11/15/1984,5
11/15/1985,3
11/15/1986,1
11/15/1988,13
11/15/1989,6
11/15/1990,8
11/15/1991,11
11/15/1992,2
11/15/1993,36
11/15/1994,92
11/15/1995,98
11/15/1996,105
11/15/1997,8
11/15/1998,3
11/15/1999,67
11/15/2000,78
11/15/2001,67
11/15/2002,73
11/15/2003,9
11/15/2004,189
11/15/2005,112
11/15/2006,105
11/15/2007,71
11/15/2008,1
11/15/2009,2
11/15/2010,116
11/15/2011,144
11/15/2012,205
11/15/2013,106
11/15/2014,5
11/15/2015,4
11/15/2016,308
11/15/2017,294
11/15/2018,172
11/15/2019,229
11/15/2020,11
11/15/2021,331
11/15/2022,210
11/15/2023,220
11/15/2024,495
11/15/2025,8
11/16/1970,1
11/16/1971,1
11/16/1972,2
11/16/1973,2
11/16/1976,2
11/16/1977,2
11/16/1978,8
11/16/1979,6
11/16/1980,1
11/16/1981,4
11/16/1982,4
11/16/1983,6
11/16/1984,2
11/16/1986,1
11/16/1987,34
11/16/1988,13
11/16/1989,7
11/16/1990,18
11/16/1991,5
11/16/1992,21
11/16/1993,34
11/16/1994,59
11/16/1995,78
11/16/1996,11
11/16/1997,7
11/16/1998,40
11/16/1999,86
11/16/2000,42
11/16/2001,61
11/16/2002,1
11/16/2003,7
11/16/2004,167
11/16/2005,86
11/16/2006,137
11/16/2007,64
11/16/2008,1
11/16/2009,130
11/16/2010,249
11/16/2011,123
11/16/2012,440
11/16/2013,4
11/16/2014,2
11/16/2015,254
11/16/2016,152
11/16/2017,309
11/16/2018,325
11/16/2019,8
11/16/2020,273
11/16/2021,671
11/16/2022,85
11/16/2023,410
11/16/2024,18
11/16/2025,7
11/17/1969,1
11/17/1970,1
11/17/1971,1
11/17/1973,1
11/17/1975,2
11/17/1976,1
11/17/1977,1
11/17/1978,6
11/17/1979,1
11/17/1980,2
11/17/1981,1
11/17/1982,6
11/17/1983,8
11/17/1986,13
11/17/1987,34
11/17/1988,7
11/17/1989,9
11/17/1990,2
11/17/1991,4
11/17/1992,11
11/17/1993,29
11/17/1994,87
11/17/1995,78
11/17/1996,4
11/17/1997,44
11/17/1998,103
11/17/1999,45
11/17/2000,29
11/17/2001,3
11/17/2003,40
11/17/2004,188
11/17/2005,69
11/17/2006,155
11/17/2007,1
11/17/2008,81
11/17/2009,99
11/17/2010,218
11/17/2011,124
11/17/2012,69
11/17/2014,310
11/17/2015,112
11/17/2016,217
11/17/2017,324
11/17/2018,6
11/17/2019,9
11/17/2020,247
11/17/2021,692
11/17/2022,218
11/17/2023,332
11/17/2024,28
11/17/2025,895
11/18/1963,1
11/18/1969,4
11/18/1970,1
11/18/1971,1
11/18/1975,1
11/18/1976,2
11/18/1977,2
11/18/1980,6
11/18/1981,2
11/18/1982,6
11/18/1983,13
11/18/1984,1
11/18/1985,11
11/18/1986,21
11/18/1987,17
11/18/1988,10
11/18/1989,5
11/18/1990,1
11/18/1991,17
11/18/1992,12
11/18/1993,20
11/18/1994,102
11/18/1995,31
11/18/1996,47
11/18/1997,126
11/18/1998,75
11/18/1999,52
11/18/2000,4
11/18/2001,5
11/18/2002,102
11/18/2003,80
11/18/2004,170
11/18/2005,89
11/18/2006,3
11/18/2007,1
11/18/2008,165
11/18/2009,75
11/18/2010,165
11/18/2011,175
11/18/2012,7
11/18/2013,143
11/18/2014,246
11/18/2015,117
11/18/2016,264
11/18/2017,33
11/18/2018,3
11/18/2019,385
11/18/2020,237
11/18/2021,577
11/18/2022,170
11/18/2023,12
11/18/2024,795
11/18/2025,988
11/19/1962,1
11/19/1965,2
11/19/1969,1
11/19/1970,1
11/19/1974,1
11/19/1975,3
11/19/1976,3
11/19/1978,1
11/19/1979,9
11/19/1980,5
11/19/1981,3
11/19/1982,4
11/19/1983,1
11/19/1984,6
11/19/1985,2
11/19/1986,9
11/19/1987,10
11/19/1989,2
11/19/1990,28
11/19/1991,18
11/19/1992,20
11/19/1993,16
11/19/1994,6
11/19/1995,5
11/19/1996,48
11/19/1997,75
11/19/1998,108
11/19/1999,84
11/19/2000,2
11/19/2001,42
11/19/2002,88
11/19/2003,47
11/19/2004,589
11/19/2005,3
11/19/2006,4
11/19/2007,115
11/19/2008,178
11/19/2009,124
11/19/2010,212
11/19/2011,5
11/19/2012,204
11/19/2013,104
11/19/2014,342
11/19/2015,206
11/19/2016,13
11/19/2017,11
11/19/2018,349
11/19/2019,571
11/19/2020,495
11/19/2021,566
11/19/2022,4
11/19/2023,5
11/19/2024,706
11/19/2025,1083
11/20/1900,1
11/20/1967,2
11/20/1972,5
11/20/1973,5
11/20/1975,3
11/20/1978,2
11/20/1979,7
11/20/1980,2
11/20/1981,3
11/20/1982,2
11/20/1983,3
11/20/1984,4
11/20/1985,4
11/20/1986,18
11/20/1987,5
11/20/1988,1
11/20/1989,13
11/20/1990,27
11/20/1991,24
11/20/1992,12
11/20/1993,3
11/20/1994,3
11/20/1995,42
11/20/1996,28
11/20/1997,193
11/20/1998,113
11/20/1999,10
11/20/2000,81
11/20/2001,92
11/20/2002,104
11/20/2003,89
11/20/2004,6
11/20/2005,1
11/20/2006,98
11/20/2007,85
11/20/2008,147
11/20/2009,126
11/20/2010,3
11/20/2011,3
11/20/2012,176
11/20/2013,96
11/20/2014,289
11/20/2015,180
11/20/2016,1
11/20/2017,402
11/20/2018,390
11/20/2019,538
11/20/2020,452
11/20/2021,123
11/20/2022,8
11/20/2023,511
11/20/2024,1110
11/20/2025,961
11/21/1963,1
11/21/1966,1
11/21/1972,6
11/21/1974,2
11/21/1975,3
11/21/1977,3
11/21/1978,3
11/21/1979,7
11/21/1980,2
11/21/1983,7
11/21/1984,4
11/21/1985,5
11/21/1986,11
11/21/1987,3
11/21/1988,11
11/21/1989,16
11/21/1990,23
11/21/1991,21
11/21/1992,3
11/21/1994,30
11/21/1995,114
11/21/1996,48
11/21/1997,91
11/21/1998,11
11/21/1999,7
11/21/2000,65
11/21/2001,63
11/21/2002,131
11/21/2003,67
11/21/2004,2
11/21/2005,46
11/21/2006,76
11/21/2007,62
11/21/2008,134
11/21/2009,3
11/21/2010,2
11/21/2011,85
11/21/2012,244
11/21/2013,89
11/21/2014,237
11/21/2015,1
11/21/2016,430
11/21/2017,462
11/21/2018,247
11/21/2019,615
11/21/2020,2
11/21/2021,2
11/21/2022,330
11/21/2023,588
11/21/2024,1804
11/21/2025,700
11/22/0240,1
11/22/1966,1
11/22/1971,1
11/22/1972,3
11/22/1974,1
11/22/1976,1
11/22/1978,4
11/22/1982,4
11/22/1983,9
11/22/1985,6
11/22/1987,1
11/22/1988,8
11/22/1989,10
11/22/1991,25
11/22/1992,2
11/22/1993,27
11/22/1994,66
11/22/1995,91
11/22/1996,41
11/22/1997,19
11/22/1998,6
11/22/1999,81
11/22/2000,49
11/22/2001,2
11/22/2002,75
11/22/2003,3
11/22/2004,172
11/22/2005,69
11/22/2006,75
11/22/2008,3
11/22/2009,2
11/22/2010,74
11/22/2011,141
11/22/2012,3
11/22/2013,164
11/22/2015,2
11/22/2016,453
11/22/2017,171
11/22/2018,3
11/22/2019,590
11/22/2020,1
11/22/2021,553
11/22/2022,489
11/22/2023,450
11/22/2024,1956
11/22/2025,3
11/23/1970,1
11/23/1971,1
11/23/1976,1
11/23/1977,3
11/23/1982,8
11/23/1983,3
11/23/1984,1
11/23/1985,3
11/23/1987,18
11/23/1988,13
11/23/1990,3
11/23/1991,7
11/23/1992,6
11/23/1993,17
11/23/1994,78
11/23/1995,2
11/23/1996,5
11/23/1997,12
11/23/1998,50
11/23/1999,96
11/23/2000,5
11/23/2001,3
11/23/2002,3
11/23/2003,4
11/23/2004,288
11/23/2005,52
11/23/2006,1
11/23/2007,3
11/23/2008,3
11/23/2009,128
11/23/2010,95
11/23/2011,127
11/23/2012,3
11/23/2013,1
11/23/2014,3
11/23/2015,278
11/23/2016,442
11/23/2017,2
11/23/2018,3
11/23/2019,4
11/23/2020,521
11/23/2021,362
11/23/2022,488
11/23/2023,21
11/23/2025,7
11/24/1956,1
11/24/1971,1
11/24/1975,3
11/24/1978,3
11/24/1980,1
11/24/1981,3
11/24/1982,2
11/24/1986,14
11/24/1987,13
11/24/1989,5
11/24/1991,3
11/24/1992,30
11/24/1993,28
11/24/1994,2
11/24/1995,2
11/24/1996,5
11/24/1997,46
11/24/1998,106
11/24/1999,53
11/24/2000,1
11/24/2001,5
11/24/2002,2
11/24/2003,82
11/24/2004,243
11/24/2005,1
11/24/2006,5
11/24/2007,2
11/24/2008,92
11/24/2009,97
11/24/2010,78
11/24/2011,11
11/24/2012,1
11/24/2013,1
11/24/2014,298
11/24/2015,141
11/24/2017,3
11/24/2018,4
11/24/2019,9
11/24/2020,439
11/24/2021,280
11/24/2022,3
11/24/2023,4
11/24/2024,2
11/24/2025,852
11/25/0205,1
11/25/1960,3
11/25/1966,1
11/25/1974,1
11/25/1977,1
11/25/1980,2
11/25/1981,4
11/25/1983,2
11/25/1984,1
11/25/1985,4
11/25/1986,12
11/25/1987,14
11/25/1988,3
11/25/1989,1
11/25/1990,1
11/25/1991,22
11/25/1992,7
11/25/1993,1
11/25/1994,3
11/25/1995,4
11/25/1996,28
11/25/1997,106
11/25/1998,136
11/25/1999,5
11/25/2000,1
11/25/2002,114
11/25/2003,84
11/25/2004,1
11/25/2005,2
11/25/2007,2
11/25/2008,95
11/25/2009,70
11/25/2011,5
11/25/2012,4
11/25/2013,119
11/25/2014,292
11/25/2015,210
11/25/2016,1
11/25/2017,3
11/25/2018,5
11/25/2019,837
11/25/2020,334
11/25/2021,5
11/25/2022,4
11/25/2023,6
11/25/2024,2119
11/25/2025,662
11/26/1973,1
11/26/1975,3
11/26/1979,11
11/26/1980,3
11/26/1982,2
11/26/1983,1
11/26/1984,8
11/26/1985,5
11/26/1986,4
11/26/1987,2
11/26/1988,2
11/26/1989,1
11/26/1990,26
11/26/1991,18
11/26/1994,5
11/26/1995,2
11/26/1996,56
11/26/1997,94
11/26/1998,7
11/26/1999,7
11/26/2001,38
11/26/2002,130
11/26/2003,61
11/26/2004,1
11/26/2005,14
11/26/2006,5
11/26/2007,59
11/26/2008,83
11/26/2009,1
11/26/2010,2
11/26/2011,4
11/26/2012,224
11/26/2013,82
11/26/2014,211
11/26/2015,3
11/26/2017,4
11/26/2018,390
11/26/2019,391
11/26/2020,6
11/26/2021,165
11/26/2022,3
11/26/2023,7
11/26/2024,1295
11/26/2025,362
11/27/1970,1
11/27/1972,3
11/27/1973,5
11/27/1978,4
11/27/1979,12
11/27/1984,5
11/27/1985,1
11/27/1989,12
11/27/1990,19
11/27/1991,17
11/27/1993,2
11/27/1994,4
11/27/1995,58
11/27/1996,58
11/27/1997,2
11/27/1998,10
11/27/1999,3
11/27/2000,45
11/27/2001,82
11/27/2002,140
11/27/2003,2
11/27/2004,2
11/27/2005,1
11/27/2006,49
11/27/2007,67
11/27/2008,1
11/27/2009,3
11/27/2010,5
11/27/2011,4
11/27/2012,291
11/27/2013,84
11/27/2014,1
11/27/2015,3
11/27/2016,1
11/27/2017,301
11/27/2018,314
11/27/2019,480
11/27/2020,2
11/27/2021,2
11/27/2022,1
11/27/2023,614
11/27/2024,1019
11/27/2025,7
11/28/1967,1
11/28/1972,3
11/28/1973,3
11/28/1975,3
11/28/1977,3
11/28/1978,4
11/28/1979,4
11/28/1980,1
11/28/1982,1
11/28/1983,5
11/28/1984,6
11/28/1988,13
11/28/1989,11
11/28/1990,17
11/28/1991,3
11/28/1992,3
11/28/1993,2
11/28/1994,62
11/28/1995,129
11/28/1996,4
11/28/1997,13
11/28/1998,7
11/28/1999,3
11/28/2000,122
11/28/2001,57
11/28/2003,4
11/28/2005,40
11/28/2006,65
11/28/2007,81
11/28/2008,1
11/28/2009,2
11/28/2010,3
11/28/2011,189
11/28/2012,269
11/28/2013,2
11/28/2014,1
11/28/2015,2
11/28/2016,472
11/28/2017,288
11/28/2018,256
11/28/2019,7
11/28/2020,26
11/28/2021,105
11/28/2022,655
11/28/2023,735
11/28/2024,3
11/28/2025,9
11/29/1971,1
11/29/1973,1
11/29/1974,4
11/29/1976,4
11/29/1977,2
11/29/1978,2
11/29/1979,7
11/29/1982,12
11/29/1983,6
11/29/1984,6
11/29/1986,1
11/29/1988,8
11/29/1989,6
11/29/1990,15
11/29/1991,3
11/29/1993,27
11/29/1994,57
11/29/1995,90
11/29/1996,2
11/29/1997,15
11/29/1998,2
11/29/1999,32
11/29/2000,59
11/29/2001,51
11/29/2003,6
11/29/2004,213
11/29/2005,89
11/29/2006,60
11/29/2007,138
11/29/2008,2
11/29/2009,1
11/29/2010,90
11/29/2011,131
11/29/2012,235
11/29/2013,5
11/29/2014,1
11/29/2015,5
11/29/2016,579
11/29/2017,142
11/29/2018,290
11/29/2019,15
11/29/2020,2
11/29/2021,422
11/29/2022,827
11/29/2023,868
11/29/2024,7
11/29/2025,4
11/30/1967,1
11/30/1970,1
11/30/1972,2
11/30/1976,1
11/30/1977,1
11/30/1978,2
11/30/1979,13
11/30/1981,5
11/30/1982,5
11/30/1983,5
11/30/1984,3
11/30/1987,26
11/30/1988,11
11/30/1989,10
11/30/1990,27
11/30/1991,3
11/30/1992,48
11/30/1993,20
11/30/1994,88
11/30/1995,77
11/30/1996,4
11/30/1997,13
11/30/1998,43
11/30/1999,56
11/30/2000,67
11/30/2001,53
11/30/2002,1
11/30/2004,133
11/30/2005,114
11/30/2006,58
11/30/2007,119
11/30/2008,3
11/30/2009,111
11/30/2010,131
11/30/2011,104
11/30/2012,243
11/30/2013,1
11/30/2015,197
11/30/2016,449
11/30/2017,212
11/30/2018,252
11/30/2019,7
11/30/2020,568
11/30/2021,416
11/30/2022,1272
11/30/2023,842
11/30/2024,7
11/30/2025,8
12/01/1965,1
12/01/1968,1
12/01/1971,2
12/01/1972,1
12/01/1974,1
12/01/1975,1
12/01/1976,6
12/01/1978,2
12/01/1979,1
12/01/1980,4
12/01/1981,2
12/01/1982,2
12/01/1983,11
12/01/1984,3
12/01/1985,1
12/01/1986,18
12/01/1987,23
12/01/1988,21
12/01/1989,7
12/01/1990,1
12/01/1991,4
12/01/1992,50
12/01/1993,10
12/01/1994,52
12/01/1995,108
12/01/1996,3
12/01/1997,25
12/01/1998,120
12/01/1999,58
12/01/2000,132
12/01/2001,3
12/01/2002,7
12/01/2003,46
12/01/2004,128
12/01/2005,49
12/01/2006,64
12/01/2007,6
12/01/2008,152
12/01/2009,95
12/01/2010,114
12/01/2011,97
12/01/2012,4
12/01/2013,2
12/01/2014,202
12/01/2015,160
12/01/2016,399
12/01/2017,166
12/01/2018,6
12/01/2019,7
12/01/2020,487
12/01/2021,455
12/01/2022,766
12/01/2023,412
12/01/2024,5
12/01/2025,896
12/02/1961,1
12/02/1974,2
12/02/1975,2
12/02/1976,1
12/02/1977,4
12/02/1978,1
12/02/1980,2
12/02/1981,4
12/02/1982,13
12/02/1983,9
12/02/1985,5
12/02/1986,11
12/02/1987,11
12/02/1988,6
12/02/1989,6
12/02/1991,24
12/02/1992,20
12/02/1993,16
12/02/1994,58
12/02/1995,21
12/02/1996,80
12/02/1997,99
12/02/1998,73
12/02/1999,27
12/02/2000,4
12/02/2001,2
12/02/2002,81
12/02/2003,91
12/02/2004,152
12/02/2005,88
12/02/2007,3
12/02/2008,87
12/02/2009,85
12/02/2010,162
12/02/2011,162
12/02/2012,6
12/02/2013,135
12/02/2014,221
12/02/2015,129
12/02/2016,420
12/02/2017,26
12/02/2018,7
12/02/2019,657
12/02/2020,613
12/02/2021,335
12/02/2022,706
12/02/2023,4
12/02/2024,1503
12/02/2025,740
12/03/1902,1
12/03/1959,1
12/03/1971,1
12/03/1973,2
12/03/1975,1
12/03/1976,1
12/03/1977,2
12/03/1979,5
12/03/1980,3
12/03/1981,2
12/03/1982,10
12/03/1983,11
12/03/1984,6
12/03/1985,2
12/03/1986,15
12/03/1987,9
12/03/1990,23
12/03/1991,17
12/03/1992,23
12/03/1993,9
12/03/1994,12
12/03/1995,1
12/03/1996,55
12/03/1997,96
12/03/1998,98
12/03/1999,62
12/03/2000,2
12/03/2001,64
12/03/2002,91
12/03/2003,66
12/03/2004,120
12/03/2005,11
12/03/2007,79
12/03/2008,50
12/03/2009,88
12/03/2010,149
12/03/2011,7
12/03/2012,164
12/03/2013,67
12/03/2014,185
12/03/2015,127
12/03/2016,20
12/03/2017,15
12/03/2018,321
12/03/2019,215
12/03/2020,620
12/03/2021,234
12/03/2022,4
12/03/2023,5
12/03/2024,1528
12/03/2025,498
12/04/1965,1
12/04/1969,2
12/04/1972,4
12/04/1973,3
12/04/1974,2
12/04/1975,1
12/04/1978,3
12/04/1979,8
12/04/1980,3
12/04/1981,3
12/04/1982,1
12/04/1984,5
12/04/1985,5
12/04/1986,8
12/04/1987,4
12/04/1989,14
12/04/1990,35
12/04/1991,10
12/04/1992,24
12/04/1993,1
12/04/1994,7
12/04/1995,41
12/04/1996,44
12/04/1997,52
12/04/1998,108
12/04/1999,6
12/04/2000,214
12/04/2001,46
12/04/2002,66
12/04/2003,66
12/04/2004,4
12/04/2005,4
12/04/2006,96
12/04/2007,82
12/04/2008,65
12/04/2009,96
12/04/2010,4
12/04/2011,6
12/04/2012,116
12/04/2013,105
12/04/2014,151
12/04/2015,174
12/04/2016,2
12/04/2017,183
12/04/2018,270
12/04/2019,161
12/04/2020,419
12/04/2021,3
12/04/2022,1
12/04/2023,752
12/04/2024,1707
12/04/2025,226
12/05/1972,2
12/05/1973,2
12/05/1975,1
12/05/1978,4
12/05/1979,1
12/05/1983,4
12/05/1984,2
12/05/1985,3
12/05/1986,4
12/05/1987,5
12/05/1988,15
12/05/1989,22
12/05/1990,12
12/05/1991,13
12/05/1992,5
12/05/1993,2
12/05/1994,28
12/05/1995,116
12/05/1996,44
12/05/1997,109
12/05/1998,6
12/05/1999,2
12/05/2000,132
12/05/2001,59
12/05/2002,54
12/05/2003,88
12/05/2004,1
12/05/2005,47
12/05/2006,86
12/05/2007,68
12/05/2008,62
12/05/2010,5
12/05/2011,122
12/05/2012,115
12/05/2013,90
12/05/2014,102
12/05/2015,3
12/05/2016,286
12/05/2017,122
12/05/2018,275
12/05/2019,201
12/05/2020,7
12/05/2021,3
12/05/2022,877
12/05/2023,725
12/05/2024,1212
12/05/2025,135
12/06/1965,2
12/06/1971,1
12/06/1972,3
12/06/1973,4
12/06/1974,1
12/06/1976,1
12/06/1977,2
12/06/1978,3
12/06/1979,6
12/06/1981,1
12/06/1982,4
12/06/1983,4
12/06/1984,4
12/06/1985,6
12/06/1986,2
12/06/1988,10
12/06/1989,15
12/06/1990,17
12/06/1991,13
12/06/1992,4
12/06/1993,16
12/06/1994,64
12/06/1995,55
12/06/1996,38
12/06/1997,6
12/06/1998,5
12/06/1999,24
12/06/2000,114
12/06/2001,62
12/06/2002,47
12/06/2003,4
12/06/2004,103
12/06/2005,86
12/06/2006,70
12/06/2007,56
12/06/2008,1
12/06/2009,1
12/06/2010,164
12/06/2011,100
12/06/2012,103
12/06/2013,86
12/06/2014,1
12/06/2015,5
12/06/2016,212
12/06/2017,142
12/06/2018,507
12/06/2019,356
12/06/2020,2
12/06/2021,678
12/06/2022,866
12/06/2023,736
12/06/2024,920
12/06/2025,5
12/07/1971,3
12/07/1972,2
12/07/1973,3
12/07/1978,3
12/07/1979,12
12/07/1982,1
12/07/1983,20
12/07/1984,1
12/07/1986,3
12/07/1987,21
12/07/1988,20
12/07/1989,8
12/07/1990,33
12/07/1991,5
12/07/1992,25
12/07/1993,16
12/07/1994,61
12/07/1995,64
12/07/1996,3
12/07/1997,9
12/07/1998,28
12/07/1999,41
12/07/2000,96
12/07/2001,112
12/07/2002,2
12/07/2003,1
12/07/2004,162
12/07/2005,42
12/07/2006,39
12/07/2007,68
12/07/2008,4
12/07/2009,60
12/07/2010,117
12/07/2011,78
12/07/2012,186
12/07/2013,2
12/07/2015,201
12/07/2016,210
12/07/2017,145
12/07/2018,398
12/07/2019,8
12/07/2020,554
12/07/2021,153
12/07/2022,753
12/07/2023,552
12/07/2024,6
12/07/2025,6
12/08/1967,2
12/08/1969,1
12/08/1971,2
12/08/1976,1
12/08/1977,1
12/08/1978,5
12/08/1979,2
12/08/1980,5
12/08/1981,3
12/08/1982,3
12/08/1983,11
12/08/1986,11
12/08/1987,7
12/08/1988,8
12/08/1989,8
12/08/1990,2
12/08/1991,5
12/08/1992,25
12/08/1993,18
12/08/1994,40
12/08/1995,64
12/08/1996,1
12/08/1997,18
12/08/1998,58
12/08/1999,62
12/08/2000,72
12/08/2001,2
12/08/2002,2
12/08/2003,47
12/08/2004,76
12/08/2005,46
12/08/2006,68
12/08/2007,5
12/08/2008,100
12/08/2009,105
12/08/2010,87
12/08/2011,130
12/08/2012,7
12/08/2013,1
12/08/2014,134
12/08/2015,117
12/08/2016,158
12/08/2017,216
12/08/2018,2
12/08/2019,3
12/08/2020,449
12/08/2021,354
12/08/2022,771
12/08/2023,616
12/08/2024,5
12/08/2025,980
12/09/1969,1
12/09/1974,2
12/09/1975,3
12/09/1977,2
12/09/1980,1
12/09/1982,3
12/09/1983,8
12/09/1985,10
12/09/1986,12
12/09/1987,8
12/09/1988,11
12/09/1989,8
12/09/1990,1
12/09/1991,18
12/09/1992,7
12/09/1993,10
12/09/1994,66
12/09/1995,18
12/09/1996,34
12/09/1997,92
12/09/1998,56
12/09/1999,165
12/09/2001,1
12/09/2002,25
12/09/2003,63
12/09/2004,80
12/09/2005,52
12/09/2006,3
12/09/2007,4
12/09/2008,102
12/09/2009,70
12/09/2010,134
12/09/2011,108
12/09/2012,4
12/09/2013,101
12/09/2014,96
12/09/2015,131
12/09/2016,148
12/09/2017,27
12/09/2018,6
12/09/2019,365
12/09/2020,699
12/09/2021,410
12/09/2022,330
12/09/2023,10
12/09/2024,1214
12/09/2025,291
12/10/1971,1
12/10/1972,1
12/10/1973,2
12/10/1974,2
12/10/1975,8
12/10/1976,2
12/10/1979,5
12/10/1980,7
12/10/1981,6
12/10/1982,3
12/10/1984,5
12/10/1985,4
12/10/1986,5
12/10/1987,17
12/10/1989,4
12/10/1990,31
12/10/1991,19
12/10/1992,10
12/10/1993,11
12/10/1994,4
12/10/1995,5
12/10/1996,63
12/10/1997,65
12/10/1998,61
12/10/1999,118
12/10/2000,2
12/10/2001,21
12/10/2002,55
12/10/2003,36
12/10/2004,69
12/10/2005,2
12/10/2006,3
12/10/2007,53
12/10/2008,82
12/10/2009,84
12/10/2010,142
12/10/2011,6
12/10/2012,154
12/10/2013,68
12/10/2014,112
12/10/2015,122
12/10/2016,21
12/10/2017,3
12/10/2018,358
12/10/2019,152
12/10/2020,467
12/10/2021,183
12/10/2022,3
12/10/2023,9
12/10/2024,1185
12/10/2025,64
12/11/1967,2
12/11/1972,1
12/11/1973,4
12/11/1974,3
12/11/1975,2
12/11/1978,6
12/11/1979,5
12/11/1980,4
12/11/1981,3
12/11/1984,5
12/11/1985,7
12/11/1986,9
12/11/1987,8
12/11/1989,13
12/11/1990,29
12/11/1991,10
12/11/1992,13
12/11/1993,3
12/11/1994,4
12/11/1995,28
12/11/1996,46
12/11/1997,60
12/11/1998,63
12/11/1999,5
12/11/2000,26
12/11/2001,48
12/11/2002,58
12/11/2003,46
12/11/2004,2
12/11/2005,1
12/11/2006,33
12/11/2007,31
12/11/2008,124
12/11/2009,79
12/11/2010,5
12/11/2011,2
12/11/2012,156
12/11/2013,68
12/11/2014,137
12/11/2015,145
12/11/2016,3
12/11/2017,177
12/11/2018,282
12/11/2019,231
12/11/2020,156
12/11/2021,2
12/11/2022,5
12/11/2023,690
12/11/2024,1114
12/11/2025,538
12/11/2026,1
12/12/1969,2
12/12/1974,1
12/12/1975,5
12/12/1978,2
12/12/1979,8
12/12/1980,6
12/12/1981,2
12/12/1983,12
12/12/1984,6
12/12/1985,6
12/12/1986,9
12/12/1987,1
12/12/1988,17
12/12/1989,9
12/12/1990,15
12/12/1991,11
12/12/1992,6
12/12/1993,2
12/12/1994,75
12/12/1995,99
12/12/1996,32
12/12/1997,110
12/12/1998,4
12/12/1999,3
12/12/2000,55
12/12/2001,79
12/12/2002,99
12/12/2003,91
12/12/2004,3
12/12/2005,53
12/12/2006,66
12/12/2007,79
12/12/2008,85
12/12/2009,9
12/12/2010,7
12/12/2011,100
12/12/2012,161
12/12/2013,82
12/12/2014,96
12/12/2015,11
12/12/2016,200
12/12/2017,129
12/12/2018,285
12/12/2019,227
12/12/2020,6
12/12/2021,180
12/12/2022,319
12/12/2023,245
12/12/2024,1105
12/12/2025,199
12/13/1963,1
12/13/1973,2
12/13/1974,4
12/13/1976,2
12/13/1977,1
12/13/1978,2
12/13/1979,6
12/13/1980,1
12/13/1982,1
12/13/1983,3
12/13/1984,3
12/13/1985,3
12/13/1988,17
12/13/1989,4
12/13/1990,19
12/13/1991,15
12/13/1993,17
12/13/1994,90
12/13/1995,54
12/13/1996,66
12/13/1997,7
12/13/1999,142
12/13/2000,36
12/13/2001,40
12/13/2002,81
12/13/2003,3
12/13/2004,38
12/13/2005,92
12/13/2006,46
12/13/2007,63
12/13/2009,14
12/13/2010,103
12/13/2011,110
12/13/2012,103
12/13/2013,91
12/13/2014,1
12/13/2015,2
12/13/2016,132
12/13/2017,135
12/13/2018,537
12/13/2019,308
12/13/2020,1
12/13/2021,421
12/13/2022,581
12/13/2023,251
12/13/2024,1123
12/13/2025,5
12/14/1970,1
12/14/1971,1
12/14/1973,1
12/14/1977,3
12/14/1978,5
12/14/1979,6
12/14/1980,1
12/14/1981,5
12/14/1982,2
12/14/1983,4
12/14/1984,4
12/14/1987,10
12/14/1988,15
12/14/1989,6
12/14/1990,51
12/14/1991,5
12/14/1992,25
12/14/1993,9
12/14/1994,79
12/14/1995,78
12/14/1996,2
12/14/1997,8
12/14/1998,47
12/14/1999,135
12/14/2000,56
12/14/2001,40
12/14/2002,1
12/14/2003,5
12/14/2004,59
12/14/2005,114
12/14/2006,43
12/14/2007,64
12/14/2008,2
12/14/2009,105
12/14/2010,100
12/14/2011,99
12/14/2012,107
12/14/2013,3
12/14/2014,3
12/14/2015,212
12/14/2016,176
12/14/2017,197
12/14/2018,453
12/14/2019,7
12/14/2020,387
12/14/2021,89
12/14/2022,492
12/14/2023,239
12/14/2024,8
12/14/2025,7
12/15/1970,2
12/15/1971,2
12/15/1975,3
12/15/1976,1
12/15/1978,5
12/15/1980,5
12/15/1981,6
12/15/1982,3
12/15/1983,5
12/15/1984,1
12/15/1986,11
12/15/1987,6
12/15/1988,9
12/15/1989,5
12/15/1990,3
12/15/1991,5
12/15/1992,21
12/15/1993,10
12/15/1994,88
12/15/1995,91
12/15/1996,5
12/15/1997,40
12/15/1998,86
12/15/1999,90
12/15/2000,41
12/15/2001,8
12/15/2002,1
12/15/2003,52
12/15/2004,56
12/15/2005,80
12/15/2006,61
12/15/2007,3
12/15/2008,106
12/15/2009,88
12/15/2010,75
12/15/2011,107
12/15/2012,10
12/15/2014,138
12/15/2015,125
12/15/2016,164
12/15/2017,213
12/15/2018,2
12/15/2019,3
12/15/2020,512
12/15/2021,298
12/15/2022,495
12/15/2023,300
12/15/2024,9
12/15/2025,524
12/16/1967,1
12/16/1968,1
12/16/1970,1
12/16/1974,1
12/16/1975,4
12/16/1976,2
12/16/1977,3
12/16/1980,3
12/16/1981,2
12/16/1982,5
12/16/1983,11
12/16/1984,1
12/16/1985,4
12/16/1986,8
12/16/1987,6
12/16/1988,4
12/16/1989,1
12/16/1990,3
12/16/1991,27
12/16/1992,28
12/16/1993,23
12/16/1994,82
12/16/1995,2
12/16/1996,46
12/16/1997,131
12/16/1998,55
12/16/1999,99
12/16/2000,2
12/16/2001,3
12/16/2002,46
12/16/2003,52
12/16/2004,45
12/16/2005,87
12/16/2006,3
12/16/2007,5
12/16/2008,46
12/16/2009,79
12/16/2010,92
12/16/2011,149
12/16/2012,3
12/16/2013,100
12/16/2014,103
12/16/2015,109
12/16/2016,178
12/16/2017,20
12/16/2018,5
12/16/2019,361
12/16/2020,362
12/16/2021,146
12/16/2022,362
12/16/2023,8
12/16/2024,1451
12/16/2025,237
12/17/1970,1
12/17/1971,1
12/17/1973,1
12/17/1974,3
12/17/1975,3
12/17/1979,3
12/17/1981,6
12/17/1982,9
12/17/1984,7
12/17/1986,6
12/17/1987,15
12/17/1988,3
12/17/1989,2
12/17/1990,61
12/17/1991,20
12/17/1992,25
12/17/1993,16
12/17/1994,8
12/17/1995,2
12/17/1996,72
12/17/1997,53
12/17/1998,63
12/17/1999,65
12/17/2000,2
12/17/2001,49
12/17/2002,89
12/17/2003,76
12/17/2004,33
12/17/2005,2
12/17/2006,1
12/17/2007,87
12/17/2008,59
12/17/2009,96
12/17/2010,83
12/17/2011,4
12/17/2012,79
12/17/2013,77
12/17/2014,117
12/17/2015,166
12/17/2016,5
12/17/2017,4
12/17/2018,349
12/17/2019,181
12/17/2020,402
12/17/2021,155
12/17/2022,6
12/17/2023,5
12/17/2024,1262
12/17/2025,95
12/18/1972,1
12/18/1973,2
12/18/1975,1
12/18/1978,6
12/18/1979,6
12/18/1980,4
12/18/1981,6
12/18/1982,2
12/18/1983,1
12/18/1984,6
12/18/1985,5
12/18/1986,4
12/18/1987,6
12/18/1989,4
12/18/1990,56
12/18/1991,15
12/18/1992,9
12/18/1993,4
12/18/1994,9
12/18/1995,36
12/18/1996,56
12/18/1997,84
12/18/1998,58
12/18/1999,2
12/18/2000,34
12/18/2001,67
12/18/2002,83
12/18/2003,59
12/18/2004,2
12/18/2005,3
12/18/2006,42
12/18/2007,59
12/18/2008,58
12/18/2009,98
12/18/2010,3
12/18/2011,1
12/18/2012,125
12/18/2013,80
12/18/2014,150
12/18/2015,128
12/18/2016,3
12/18/2017,234
12/18/2018,248
12/18/2019,259
12/18/2020,564
12/18/2021,172
12/18/2022,6
12/18/2023,390
12/18/2024,894
12/18/2025,233
12/19/1973,2
12/19/1974,3
12/19/1975,2
12/19/1977,6
12/19/1978,1
12/19/1979,7
12/19/1980,5
12/19/1983,8
12/19/1984,6
12/19/1985,4
12/19/1986,9
12/19/1987,1
12/19/1988,14
12/19/1989,9
12/19/1990,36
12/19/1991,16
12/19/1992,3
12/19/1994,115
12/19/1995,103
12/19/1996,45
12/19/1997,60
12/19/1998,5
12/19/1999,3
12/19/2000,46
12/19/2001,52
12/19/2002,76
12/19/2003,66
12/19/2004,1
12/19/2005,38
12/19/2006,47
12/19/2007,90
12/19/2008,94
12/19/2009,2
12/19/2010,5
12/19/2011,70
12/19/2012,84
12/19/2013,81
12/19/2014,118
12/19/2015,33
12/19/2016,179
12/19/2017,85
12/19/2018,209
12/19/2019,248
12/19/2020,3
12/19/2021,35
12/19/2022,331
12/19/2023,247
12/19/2024,1140
12/19/2025,475
12/20/1971,3
12/20/1973,3
12/20/1974,1
12/20/1976,1
12/20/1977,2
12/20/1978,3
12/20/1979,11
12/20/1980,2
12/20/1981,1
12/20/1982,4
12/20/1983,6
12/20/1984,4
12/20/1985,3
12/20/1986,3
12/20/1988,26
12/20/1989,6
12/20/1990,5
12/20/1991,18
12/20/1992,3
12/20/1993,20
12/20/1994,105
12/20/1995,75
12/20/1996,56
12/20/1997,9
12/20/1998,4
12/20/1999,45
12/20/2000,48
12/20/2001,41
12/20/2002,43
12/20/2003,1
12/20/2004,106
12/20/2005,64
12/20/2006,60
12/20/2007,97
12/20/2008,4
12/20/2009,4
12/20/2010,96
12/20/2011,103
12/20/2012,125
12/20/2013,98
12/20/2014,1
12/20/2015,8
12/20/2016,193
12/20/2017,131
12/20/2018,410
12/20/2019,255
12/20/2020,2
12/20/2021,197
12/20/2022,198
12/20/2023,368
12/20/2024,836
12/20/2025,11
12/21/1964,1
12/21/1971,1
12/21/1977,1
12/21/1978,3
12/21/1979,2
12/21/1981,6
12/21/1982,5
12/21/1983,3
12/21/1984,1
12/21/1986,1
12/21/1987,10
12/21/1988,18
12/21/1989,7
12/21/1990,45
12/21/1991,5
12/21/1992,24
12/21/1993,19
12/21/1994,73
12/21/1995,66
12/21/1996,1
12/21/1997,4
12/21/1998,30
12/21/1999,90
12/21/2000,29
12/21/2001,55
12/21/2002,1
12/21/2003,1
12/21/2004,68
12/21/2005,64
12/21/2006,39
12/21/2007,74
12/21/2008,3
12/21/2009,105
12/21/2010,97
12/21/2011,103
12/21/2012,167
12/21/2013,3
12/21/2015,203
12/21/2016,86
12/21/2017,136
12/21/2018,257
12/21/2019,13
12/21/2020,448
12/21/2021,106
12/21/2022,215
12/21/2023,204
12/21/2024,8
12/21/2025,6
12/22/0260,1
12/22/1967,1
12/22/1971,1
12/22/1975,2
12/22/1977,2
12/22/1978,2
12/22/1979,1
12/22/1980,2
12/22/1981,1
12/22/1982,5
12/22/1983,2
12/22/1986,8
12/22/1987,10
12/22/1988,8
12/22/1989,4
12/22/1990,3
12/22/1992,16
12/22/1993,25
12/22/1994,84
12/22/1995,55
12/22/1996,3
12/22/1997,33
12/22/1998,42
12/22/1999,119
12/22/2000,14
12/22/2001,2
12/22/2003,42
12/22/2004,60
12/22/2005,59
12/22/2006,55
12/22/2007,6
12/22/2008,181
12/22/2009,77
12/22/2010,78
12/22/2011,100
12/22/2012,5
12/22/2013,1
12/22/2014,119
12/22/2015,179
12/22/2016,119
12/22/2017,154
12/22/2018,2
12/22/2019,6
12/22/2020,557
12/22/2021,157
12/22/2022,149
12/22/2023,215
12/22/2024,7
12/22/2025,589
12/22/2026,1
12/23/1954,1
12/23/1974,1
12/23/1975,1
12/23/1981,2
12/23/1982,7
12/23/1983,7
12/23/1985,4
12/23/1986,14
12/23/1987,11
12/23/1988,10
12/23/1990,2
12/23/1991,17
12/23/1992,14
12/23/1993,15
12/23/1994,15
12/23/1995,5
12/23/1996,16
12/23/1997,93
12/23/1998,56
12/23/1999,54
12/23/2000,1
12/23/2001,1
12/23/2002,33
12/23/2003,65
12/23/2004,48
12/23/2005,45
12/23/2006,1
12/23/2007,2
12/23/2008,114
12/23/2009,70
12/23/2010,88
12/23/2011,81
12/23/2012,3
12/23/2013,155
12/23/2014,80
12/23/2015,110
12/23/2016,94
12/23/2017,1
12/23/2018,1
12/23/2019,380
12/23/2020,480
12/23/2021,115
12/23/2022,101
12/23/2023,3
12/23/2024,929
12/23/2025,262
12/24/1976,2
12/24/1979,2
12/24/1982,1
12/24/1985,1
12/24/1986,1
12/24/1987,2
12/24/1988,1
12/24/1990,2
12/24/1992,2
12/24/1994,8
12/24/1996,15
12/24/1997,36
12/24/1998,15
12/24/1999,2
12/24/2000,1
12/24/2001,1
12/24/2002,35
12/24/2003,32
12/24/2004,1
12/24/2005,1
12/24/2006,1
12/24/2007,5
12/24/2008,28
12/24/2009,23
12/24/2010,3
12/24/2011,4
12/24/2012,1
12/24/2013,27
12/24/2014,37
12/24/2015,29
12/24/2018,110
12/24/2019,64
12/24/2020,230
12/24/2021,7
12/24/2022,2
12/24/2023,5
12/24/2024,121
12/24/2025,33
12/25/1991,3
12/25/1993,1
12/25/1994,3
12/25/1996,2
12/25/1998,1
12/25/1999,1
12/25/2000,1
12/25/2004,1
12/25/2005,2
12/25/2009,1
12/25/2010,2
12/25/2011,2
12/25/2012,1
12/25/2015,1
12/25/2017,1
12/25/2018,2
12/25/2019,5
12/25/2020,5
12/25/2021,1
12/25/2023,7
12/25/2025,9
12/26/1973,1
12/26/1975,1
12/26/1978,6
12/26/1979,5
12/26/1981,2
12/26/1982,1
12/26/1984,5
12/26/1985,5
12/26/1986,7
12/26/1987,3
12/26/1988,1
12/26/1989,14
12/26/1990,48
12/26/1991,9
12/26/1992,7
12/26/1993,1
12/26/1994,10
12/26/1995,68
12/26/1996,58
12/26/1997,11
12/26/1998,3
12/26/1999,3
12/26/2000,45
12/26/2001,60
12/26/2002,27
12/26/2003,4
12/26/2005,7
12/26/2006,44
12/26/2007,100
12/26/2008,2
12/26/2009,3
12/26/2010,4
12/26/2011,5
12/26/2012,203
12/26/2013,82
12/26/2014,15
12/26/2015,2
12/26/2016,1
12/26/2017,159
12/26/2018,186
12/26/2019,236
12/26/2021,68
12/26/2022,1
12/26/2023,301
12/26/2024,530
12/26/2025,200
12/27/1972,1
12/27/1974,2
12/27/1976,2
12/27/1977,1
12/27/1978,1
12/27/1979,6
12/27/1982,4
12/27/1983,5
12/27/1984,4
12/27/1985,4
12/27/1986,3
12/27/1988,33
12/27/1989,6
12/27/1990,18
12/27/1991,17
12/27/1992,4
12/27/1993,18
12/27/1994,110
12/27/1995,95
12/27/1996,105
12/27/1997,5
12/27/1998,2
12/27/1999,31
12/27/2000,27
12/27/2001,69
12/27/2002,40
12/27/2003,3
12/27/2004,31
12/27/2005,78
12/27/2006,36
12/27/2007,46
12/27/2009,1
12/27/2010,55
12/27/2011,171
12/27/2012,116
12/27/2013,66
12/27/2015,3
12/27/2016,181
12/27/2017,88
12/27/2018,225
12/27/2019,221
12/27/2020,8
12/27/2021,249
12/27/2022,172
12/27/2023,332
12/27/2024,436
12/27/2025,6
12/28/1959,1
12/28/1968,1
12/28/1971,3
12/28/1973,3
12/28/1976,1
12/28/1977,3
12/28/1978,6
12/28/1979,9
12/28/1981,3
12/28/1982,4
12/28/1983,4
12/28/1984,6
12/28/1986,3
12/28/1987,19
12/28/1988,37
12/28/1989,9
12/28/1990,30
12/28/1991,8
12/28/1992,44
12/28/1993,7
12/28/1994,96
12/28/1995,103
12/28/1996,5
12/28/1997,7
12/28/1998,33
12/28/1999,71
12/28/2000,37
12/28/2001,49
12/28/2004,73
12/28/2005,62
12/28/2006,37
12/28/2007,77
12/28/2009,70
12/28/2010,117
12/28/2011,118
12/28/2012,119
12/28/2014,3
12/28/2015,159
12/28/2016,132
12/28/2017,136
12/28/2018,255
12/28/2019,10
12/28/2020,433
12/28/2021,112
12/28/2022,194
12/28/2023,248
12/28/2024,9
12/28/2025,11
12/29/1967,1
12/29/1969,1
12/29/1971,3
12/29/1975,3
12/29/1976,2
12/29/1977,6
12/29/1978,2
12/29/1980,2
12/29/1981,6
12/29/1982,21
12/29/1983,12
12/29/1984,1
12/29/1986,16
12/29/1987,26
12/29/1988,24
12/29/1989,13
12/29/1990,12
12/29/1992,15
12/29/1993,13
12/29/1994,98
12/29/1995,92
12/29/1996,3
12/29/1997,30
12/29/1998,93
12/29/1999,75
12/29/2000,56
12/29/2001,2
12/29/2003,29
12/29/2004,48
12/29/2005,51
12/29/2006,45
12/29/2007,4
12/29/2008,97
12/29/2009,86
12/29/2010,118
12/29/2011,146
12/29/2012,9
12/29/2014,135
12/29/2015,134
12/29/2016,128
12/29/2017,141
12/29/2018,5
12/29/2019,12
12/29/2020,319
12/29/2021,155
12/29/2022,280
12/29/2023,190
12/29/2024,19
12/29/2025,467
12/30/1974,1
12/30/1975,1
12/30/1976,1
12/30/1977,3
12/30/1980,1
12/30/1981,4
12/30/1982,7
12/30/1983,7
12/30/1985,7
12/30/1986,11
12/30/1987,15
12/30/1988,22
12/30/1989,4
12/30/1990,5
12/30/1991,23
12/30/1992,12
12/30/1993,20
12/30/1994,118
12/30/1995,3
12/30/1996,21
12/30/1997,118
12/30/1998,84
12/30/1999,34
12/30/2000,2
12/30/2002,35
12/30/2003,58
12/30/2004,65
12/30/2005,90
12/30/2006,2
12/30/2007,6
12/30/2008,72
12/30/2009,86
12/30/2010,107
12/30/2011,158
12/30/2012,6
12/30/2013,123
12/30/2014,74
12/30/2015,147
12/30/2016,133
12/30/2018,8
12/30/2019,356
12/30/2020,382
12/30/2021,124
12/30/2022,226
12/30/2023,6
12/30/2024,643
12/30/2025,178
12/31/1969,1
12/31/1970,1
12/31/1974,1
12/31/1975,6
12/31/1976,1
12/31/1978,1
12/31/1979,1
12/31/1980,3
12/31/1981,1
12/31/1982,3
12/31/1983,2
12/31/1984,4
12/31/1985,3
12/31/1986,8
12/31/1987,25
12/31/1988,7
12/31/1989,1
12/31/1990,47
12/31/1991,31
12/31/1992,14
12/31/1993,5
12/31/1994,21
12/31/1995,3
12/31/1996,64
12/31/1997,117
12/31/1998,68
12/31/1999,6
12/31/2001,31
12/31/2002,58
12/31/2003,70
12/31/2004,11
12/31/2005,4
12/31/2006,1
12/31/2007,69
12/31/2008,65
12/31/2009,65
12/31/2010,12
12/31/2011,10
12/31/2012,77
12/31/2013,93
12/31/2014,80
12/31/2015,185
12/31/2016,9
12/31/2017,2
12/31/2018,292
12/31/2019,137
12/31/2020,382
12/31/2021,11
12/31/2022,4
12/31/2023,4
12/31/2024,328
12/31/2025,82
12/31/2026,1
