RegisterDate,Count
20-08-09,1
24-07-16,1
26-02-10,1
200-07-22,1
202-06-06,1
202-09-09,1
205-11-25,1
210-02-12,1
220-09-20,1
222-09-12,1
230-09-22,1
240-09-12,1
240-11-22,1
260-12-22,1
525-07-07,1
1202-10-13,1
1800-01-01,9
1801-01-01,7
1900-06-20,1
1900-07-10,1
1900-07-11,1
1900-08-01,2
1900-08-15,1
1900-08-22,1
1900-08-31,1
1900-10-13,1
1900-11-20,1
1901-01-01,188
1902-09-11,1
1902-12-03,1
1903-01-01,1
1907-11-01,1
1908-08-05,1
1933-02-12,1
1935-11-11,1
1941-08-19,1
1944-09-15,1
1944-10-22,1
1944-10-27,1
1946-01-28,1
1946-05-03,1
1946-10-08,1
1948-07-08,1
1948-07-23,1
1949-09-16,1
1950-07-17,1
1950-10-25,1
1952-03-20,1
1952-08-06,1
1952-09-11,1
1952-09-13,1
1952-10-14,1
1952-10-16,1
1952-10-22,1
1952-10-23,1
1953-05-02,1
1953-08-27,1
1954-03-25,1
1954-05-15,1
1954-05-21,1
1954-06-12,1
1954-07-10,1
1954-07-13,1
1954-07-15,1
1954-07-22,1
1954-07-23,1
1954-09-07,1
1954-09-09,1
1954-10-09,2
1954-10-11,1
1954-10-13,1
1954-10-22,2
1954-11-09,1
1954-11-12,1
1954-12-23,1
1955-01-01,1
1955-02-25,1
1955-03-05,1
1955-03-17,1
1955-03-22,1
1955-03-25,1
1955-07-06,1
1956-01-04,1
1956-01-19,1
1956-02-04,1
1956-02-23,1
1956-02-29,1
1956-03-02,1
1956-03-08,1
1956-03-16,1
1956-03-21,1
1956-03-22,1
1956-03-23,1
1956-03-31,1
1956-04-03,1
1956-04-04,1
1956-04-13,1
1956-04-19,1
1956-05-26,1
1956-06-09,1
1956-06-13,1
1956-06-16,1
1956-06-21,2
1956-06-26,1
1956-07-05,1
1956-07-10,1
1956-07-12,1
1956-07-13,1
1956-07-14,1
1956-07-15,1
1956-07-16,1
1956-07-17,7
1956-07-19,1
1956-07-23,1
1956-07-24,1
1956-07-25,2
1956-07-27,4
1956-08-17,1
1956-08-27,1
1956-08-30,1
1956-08-31,1
1956-09-11,1
1956-09-12,1
1956-09-14,3
1956-09-15,1
1956-09-21,1
1956-09-29,1
1956-10-02,1
1956-10-08,1
1956-10-09,1
1956-10-10,1
1956-10-11,3
1956-10-15,3
1956-10-24,1
1956-10-26,1
1956-11-15,1
1956-11-24,1
1957-03-04,1
1957-03-08,1
1957-04-09,1
1957-08-29,1
1958-03-15,1
1958-03-19,1
1958-03-31,1
1958-04-11,1
1958-04-16,1
1958-05-27,1
1958-06-09,1
1958-06-16,1
1958-06-23,1
1958-07-08,1
1958-07-14,3
1958-07-15,2
1958-07-25,4
1958-08-16,1
1958-08-21,1
1958-09-06,1
1958-09-08,1
1958-09-11,1
1958-09-15,1
1958-09-17,1
1958-09-18,1
1958-09-29,1
1958-10-03,2
1958-10-04,2
1958-10-06,2
1958-10-07,1
1958-10-09,2
1958-10-10,5
1958-10-11,1
1958-10-13,2
1958-10-14,5
1958-10-16,1
1958-10-17,1
1958-10-20,1
1958-10-21,2
1958-10-22,3
1958-10-23,4
1958-10-24,5
1958-10-25,1
1959-01-13,1
1959-01-20,2
1959-02-04,1
1959-02-19,1
1959-02-27,2
1959-02-28,1
1959-03-03,1
1959-03-06,1
1959-03-08,1
1959-03-10,1
1959-03-14,1
1959-03-20,1
1959-03-27,1
1959-08-29,1
1959-09-25,1
1959-10-28,1
1959-11-01,1
1959-11-14,2
1959-12-03,1
1959-12-28,1
1960-01-01,50
1960-01-22,1
1960-02-03,1
1960-02-05,1
1960-02-09,1
1960-02-17,1
1960-02-29,1
1960-03-01,1
1960-03-09,1
1960-03-11,6
1960-03-18,1
1960-03-19,1
1960-03-21,2
1960-03-22,6
1960-03-23,2
1960-03-24,2
1960-03-25,8
1960-04-01,1
1960-04-04,1
1960-04-22,1
1960-04-23,2
1960-04-28,1
1960-05-03,1
1960-05-11,1
1960-05-12,1
1960-05-14,1
1960-05-16,2
1960-05-23,3
1960-05-28,1
1960-05-31,1
1960-06-01,1
1960-06-02,1
1960-06-07,1
1960-06-09,2
1960-06-10,2
1960-06-11,2
1960-06-13,2
1960-06-15,1
1960-06-29,1
1960-06-30,1
1960-07-06,2
1960-07-07,5
1960-07-08,1
1960-07-09,2
1960-07-11,7
1960-07-12,7
1960-07-13,1
1960-07-14,1
1960-07-15,4
1960-07-16,1
1960-07-18,2
1960-07-20,2
1960-07-21,7
1960-07-22,9
1960-08-03,1
1960-08-04,1
1960-08-06,2
1960-08-08,1
1960-08-11,1
1960-08-13,1
1960-08-17,1
1960-08-22,1
1960-08-23,1
1960-08-29,1
1960-08-31,1
1960-09-13,1
1960-09-15,1
1960-09-16,1
1960-09-17,1
1960-09-19,2
1960-09-21,1
1960-09-22,2
1960-09-23,3
1960-09-24,1
1960-09-26,1
1960-09-27,2
1960-09-28,2
1960-09-30,3
1960-10-01,1
1960-10-03,2
1960-10-04,2
1960-10-05,2
1960-10-06,4
1960-10-07,2
1960-10-08,2
1960-10-10,2
1960-10-11,2
1960-10-12,4
1960-10-13,4
1960-10-14,3
1960-10-15,3
1960-10-17,3
1960-10-18,7
1960-10-19,3
1960-10-22,2
1960-10-24,2
1960-10-25,5
1960-10-26,3
1960-10-27,6
1960-10-28,6
1960-11-25,3
1961-02-28,1
1961-03-22,1
1961-03-23,2
1961-05-01,1
1961-05-31,1
1961-06-05,1
1961-07-03,1
1961-07-22,1
1961-08-14,1
1961-10-09,1
1961-10-27,1
1961-12-02,1
1962-01-10,1
1962-01-12,1
1962-01-26,1
1962-02-06,1
1962-02-23,1
1962-03-09,5
1962-03-12,1
1962-03-13,1
1962-03-23,2
1962-03-27,1
1962-03-29,1
1962-04-27,1
1962-04-30,1
1962-05-04,1
1962-05-29,1
1962-06-02,1
1962-06-15,1
1962-06-16,1
1962-06-18,1
1962-06-19,1
1962-06-20,1
1962-06-27,2
1962-06-28,1
1962-07-02,1
1962-07-06,2
1962-07-07,1
1962-07-11,2
1962-07-12,3
1962-07-13,1
1962-07-16,3
1962-07-17,7
1962-07-18,1
1962-07-24,2
1962-07-26,2
1962-07-27,6
1962-07-30,1
1962-08-13,1
1962-08-28,1
1962-09-19,1
1962-09-24,1
1962-10-02,1
1962-10-04,1
1962-10-05,2
1962-10-06,1
1962-10-08,1
1962-10-10,2
1962-10-11,2
1962-10-12,4
1962-10-13,2
1962-10-15,5
1962-10-16,10
1962-10-18,1
1962-10-19,3
1962-10-21,1
1962-10-22,2
1962-10-23,5
1962-10-24,2
1962-10-25,4
1962-10-26,8
1962-11-19,1
1963-01-02,1
1963-02-01,1
1963-02-02,1
1963-02-08,1
1963-02-11,1
1963-02-12,1
1963-02-18,2
1963-02-19,1
1963-02-20,1
1963-02-23,1
1963-02-25,2
1963-02-28,1
1963-03-01,2
1963-03-02,1
1963-03-06,2
1963-03-07,3
1963-03-08,1
1963-03-09,1
1963-03-12,2
1963-03-14,1
1963-03-15,1
1963-03-18,1
1963-03-19,4
1963-03-21,2
1963-03-22,5
1963-03-25,1
1963-04-05,1
1963-04-19,1
1963-04-29,1
1963-05-03,1
1963-06-07,1
1963-06-21,1
1963-07-16,2
1963-08-06,1
1963-08-21,1
1963-08-27,1
1963-09-11,1
1963-09-20,7
1963-10-09,1
1963-10-25,1
1963-11-12,1
1963-11-18,1
1963-11-21,1
1963-12-13,1
1964-01-06,1
1964-01-20,2
1964-01-21,1
1964-01-25,1
1964-01-27,1
1964-01-29,1
1964-01-31,1
1964-02-03,2
1964-02-06,2
1964-02-07,1
1964-02-10,1
1964-02-11,1
1964-02-13,2
1964-02-17,1
1964-02-21,1
1964-03-03,1
1964-03-04,1
1964-03-10,1
1964-03-12,1
1964-03-13,3
1964-03-14,1
1964-03-16,2
1964-03-17,1
1964-03-20,1
1964-03-23,1
1964-03-24,1
1964-03-25,2
1964-03-26,2
1964-03-27,7
1964-04-03,2
1964-04-08,2
1964-04-16,1
1964-04-25,1
1964-04-27,3
1964-04-30,3
1964-05-01,2
1964-05-02,1
1964-05-04,1
1964-05-07,2
1964-05-13,2
1964-05-15,2
1964-05-16,1
1964-05-19,1
1964-05-20,1
1964-05-23,1
1964-05-27,1
1964-05-29,3
1964-06-01,3
1964-06-02,4
1964-06-03,3
1964-06-08,1
1964-06-09,1
1964-06-10,1
1964-06-11,1
1964-06-12,3
1964-06-13,2
1964-06-18,1
1964-06-20,1
1964-06-22,1
1964-06-23,1
1964-06-24,1
1964-06-25,2
1964-06-26,1
1964-07-02,2
1964-07-03,2
1964-07-06,3
1964-07-07,4
1964-07-08,6
1964-07-09,9
1964-07-10,4
1964-07-11,3
1964-07-13,21
1964-07-14,24
1964-07-15,4
1964-07-17,2
1964-07-18,2
1964-07-20,8
1964-07-21,3
1964-07-22,7
1964-07-23,8
1964-07-24,30
1964-08-05,3
1964-08-06,1
1964-08-07,1
1964-08-20,1
1964-08-26,2
1964-08-27,1
1964-08-29,1
1964-08-31,1
1964-09-02,3
1964-09-03,3
1964-09-05,1
1964-09-09,3
1964-09-10,1
1964-09-11,1
1964-09-12,1
1964-09-14,2
1964-09-15,1
1964-09-16,1
1964-09-18,1
1964-09-19,9
1964-09-21,3
1964-09-22,1
1964-09-23,2
1964-09-24,2
1964-09-25,3
1964-09-26,2
1964-09-29,1
1964-09-30,5
1964-10-01,6
1964-10-02,2
1964-10-03,2
1964-10-04,1
1964-10-05,12
1964-10-06,13
1964-10-07,5
1964-10-08,12
1964-10-09,17
1964-10-10,7
1964-10-12,16
1964-10-13,26
1964-10-14,3
1964-10-15,1
1964-10-16,3
1964-10-19,11
1964-10-20,3
1964-10-21,9
1964-10-22,12
1964-10-23,11
1964-10-24,1
1964-10-30,1
1964-11-03,17
1964-12-21,1
1965-01-01,1
1965-01-14,2
1965-01-27,1
1965-02-16,1
1965-02-23,1
1965-03-01,1
1965-03-08,1
1965-03-09,1
1965-03-11,1
1965-03-12,3
1965-03-22,1
1965-03-25,3
1965-03-26,3
1965-04-01,1
1965-04-16,1
1965-05-13,1
1965-06-11,2
1965-07-06,1
1965-09-07,1
1965-09-15,1
1965-09-16,2
1965-09-27,1
1965-10-01,1
1965-10-07,1
1965-10-22,2
1965-11-02,2
1965-11-06,1
1965-11-19,2
1965-12-01,1
1965-12-04,1
1965-12-06,2
1966-01-03,1
1966-01-04,1
1966-01-06,1
1966-01-07,2
1966-01-12,1
1966-01-17,1
1966-01-19,1
1966-01-21,1
1966-02-02,1
1966-02-04,1
1966-02-05,2
1966-02-07,1
1966-02-08,1
1966-02-17,2
1966-02-28,2
1966-03-11,2
1966-03-12,3
1966-03-15,3
1966-03-21,2
1966-03-22,3
1966-03-23,1
1966-03-24,1
1966-03-25,3
1966-03-30,1
1966-03-31,1
1966-04-01,2
1966-04-07,1
1966-04-16,1
1966-04-18,1
1966-04-21,1
1966-04-23,2
1966-05-02,1
1966-05-03,4
1966-05-06,1
1966-05-11,1
1966-05-12,3
1966-05-13,1
1966-05-16,2
1966-05-19,1
1966-05-20,2
1966-06-01,1
1966-06-02,1
1966-06-03,1
1966-06-06,2
1966-06-07,1
1966-06-08,2
1966-06-10,2
1966-06-15,2
1966-06-16,1
1966-06-18,1
1966-06-20,4
1966-06-21,2
1966-06-22,1
1966-06-23,1
1966-06-24,3
1966-06-27,2
1966-06-29,1
1966-06-30,2
1966-07-01,5
1966-07-02,1
1966-07-05,1
1966-07-06,8
1966-07-07,8
1966-07-08,10
1966-07-11,21
1966-07-12,40
1966-07-13,1
1966-08-02,1
1966-08-05,1
1966-08-09,1
1966-08-10,1
1966-08-16,1
1966-08-18,1
1966-08-21,1
1966-08-25,1
1966-08-26,1
1966-08-29,1
1966-08-30,1
1966-08-31,1
1966-09-02,8
1966-09-03,3
1966-09-06,1
1966-09-08,2
1966-09-09,3
1966-09-10,2
1966-09-12,2
1966-09-16,5
1966-09-17,6
1966-09-20,1
1966-09-21,2
1966-09-22,1
1966-09-23,3
1966-09-26,2
1966-09-28,2
1966-09-30,3
1966-10-01,8
1966-10-03,1
1966-10-04,3
1966-10-05,3
1966-10-06,1
1966-10-07,6
1966-10-08,6
1966-10-10,6
1966-10-11,7
1966-10-12,5
1966-10-13,10
1966-10-14,18
1966-10-15,18
1966-10-17,46
1966-10-18,65
1966-11-08,13
1966-11-13,1
1966-11-21,1
1966-11-22,1
1966-11-25,1
1967-01-03,1
1967-01-05,2
1967-01-06,1
1967-01-09,1
1967-01-12,1
1967-01-16,2
1967-01-17,1
1967-01-19,1
1967-01-23,1
1967-01-27,3
1967-02-02,1
1967-02-03,1
1967-02-07,4
1967-02-08,1
1967-02-09,2
1967-02-10,5
1967-02-11,4
1967-02-16,2
1967-02-17,5
1967-02-20,6
1967-02-21,5
1967-02-22,1
1967-02-24,1
1967-02-27,2
1967-02-28,5
1967-03-01,1
1967-03-04,1
1967-03-06,1
1967-03-08,2
1967-03-10,10
1967-03-11,1
1967-03-13,3
1967-03-14,2
1967-03-15,1
1967-03-16,1
1967-03-21,3
1967-03-22,4
1967-03-23,4
1967-03-24,9
1967-03-27,1
1967-04-03,1
1967-04-05,1
1967-04-13,1
1967-04-18,1
1967-04-20,1
1967-05-02,1
1967-05-08,3
1967-05-16,1
1967-05-24,1
1967-05-26,3
1967-05-27,1
1967-06-02,1
1967-06-07,1
1967-06-16,1
1967-06-19,1
1967-07-03,1
1967-07-05,1
1967-07-06,1
1967-07-10,1
1967-07-11,3
1967-07-17,1
1967-07-18,2
1967-07-24,1
1967-07-29,1
1967-08-08,1
1967-08-18,1
1967-08-22,8
1967-08-26,1
1967-09-06,1
1967-09-07,1
1967-09-12,1
1967-09-21,1
1967-09-22,1
1967-09-26,3
1967-09-27,4
1967-09-28,1
1967-09-29,2
1967-09-30,2
1967-10-03,1
1967-10-05,2
1967-10-06,3
1967-10-07,2
1967-10-09,6
1967-10-10,6
1967-10-11,1
1967-10-12,1
1967-10-13,4
1967-10-18,2
1967-11-03,2
1967-11-06,2
1967-11-07,6
1967-11-20,2
1967-11-28,1
1967-11-30,1
1967-12-08,2
1967-12-11,2
1967-12-16,1
1967-12-22,1
1967-12-29,1
1968-01-09,1
1968-01-10,1
1968-01-11,2
1968-01-12,1
1968-01-13,1
1968-01-14,1
1968-01-15,3
1968-01-17,2
1968-01-18,2
1968-01-22,1
1968-01-30,1
1968-02-01,1
1968-02-02,1
1968-02-05,2
1968-02-06,3
1968-02-07,4
1968-02-08,1
1968-02-09,1
1968-02-12,2
1968-02-13,4
1968-02-16,1
1968-02-19,1
1968-02-20,1
1968-02-21,1
1968-02-22,2
1968-02-23,1
1968-02-26,2
1968-02-28,1
1968-03-02,2
1968-03-05,1
1968-03-06,2
1968-03-07,4
1968-03-08,2
1968-03-09,1
1968-03-11,6
1968-03-12,4
1968-03-15,1
1968-03-18,2
1968-03-19,6
1968-03-20,4
1968-03-21,4
1968-03-22,8
1968-03-25,1
1968-03-27,1
1968-03-28,1
1968-03-30,2
1968-04-01,1
1968-04-03,4
1968-04-06,3
1968-04-08,4
1968-04-09,1
1968-04-10,3
1968-04-11,1
1968-04-13,1
1968-04-15,6
1968-04-16,5
1968-04-18,2
1968-04-22,2
1968-04-23,3
1968-04-24,1
1968-04-25,4
1968-04-26,6
1968-04-29,4
1968-04-30,5
1968-05-02,1
1968-05-03,1
1968-05-06,1
1968-05-08,2
1968-05-10,1
1968-05-14,1
1968-05-16,2
1968-05-17,4
1968-05-18,2
1968-05-20,1
1968-05-21,1
1968-05-22,2
1968-05-24,2
1968-05-28,1
1968-05-29,3
1968-05-31,1
1968-06-03,4
1968-06-04,4
1968-06-05,5
1968-06-06,6
1968-06-07,14
1968-06-08,10
1968-06-10,1
1968-06-11,1
1968-06-12,1
1968-06-13,11
1968-06-14,4
1968-06-15,7
1968-06-17,1
1968-06-18,4
1968-06-19,8
1968-06-20,4
1968-06-21,2
1968-06-22,2
1968-06-24,1
1968-06-25,5
1968-06-26,4
1968-06-27,4
1968-06-28,4
1968-06-29,3
1968-07-01,3
1968-07-02,12
1968-07-03,4
1968-07-05,6
1968-07-06,1
1968-07-08,10
1968-07-09,13
1968-07-10,29
1968-07-11,21
1968-07-12,36
1968-07-13,12
1968-07-14,1
1968-07-15,51
1968-07-16,72
1968-08-07,1
1968-08-08,2
1968-08-09,4
1968-08-12,1
1968-08-13,2
1968-08-14,6
1968-08-15,3
1968-08-19,2
1968-08-20,1
1968-08-22,1
1968-08-23,1
1968-08-24,1
1968-08-26,1
1968-08-27,1
1968-08-28,5
1968-08-29,2
1968-08-30,1
1968-09-03,3
1968-09-04,2
1968-09-05,7
1968-09-06,2
1968-09-10,9
1968-09-11,4
1968-09-12,4
1968-09-13,1
1968-09-14,3
1968-09-16,1
1968-09-17,3
1968-09-18,2
1968-09-19,1
1968-09-20,3
1968-09-21,2
1968-09-23,4
1968-09-24,6
1968-09-25,5
1968-09-26,3
1968-09-27,4
1968-09-28,8
1968-09-30,9
1968-10-01,6
1968-10-02,19
1968-10-03,9
1968-10-04,19
1968-10-05,12
1968-10-07,19
1968-10-08,26
1968-10-09,29
1968-10-10,26
1968-10-11,24
1968-10-12,21
1968-10-13,4
1968-10-14,70
1968-10-15,97
1968-10-16,1
1968-11-05,1
1968-11-12,1
1968-12-01,1
1968-12-16,1
1968-12-28,1
1969-01-01,1
1969-01-04,1
1969-01-11,1
1969-01-21,1
1969-01-25,1
1969-01-29,1
1969-02-03,1
1969-02-05,2
1969-02-06,1
1969-02-07,2
1969-02-08,1
1969-02-10,4
1969-02-11,7
1969-02-18,1
1969-03-06,3
1969-03-07,2
1969-03-10,6
1969-03-11,11
1969-04-03,1
1969-04-14,1
1969-04-29,1
1969-05-01,1
1969-05-07,1
1969-05-08,1
1969-05-14,1
1969-05-19,1
1969-06-05,1
1969-06-10,1
1969-06-12,1
1969-06-13,2
1969-06-23,1
1969-06-24,1
1969-07-01,1
1969-07-07,2
1969-08-09,1
1969-08-15,1
1969-08-20,1
1969-08-25,1
1969-09-05,1
1969-09-09,1
1969-09-22,1
1969-09-23,1
1969-10-04,2
1969-10-07,1
1969-10-10,2
1969-10-11,3
1969-10-22,2
1969-10-24,2
1969-11-05,1
1969-11-06,3
1969-11-07,2
1969-11-13,1
1969-11-14,2
1969-11-15,1
1969-11-17,1
1969-11-18,4
1969-11-19,1
1969-12-04,2
1969-12-08,1
1969-12-09,1
1969-12-12,2
1969-12-29,1
1969-12-31,1
1970-01-01,1
1970-01-06,2
1970-01-12,1
1970-01-13,2
1970-01-15,1
1970-01-16,2
1970-01-19,2
1970-01-23,1
1970-01-26,2
1970-01-27,2
1970-01-28,2
1970-01-29,1
1970-01-30,1
1970-02-05,2
1970-02-09,2
1970-02-10,1
1970-02-11,2
1970-02-13,2
1970-02-16,4
1970-02-17,1
1970-02-20,1
1970-02-24,1
1970-02-25,1
1970-02-26,2
1970-02-28,1
1970-03-03,4
1970-03-04,1
1970-03-05,1
1970-03-06,2
1970-03-10,2
1970-03-11,3
1970-03-12,1
1970-03-13,2
1970-03-16,5
1970-03-17,1
1970-03-23,1
1970-03-26,1
1970-03-30,1
1970-03-31,1
1970-04-03,1
1970-04-06,1
1970-04-08,3
1970-04-14,2
1970-04-15,1
1970-04-16,1
1970-04-17,1
1970-04-20,2
1970-04-21,1
1970-04-23,1
1970-04-25,1
1970-04-28,1
1970-04-29,1
1970-04-30,1
1970-05-04,3
1970-05-05,1
1970-05-07,1
1970-05-08,1
1970-05-09,1
1970-05-13,1
1970-05-18,2
1970-05-20,2
1970-05-21,1
1970-05-25,1
1970-05-26,1
1970-05-28,1
1970-05-30,1
1970-06-01,2
1970-06-04,3
1970-06-05,3
1970-06-06,3
1970-06-09,2
1970-06-10,2
1970-06-11,2
1970-06-12,4
1970-06-13,2
1970-06-15,4
1970-06-16,4
1970-06-18,2
1970-06-19,5
1970-06-20,2
1970-06-21,1
1970-06-22,4
1970-06-23,4
1970-06-24,4
1970-06-25,3
1970-06-26,6
1970-06-27,1
1970-06-29,3
1970-06-30,7
1970-07-01,12
1970-07-02,17
1970-07-03,5
1970-07-04,1
1970-07-06,14
1970-07-07,5
1970-07-08,21
1970-07-09,14
1970-07-10,14
1970-07-11,8
1970-07-13,38
1970-07-14,75
1970-07-16,1
1970-08-03,1
1970-08-04,3
1970-08-05,3
1970-08-06,1
1970-08-08,1
1970-08-10,1
1970-08-12,1
1970-08-14,1
1970-08-21,3
1970-08-24,1
1970-08-27,2
1970-09-01,1
1970-09-02,1
1970-09-03,3
1970-09-04,3
1970-09-05,3
1970-09-08,2
1970-09-10,7
1970-09-11,6
1970-09-12,1
1970-09-14,1
1970-09-16,2
1970-09-17,7
1970-09-18,2
1970-09-19,2
1970-09-21,4
1970-09-22,1
1970-09-23,5
1970-09-24,1
1970-09-25,3
1970-09-26,5
1970-09-28,3
1970-09-29,6
1970-09-30,6
1970-10-01,15
1970-10-02,8
1970-10-03,6
1970-10-05,9
1970-10-06,12
1970-10-07,20
1970-10-08,24
1970-10-09,26
1970-10-10,24
1970-10-11,2
1970-10-12,72
1970-10-13,122
1970-11-04,1
1970-11-16,1
1970-11-17,1
1970-11-18,1
1970-11-19,1
1970-11-23,1
1970-11-27,1
1970-11-30,1
1970-12-14,1
1970-12-15,2
1970-12-16,1
1970-12-17,1
1970-12-31,1
1971-01-03,1
1971-01-04,1
1971-01-05,1
1971-01-07,1
1971-01-08,2
1971-01-10,2
1971-01-12,2
1971-01-15,1
1971-01-18,1
1971-01-21,2
1971-01-22,1
1971-01-24,1
1971-01-25,2
1971-01-26,2
1971-01-27,1
1971-01-28,5
1971-01-29,5
1971-01-30,2
1971-01-31,1
1971-02-01,3
1971-02-02,5
1971-02-04,2
1971-02-05,1
1971-02-08,8
1971-02-09,7
1971-02-10,7
1971-02-11,4
1971-02-12,8
1971-02-15,6
1971-02-16,36
1971-02-21,4
1971-02-22,1
1971-03-09,2
1971-03-10,9
1971-03-11,14
1971-03-12,6
1971-03-13,3
1971-03-15,16
1971-03-16,35
1971-04-07,1
1971-04-09,1
1971-04-12,1
1971-04-14,1
1971-04-19,1
1971-04-20,2
1971-04-22,2
1971-04-23,1
1971-04-26,1
1971-04-29,1
1971-04-30,1
1971-05-10,1
1971-05-11,1
1971-05-19,1
1971-06-04,2
1971-06-07,1
1971-06-08,2
1971-06-14,2
1971-06-17,1
1971-06-25,1
1971-06-29,1
1971-07-09,1
1971-07-12,2
1971-07-16,1
1971-07-19,2
1971-07-20,1
1971-07-22,1
1971-07-23,2
1971-07-26,2
1971-07-27,1
1971-07-29,2
1971-07-30,1
1971-08-03,3
1971-08-05,1
1971-08-06,2
1971-08-09,1
1971-08-10,1
1971-08-11,1
1971-08-19,1
1971-08-20,1
1971-08-24,2
1971-08-26,1
1971-08-27,1
1971-08-30,2
1971-08-31,2
1971-09-01,1
1971-09-02,1
1971-09-04,1
1971-09-07,1
1971-09-08,1
1971-09-14,2
1971-09-15,2
1971-09-21,1
1971-09-23,1
1971-09-24,1
1971-09-26,1
1971-09-28,1
1971-09-30,1
1971-10-05,1
1971-10-06,1
1971-10-07,1
1971-10-09,1
1971-10-12,1
1971-10-13,1
1971-10-15,1
1971-10-18,1
1971-10-20,2
1971-10-22,2
1971-10-26,3
1971-10-29,2
1971-11-03,2
1971-11-08,1
1971-11-09,1
1971-11-12,2
1971-11-15,2
1971-11-16,1
1971-11-17,1
1971-11-18,1
1971-11-22,1
1971-11-23,1
1971-11-24,1
1971-11-29,1
1971-12-01,2
1971-12-03,1
1971-12-06,1
1971-12-07,3
1971-12-08,2
1971-12-10,1
1971-12-14,1
1971-12-15,2
1971-12-17,1
1971-12-20,3
1971-12-21,1
1971-12-22,1
1971-12-28,3
1971-12-29,3
1972-01-01,137
1972-01-03,31
1972-01-04,36
1972-01-05,31
1972-01-06,47
1972-01-07,60
1972-01-08,11
1972-01-09,1
1972-01-10,43
1972-01-11,38
1972-01-12,48
1972-01-13,58
1972-01-14,39
1972-01-15,11
1972-01-17,43
1972-01-18,38
1972-01-19,58
1972-01-20,56
1972-01-21,53
1972-01-22,8
1972-01-23,1
1972-01-24,51
1972-01-25,51
1972-01-26,48
1972-01-27,23
1972-01-28,55
1972-01-29,13
1972-01-30,2
1972-01-31,54
1972-02-01,48
1972-02-02,43
1972-02-03,59
1972-02-04,73
1972-02-05,13
1972-02-07,47
1972-02-08,62
1972-02-09,46
1972-02-10,67
1972-02-11,57
1972-02-12,10
1972-02-13,1
1972-02-14,107
1972-02-15,97
1972-02-16,36
1972-02-17,32
1972-02-18,42
1972-02-19,11
1972-02-21,19
1972-02-22,28
1972-02-23,35
1972-02-24,26
1972-02-25,39
1972-02-26,5
1972-02-27,1
1972-02-28,44
1972-02-29,48
1972-03-01,31
1972-03-02,24
1972-03-03,17
1972-03-04,10
1972-03-06,26
1972-03-07,32
1972-03-08,30
1972-03-09,43
1972-03-10,48
1972-03-11,5
1972-03-13,31
1972-03-14,55
1972-03-15,31
1972-03-16,10
1972-03-17,24
1972-03-18,1
1972-03-20,15
1972-03-21,23
1972-03-22,34
1972-03-23,15
1972-03-24,29
1972-03-25,1
1972-03-26,2
1972-03-27,16
1972-03-28,11
1972-03-29,21
1972-03-30,30
1972-03-31,14
1972-04-01,2
1972-04-03,21
1972-04-04,44
1972-04-05,55
1972-04-06,52
1972-04-07,64
1972-04-08,13
1972-04-10,16
1972-04-11,34
1972-04-12,20
1972-04-13,20
1972-04-14,19
1972-04-15,14
1972-04-16,1
1972-04-17,19
1972-04-18,18
1972-04-19,8
1972-04-20,16
1972-04-21,15
1972-04-22,1
1972-04-24,16
1972-04-25,19
1972-04-26,22
1972-04-27,25
1972-04-28,29
1972-04-29,2
1972-05-01,17
1972-05-02,50
1972-05-03,13
1972-05-04,19
1972-05-05,29
1972-05-06,5
1972-05-07,1
1972-05-08,31
1972-05-09,53
1972-05-10,34
1972-05-11,39
1972-05-12,42
1972-05-13,9
1972-05-15,27
1972-05-16,27
1972-05-17,25
1972-05-18,22
1972-05-19,30
1972-05-20,20
1972-05-22,22
1972-05-23,36
1972-05-24,17
1972-05-25,19
1972-05-26,34
1972-05-27,1
1972-05-30,27
1972-05-31,17
1972-06-01,25
1972-06-02,27
1972-06-03,13
1972-06-04,6
1972-06-05,28
1972-06-06,31
1972-06-07,27
1972-06-08,21
1972-06-09,36
1972-06-10,6
1972-06-11,2
1972-06-12,28
1972-06-13,33
1972-06-14,36
1972-06-15,44
1972-06-16,55
1972-06-17,66
1972-06-19,67
1972-06-20,58
1972-06-21,58
1972-06-22,26
1972-06-23,38
1972-06-24,13
1972-06-26,29
1972-06-27,49
1972-06-28,45
1972-06-29,54
1972-06-30,40
1972-07-01,37
1972-07-02,3
1972-07-03,57
1972-07-04,1
1972-07-05,51
1972-07-06,97
1972-07-07,115
1972-07-08,20
1972-07-09,12
1972-07-10,223
1972-07-11,370
1972-07-12,3
1972-07-13,11
1972-07-14,9
1972-07-15,1
1972-07-17,7
1972-07-18,2
1972-07-19,7
1972-07-20,15
1972-07-21,10
1972-07-25,9
1972-07-26,8
1972-07-27,8
1972-07-28,7
1972-08-01,1287
1972-08-02,18
1972-08-03,5
1972-08-04,10
1972-08-07,9
1972-08-08,20
1972-08-09,13
1972-08-10,13
1972-08-11,6
1972-08-12,1
1972-08-14,18
1972-08-15,21
1972-08-16,9
1972-08-17,20
1972-08-18,11
1972-08-21,21
1972-08-22,34
1972-08-23,16
1972-08-24,15
1972-08-25,11
1972-08-26,1
1972-08-28,12
1972-08-29,13
1972-08-30,9
1972-08-31,4
1972-09-01,13
1972-09-02,1
1972-09-05,6
1972-09-06,7
1972-09-07,7
1972-09-08,6
1972-09-11,4
1972-09-12,7
1972-09-13,16
1972-09-14,13
1972-09-15,13
1972-09-16,8
1972-09-17,1
1972-09-18,8
1972-09-19,11
1972-09-20,13
1972-09-21,13
1972-09-22,9
1972-09-23,6
1972-09-24,1
1972-09-25,12
1972-09-26,16
1972-09-27,10
1972-09-28,30
1972-09-29,24
1972-09-30,11
1972-10-01,1
1972-10-02,28
1972-10-03,27
1972-10-04,29
1972-10-05,32
1972-10-06,57
1972-10-07,29
1972-10-08,3
1972-10-09,43
1972-10-10,66
1972-10-11,69
1972-10-12,96
1972-10-13,121
1972-10-14,57
1972-10-15,7
1972-10-16,224
1972-10-17,308
1972-10-19,1
1972-10-24,1
1972-10-25,1
1972-11-01,47
1972-11-02,3
1972-11-04,1
1972-11-05,1
1972-11-06,1
1972-11-07,1106
1972-11-08,9
1972-11-09,13
1972-11-10,1
1972-11-11,1
1972-11-12,1
1972-11-13,7
1972-11-14,7
1972-11-15,1
1972-11-16,2
1972-11-20,5
1972-11-21,6
1972-11-22,3
1972-11-27,3
1972-11-28,3
1972-11-30,2
1972-12-01,1
1972-12-04,4
1972-12-05,2
1972-12-06,3
1972-12-07,2
1972-12-10,1
1972-12-11,1
1972-12-18,1
1972-12-27,1
1973-01-01,25
1973-01-04,1
1973-01-06,1
1973-01-09,1
1973-01-10,1
1973-01-11,2
1973-01-15,1
1973-01-17,4
1973-01-18,3
1973-01-20,1
1973-01-22,1
1973-01-24,2
1973-01-29,1
1973-01-30,2
1973-02-02,1
1973-02-05,3
1973-02-06,2
1973-02-07,1
1973-02-08,5
1973-02-09,6
1973-02-10,1
1973-02-12,6
1973-02-13,10
1973-02-14,5
1973-02-15,1
1973-02-20,2
1973-02-28,1
1973-03-01,1
1973-03-06,2
1973-03-07,9
1973-03-08,9
1973-03-09,16
1973-03-10,2
1973-03-12,24
1973-03-13,32
1973-03-16,1
1973-04-02,1
1973-04-03,1
1973-04-04,3
1973-04-05,2
1973-04-06,3
1973-04-09,1
1973-04-10,3
1973-04-13,2
1973-04-17,1
1973-04-19,2
1973-04-20,1
1973-04-24,1
1973-04-30,1
1973-05-03,1
1973-05-09,2
1973-05-14,2
1973-05-16,2
1973-05-22,1
1973-05-24,1
1973-05-25,1
1973-05-30,1
1973-05-31,1
1973-06-04,3
1973-06-05,1
1973-06-06,1
1973-06-07,3
1973-06-12,1
1973-06-13,2
1973-06-14,1
1973-06-18,1
1973-06-19,1
1973-06-20,1
1973-06-27,1
1973-06-28,1
1973-06-29,1
1973-07-05,1
1973-07-06,3
1973-07-07,1
1973-07-08,1
1973-07-09,2
1973-07-16,1
1973-07-17,2
1973-07-20,1
1973-07-23,1
1973-07-26,1
1973-07-27,1
1973-08-01,2
1973-08-02,1
1973-08-06,2
1973-08-07,1
1973-08-08,1
1973-08-10,1
1973-08-13,3
1973-08-17,1
1973-08-20,3
1973-08-21,1
1973-08-22,1
1973-08-24,1
1973-08-29,1
1973-08-31,1
1973-09-04,2
1973-09-05,1
1973-09-06,1
1973-09-07,1
1973-09-10,5
1973-09-11,4
1973-09-13,2
1973-09-19,2
1973-09-20,1
1973-09-21,1
1973-09-25,1
1973-09-26,1
1973-10-01,1
1973-10-02,2
1973-10-05,1
1973-10-08,2
1973-10-09,1
1973-10-10,5
1973-10-12,1
1973-10-17,2
1973-10-19,1
1973-10-23,2
1973-10-24,2
1973-10-25,1
1973-10-26,2
1973-10-31,4
1973-11-01,4
1973-11-04,1
1973-11-05,1
1973-11-06,1
1973-11-07,1
1973-11-09,3
1973-11-11,2
1973-11-12,3
1973-11-13,4
1973-11-14,3
1973-11-15,4
1973-11-16,2
1973-11-17,1
1973-11-20,5
1973-11-26,1
1973-11-27,5
1973-11-28,3
1973-11-29,1
1973-12-03,2
1973-12-04,3
1973-12-05,2
1973-12-06,4
1973-12-07,3
1973-12-10,2
1973-12-11,4
1973-12-13,2
1973-12-14,1
1973-12-17,1
1973-12-18,2
1973-12-19,2
1973-12-20,3
1973-12-26,1
1973-12-28,3
1974-01-01,84
1974-01-02,3
1974-01-03,5
1974-01-04,2
1974-01-07,2
1974-01-08,4
1974-01-10,2
1974-01-13,1
1974-01-14,1
1974-01-15,7
1974-01-16,3
1974-01-17,1
1974-01-18,1
1974-01-21,4
1974-01-22,1
1974-01-23,3
1974-01-24,3
1974-01-25,2
1974-01-27,1
1974-01-28,3
1974-01-29,11
1974-01-30,4
1974-01-31,6
1974-02-01,4
1974-02-05,4
1974-02-06,4
1974-02-07,8
1974-02-08,9
1974-02-09,1
1974-02-10,1
1974-02-11,13
1974-02-12,11
1974-02-13,2
1974-02-14,2
1974-02-15,8
1974-02-18,1
1974-02-19,3
1974-02-21,3
1974-02-22,1
1974-02-25,5
1974-02-26,4
1974-02-27,2
1974-02-28,3
1974-03-01,4
1974-03-04,2
1974-03-05,6
1974-03-06,5
1974-03-07,2
1974-03-08,5
1974-03-11,12
1974-03-12,19
1974-03-13,2
1974-03-14,8
1974-03-18,1
1974-03-19,2
1974-03-20,2
1974-03-21,3
1974-03-22,2
1974-03-25,3
1974-03-26,3
1974-03-27,2
1974-03-28,2
1974-03-29,2
1974-03-30,4
1974-04-01,2
1974-04-02,2
1974-04-03,2
1974-04-04,3
1974-04-05,5
1974-04-08,1
1974-04-09,3
1974-04-10,1
1974-04-11,3
1974-04-12,1
1974-04-13,1
1974-04-15,2
1974-04-16,3
1974-04-17,2
1974-04-18,3
1974-04-19,7
1974-04-20,1
1974-04-21,3
1974-04-22,3
1974-04-23,5
1974-04-24,5
1974-04-25,3
1974-04-26,3
1974-04-29,5
1974-04-30,5
1974-05-01,1
1974-05-02,3
1974-05-03,2
1974-05-06,3
1974-05-07,5
1974-05-08,4
1974-05-09,8
1974-05-10,2
1974-05-11,1
1974-05-13,10
1974-05-14,9
1974-05-15,7
1974-05-16,5
1974-05-17,13
1974-05-19,1
1974-05-20,8
1974-05-21,3
1974-05-22,5
1974-05-23,3
1974-05-24,3
1974-05-28,4
1974-05-29,5
1974-05-30,6
1974-05-31,8
1974-06-01,4
1974-06-03,11
1974-06-04,6
1974-06-05,7
1974-06-06,10
1974-06-07,9
1974-06-08,2
1974-06-10,8
1974-06-11,8
1974-06-12,8
1974-06-13,6
1974-06-14,10
1974-06-17,6
1974-06-18,6
1974-06-19,13
1974-06-20,20
1974-06-21,11
1974-06-22,1
1974-06-24,7
1974-06-25,6
1974-06-26,7
1974-06-27,6
1974-06-28,11
1974-06-29,2
1974-06-30,1
1974-07-01,20
1974-07-02,23
1974-07-03,13
1974-07-05,39
1974-07-06,20
1974-07-08,33
1974-07-09,27
1974-07-10,42
1974-07-11,52
1974-07-12,83
1974-07-13,37
1974-07-15,177
1974-07-16,329
1974-07-18,2
1974-07-25,1
1974-08-04,1
1974-08-06,11
1974-08-07,20
1974-08-08,14
1974-08-09,11
1974-08-10,1
1974-08-11,1
1974-08-12,9
1974-08-13,16
1974-08-14,14
1974-08-15,5
1974-08-16,10
1974-08-19,4
1974-08-20,9
1974-08-21,6
1974-08-22,9
1974-08-23,12
1974-08-26,11
1974-08-27,7
1974-08-28,4
1974-08-29,8
1974-08-30,7
1974-08-31,1
1974-09-02,1
1974-09-03,10
1974-09-04,8
1974-09-05,5
1974-09-06,8
1974-09-07,4
1974-09-09,14
1974-09-10,15
1974-09-11,9
1974-09-12,12
1974-09-13,7
1974-09-15,2
1974-09-16,3
1974-09-17,13
1974-09-18,11
1974-09-19,16
1974-09-20,15
1974-09-21,7
1974-09-23,14
1974-09-24,14
1974-09-25,14
1974-09-26,24
1974-09-27,21
1974-09-28,8
1974-09-30,20
1974-10-01,24
1974-10-02,43
1974-10-03,41
1974-10-04,49
1974-10-05,23
1974-10-06,4
1974-10-07,82
1974-10-08,58
1974-10-09,96
1974-10-10,116
1974-10-11,159
1974-10-12,48
1974-10-13,5
1974-10-14,240
1974-10-15,605
1974-10-16,1
1974-10-17,1
1974-10-18,1
1974-10-21,1
1974-10-22,1
1974-11-05,2
1974-11-06,9
1974-11-07,3
1974-11-11,4
1974-11-12,2
1974-11-13,1
1974-11-15,1
1974-11-19,1
1974-11-21,2
1974-11-22,1
1974-11-25,1
1974-11-29,4
1974-12-01,1
1974-12-02,2
1974-12-04,2
1974-12-06,1
1974-12-09,2
1974-12-10,2
1974-12-11,3
1974-12-12,1
1974-12-13,4
1974-12-16,1
1974-12-17,3
1974-12-19,3
1974-12-20,1
1974-12-23,1
1974-12-27,2
1974-12-30,1
1974-12-31,1
1975-01-02,1
1975-01-03,1
1975-01-06,3
1975-01-07,3
1975-01-08,4
1975-01-09,3
1975-01-10,1
1975-01-13,3
1975-01-14,2
1975-01-15,1
1975-01-16,1
1975-01-17,7
1975-01-18,2
1975-01-20,6
1975-01-21,6
1975-01-22,2
1975-01-23,1
1975-01-24,10
1975-01-25,1
1975-01-26,1
1975-01-27,12
1975-01-28,7
1975-01-29,9
1975-01-30,10
1975-01-31,8
1975-02-01,1
1975-02-02,2
1975-02-03,17
1975-02-04,9
1975-02-05,13
1975-02-06,12
1975-02-07,20
1975-02-08,6
1975-02-09,1
1975-02-10,32
1975-02-11,54
1975-02-12,1
1975-02-13,2
1975-02-14,5
1975-02-15,1
1975-02-18,2
1975-02-19,3
1975-02-21,1
1975-02-22,2
1975-02-24,1
1975-02-28,1
1975-03-01,5
1975-03-03,2
1975-03-04,1
1975-03-05,22
1975-03-06,26
1975-03-07,23
1975-03-08,4
1975-03-09,1
1975-03-10,29
1975-03-11,91
1975-03-12,2
1975-03-14,1
1975-04-02,5
1975-04-03,9
1975-04-04,3
1975-04-05,2
1975-04-07,2
1975-04-08,1
1975-04-10,1
1975-04-11,2
1975-04-14,3
1975-04-15,1
1975-04-16,1
1975-04-17,2
1975-04-18,4
1975-04-21,2
1975-04-22,1
1975-04-23,1
1975-04-25,1
1975-04-28,4
1975-04-29,1
1975-04-30,3
1975-05-06,1
1975-05-07,1
1975-05-08,1
1975-05-09,4
1975-05-12,1
1975-05-14,3
1975-05-16,1
1975-05-18,2
1975-05-19,4
1975-05-20,3
1975-05-22,1
1975-05-23,2
1975-05-28,2
1975-05-29,2
1975-05-30,4
1975-06-02,2
1975-06-03,1
1975-06-04,2
1975-06-05,3
1975-06-06,1
1975-06-09,3
1975-06-11,3
1975-06-13,1
1975-06-14,1
1975-06-16,1
1975-06-17,4
1975-06-18,2
1975-06-19,4
1975-06-20,8
1975-06-23,8
1975-06-24,22
1975-06-25,1
1975-06-27,1
1975-06-30,2
1975-07-01,1
1975-07-02,1
1975-07-03,1
1975-07-04,3
1975-07-07,1
1975-07-09,1
1975-07-11,1
1975-07-13,1
1975-07-14,2
1975-07-15,1
1975-07-16,3
1975-07-17,6
1975-07-18,1
1975-07-19,1
1975-07-21,2
1975-07-22,1
1975-07-23,4
1975-07-24,2
1975-07-25,2
1975-07-30,6
1975-07-31,2
1975-08-01,4
1975-08-04,1
1975-08-05,3
1975-08-06,1
1975-08-07,3
1975-08-08,1
1975-08-12,1
1975-08-14,2
1975-08-15,3
1975-08-16,1
1975-08-17,1
1975-08-18,4
1975-08-19,4
1975-08-20,1
1975-08-25,2
1975-08-26,2
1975-08-27,3
1975-08-28,3
1975-08-29,2
1975-09-02,1
1975-09-03,6
1975-09-04,1
1975-09-05,8
1975-09-06,6
1975-09-08,8
1975-09-09,4
1975-09-10,2
1975-09-11,2
1975-09-12,2
1975-09-13,1
1975-09-15,1
1975-09-16,2
1975-09-17,4
1975-09-18,2
1975-09-19,1
1975-09-22,2
1975-09-23,2
1975-09-25,2
1975-09-26,2
1975-09-28,1
1975-09-29,2
1975-09-30,1
1975-10-01,7
1975-10-02,3
1975-10-03,4
1975-10-06,7
1975-10-07,8
1975-10-08,1
1975-10-09,3
1975-10-10,4
1975-10-12,1
1975-10-13,3
1975-10-14,4
1975-10-15,4
1975-10-17,1
1975-10-20,8
1975-10-21,2
1975-10-22,3
1975-10-24,2
1975-10-28,2
1975-10-29,1
1975-10-30,1
1975-10-31,4
1975-11-03,5
1975-11-04,2
1975-11-05,3
1975-11-06,4
1975-11-07,2
1975-11-10,2
1975-11-11,3
1975-11-12,2
1975-11-13,4
1975-11-14,2
1975-11-17,2
1975-11-18,1
1975-11-19,3
1975-11-20,3
1975-11-21,3
1975-11-24,3
1975-11-26,3
1975-11-28,3
1975-12-01,1
1975-12-02,2
1975-12-03,1
1975-12-04,1
1975-12-05,1
1975-12-09,3
1975-12-10,8
1975-12-11,2
1975-12-12,5
1975-12-15,3
1975-12-16,4
1975-12-17,3
1975-12-18,1
1975-12-19,2
1975-12-22,2
1975-12-23,1
1975-12-26,1
1975-12-29,3
1975-12-30,1
1975-12-31,6
1976-01-01,3
1976-01-02,4
1976-01-05,6
1976-01-06,7
1976-01-07,3
1976-01-08,1
1976-01-09,2
1976-01-10,2
1976-01-12,3
1976-01-13,2
1976-01-14,5
1976-01-15,4
1976-01-16,5
1976-01-19,3
1976-01-20,9
1976-01-21,2
1976-01-22,4
1976-01-26,6
1976-01-27,5
1976-01-28,4
1976-01-29,9
1976-01-30,6
1976-01-31,2
1976-02-02,10
1976-02-03,9
1976-02-04,5
1976-02-05,3
1976-02-06,6
1976-02-07,2
1976-02-09,13
1976-02-10,13
1976-02-11,13
1976-02-12,8
1976-02-13,16
1976-02-14,1
1976-02-16,2
1976-02-17,27
1976-02-18,9
1976-02-19,8
1976-02-20,5
1976-02-22,1
1976-02-23,3
1976-02-24,12
1976-02-25,12
1976-02-26,13
1976-02-27,12
1976-02-28,2
1976-03-01,11
1976-03-02,8
1976-03-03,13
1976-03-04,7
1976-03-05,6
1976-03-07,1
1976-03-08,14
1976-03-09,9
1976-03-10,15
1976-03-11,16
1976-03-12,18
1976-03-13,9
1976-03-15,29
1976-03-16,39
1976-03-17,12
1976-03-18,6
1976-03-19,8
1976-03-20,1
1976-03-22,6
1976-03-23,12
1976-03-24,3
1976-03-25,8
1976-03-26,9
1976-03-27,3
1976-03-29,7
1976-03-30,12
1976-03-31,7
1976-04-01,9
1976-04-02,12
1976-04-03,3
1976-04-05,6
1976-04-06,4
1976-04-07,13
1976-04-08,11
1976-04-09,10
1976-04-10,1
1976-04-12,8
1976-04-13,6
1976-04-14,9
1976-04-15,4
1976-04-16,6
1976-04-18,1
1976-04-19,29
1976-04-20,6
1976-04-21,5
1976-04-22,7
1976-04-23,9
1976-04-24,7
1976-04-25,3
1976-04-26,9
1976-04-27,5
1976-04-28,10
1976-04-29,12
1976-04-30,9
1976-05-01,2
1976-05-02,1
1976-05-03,14
1976-05-04,11
1976-05-05,3
1976-05-06,12
1976-05-07,7
1976-05-08,2
1976-05-10,12
1976-05-11,8
1976-05-12,12
1976-05-13,11
1976-05-14,9
1976-05-15,3
1976-05-17,9
1976-05-18,11
1976-05-19,10
1976-05-20,11
1976-05-21,9
1976-05-22,2
1976-05-24,9
1976-05-25,8
1976-05-26,11
1976-05-27,12
1976-05-28,4
1976-06-01,15
1976-06-02,9
1976-06-03,14
1976-06-04,11
1976-06-06,1
1976-06-07,21
1976-06-08,15
1976-06-09,17
1976-06-10,14
1976-06-11,11
1976-06-13,5
1976-06-14,23
1976-06-15,28
1976-06-16,17
1976-06-17,21
1976-06-18,36
1976-06-19,3
1976-06-21,41
1976-06-22,21
1976-06-23,39
1976-06-24,32
1976-06-25,28
1976-06-26,28
1976-06-27,3
1976-06-28,37
1976-06-29,28
1976-06-30,48
1976-07-01,35
1976-07-02,51
1976-07-03,23
1976-07-05,4
1976-07-06,52
1976-07-07,81
1976-07-08,80
1976-07-09,126
1976-07-10,26
1976-07-11,3
1976-07-12,297
1976-07-13,464
1976-07-14,1
1976-07-15,1
1976-07-16,4
1976-07-18,1
1976-07-23,2
1976-07-28,3
1976-07-30,1
1976-08-03,6
1976-08-04,42
1976-08-05,18
1976-08-06,17
1976-08-07,3
1976-08-08,1
1976-08-09,16
1976-08-10,19
1976-08-11,26
1976-08-12,13
1976-08-13,10
1976-08-14,3
1976-08-16,24
1976-08-17,12
1976-08-18,26
1976-08-19,24
1976-08-20,23
1976-08-21,3
1976-08-23,13
1976-08-24,14
1976-08-25,20
1976-08-26,16
1976-08-27,14
1976-08-29,1
1976-08-30,38
1976-08-31,15
1976-09-01,22
1976-09-02,25
1976-09-03,21
1976-09-04,4
1976-09-07,24
1976-09-08,31
1976-09-09,25
1976-09-10,18
1976-09-11,3
1976-09-12,4
1976-09-13,30
1976-09-14,28
1976-09-15,29
1976-09-16,22
1976-09-17,38
1976-09-18,2
1976-09-20,34
1976-09-21,30
1976-09-22,54
1976-09-23,59
1976-09-24,69
1976-09-25,29
1976-09-26,3
1976-09-27,69
1976-09-28,60
1976-09-29,67
1976-09-30,86
1976-10-01,76
1976-10-02,42
1976-10-03,4
1976-10-04,118
1976-10-05,132
1976-10-06,149
1976-10-07,182
1976-10-08,246
1976-10-09,52
1976-10-10,12
1976-10-11,292
1976-10-12,879
1976-10-13,3
1976-10-14,1
1976-10-15,5
1976-10-16,1
1976-10-17,4
1976-10-18,2
1976-10-19,1
1976-10-20,1
1976-10-27,1
1976-10-29,1
1976-11-02,3
1976-11-03,7
1976-11-04,1
1976-11-05,1
1976-11-08,2
1976-11-09,2
1976-11-10,3
1976-11-11,1
1976-11-12,2
1976-11-15,1
1976-11-16,2
1976-11-17,1
1976-11-18,2
1976-11-19,3
1976-11-22,1
1976-11-23,1
1976-11-29,4
1976-11-30,1
1976-12-01,6
1976-12-02,1
1976-12-03,1
1976-12-06,1
1976-12-08,1
1976-12-10,2
1976-12-13,2
1976-12-15,1
1976-12-16,2
1976-12-20,1
1976-12-24,2
1976-12-27,2
1976-12-28,1
1976-12-29,2
1976-12-30,1
1976-12-31,1
1977-01-01,3
1977-01-04,1
1977-01-07,4
1977-01-10,2
1977-01-11,3
1977-01-12,1
1977-01-14,2
1977-01-15,1
1977-01-17,5
1977-01-18,5
1977-01-20,2
1977-01-21,2
1977-01-22,1
1977-01-24,5
1977-01-25,2
1977-01-26,3
1977-01-27,10
1977-01-28,5
1977-01-29,4
1977-01-31,3
1977-02-01,3
1977-02-02,16
1977-02-03,7
1977-02-04,5
1977-02-07,7
1977-02-08,7
1977-02-09,7
1977-02-10,8
1977-02-11,22
1977-02-12,2
1977-02-14,30
1977-02-15,40
1977-02-16,1
1977-02-17,3
1977-02-22,3
1977-02-23,3
1977-02-25,1
1977-02-28,1
1977-03-01,1
1977-03-02,1
1977-03-03,2
1977-03-04,2
1977-03-07,4
1977-03-08,3
1977-03-09,24
1977-03-10,20
1977-03-11,16
1977-03-12,2
1977-03-14,44
1977-03-15,84
1977-03-16,1
1977-03-18,1
1977-03-21,2
1977-03-22,2
1977-04-04,1
1977-04-05,1
1977-04-06,14
1977-04-07,5
1977-04-08,2
1977-04-11,4
1977-04-12,4
1977-04-14,7
1977-04-15,1
1977-04-18,3
1977-04-19,3
1977-04-20,1
1977-04-21,1
1977-04-22,3
1977-04-23,2
1977-04-25,3
1977-04-26,4
1977-04-27,3
1977-04-28,5
1977-04-29,4
1977-04-30,2
1977-05-02,1
1977-05-03,2
1977-05-04,1
1977-05-05,2
1977-05-06,2
1977-05-07,3
1977-05-09,2
1977-05-10,3
1977-05-11,1
1977-05-16,8
1977-05-17,3
1977-05-18,2
1977-05-19,1
1977-05-20,7
1977-05-25,1
1977-05-26,5
1977-05-27,3
1977-05-31,4
1977-06-01,2
1977-06-02,1
1977-06-06,2
1977-06-07,1
1977-06-09,5
1977-06-13,4
1977-06-15,8
1977-06-16,2
1977-06-17,6
1977-06-20,4
1977-06-21,1
1977-06-22,1
1977-06-28,2
1977-06-29,1
1977-06-30,1
1977-07-02,1
1977-07-05,1
1977-07-06,1
1977-07-07,2
1977-07-08,3
1977-07-12,3
1977-07-13,1
1977-07-14,1
1977-07-15,2
1977-07-18,2
1977-07-19,1
1977-07-21,3
1977-07-25,2
1977-07-26,1
1977-07-27,2
1977-07-28,2
1977-07-29,5
1977-08-01,3
1977-08-05,1
1977-08-08,1
1977-08-09,1
1977-08-10,1
1977-08-11,2
1977-08-12,1
1977-08-16,5
1977-08-17,3
1977-08-18,2
1977-08-19,7
1977-08-22,4
1977-08-23,25
1977-08-24,2
1977-08-25,3
1977-08-26,1
1977-08-29,4
1977-08-30,1
1977-08-31,2
1977-09-01,2
1977-09-02,4
1977-09-06,5
1977-09-07,2
1977-09-08,1
1977-09-09,3
1977-09-10,1
1977-09-12,2
1977-09-13,4
1977-09-14,5
1977-09-15,4
1977-09-16,7
1977-09-17,1
1977-09-19,4
1977-09-20,16
1977-09-21,4
1977-09-22,5
1977-09-23,2
1977-09-25,2
1977-09-27,3
1977-09-28,3
1977-09-29,2
1977-09-30,1
1977-10-01,2
1977-10-03,2
1977-10-07,4
1977-10-09,1
1977-10-11,2
1977-10-12,1
1977-10-13,1
1977-10-14,3
1977-10-15,1
1977-10-17,8
1977-10-18,10
1977-10-19,1
1977-10-20,2
1977-10-21,1
1977-10-24,5
1977-10-25,1
1977-10-26,4
1977-10-27,4
1977-10-28,3
1977-11-01,1
1977-11-02,2
1977-11-03,4
1977-11-04,2
1977-11-05,1
1977-11-07,1
1977-11-08,7
1977-11-09,3
1977-11-10,3
1977-11-14,4
1977-11-15,3
1977-11-16,2
1977-11-17,1
1977-11-18,2
1977-11-21,3
1977-11-23,3
1977-11-25,1
1977-11-28,3
1977-11-29,2
1977-11-30,1
1977-12-02,4
1977-12-03,2
1977-12-06,2
1977-12-08,1
1977-12-09,2
1977-12-13,1
1977-12-14,3
1977-12-16,3
1977-12-19,6
1977-12-20,2
1977-12-21,1
1977-12-22,2
1977-12-27,1
1977-12-28,3
1977-12-29,6
1977-12-30,3
1978-01-01,1
1978-01-02,1
1978-01-03,3
1978-01-04,3
1978-01-05,8
1978-01-06,5
1978-01-09,4
1978-01-10,4
1978-01-11,2
1978-01-12,3
1978-01-13,3
1978-01-17,8
1978-01-18,5
1978-01-19,4
1978-01-20,3
1978-01-21,1
1978-01-22,1
1978-01-23,8
1978-01-24,12
1978-01-25,2
1978-01-26,4
1978-01-27,5
1978-01-30,10
1978-01-31,6
1978-02-01,3
1978-02-02,6
1978-02-03,8
1978-02-04,2
1978-02-06,6
1978-02-07,2
1978-02-08,1
1978-02-09,7
1978-02-10,7
1978-02-11,1
1978-02-13,4
1978-02-14,5
1978-02-15,8
1978-02-16,5
1978-02-17,2
1978-02-18,2
1978-02-21,4
1978-02-22,2
1978-02-23,6
1978-02-24,3
1978-02-27,10
1978-02-28,7
1978-03-01,9
1978-03-02,4
1978-03-03,7
1978-03-04,6
1978-03-06,14
1978-03-07,30
1978-03-08,8
1978-03-09,11
1978-03-10,12
1978-03-11,2
1978-03-13,20
1978-03-14,23
1978-03-15,3
1978-03-16,3
1978-03-17,1
1978-03-18,1
1978-03-20,4
1978-03-21,2
1978-03-22,3
1978-03-23,1
1978-03-24,2
1978-03-27,1
1978-03-28,9
1978-03-29,6
1978-03-30,3
1978-03-31,1
1978-04-03,3
1978-04-04,7
1978-04-05,15
1978-04-06,5
1978-04-07,3
1978-04-10,7
1978-04-11,4
1978-04-12,6
1978-04-13,7
1978-04-14,15
1978-04-15,2
1978-04-17,15
1978-04-18,25
1978-04-19,2
1978-04-20,4
1978-04-21,5
1978-04-23,1
1978-04-24,3
1978-04-25,8
1978-04-26,5
1978-04-27,10
1978-04-28,12
1978-04-29,1
1978-05-01,9
1978-05-02,3
1978-05-03,3
1978-05-04,9
1978-05-05,2
1978-05-08,2
1978-05-09,1
1978-05-10,5
1978-05-11,3
1978-05-12,4
1978-05-15,13
1978-05-16,7
1978-05-17,5
1978-05-18,2
1978-05-19,5
1978-05-22,14
1978-05-23,7
1978-05-24,7
1978-05-25,12
1978-05-26,6
1978-05-30,9
1978-05-31,4
1978-06-01,10
1978-06-02,8
1978-06-03,8
1978-06-05,13
1978-06-06,10
1978-06-07,10
1978-06-08,9
1978-06-09,6
1978-06-10,1
1978-06-11,4
1978-06-12,8
1978-06-13,11
1978-06-14,19
1978-06-15,22
1978-06-16,19
1978-06-17,24
1978-06-18,2
1978-06-19,37
1978-06-20,41
1978-06-21,39
1978-06-22,30
1978-06-23,34
1978-06-24,32
1978-06-25,2
1978-06-26,21
1978-06-27,15
1978-06-28,28
1978-06-29,27
1978-06-30,35
1978-07-01,22
1978-07-03,28
1978-07-04,1
1978-07-05,43
1978-07-06,71
1978-07-07,107
1978-07-08,34
1978-07-10,252
1978-07-11,486
1978-07-12,2
1978-07-13,5
1978-07-17,1
1978-07-18,1
1978-07-26,1
1978-08-01,17
1978-08-02,37
1978-08-03,13
1978-08-04,9
1978-08-05,2
1978-08-07,17
1978-08-08,24
1978-08-09,12
1978-08-10,12
1978-08-11,9
1978-08-12,4
1978-08-13,2
1978-08-14,15
1978-08-15,15
1978-08-16,23
1978-08-17,8
1978-08-18,13
1978-08-19,1
1978-08-20,1
1978-08-21,15
1978-08-22,13
1978-08-23,19
1978-08-24,14
1978-08-25,15
1978-08-26,1
1978-08-27,2
1978-08-28,15
1978-08-29,7
1978-08-30,14
1978-08-31,11
1978-09-01,20
1978-09-04,1
1978-09-05,19
1978-09-06,4
1978-09-07,9
1978-09-08,13
1978-09-09,4
1978-09-10,1
1978-09-11,24
1978-09-12,17
1978-09-13,12
1978-09-14,13
1978-09-15,16
1978-09-16,2
1978-09-17,4
1978-09-18,14
1978-09-19,15
1978-09-20,33
1978-09-21,34
1978-09-22,33
1978-09-23,32
1978-09-25,37
1978-09-26,28
1978-09-27,39
1978-09-28,43
1978-09-29,27
1978-09-30,33
1978-10-01,3
1978-10-02,39
1978-10-03,53
1978-10-04,92
1978-10-05,43
1978-10-06,71
1978-10-07,21
1978-10-08,5
1978-10-09,67
1978-10-10,145
1978-10-11,146
1978-10-12,117
1978-10-13,180
1978-10-14,53
1978-10-15,10
1978-10-16,384
1978-10-17,614
1978-10-18,15
1978-10-20,1
1978-10-23,1
1978-11-03,1
1978-11-05,1
1978-11-06,1
1978-11-07,4
1978-11-08,30
1978-11-09,3
1978-11-10,5
1978-11-12,2
1978-11-13,4
1978-11-14,6
1978-11-15,5
1978-11-16,8
1978-11-17,6
1978-11-19,1
1978-11-20,2
1978-11-21,3
1978-11-22,4
1978-11-24,3
1978-11-27,4
1978-11-28,4
1978-11-29,2
1978-11-30,2
1978-12-01,2
1978-12-02,1
1978-12-04,3
1978-12-05,4
1978-12-06,3
1978-12-07,3
1978-12-08,5
1978-12-11,6
1978-12-12,2
1978-12-13,2
1978-12-14,5
1978-12-15,5
1978-12-18,6
1978-12-19,1
1978-12-20,3
1978-12-21,3
1978-12-22,2
1978-12-26,6
1978-12-27,1
1978-12-28,6
1978-12-29,2
1978-12-31,1
1979-01-01,1
1979-01-02,2
1979-01-03,5
1979-01-04,1
1979-01-08,7
1979-01-09,6
1979-01-10,3
1979-01-11,1
1979-01-12,10
1979-01-13,1
1979-01-15,8
1979-01-16,4
1979-01-17,8
1979-01-18,5
1979-01-19,5
1979-01-20,1
1979-01-22,10
1979-01-23,7
1979-01-24,4
1979-01-25,6
1979-01-26,10
1979-01-27,1
1979-01-28,1
1979-01-29,15
1979-01-30,17
1979-01-31,16
1979-02-01,5
1979-02-02,16
1979-02-03,8
1979-02-05,18
1979-02-06,17
1979-02-07,23
1979-02-08,20
1979-02-09,35
1979-02-10,3
1979-02-12,39
1979-02-13,97
1979-02-14,2
1979-02-15,4
1979-02-16,3
1979-02-19,2
1979-02-20,7
1979-02-21,1
1979-02-22,4
1979-02-23,2
1979-02-26,1
1979-02-27,8
1979-02-28,1
1979-03-01,9
1979-03-02,2
1979-03-03,1
1979-03-05,4
1979-03-06,4
1979-03-07,42
1979-03-08,40
1979-03-09,40
1979-03-10,5
1979-03-11,2
1979-03-12,97
1979-03-13,198
1979-03-14,4
1979-03-15,1
1979-03-17,1
1979-03-20,1
1979-03-26,1
1979-03-27,1
1979-03-30,2
1979-04-02,1
1979-04-03,2
1979-04-04,37
1979-04-05,8
1979-04-06,3
1979-04-09,2
1979-04-10,7
1979-04-11,6
1979-04-12,5
1979-04-13,7
1979-04-16,6
1979-04-17,2
1979-04-18,8
1979-04-19,2
1979-04-20,6
1979-04-23,1
1979-04-24,2
1979-04-25,1
1979-04-26,4
1979-04-27,4
1979-04-30,2
1979-05-01,4
1979-05-02,3
1979-05-04,2
1979-05-07,3
1979-05-08,5
1979-05-09,1
1979-05-11,2
1979-05-14,2
1979-05-15,1
1979-05-16,2
1979-05-17,3
1979-05-18,5
1979-05-21,3
1979-05-22,2
1979-05-23,1
1979-05-24,5
1979-05-25,5
1979-05-26,1
1979-05-29,7
1979-05-30,3
1979-05-31,2
1979-06-04,3
1979-06-05,1
1979-06-06,4
1979-06-08,1
1979-06-12,5
1979-06-13,5
1979-06-14,2
1979-06-15,1
1979-06-18,4
1979-06-19,5
1979-06-20,5
1979-06-21,3
1979-06-22,5
1979-06-23,1
1979-06-25,3
1979-06-26,5
1979-06-27,3
1979-06-28,4
1979-06-29,3
1979-07-01,1
1979-07-02,1
1979-07-03,3
1979-07-04,1
1979-07-05,2
1979-07-06,7
1979-07-08,1
1979-07-09,2
1979-07-10,6
1979-07-11,5
1979-07-12,5
1979-07-13,4
1979-07-15,1
1979-07-16,8
1979-07-17,4
1979-07-18,1
1979-07-19,4
1979-07-20,2
1979-07-23,5
1979-07-24,8
1979-07-25,1
1979-07-26,4
1979-07-27,3
1979-07-30,5
1979-07-31,8
1979-08-01,2
1979-08-02,4
1979-08-03,7
1979-08-05,1
1979-08-06,4
1979-08-07,3
1979-08-08,2
1979-08-09,7
1979-08-10,5
1979-08-13,5
1979-08-14,6
1979-08-15,2
1979-08-16,5
1979-08-17,2
1979-08-18,2
1979-08-20,4
1979-08-21,4
1979-08-22,5
1979-08-23,3
1979-08-24,8
1979-08-27,5
1979-08-28,4
1979-08-29,1
1979-08-30,3
1979-08-31,5
1979-09-04,6
1979-09-06,2
1979-09-07,5
1979-09-09,1
1979-09-10,4
1979-09-11,7
1979-09-12,5
1979-09-13,2
1979-09-14,6
1979-09-17,5
1979-09-18,7
1979-09-19,32
1979-09-20,9
1979-09-21,5
1979-09-22,1
1979-09-24,13
1979-09-25,10
1979-09-26,5
1979-09-27,6
1979-09-28,11
1979-09-29,2
1979-10-01,5
1979-10-02,3
1979-10-03,6
1979-10-04,4
1979-10-05,4
1979-10-08,7
1979-10-09,8
1979-10-10,7
1979-10-11,6
1979-10-12,7
1979-10-13,1
1979-10-15,12
1979-10-16,19
1979-10-17,2
1979-10-18,3
1979-10-19,8
1979-10-22,5
1979-10-23,4
1979-10-24,2
1979-10-25,6
1979-10-26,4
1979-10-29,7
1979-10-30,4
1979-10-31,2
1979-11-01,7
1979-11-02,11
1979-11-03,2
1979-11-05,2
1979-11-06,19
1979-11-07,10
1979-11-08,3
1979-11-09,6
1979-11-12,4
1979-11-13,6
1979-11-14,5
1979-11-15,8
1979-11-16,6
1979-11-17,1
1979-11-19,9
1979-11-20,7
1979-11-21,7
1979-11-26,11
1979-11-27,12
1979-11-28,4
1979-11-29,7
1979-11-30,13
1979-12-01,1
1979-12-03,5
1979-12-04,8
1979-12-05,1
1979-12-06,6
1979-12-07,12
1979-12-08,2
1979-12-10,5
1979-12-11,5
1979-12-12,8
1979-12-13,6
1979-12-14,6
1979-12-17,3
1979-12-18,6
1979-12-19,7
1979-12-20,11
1979-12-21,2
1979-12-22,1
1979-12-24,2
1979-12-26,5
1979-12-27,6
1979-12-28,9
1979-12-31,1
1980-01-01,3
1980-01-02,10
1980-01-03,9
1980-01-04,10
1980-01-05,3
1980-01-07,12
1980-01-08,7
1980-01-09,7
1980-01-10,22
1980-01-11,18
1980-01-14,17
1980-01-15,17
1980-01-16,8
1980-01-17,9
1980-01-18,4
1980-01-21,21
1980-01-22,13
1980-01-23,16
1980-01-24,15
1980-01-25,20
1980-01-28,16
1980-01-29,24
1980-01-30,15
1980-01-31,18
1980-02-01,24
1980-02-02,3
1980-02-04,23
1980-02-05,18
1980-02-06,26
1980-02-07,14
1980-02-08,10
1980-02-09,4
1980-02-10,1
1980-02-11,57
1980-02-12,27
1980-02-13,26
1980-02-14,21
1980-02-15,16
1980-02-16,3
1980-02-18,8
1980-02-19,41
1980-02-20,31
1980-02-21,21
1980-02-22,26
1980-02-23,3
1980-02-24,2
1980-02-25,40
1980-02-26,52
1980-02-27,70
1980-02-28,65
1980-02-29,60
1980-03-01,31
1980-03-02,2
1980-03-03,73
1980-03-04,67
1980-03-05,149
1980-03-06,160
1980-03-07,223
1980-03-08,45
1980-03-09,5
1980-03-10,474
1980-03-11,738
1980-03-12,3
1980-03-16,1
1980-03-17,2
1980-03-18,1
1980-03-19,2
1980-03-21,1
1980-03-22,1
1980-03-24,1
1980-03-26,1
1980-03-29,1
1980-03-31,4
1980-04-01,30
1980-04-02,78
1980-04-03,19
1980-04-04,15
1980-04-07,29
1980-04-08,13
1980-04-09,11
1980-04-10,14
1980-04-11,11
1980-04-13,4
1980-04-14,14
1980-04-15,22
1980-04-16,4
1980-04-17,17
1980-04-18,12
1980-04-19,6
1980-04-20,1
1980-04-21,7
1980-04-22,12
1980-04-23,11
1980-04-24,7
1980-04-25,7
1980-04-26,3
1980-04-27,1
1980-04-28,10
1980-04-29,10
1980-04-30,12
1980-05-01,9
1980-05-02,13
1980-05-05,15
1980-05-06,12
1980-05-07,17
1980-05-08,14
1980-05-09,8
1980-05-12,14
1980-05-13,10
1980-05-14,8
1980-05-15,8
1980-05-16,9
1980-05-19,11
1980-05-20,10
1980-05-21,6
1980-05-22,7
1980-05-23,21
1980-05-24,2
1980-05-25,1
1980-05-27,4
1980-05-28,10
1980-05-29,7
1980-05-30,9
1980-06-01,1
1980-06-02,15
1980-06-03,15
1980-06-04,15
1980-06-05,10
1980-06-06,12
1980-06-07,2
1980-06-08,2
1980-06-09,16
1980-06-10,10
1980-06-11,17
1980-06-12,8
1980-06-13,11
1980-06-15,1
1980-06-16,18
1980-06-17,19
1980-06-18,37
1980-06-19,24
1980-06-20,43
1980-06-21,7
1980-06-22,1
1980-06-23,36
1980-06-24,22
1980-06-25,29
1980-06-26,19
1980-06-27,32
1980-06-28,25
1980-06-29,2
1980-06-30,17
1980-07-01,24
1980-07-02,26
1980-07-03,28
1980-07-05,7
1980-07-06,3
1980-07-07,59
1980-07-08,63
1980-07-09,62
1980-07-10,83
1980-07-11,126
1980-07-12,22
1980-07-13,5
1980-07-14,343
1980-07-15,546
1980-07-16,4
1980-07-17,6
1980-07-18,1
1980-07-19,1
1980-07-22,1
1980-07-24,4
1980-07-25,1
1980-07-28,2
1980-07-29,1
1980-07-30,2
1980-07-31,1
1980-08-05,10
1980-08-06,96
1980-08-07,20
1980-08-08,26
1980-08-09,1
1980-08-11,14
1980-08-12,31
1980-08-13,19
1980-08-14,16
1980-08-15,26
1980-08-16,1
1980-08-17,1
1980-08-18,32
1980-08-19,17
1980-08-20,15
1980-08-21,17
1980-08-22,18
1980-08-23,2
1980-08-25,14
1980-08-26,17
1980-08-27,19
1980-08-28,15
1980-08-29,28
1980-08-30,1
1980-09-01,2
1980-09-02,30
1980-09-03,28
1980-09-04,22
1980-09-05,26
1980-09-06,3
1980-09-08,29
1980-09-09,14
1980-09-10,21
1980-09-11,18
1980-09-12,16
1980-09-13,4
1980-09-14,2
1980-09-15,17
1980-09-16,31
1980-09-17,45
1980-09-18,36
1980-09-19,44
1980-09-20,19
1980-09-21,3
1980-09-22,62
1980-09-23,51
1980-09-24,48
1980-09-25,67
1980-09-26,54
1980-09-27,24
1980-09-28,1
1980-09-29,65
1980-09-30,75
1980-10-01,68
1980-10-02,81
1980-10-03,115
1980-10-04,28
1980-10-05,15
1980-10-06,153
1980-10-07,142
1980-10-08,203
1980-10-09,179
1980-10-10,246
1980-10-11,55
1980-10-12,7
1980-10-13,403
1980-10-14,1056
1980-10-15,8
1980-10-16,20
1980-10-17,7
1980-10-18,2
1980-10-20,1
1980-10-21,2
1980-10-22,4
1980-10-23,1
1980-10-24,1
1980-11-01,1
1980-11-03,1
1980-11-04,1
1980-11-05,21
1980-11-06,8
1980-11-07,2
1980-11-08,2
1980-11-10,2
1980-11-12,1
1980-11-13,6
1980-11-14,3
1980-11-16,1
1980-11-17,2
1980-11-18,6
1980-11-19,5
1980-11-20,2
1980-11-21,2
1980-11-24,1
1980-11-25,2
1980-11-26,3
1980-11-28,1
1980-12-01,4
1980-12-02,2
1980-12-03,3
1980-12-04,3
1980-12-08,5
1980-12-09,1
1980-12-10,7
1980-12-11,4
1980-12-12,6
1980-12-13,1
1980-12-14,1
1980-12-15,5
1980-12-16,3
1980-12-18,4
1980-12-19,5
1980-12-20,2
1980-12-22,2
1980-12-29,2
1980-12-30,1
1980-12-31,3
1981-01-02,4
1981-01-05,1
1981-01-06,3
1981-01-07,1
1981-01-08,4
1981-01-09,1
1981-01-10,2
1981-01-12,1
1981-01-13,2
1981-01-14,1
1981-01-15,4
1981-01-16,3
1981-01-19,5
1981-01-20,2
1981-01-21,1
1981-01-22,4
1981-01-23,4
1981-01-26,3
1981-01-27,5
1981-01-28,4
1981-01-29,3
1981-01-30,6
1981-02-02,8
1981-02-03,8
1981-02-04,4
1981-02-05,9
1981-02-06,6
1981-02-07,3
1981-02-08,1
1981-02-09,5
1981-02-10,3
1981-02-11,15
1981-02-12,9
1981-02-13,20
1981-02-14,2
1981-02-16,8
1981-02-17,42
1981-02-18,1
1981-02-19,5
1981-02-20,2
1981-02-23,4
1981-02-24,2
1981-02-25,3
1981-02-26,2
1981-02-27,1
1981-03-02,3
1981-03-03,2
1981-03-04,3
1981-03-05,2
1981-03-06,4
1981-03-08,1
1981-03-09,7
1981-03-10,5
1981-03-11,39
1981-03-12,18
1981-03-13,24
1981-03-16,42
1981-03-17,67
1981-03-18,3
1981-03-20,4
1981-03-22,1
1981-03-24,1
1981-03-26,1
1981-03-28,1
1981-04-01,1
1981-04-06,1
1981-04-07,1
1981-04-08,29
1981-04-09,3
1981-04-10,5
1981-04-13,3
1981-04-15,9
1981-04-16,1
1981-04-17,3
1981-04-20,3
1981-04-21,2
1981-04-22,6
1981-04-23,1
1981-04-24,3
1981-04-27,4
1981-04-28,6
1981-04-29,3
1981-04-30,2
1981-05-01,4
1981-05-04,2
1981-05-05,2
1981-05-06,5
1981-05-07,6
1981-05-08,1
1981-05-12,4
1981-05-13,1
1981-05-14,3
1981-05-15,2
1981-05-16,1
1981-05-18,4
1981-05-19,1
1981-05-20,2
1981-05-21,1
1981-05-22,3
1981-05-26,2
1981-05-27,2
1981-05-28,1
1981-05-29,1
1981-06-01,3
1981-06-02,6
1981-06-03,1
1981-06-04,4
1981-06-05,3
1981-06-08,1
1981-06-10,1
1981-06-11,1
1981-06-12,2
1981-06-13,1
1981-06-15,2
1981-06-16,1
1981-06-17,3
1981-06-18,2
1981-06-22,2
1981-06-23,1
1981-06-24,6
1981-06-25,2
1981-06-26,3
1981-06-29,2
1981-06-30,6
1981-07-01,4
1981-07-02,4
1981-07-03,1
1981-07-06,5
1981-07-07,19
1981-07-08,1
1981-07-09,1
1981-07-10,3
1981-07-13,1
1981-07-14,1
1981-07-15,2
1981-07-16,1
1981-07-17,1
1981-07-18,1
1981-07-20,8
1981-07-21,3
1981-07-24,1
1981-07-25,1
1981-07-27,3
1981-07-28,5
1981-07-29,3
1981-07-30,1
1981-07-31,6
1981-08-01,2
1981-08-03,2
1981-08-04,2
1981-08-05,5
1981-08-06,5
1981-08-07,1
1981-08-10,3
1981-08-11,2
1981-08-12,2
1981-08-14,4
1981-08-18,3
1981-08-19,4
1981-08-20,7
1981-08-21,2
1981-08-22,1
1981-08-24,3
1981-08-25,3
1981-08-26,4
1981-08-27,2
1981-08-28,4
1981-08-31,4
1981-09-01,3
1981-09-02,9
1981-09-03,3
1981-09-04,3
1981-09-09,4
1981-09-10,7
1981-09-11,7
1981-09-14,3
1981-09-15,7
1981-09-16,2
1981-09-17,9
1981-09-18,4
1981-09-21,2
1981-09-22,8
1981-09-23,4
1981-09-24,6
1981-09-25,6
1981-09-26,1
1981-09-28,6
1981-09-29,6
1981-09-30,4
1981-10-01,4
1981-10-02,6
1981-10-05,5
1981-10-06,6
1981-10-07,1
1981-10-08,3
1981-10-09,6
1981-10-12,1
1981-10-13,7
1981-10-14,5
1981-10-15,3
1981-10-18,1
1981-10-19,2
1981-10-20,3
1981-10-21,2
1981-10-22,1
1981-10-23,1
1981-10-26,3
1981-10-27,4
1981-10-28,4
1981-10-29,4
1981-10-30,3
1981-10-31,1
1981-11-02,3
1981-11-03,6
1981-11-04,7
1981-11-05,3
1981-11-06,2
1981-11-09,5
1981-11-10,8
1981-11-11,3
1981-11-12,1
1981-11-13,2
1981-11-14,1
1981-11-16,4
1981-11-17,1
1981-11-18,2
1981-11-19,3
1981-11-20,3
1981-11-24,3
1981-11-25,4
1981-11-30,5
1981-12-01,2
1981-12-02,4
1981-12-03,2
1981-12-04,3
1981-12-06,1
1981-12-08,3
1981-12-10,6
1981-12-11,3
1981-12-12,2
1981-12-14,5
1981-12-15,6
1981-12-16,2
1981-12-17,6
1981-12-18,6
1981-12-20,1
1981-12-21,6
1981-12-22,1
1981-12-23,2
1981-12-26,2
1981-12-28,3
1981-12-29,6
1981-12-30,4
1981-12-31,1
1982-01-01,2
1982-01-04,5
1982-01-05,3
1982-01-06,6
1982-01-07,1
1982-01-08,4
1982-01-09,2
1982-01-10,1
1982-01-11,3
1982-01-12,10
1982-01-13,2
1982-01-14,3
1982-01-15,1
1982-01-18,2
1982-01-19,4
1982-01-20,3
1982-01-21,4
1982-01-22,1
1982-01-25,7
1982-01-26,3
1982-01-27,4
1982-01-28,2
1982-01-29,5
1982-02-01,7
1982-02-02,4
1982-02-03,3
1982-02-04,6
1982-02-05,5
1982-02-06,10
1982-02-07,4
1982-02-08,11
1982-02-09,10
1982-02-10,8
1982-02-11,12
1982-02-12,7
1982-02-15,2
1982-02-16,12
1982-02-17,6
1982-02-18,2
1982-02-19,7
1982-02-22,6
1982-02-23,5
1982-02-24,3
1982-02-25,4
1982-02-26,5
1982-03-01,11
1982-03-02,8
1982-03-03,4
1982-03-04,7
1982-03-05,13
1982-03-08,17
1982-03-09,11
1982-03-10,10
1982-03-11,12
1982-03-12,16
1982-03-13,7
1982-03-14,2
1982-03-15,33
1982-03-16,42
1982-03-17,5
1982-03-18,8
1982-03-19,4
1982-03-21,1
1982-03-22,3
1982-03-23,3
1982-03-24,2
1982-03-25,2
1982-03-26,8
1982-03-29,3
1982-03-30,4
1982-03-31,5
1982-04-01,1
1982-04-03,2
1982-04-05,1
1982-04-06,5
1982-04-07,16
1982-04-08,8
1982-04-09,4
1982-04-10,1
1982-04-11,1
1982-04-12,3
1982-04-13,5
1982-04-14,7
1982-04-15,4
1982-04-16,8
1982-04-18,1
1982-04-19,10
1982-04-20,7
1982-04-21,5
1982-04-23,8
1982-04-26,7
1982-04-27,3
1982-04-28,6
1982-04-29,1
1982-04-30,7
1982-05-03,4
1982-05-04,6
1982-05-05,3
1982-05-06,4
1982-05-07,13
1982-05-08,1
1982-05-10,2
1982-05-11,5
1982-05-12,5
1982-05-13,4
1982-05-14,3
1982-05-17,5
1982-05-18,9
1982-05-19,6
1982-05-20,6
1982-05-21,7
1982-05-24,11
1982-05-25,2
1982-05-26,4
1982-05-27,9
1982-05-28,6
1982-05-29,1
1982-06-01,8
1982-06-02,13
1982-06-03,9
1982-06-04,8
1982-06-05,4
1982-06-06,1
1982-06-07,9
1982-06-08,6
1982-06-09,10
1982-06-10,7
1982-06-11,6
1982-06-12,6
1982-06-13,1
1982-06-14,17
1982-06-15,10
1982-06-16,17
1982-06-17,10
1982-06-18,5
1982-06-19,4
1982-06-21,11
1982-06-22,9
1982-06-23,15
1982-06-24,5
1982-06-25,26
1982-06-26,16
1982-06-27,7
1982-06-28,28
1982-06-29,17
1982-06-30,23
1982-07-01,33
1982-07-02,36
1982-07-03,11
1982-07-04,1
1982-07-05,4
1982-07-06,24
1982-07-07,36
1982-07-08,37
1982-07-09,71
1982-07-10,36
1982-07-11,14
1982-07-12,126
1982-07-13,348
1982-07-14,3
1982-07-16,1
1982-07-17,1
1982-07-19,4
1982-07-20,2
1982-07-21,4
1982-07-22,3
1982-07-23,4
1982-07-27,1
1982-07-28,2
1982-07-31,1
1982-08-01,3
1982-08-02,3
1982-08-03,17
1982-08-04,57
1982-08-05,16
1982-08-06,17
1982-08-07,5
1982-08-08,1
1982-08-09,16
1982-08-10,19
1982-08-11,8
1982-08-12,15
1982-08-13,16
1982-08-14,2
1982-08-15,2
1982-08-16,12
1982-08-17,20
1982-08-18,13
1982-08-19,8
1982-08-20,16
1982-08-21,1
1982-08-22,1
1982-08-23,16
1982-08-24,18
1982-08-25,17
1982-08-26,19
1982-08-27,14
1982-08-28,5
1982-08-30,18
1982-08-31,7
1982-09-01,22
1982-09-02,9
1982-09-03,24
1982-09-04,2
1982-09-07,10
1982-09-08,18
1982-09-09,16
1982-09-10,16
1982-09-11,2
1982-09-12,2
1982-09-13,24
1982-09-14,12
1982-09-15,21
1982-09-16,24
1982-09-17,20
1982-09-18,5
1982-09-20,26
1982-09-21,24
1982-09-22,16
1982-09-23,24
1982-09-24,46
1982-09-25,17
1982-09-26,8
1982-09-27,51
1982-09-28,57
1982-09-29,60
1982-09-30,55
1982-10-01,94
1982-10-02,27
1982-10-03,10
1982-10-04,73
1982-10-05,80
1982-10-06,99
1982-10-07,103
1982-10-08,162
1982-10-09,40
1982-10-10,11
1982-10-11,217
1982-10-12,624
1982-10-13,3
1982-10-14,1
1982-10-15,2
1982-10-18,4
1982-10-19,7
1982-10-20,6
1982-10-21,4
1982-10-22,2
1982-10-27,2
1982-10-28,1
1982-10-29,2
1982-11-01,3
1982-11-02,5
1982-11-03,61
1982-11-04,8
1982-11-05,7
1982-11-06,2
1982-11-07,1
1982-11-08,4
1982-11-09,5
1982-11-10,7
1982-11-11,1
1982-11-12,6
1982-11-14,1
1982-11-15,12
1982-11-16,4
1982-11-17,6
1982-11-18,6
1982-11-19,4
1982-11-20,2
1982-11-22,4
1982-11-23,8
1982-11-24,2
1982-11-26,2
1982-11-28,1
1982-11-29,12
1982-11-30,5
1982-12-01,2
1982-12-02,13
1982-12-03,10
1982-12-04,1
1982-12-06,4
1982-12-07,1
1982-12-08,3
1982-12-09,3
1982-12-10,3
1982-12-13,1
1982-12-14,2
1982-12-15,3
1982-12-16,5
1982-12-17,9
1982-12-18,2
1982-12-20,4
1982-12-21,5
1982-12-22,5
1982-12-23,7
1982-12-24,1
1982-12-26,1
1982-12-27,4
1982-12-28,4
1982-12-29,21
1982-12-30,7
1982-12-31,3
1983-01-01,4
1983-01-02,1
1983-01-03,13
1983-01-04,8
1983-01-05,10
1983-01-06,11
1983-01-07,9
1983-01-08,5
1983-01-09,1
1983-01-10,13
1983-01-11,8
1983-01-12,17
1983-01-13,14
1983-01-14,12
1983-01-15,1
1983-01-17,22
1983-01-18,11
1983-01-19,11
1983-01-20,13
1983-01-21,18
1983-01-22,6
1983-01-23,2
1983-01-24,29
1983-01-25,37
1983-01-26,18
1983-01-27,17
1983-01-28,23
1983-01-29,7
1983-01-30,1
1983-01-31,47
1983-02-01,18
1983-02-02,19
1983-02-03,25
1983-02-04,53
1983-02-05,18
1983-02-06,6
1983-02-07,80
1983-02-08,94
1983-02-09,8
1983-02-10,1
1983-02-11,2
1983-02-12,4
1983-02-14,2
1983-02-15,7
1983-02-16,6
1983-02-17,9
1983-02-18,1
1983-02-19,1
1983-02-21,1
1983-02-22,6
1983-02-23,2
1983-02-24,6
1983-02-25,4
1983-02-26,2
1983-02-28,4
1983-03-01,11
1983-03-02,62
1983-03-03,22
1983-03-04,12
1983-03-05,2
1983-03-07,26
1983-03-08,28
1983-03-09,25
1983-03-10,27
1983-03-11,41
1983-03-12,8
1983-03-13,4
1983-03-14,88
1983-03-15,111
1983-03-16,2
1983-03-17,2
1983-03-18,2
1983-03-19,1
1983-03-21,1
1983-03-23,3
1983-03-26,2
1983-03-29,1
1983-03-30,2
1983-03-31,3
1983-04-01,1
1983-04-05,2
1983-04-06,36
1983-04-07,13
1983-04-08,12
1983-04-09,1
1983-04-11,5
1983-04-12,8
1983-04-13,9
1983-04-14,11
1983-04-15,6
1983-04-18,9
1983-04-19,3
1983-04-20,4
1983-04-21,4
1983-04-22,5
1983-04-23,1
1983-04-25,4
1983-04-26,6
1983-04-27,6
1983-04-28,7
1983-04-29,8
1983-05-01,1
1983-05-02,12
1983-05-03,2
1983-05-04,5
1983-05-05,2
1983-05-06,3
1983-05-08,1
1983-05-09,8
1983-05-10,4
1983-05-11,7
1983-05-12,8
1983-05-13,2
1983-05-14,2
1983-05-15,1
1983-05-16,3
1983-05-17,5
1983-05-18,1
1983-05-19,2
1983-05-20,5
1983-05-21,5
1983-05-23,8
1983-05-24,6
1983-05-25,4
1983-05-26,3
1983-05-27,7
1983-05-31,9
1983-06-01,7
1983-06-02,3
1983-06-03,4
1983-06-04,1
1983-06-06,3
1983-06-07,13
1983-06-08,9
1983-06-09,8
1983-06-11,1
1983-06-13,1
1983-06-14,3
1983-06-15,5
1983-06-16,7
1983-06-17,6
1983-06-20,7
1983-06-21,1
1983-06-22,1
1983-06-23,4
1983-06-24,4
1983-06-25,2
1983-06-27,3
1983-06-28,3
1983-06-29,2
1983-06-30,3
1983-07-01,8
1983-07-02,1
1983-07-03,1
1983-07-05,3
1983-07-06,6
1983-07-07,1
1983-07-08,4
1983-07-11,8
1983-07-12,5
1983-07-13,2
1983-07-14,4
1983-07-15,6
1983-07-16,5
1983-07-18,6
1983-07-19,6
1983-07-20,4
1983-07-21,6
1983-07-22,3
1983-07-23,1
1983-07-25,2
1983-07-26,1
1983-07-27,2
1983-07-28,5
1983-07-29,7
1983-08-01,11
1983-08-02,7
1983-08-03,9
1983-08-04,5
1983-08-05,7
1983-08-07,3
1983-08-08,4
1983-08-09,4
1983-08-10,7
1983-08-11,3
1983-08-12,6
1983-08-15,6
1983-08-16,7
1983-08-17,13
1983-08-18,6
1983-08-19,15
1983-08-20,2
1983-08-22,31
1983-08-23,14
1983-08-24,10
1983-08-25,8
1983-08-26,13
1983-08-27,1
1983-08-29,19
1983-08-30,15
1983-08-31,10
1983-09-01,15
1983-09-02,14
1983-09-03,1
1983-09-05,5
1983-09-06,10
1983-09-07,9
1983-09-08,11
1983-09-09,15
1983-09-12,5
1983-09-13,14
1983-09-14,5
1983-09-15,2
1983-09-16,4
1983-09-17,5
1983-09-18,2
1983-09-19,8
1983-09-20,9
1983-09-21,8
1983-09-22,7
1983-09-23,8
1983-09-26,9
1983-09-27,14
1983-09-28,8
1983-09-29,13
1983-09-30,5
1983-10-01,1
1983-10-03,10
1983-10-04,10
1983-10-05,11
1983-10-06,2
1983-10-07,10
1983-10-08,4
1983-10-10,4
1983-10-11,10
1983-10-12,10
1983-10-13,7
1983-10-14,5
1983-10-15,2
1983-10-16,1
1983-10-17,18
1983-10-18,13
1983-10-20,9
1983-10-21,10
1983-10-23,2
1983-10-24,15
1983-10-25,10
1983-10-26,8
1983-10-27,10
1983-10-28,6
1983-10-29,2
1983-10-30,2
1983-10-31,11
1983-11-01,11
1983-11-02,2
1983-11-03,6
1983-11-04,2
1983-11-05,3
1983-11-06,2
1983-11-07,6
1983-11-08,10
1983-11-09,35
1983-11-10,12
1983-11-12,3
1983-11-13,1
1983-11-14,28
1983-11-15,13
1983-11-16,6
1983-11-17,8
1983-11-18,13
1983-11-19,1
1983-11-20,3
1983-11-21,7
1983-11-22,9
1983-11-23,3
1983-11-25,2
1983-11-26,1
1983-11-28,5
1983-11-29,6
1983-11-30,5
1983-12-01,11
1983-12-02,9
1983-12-03,11
1983-12-05,4
1983-12-06,4
1983-12-07,20
1983-12-08,11
1983-12-09,8
1983-12-12,12
1983-12-13,3
1983-12-14,4
1983-12-15,5
1983-12-16,11
1983-12-18,1
1983-12-19,8
1983-12-20,6
1983-12-21,3
1983-12-22,2
1983-12-23,7
1983-12-27,5
1983-12-28,4
1983-12-29,12
1983-12-30,7
1983-12-31,2
1984-01-01,5
1984-01-02,3
1984-01-03,17
1984-01-04,9
1984-01-05,5
1984-01-06,10
1984-01-07,1
1984-01-09,13
1984-01-10,8
1984-01-11,10
1984-01-12,10
1984-01-13,11
1984-01-14,4
1984-01-15,2
1984-01-16,16
1984-01-17,8
1984-01-18,17
1984-01-19,10
1984-01-20,8
1984-01-21,1
1984-01-23,15
1984-01-24,23
1984-01-25,8
1984-01-26,10
1984-01-27,21
1984-01-28,1
1984-01-29,4
1984-01-30,27
1984-01-31,16
1984-02-01,19
1984-02-02,22
1984-02-03,29
1984-02-04,19
1984-02-05,9
1984-02-06,13
1984-02-07,14
1984-02-08,14
1984-02-09,16
1984-02-10,9
1984-02-11,1
1984-02-12,2
1984-02-13,26
1984-02-14,22
1984-02-15,16
1984-02-16,16
1984-02-17,14
1984-02-19,3
1984-02-20,9
1984-02-21,37
1984-02-22,37
1984-02-23,29
1984-02-24,22
1984-02-25,5
1984-02-26,1
1984-02-27,31
1984-02-28,25
1984-02-29,41
1984-03-01,24
1984-03-02,24
1984-03-03,16
1984-03-04,1
1984-03-05,32
1984-03-06,42
1984-03-07,31
1984-03-08,29
1984-03-09,35
1984-03-10,5
1984-03-11,3
1984-03-12,58
1984-03-13,66
1984-03-14,34
1984-03-15,26
1984-03-16,30
1984-03-17,2
1984-03-18,1
1984-03-19,28
1984-03-20,32
1984-03-21,26
1984-03-22,30
1984-03-23,50
1984-03-24,4
1984-03-25,1
1984-03-26,28
1984-03-27,16
1984-03-28,16
1984-03-29,27
1984-03-30,25
1984-03-31,2
1984-04-01,4
1984-04-02,23
1984-04-03,21
1984-04-04,62
1984-04-05,13
1984-04-06,21
1984-04-07,5
1984-04-08,1
1984-04-09,33
1984-04-10,28
1984-04-11,23
1984-04-12,21
1984-04-13,19
1984-04-14,10
1984-04-15,3
1984-04-16,24
1984-04-17,22
1984-04-18,12
1984-04-19,22
1984-04-20,19
1984-04-21,4
1984-04-22,2
1984-04-23,25
1984-04-24,17
1984-04-25,12
1984-04-26,18
1984-04-27,14
1984-04-28,7
1984-04-29,1
1984-04-30,25
1984-05-01,33
1984-05-02,19
1984-05-03,26
1984-05-04,8
1984-05-05,9
1984-05-06,3
1984-05-07,25
1984-05-08,17
1984-05-09,13
1984-05-10,11
1984-05-11,17
1984-05-12,6
1984-05-13,3
1984-05-14,16
1984-05-15,14
1984-05-16,8
1984-05-17,11
1984-05-18,19
1984-05-19,3
1984-05-20,2
1984-05-21,20
1984-05-22,16
1984-05-23,17
1984-05-24,10
1984-05-25,18
1984-05-26,9
1984-05-28,4
1984-05-29,27
1984-05-30,14
1984-05-31,20
1984-06-01,22
1984-06-02,3
1984-06-03,4
1984-06-04,32
1984-06-05,22
1984-06-06,23
1984-06-07,25
1984-06-08,18
1984-06-09,5
1984-06-10,1
1984-06-11,46
1984-06-12,25
1984-06-13,19
1984-06-14,26
1984-06-15,33
1984-06-16,7
1984-06-17,4
1984-06-18,33
1984-06-19,33
1984-06-20,30
1984-06-21,39
1984-06-22,66
1984-06-23,44
1984-06-24,12
1984-06-25,39
1984-06-26,31
1984-06-27,39
1984-06-28,35
1984-06-29,87
1984-06-30,58
1984-07-01,39
1984-07-02,56
1984-07-03,54
1984-07-04,2
1984-07-05,47
1984-07-06,85
1984-07-07,35
1984-07-08,18
1984-07-09,109
1984-07-10,103
1984-07-11,151
1984-07-12,139
1984-07-13,240
1984-07-14,66
1984-07-15,22
1984-07-16,437
1984-07-17,838
1984-07-18,2
1984-07-19,2
1984-07-20,3
1984-07-23,3
1984-07-24,9
1984-07-26,3
1984-07-27,4
1984-07-28,1
1984-07-30,1
1984-07-31,3
1984-08-01,1
1984-08-03,3
1984-08-04,1
1984-08-05,1
1984-08-06,2
1984-08-07,35
1984-08-08,204
1984-08-09,37
1984-08-10,52
1984-08-11,10
1984-08-12,4
1984-08-13,43
1984-08-14,33
1984-08-15,28
1984-08-16,29
1984-08-17,34
1984-08-18,4
1984-08-19,2
1984-08-20,27
1984-08-21,41
1984-08-22,48
1984-08-23,44
1984-08-24,43
1984-08-25,9
1984-08-26,3
1984-08-27,30
1984-08-28,47
1984-08-29,29
1984-08-30,34
1984-08-31,55
1984-09-01,35
1984-09-02,5
1984-09-03,4
1984-09-04,39
1984-09-05,46
1984-09-06,45
1984-09-07,50
1984-09-08,9
1984-09-09,1
1984-09-10,61
1984-09-11,49
1984-09-12,56
1984-09-13,60
1984-09-14,72
1984-09-15,37
1984-09-16,4
1984-09-17,55
1984-09-18,71
1984-09-19,63
1984-09-20,47
1984-09-21,61
1984-09-22,20
1984-09-23,5
1984-09-24,88
1984-09-25,67
1984-09-26,58
1984-09-27,70
1984-09-28,131
1984-09-29,73
1984-09-30,12
1984-10-01,118
1984-10-02,119
1984-10-03,98
1984-10-04,138
1984-10-05,165
1984-10-06,133
1984-10-07,31
1984-10-08,174
1984-10-09,215
1984-10-10,290
1984-10-11,251
1984-10-12,413
1984-10-13,114
1984-10-14,52
1984-10-15,865
1984-10-16,1280
1984-10-17,36
1984-10-18,27
1984-10-19,12
1984-10-20,2
1984-10-21,10
1984-10-22,21
1984-10-23,12
1984-10-25,3
1984-10-27,2
1984-11-01,1
1984-11-02,1
1984-11-04,1
1984-11-06,4
1984-11-07,20
1984-11-08,4
1984-11-09,6
1984-11-10,3
1984-11-12,6
1984-11-13,7
1984-11-14,6
1984-11-15,5
1984-11-16,2
1984-11-18,1
1984-11-19,6
1984-11-20,4
1984-11-21,4
1984-11-23,1
1984-11-25,1
1984-11-26,8
1984-11-27,5
1984-11-28,6
1984-11-29,6
1984-11-30,3
1984-12-01,3
1984-12-03,6
1984-12-04,5
1984-12-05,2
1984-12-06,4
1984-12-07,1
1984-12-10,5
1984-12-11,5
1984-12-12,6
1984-12-13,3
1984-12-14,4
1984-12-15,1
1984-12-16,1
1984-12-17,7
1984-12-18,6
1984-12-19,6
1984-12-20,4
1984-12-21,1
1984-12-26,5
1984-12-27,4
1984-12-28,6
1984-12-29,1
1984-12-31,4
1985-01-01,5
1985-01-02,8
1985-01-03,7
1985-01-04,18
1985-01-05,12
1985-01-06,4
1985-01-07,30
1985-01-08,26
1985-01-09,18
1985-01-10,10
1985-01-11,15
1985-01-12,9
1985-01-13,1
1985-01-14,16
1985-01-15,24
1985-01-16,13
1985-01-17,20
1985-01-18,19
1985-01-19,2
1985-01-20,4
1985-01-21,19
1985-01-22,29
1985-01-23,19
1985-01-24,10
1985-01-25,23
1985-01-26,8
1985-01-27,3
1985-01-28,34
1985-01-29,13
1985-01-30,17
1985-01-31,19
1985-02-01,25
1985-02-02,12
1985-02-03,1
1985-02-04,27
1985-02-05,33
1985-02-06,8
1985-02-07,5
1985-02-08,8
1985-02-09,1
1985-02-10,2
1985-02-11,10
1985-02-12,5
1985-02-13,4
1985-02-14,3
1985-02-15,9
1985-02-16,1
1985-02-17,1
1985-02-18,1
1985-02-19,10
1985-02-20,8
1985-02-21,3
1985-02-22,11
1985-02-25,13
1985-02-26,28
1985-02-27,62
1985-02-28,15
1985-03-01,21
1985-03-02,1
1985-03-03,3
1985-03-04,27
1985-03-05,9
1985-03-06,17
1985-03-07,15
1985-03-08,32
1985-03-10,4
1985-03-11,55
1985-03-12,66
1985-03-13,5
1985-03-14,4
1985-03-15,1
1985-03-18,5
1985-03-19,5
1985-03-20,2
1985-03-21,1
1985-03-23,1
1985-03-26,1
1985-03-28,1
1985-03-29,1
1985-04-01,3
1985-04-02,4
1985-04-03,44
1985-04-04,10
1985-04-05,10
1985-04-06,2
1985-04-07,2
1985-04-08,11
1985-04-09,6
1985-04-10,10
1985-04-11,11
1985-04-12,4
1985-04-13,6
1985-04-15,10
1985-04-16,3
1985-04-17,2
1985-04-18,1
1985-04-19,10
1985-04-22,6
1985-04-23,5
1985-04-24,5
1985-04-25,6
1985-04-26,4
1985-04-29,6
1985-04-30,3
1985-05-01,2
1985-05-02,1
1985-05-03,4
1985-05-05,1
1985-05-06,4
1985-05-07,3
1985-05-08,2
1985-05-09,3
1985-05-10,3
1985-05-13,6
1985-05-14,10
1985-05-15,3
1985-05-16,4
1985-05-17,1
1985-05-20,3
1985-05-21,3
1985-05-22,3
1985-05-23,3
1985-05-24,2
1985-05-27,1
1985-05-28,1
1985-05-29,5
1985-05-30,5
1985-05-31,7
1985-06-01,3
1985-06-02,1
1985-06-03,3
1985-06-04,3
1985-06-05,4
1985-06-07,8
1985-06-10,5
1985-06-11,3
1985-06-13,1
1985-06-14,4
1985-06-15,1
1985-06-16,1
1985-06-17,3
1985-06-18,3
1985-06-19,3
1985-06-20,3
1985-06-21,8
1985-06-23,1
1985-06-24,3
1985-06-25,9
1985-06-26,4
1985-06-27,10
1985-06-28,13
1985-06-29,5
1985-06-30,8
1985-07-01,4
1985-07-02,3
1985-07-03,4
1985-07-05,1
1985-07-06,7
1985-07-07,2
1985-07-08,10
1985-07-09,7
1985-07-10,7
1985-07-11,1
1985-07-12,4
1985-07-14,3
1985-07-15,9
1985-07-16,1
1985-07-17,4
1985-07-18,2
1985-07-19,3
1985-07-20,2
1985-07-22,2
1985-07-23,4
1985-07-24,7
1985-07-25,8
1985-07-26,7
1985-07-27,1
1985-07-28,1
1985-07-29,5
1985-07-30,8
1985-07-31,5
1985-08-01,2
1985-08-02,4
1985-08-05,3
1985-08-06,7
1985-08-07,2
1985-08-08,6
1985-08-09,3
1985-08-10,1
1985-08-11,1
1985-08-12,7
1985-08-13,3
1985-08-14,13
1985-08-15,10
1985-08-16,3
1985-08-18,3
1985-08-19,6
1985-08-20,4
1985-08-21,2
1985-08-22,2
1985-08-23,4
1985-08-26,6
1985-08-27,11
1985-08-28,7
1985-08-29,7
1985-08-30,7
1985-08-31,3
1985-09-03,3
1985-09-04,3
1985-09-05,4
1985-09-06,7
1985-09-07,2
1985-09-09,4
1985-09-10,7
1985-09-11,3
1985-09-12,3
1985-09-13,7
1985-09-14,5
1985-09-16,3
1985-09-17,6
1985-09-18,6
1985-09-19,8
1985-09-20,4
1985-09-21,1
1985-09-23,10
1985-09-24,14
1985-09-25,4
1985-09-26,3
1985-09-27,10
1985-09-30,8
1985-10-01,8
1985-10-02,10
1985-10-03,8
1985-10-04,9
1985-10-06,1
1985-10-07,8
1985-10-08,5
1985-10-09,2
1985-10-10,6
1985-10-11,8
1985-10-12,1
1985-10-14,1
1985-10-15,5
1985-10-16,2
1985-10-17,3
1985-10-18,2
1985-10-19,1
1985-10-21,12
1985-10-22,2
1985-10-23,10
1985-10-24,4
1985-10-25,9
1985-10-27,1
1985-10-28,9
1985-10-29,11
1985-10-30,8
1985-10-31,10
1985-11-01,12
1985-11-03,5
1985-11-04,9
1985-11-05,5
1985-11-06,8
1985-11-07,8
1985-11-08,5
1985-11-11,2
1985-11-12,4
1985-11-13,1
1985-11-14,6
1985-11-15,3
1985-11-18,11
1985-11-19,2
1985-11-20,4
1985-11-21,5
1985-11-22,6
1985-11-23,3
1985-11-25,4
1985-11-26,5
1985-11-27,1
1985-12-01,1
1985-12-02,5
1985-12-03,2
1985-12-04,5
1985-12-05,3
1985-12-06,6
1985-12-09,10
1985-12-10,4
1985-12-11,7
1985-12-12,6
1985-12-13,3
1985-12-16,4
1985-12-18,5
1985-12-19,4
1985-12-20,3
1985-12-23,4
1985-12-24,1
1985-12-26,5
1985-12-27,4
1985-12-30,7
1985-12-31,3
1986-01-01,2
1986-01-02,3
1986-01-03,4
1986-01-04,1
1986-01-06,5
1986-01-07,6
1986-01-08,8
1986-01-09,10
1986-01-10,8
1986-01-11,3
1986-01-12,2
1986-01-13,8
1986-01-14,3
1986-01-15,6
1986-01-16,12
1986-01-17,31
1986-01-18,7
1986-01-20,16
1986-01-21,10
1986-01-22,12
1986-01-23,20
1986-01-24,5
1986-01-25,1
1986-01-26,1
1986-01-27,6
1986-01-28,11
1986-01-29,5
1986-01-30,4
1986-01-31,17
1986-02-01,2
1986-02-02,3
1986-02-03,10
1986-02-04,23
1986-02-05,10
1986-02-06,14
1986-02-07,20
1986-02-08,13
1986-02-09,8
1986-02-10,11
1986-02-11,16
1986-02-12,8
1986-02-13,11
1986-02-14,14
1986-02-15,2
1986-02-17,2
1986-02-18,20
1986-02-19,12
1986-02-20,7
1986-02-21,8
1986-02-22,4
1986-02-23,1
1986-02-24,9
1986-02-25,8
1986-02-26,23
1986-02-27,12
1986-02-28,16
1986-03-01,1
1986-03-02,1
1986-03-03,11
1986-03-04,13
1986-03-05,11
1986-03-06,21
1986-03-07,15
1986-03-08,8
1986-03-09,1
1986-03-10,34
1986-03-11,21
1986-03-12,3
1986-03-13,8
1986-03-14,14
1986-03-15,5
1986-03-17,14
1986-03-18,8
1986-03-19,12
1986-03-20,9
1986-03-21,5
1986-03-22,4
1986-03-24,16
1986-03-25,11
1986-03-26,13
1986-03-27,6
1986-03-28,7
1986-03-31,9
1986-04-01,23
1986-04-02,11
1986-04-03,12
1986-04-04,13
1986-04-05,1
1986-04-06,1
1986-04-07,14
1986-04-08,8
1986-04-09,14
1986-04-10,4
1986-04-11,18
1986-04-12,9
1986-04-14,11
1986-04-15,12
1986-04-16,12
1986-04-17,15
1986-04-18,18
1986-04-19,2
1986-04-20,2
1986-04-21,20
1986-04-22,8
1986-04-23,16
1986-04-24,20
1986-04-25,10
1986-04-26,2
1986-04-28,38
1986-04-29,24
1986-04-30,12
1986-05-01,16
1986-05-02,14
1986-05-03,2
1986-05-05,8
1986-05-06,13
1986-05-07,7
1986-05-08,6
1986-05-09,8
1986-05-11,2
1986-05-12,12
1986-05-13,13
1986-05-14,10
1986-05-15,8
1986-05-16,8
1986-05-17,4
1986-05-19,17
1986-05-20,9
1986-05-21,11
1986-05-22,15
1986-05-23,12
1986-05-24,3
1986-05-27,19
1986-05-28,19
1986-05-29,21
1986-05-30,15
1986-05-31,1
1986-06-02,19
1986-06-03,27
1986-06-04,39
1986-06-05,18
1986-06-06,18
1986-06-07,3
1986-06-08,2
1986-06-09,42
1986-06-10,27
1986-06-11,18
1986-06-12,19
1986-06-13,16
1986-06-14,1
1986-06-15,2
1986-06-16,18
1986-06-17,16
1986-06-18,31
1986-06-19,16
1986-06-20,30
1986-06-21,20
1986-06-22,11
1986-06-23,29
1986-06-24,34
1986-06-25,31
1986-06-26,34
1986-06-27,45
1986-06-28,28
1986-06-29,18
1986-06-30,41
1986-07-01,45
1986-07-02,34
1986-07-03,40
1986-07-04,18
1986-07-05,28
1986-07-06,8
1986-07-07,76
1986-07-08,60
1986-07-09,108
1986-07-10,128
1986-07-11,224
1986-07-12,58
1986-07-13,46
1986-07-14,387
1986-07-15,728
1986-07-16,8
1986-07-17,8
1986-07-18,23
1986-07-20,9
1986-07-21,6
1986-07-22,17
1986-07-23,11
1986-07-24,4
1986-07-25,4
1986-07-27,1
1986-07-28,3
1986-07-29,4
1986-07-30,3
1986-07-31,2
1986-08-01,9
1986-08-04,6
1986-08-05,31
1986-08-06,147
1986-08-07,34
1986-08-08,37
1986-08-09,11
1986-08-10,2
1986-08-11,32
1986-08-12,39
1986-08-13,31
1986-08-14,36
1986-08-15,17
1986-08-16,3
1986-08-17,2
1986-08-18,34
1986-08-19,35
1986-08-20,43
1986-08-21,41
1986-08-22,23
1986-08-23,5
1986-08-25,27
1986-08-26,26
1986-08-27,15
1986-08-28,23
1986-08-29,23
1986-08-30,1
1986-08-31,2
1986-09-01,4
1986-09-02,28
1986-09-03,24
1986-09-04,17
1986-09-05,25
1986-09-06,5
1986-09-07,1
1986-09-08,25
1986-09-09,49
1986-09-10,31
1986-09-11,26
1986-09-12,46
1986-09-13,9
1986-09-14,5
1986-09-15,44
1986-09-16,33
1986-09-17,44
1986-09-18,26
1986-09-19,32
1986-09-20,51
1986-09-21,12
1986-09-22,51
1986-09-23,60
1986-09-24,57
1986-09-25,57
1986-09-26,69
1986-09-27,87
1986-09-28,18
1986-09-29,54
1986-09-30,65
1986-10-01,86
1986-10-02,52
1986-10-03,86
1986-10-04,107
1986-10-05,11
1986-10-06,122
1986-10-07,120
1986-10-08,159
1986-10-09,161
1986-10-10,280
1986-10-11,134
1986-10-12,63
1986-10-13,404
1986-10-14,1206
1986-10-15,6
1986-10-16,19
1986-10-17,43
1986-10-18,11
1986-10-19,3
1986-10-20,17
1986-10-21,15
1986-10-22,1
1986-10-23,1
1986-10-24,4
1986-10-27,1
1986-10-28,4
1986-10-29,1
1986-10-30,4
1986-10-31,5
1986-11-01,1
1986-11-02,3
1986-11-03,2
1986-11-04,20
1986-11-05,87
1986-11-06,15
1986-11-07,13
1986-11-08,3
1986-11-09,1
1986-11-10,15
1986-11-11,11
1986-11-12,13
1986-11-13,10
1986-11-14,17
1986-11-15,1
1986-11-16,1
1986-11-17,13
1986-11-18,21
1986-11-19,9
1986-11-20,18
1986-11-21,11
1986-11-24,14
1986-11-25,12
1986-11-26,4
1986-11-29,1
1986-12-01,18
1986-12-02,11
1986-12-03,15
1986-12-04,8
1986-12-05,4
1986-12-06,2
1986-12-07,3
1986-12-08,11
1986-12-09,12
1986-12-10,5
1986-12-11,9
1986-12-12,9
1986-12-15,11
1986-12-16,8
1986-12-17,6
1986-12-18,4
1986-12-19,9
1986-12-20,3
1986-12-21,1
1986-12-22,8
1986-12-23,14
1986-12-24,1
1986-12-26,7
1986-12-27,3
1986-12-28,3
1986-12-29,16
1986-12-30,11
1986-12-31,8
1987-01-01,2
1987-01-02,10
1987-01-03,7
1987-01-04,2
1987-01-05,22
1987-01-06,21
1987-01-07,9
1987-01-08,15
1987-01-09,7
1987-01-10,3
1987-01-12,27
1987-01-13,20
1987-01-14,11
1987-01-15,23
1987-01-16,12
1987-01-17,2
1987-01-18,1
1987-01-19,11
1987-01-20,18
1987-01-21,18
1987-01-22,14
1987-01-23,25
1987-01-24,3
1987-01-25,2
1987-01-26,31
1987-01-27,29
1987-01-28,20
1987-01-29,22
1987-01-30,27
1987-01-31,6
1987-02-01,1
1987-02-02,47
1987-02-03,45
1987-02-04,50
1987-02-05,31
1987-02-06,63
1987-02-07,34
1987-02-08,5
1987-02-09,134
1987-02-10,167
1987-02-11,3
1987-02-12,11
1987-02-13,3
1987-02-14,2
1987-02-15,8
1987-02-16,2
1987-02-17,9
1987-02-18,9
1987-02-19,3
1987-02-20,9
1987-02-21,1
1987-02-22,3
1987-02-23,9
1987-02-24,7
1987-02-25,4
1987-02-26,7
1987-02-27,8
1987-03-01,1
1987-03-02,7
1987-03-03,17
1987-03-04,144
1987-03-05,44
1987-03-06,41
1987-03-07,11
1987-03-08,8
1987-03-09,46
1987-03-10,29
1987-03-11,36
1987-03-12,32
1987-03-13,51
1987-03-14,13
1987-03-15,5
1987-03-16,108
1987-03-17,136
1987-03-18,5
1987-03-19,2
1987-03-20,1
1987-03-21,2
1987-03-23,4
1987-03-24,3
1987-03-25,4
1987-03-26,4
1987-03-27,2
1987-03-30,8
1987-03-31,5
1987-04-01,2
1987-04-02,3
1987-04-03,1
1987-04-04,1
1987-04-06,4
1987-04-07,5
1987-04-08,111
1987-04-09,19
1987-04-10,23
1987-04-12,3
1987-04-13,17
1987-04-14,14
1987-04-15,15
1987-04-16,17
1987-04-17,12
1987-04-18,1
1987-04-19,1
1987-04-20,6
1987-04-21,10
1987-04-22,4
1987-04-23,15
1987-04-24,6
1987-04-27,14
1987-04-28,10
1987-04-29,7
1987-04-30,16
1987-05-01,10
1987-05-03,2
1987-05-04,7
1987-05-05,6
1987-05-06,5
1987-05-07,7
1987-05-08,4
1987-05-09,2
1987-05-11,8
1987-05-12,11
1987-05-13,4
1987-05-14,6
1987-05-15,5
1987-05-16,1
1987-05-18,13
1987-05-19,10
1987-05-20,6
1987-05-21,5
1987-05-22,5
1987-05-23,1
1987-05-24,1
1987-05-25,2
1987-05-26,7
1987-05-27,11
1987-05-28,5
1987-05-29,15
1987-05-30,2
1987-05-31,2
1987-06-01,12
1987-06-02,4
1987-06-03,3
1987-06-04,12
1987-06-05,5
1987-06-06,2
1987-06-07,1
1987-06-08,9
1987-06-09,11
1987-06-10,8
1987-06-11,7
1987-06-12,6
1987-06-13,3
1987-06-15,7
1987-06-16,9
1987-06-17,5
1987-06-18,7
1987-06-19,5
1987-06-20,1
1987-06-21,3
1987-06-22,6
1987-06-23,5
1987-06-24,18
1987-06-25,3
1987-06-26,6
1987-06-27,1
1987-06-28,2
1987-06-29,5
1987-06-30,11
1987-07-01,11
1987-07-02,7
1987-07-03,14
1987-07-04,19
1987-07-06,12
1987-07-07,17
1987-07-08,4
1987-07-09,5
1987-07-10,2
1987-07-11,1
1987-07-12,1
1987-07-13,12
1987-07-14,3
1987-07-15,9
1987-07-16,11
1987-07-17,18
1987-07-18,2
1987-07-20,8
1987-07-21,16
1987-07-22,5
1987-07-23,9
1987-07-24,13
1987-07-25,2
1987-07-27,9
1987-07-28,15
1987-07-29,3
1987-07-30,13
1987-07-31,14
1987-08-02,1
1987-08-03,8
1987-08-04,8
1987-08-05,14
1987-08-06,5
1987-08-07,8
1987-08-08,3
1987-08-09,1
1987-08-10,13
1987-08-11,14
1987-08-12,4
1987-08-13,8
1987-08-14,2
1987-08-15,3
1987-08-16,1
1987-08-17,8
1987-08-18,7
1987-08-19,9
1987-08-20,3
1987-08-21,9
1987-08-22,3
1987-08-23,3
1987-08-24,18
1987-08-25,4
1987-08-26,5
1987-08-27,6
1987-08-28,3
1987-08-29,5
1987-08-30,1
1987-08-31,9
1987-09-01,9
1987-09-02,73
1987-09-03,11
1987-09-04,7
1987-09-05,1
1987-09-08,25
1987-09-09,25
1987-09-10,25
1987-09-11,15
1987-09-12,7
1987-09-13,4
1987-09-14,25
1987-09-15,23
1987-09-16,11
1987-09-17,24
1987-09-18,20
1987-09-19,3
1987-09-20,3
1987-09-21,28
1987-09-22,24
1987-09-23,15
1987-09-24,23
1987-09-25,35
1987-09-26,2
1987-09-28,31
1987-09-29,36
1987-09-30,28
1987-10-01,8
1987-10-02,25
1987-10-03,1
1987-10-05,22
1987-10-06,13
1987-10-07,24
1987-10-08,25
1987-10-09,27
1987-10-10,6
1987-10-11,1
1987-10-12,12
1987-10-13,46
1987-10-14,30
1987-10-15,21
1987-10-16,18
1987-10-17,6
1987-10-18,1
1987-10-19,36
1987-10-20,67
1987-10-21,18
1987-10-22,14
1987-10-23,19
1987-10-24,1
1987-10-26,16
1987-10-27,9
1987-10-28,12
1987-10-29,3
1987-10-30,13
1987-11-01,6
1987-11-02,13
1987-11-03,15
1987-11-04,14
1987-11-05,13
1987-11-06,9
1987-11-07,2
1987-11-09,14
1987-11-10,16
1987-11-11,91
1987-11-12,23
1987-11-13,14
1987-11-14,1
1987-11-16,34
1987-11-17,34
1987-11-18,17
1987-11-19,10
1987-11-20,5
1987-11-21,3
1987-11-22,1
1987-11-23,18
1987-11-24,13
1987-11-25,14
1987-11-26,2
1987-11-30,26
1987-12-01,23
1987-12-02,11
1987-12-03,9
1987-12-04,4
1987-12-05,5
1987-12-07,21
1987-12-08,7
1987-12-09,8
1987-12-10,17
1987-12-11,8
1987-12-12,1
1987-12-14,10
1987-12-15,6
1987-12-16,6
1987-12-17,15
1987-12-18,6
1987-12-19,1
1987-12-21,10
1987-12-22,10
1987-12-23,11
1987-12-24,2
1987-12-26,3
1987-12-28,19
1987-12-29,26
1987-12-30,15
1987-12-31,25
1988-01-01,5
1988-01-02,2
1988-01-03,1
1988-01-04,17
1988-01-05,19
1988-01-06,33
1988-01-07,14
1988-01-08,29
1988-01-09,6
1988-01-10,1
1988-01-11,39
1988-01-12,54
1988-01-13,22
1988-01-14,31
1988-01-15,27
1988-01-16,2
1988-01-17,3
1988-01-18,13
1988-01-19,36
1988-01-20,28
1988-01-21,35
1988-01-22,27
1988-01-23,14
1988-01-24,2
1988-01-25,27
1988-01-26,33
1988-01-27,33
1988-01-28,36
1988-01-29,52
1988-01-30,8
1988-02-01,62
1988-02-02,48
1988-02-03,108
1988-02-04,34
1988-02-05,56
1988-02-06,35
1988-02-07,8
1988-02-08,58
1988-02-09,79
1988-02-10,34
1988-02-11,35
1988-02-12,46
1988-02-13,7
1988-02-14,2
1988-02-15,12
1988-02-16,67
1988-02-17,74
1988-02-18,47
1988-02-19,50
1988-02-20,7
1988-02-21,6
1988-02-22,46
1988-02-23,45
1988-02-24,47
1988-02-25,38
1988-02-26,43
1988-02-27,5
1988-02-28,13
1988-02-29,47
1988-03-01,59
1988-03-02,45
1988-03-03,44
1988-03-04,28
1988-03-05,15
1988-03-06,12
1988-03-07,44
1988-03-08,74
1988-03-09,60
1988-03-10,40
1988-03-11,66
1988-03-12,19
1988-03-13,7
1988-03-14,87
1988-03-15,73
1988-03-16,34
1988-03-17,21
1988-03-18,41
1988-03-19,10
1988-03-20,6
1988-03-21,37
1988-03-22,32
1988-03-23,31
1988-03-24,18
1988-03-25,34
1988-03-26,24
1988-03-27,2
1988-03-28,32
1988-03-29,51
1988-03-30,36
1988-03-31,24
1988-04-01,27
1988-04-02,3
1988-04-03,2
1988-04-04,17
1988-04-05,21
1988-04-06,60
1988-04-07,27
1988-04-08,22
1988-04-09,3
1988-04-10,1
1988-04-11,17
1988-04-12,18
1988-04-13,16
1988-04-14,32
1988-04-15,22
1988-04-16,3
1988-04-18,21
1988-04-19,17
1988-04-20,22
1988-04-21,17
1988-04-22,26
1988-04-23,5
1988-04-24,3
1988-04-25,37
1988-04-26,27
1988-04-27,26
1988-04-28,58
1988-04-29,31
1988-04-30,3
1988-05-01,7
1988-05-02,28
1988-05-03,37
1988-05-04,17
1988-05-05,22
1988-05-06,19
1988-05-07,9
1988-05-08,1
1988-05-09,15
1988-05-10,36
1988-05-11,23
1988-05-12,29
1988-05-13,33
1988-05-14,2
1988-05-15,3
1988-05-16,31
1988-05-17,25
1988-05-18,16
1988-05-19,31
1988-05-20,17
1988-05-21,5
1988-05-23,27
1988-05-24,28
1988-05-25,18
1988-05-26,31
1988-05-27,20
1988-05-28,14
1988-05-30,2
1988-05-31,43
1988-06-01,31
1988-06-02,29
1988-06-03,25
1988-06-04,8
1988-06-05,4
1988-06-06,28
1988-06-07,30
1988-06-08,30
1988-06-09,33
1988-06-10,36
1988-06-11,2
1988-06-12,1
1988-06-13,37
1988-06-14,28
1988-06-15,49
1988-06-16,39
1988-06-17,62
1988-06-18,47
1988-06-19,10
1988-06-20,71
1988-06-21,71
1988-06-22,65
1988-06-23,42
1988-06-24,73
1988-06-25,89
1988-06-26,20
1988-06-27,65
1988-06-28,61
1988-06-29,81
1988-06-30,84
1988-07-01,91
1988-07-02,82
1988-07-03,46
1988-07-04,11
1988-07-05,112
1988-07-06,96
1988-07-07,131
1988-07-08,242
1988-07-09,119
1988-07-10,38
1988-07-11,400
1988-07-12,665
1988-07-13,7
1988-07-14,13
1988-07-15,15
1988-07-16,2
1988-07-18,31
1988-07-19,2
1988-07-20,2
1988-07-21,7
1988-07-22,1
1988-07-23,1
1988-07-24,2
1988-07-25,7
1988-07-26,2
1988-07-27,8
1988-07-28,7
1988-07-29,5
1988-07-30,1
1988-07-31,4
1988-08-01,8
1988-08-02,76
1988-08-03,419
1988-08-04,64
1988-08-05,83
1988-08-06,18
1988-08-08,80
1988-08-09,66
1988-08-10,42
1988-08-11,53
1988-08-12,48
1988-08-13,6
1988-08-14,6
1988-08-15,81
1988-08-16,66
1988-08-17,86
1988-08-18,62
1988-08-19,81
1988-08-20,15
1988-08-21,7
1988-08-22,72
1988-08-23,53
1988-08-24,78
1988-08-25,73
1988-08-26,66
1988-08-27,24
1988-08-28,2
1988-08-29,68
1988-08-30,64
1988-08-31,98
1988-09-01,58
1988-09-02,68
1988-09-03,14
1988-09-04,8
1988-09-05,15
1988-09-06,76
1988-09-07,85
1988-09-08,74
1988-09-09,178
1988-09-10,99
1988-09-11,8
1988-09-12,100
1988-09-13,68
1988-09-14,109
1988-09-15,118
1988-09-16,98
1988-09-17,86
1988-09-18,22
1988-09-19,107
1988-09-20,114
1988-09-21,93
1988-09-22,91
1988-09-23,123
1988-09-24,96
1988-09-25,25
1988-09-26,154
1988-09-27,138
1988-09-28,142
1988-09-29,142
1988-09-30,142
1988-10-01,85
1988-10-02,22
1988-10-03,192
1988-10-04,173
1988-10-05,190
1988-10-06,214
1988-10-07,208
1988-10-08,127
1988-10-09,23
1988-10-10,245
1988-10-11,305
1988-10-12,363
1988-10-13,364
1988-10-14,627
1988-10-15,296
1988-10-16,86
1988-10-17,1163
1988-10-18,1729
1988-10-19,26
1988-10-20,10
1988-10-21,12
1988-10-22,1
1988-10-24,9
1988-10-25,11
1988-10-26,3
1988-10-27,1
1988-10-31,3
1988-11-01,3
1988-11-02,3
1988-11-03,2
1988-11-04,3
1988-11-06,1
1988-11-07,2
1988-11-08,5
1988-11-09,111
1988-11-10,10
1988-11-11,3
1988-11-12,2
1988-11-13,1
1988-11-14,12
1988-11-15,13
1988-11-16,13
1988-11-17,7
1988-11-18,10
1988-11-20,1
1988-11-21,11
1988-11-22,8
1988-11-23,13
1988-11-25,3
1988-11-26,2
1988-11-28,13
1988-11-29,8
1988-11-30,11
1988-12-01,21
1988-12-02,6
1988-12-05,15
1988-12-06,10
1988-12-07,20
1988-12-08,8
1988-12-09,11
1988-12-12,17
1988-12-13,17
1988-12-14,15
1988-12-15,9
1988-12-16,4
1988-12-17,3
1988-12-19,14
1988-12-20,26
1988-12-21,18
1988-12-22,8
1988-12-23,10
1988-12-24,1
1988-12-26,1
1988-12-27,33
1988-12-28,37
1988-12-29,24
1988-12-30,22
1988-12-31,7
1989-01-01,9
1989-01-02,14
1989-01-03,33
1989-01-04,22
1989-01-05,19
1989-01-06,24
1989-01-07,1
1989-01-08,5
1989-01-09,34
1989-01-10,29
1989-01-11,16
1989-01-12,21
1989-01-13,24
1989-01-14,14
1989-01-15,11
1989-01-16,19
1989-01-17,36
1989-01-18,19
1989-01-19,15
1989-01-20,17
1989-01-21,6
1989-01-22,2
1989-01-23,41
1989-01-24,23
1989-01-25,25
1989-01-26,37
1989-01-27,24
1989-01-28,6
1989-01-29,2
1989-01-30,26
1989-01-31,21
1989-02-01,20
1989-02-02,23
1989-02-03,16
1989-02-04,13
1989-02-05,6
1989-02-06,43
1989-02-07,78
1989-02-08,6
1989-02-09,2
1989-02-10,6
1989-02-11,1
1989-02-12,1
1989-02-13,6
1989-02-14,7
1989-02-15,3
1989-02-16,2
1989-02-17,9
1989-02-18,4
1989-02-19,1
1989-02-20,4
1989-02-21,9
1989-02-22,11
1989-02-23,7
1989-02-24,6
1989-02-25,1
1989-02-26,3
1989-02-27,13
1989-02-28,12
1989-03-01,111
1989-03-02,20
1989-03-03,40
1989-03-04,9
1989-03-05,3
1989-03-06,34
1989-03-07,43
1989-03-08,23
1989-03-09,39
1989-03-10,32
1989-03-11,36
1989-03-12,5
1989-03-13,71
1989-03-14,138
1989-03-15,10
1989-03-16,1
1989-03-17,2
1989-03-19,1
1989-03-21,1
1989-03-22,4
1989-03-23,1
1989-03-27,7
1989-03-28,2
1989-03-29,2
1989-03-31,5
1989-04-01,3
1989-04-03,7
1989-04-04,7
1989-04-05,120
1989-04-06,18
1989-04-07,13
1989-04-08,1
1989-04-10,15
1989-04-11,16
1989-04-12,15
1989-04-13,14
1989-04-14,7
1989-04-15,3
1989-04-16,2
1989-04-17,14
1989-04-18,18
1989-04-19,8
1989-04-20,13
1989-04-21,9
1989-04-24,14
1989-04-25,7
1989-04-26,7
1989-04-27,12
1989-04-28,11
1989-04-29,2
1989-05-01,17
1989-05-02,7
1989-05-03,14
1989-05-04,7
1989-05-05,6
1989-05-06,4
1989-05-08,10
1989-05-09,6
1989-05-10,5
1989-05-11,10
1989-05-12,8
1989-05-13,1
1989-05-14,2
1989-05-15,9
1989-05-16,18
1989-05-17,8
1989-05-18,10
1989-05-19,7
1989-05-20,1
1989-05-22,11
1989-05-23,4
1989-05-24,8
1989-05-25,11
1989-05-26,4
1989-05-27,2
1989-05-28,1
1989-05-30,14
1989-05-31,11
1989-06-01,10
1989-06-02,12
1989-06-03,1
1989-06-04,1
1989-06-05,10
1989-06-06,5
1989-06-07,26
1989-06-08,4
1989-06-09,7
1989-06-11,2
1989-06-12,6
1989-06-13,8
1989-06-14,7
1989-06-15,9
1989-06-16,9
1989-06-17,1
1989-06-18,1
1989-06-19,13
1989-06-20,11
1989-06-21,9
1989-06-22,4
1989-06-23,3
1989-06-24,1
1989-06-26,19
1989-06-27,8
1989-06-28,23
1989-06-29,16
1989-06-30,14
1989-07-01,10
1989-07-02,13
1989-07-03,15
1989-07-05,16
1989-07-06,7
1989-07-07,11
1989-07-08,2
1989-07-10,14
1989-07-11,10
1989-07-12,11
1989-07-13,12
1989-07-14,4
1989-07-16,4
1989-07-17,10
1989-07-18,12
1989-07-19,10
1989-07-20,11
1989-07-21,10
1989-07-23,3
1989-07-24,7
1989-07-25,17
1989-07-26,12
1989-07-27,7
1989-07-28,5
1989-07-29,2
1989-07-31,5
1989-08-01,11
1989-08-02,9
1989-08-03,8
1989-08-04,11
1989-08-06,1
1989-08-07,12
1989-08-08,13
1989-08-09,11
1989-08-10,10
1989-08-11,6
1989-08-12,1
1989-08-14,8
1989-08-15,13
1989-08-16,10
1989-08-17,6
1989-08-18,16
1989-08-19,3
1989-08-20,2
1989-08-21,16
1989-08-22,18
1989-08-23,10
1989-08-24,12
1989-08-25,16
1989-08-26,3
1989-08-28,21
1989-08-29,19
1989-08-30,12
1989-08-31,12
1989-09-01,21
1989-09-02,4
1989-09-03,3
1989-09-04,3
1989-09-05,10
1989-09-06,13
1989-09-07,18
1989-09-08,9
1989-09-09,3
1989-09-10,1
1989-09-11,14
1989-09-12,12
1989-09-13,10
1989-09-14,16
1989-09-15,13
1989-09-17,1
1989-09-18,18
1989-09-19,12
1989-09-20,7
1989-09-21,7
1989-09-22,9
1989-09-23,2
1989-09-24,7
1989-09-25,17
1989-09-26,11
1989-09-27,7
1989-09-28,8
1989-09-29,11
1989-09-30,3
1989-10-02,13
1989-10-03,8
1989-10-04,15
1989-10-05,12
1989-10-06,11
1989-10-07,3
1989-10-09,9
1989-10-10,13
1989-10-11,8
1989-10-12,9
1989-10-13,5
1989-10-14,4
1989-10-16,18
1989-10-17,9
1989-10-18,11
1989-10-19,8
1989-10-20,5
1989-10-21,1
1989-10-22,1
1989-10-23,13
1989-10-24,7
1989-10-25,12
1989-10-26,5
1989-10-27,14
1989-10-28,1
1989-10-30,10
1989-10-31,12
1989-11-01,15
1989-11-02,9
1989-11-03,11
1989-11-04,3
1989-11-05,2
1989-11-06,16
1989-11-07,13
1989-11-08,17
1989-11-09,18
1989-11-10,7
1989-11-11,1
1989-11-12,2
1989-11-13,6
1989-11-14,13
1989-11-15,6
1989-11-16,7
1989-11-17,9
1989-11-18,5
1989-11-19,2
1989-11-20,13
1989-11-21,16
1989-11-22,10
1989-11-24,5
1989-11-25,1
1989-11-26,1
1989-11-27,12
1989-11-28,11
1989-11-29,6
1989-11-30,10
1989-12-01,7
1989-12-02,6
1989-12-04,14
1989-12-05,22
1989-12-06,15
1989-12-07,8
1989-12-08,8
1989-12-09,8
1989-12-10,4
1989-12-11,13
1989-12-12,9
1989-12-13,4
1989-12-14,6
1989-12-15,5
1989-12-16,1
1989-12-17,2
1989-12-18,4
1989-12-19,9
1989-12-20,6
1989-12-21,7
1989-12-22,4
1989-12-26,14
1989-12-27,6
1989-12-28,9
1989-12-29,13
1989-12-30,4
1989-12-31,1
1990-01-01,7
1990-01-02,17
1990-01-03,16
1990-01-04,12
1990-01-05,8
1990-01-06,2
1990-01-07,4
1990-01-08,13
1990-01-09,24
1990-01-10,18
1990-01-11,17
1990-01-12,16
1990-01-13,3
1990-01-14,1
1990-01-15,12
1990-01-16,22
1990-01-17,17
1990-01-18,18
1990-01-19,9
1990-01-20,4
1990-01-21,4
1990-01-22,17
1990-01-23,14
1990-01-24,25
1990-01-25,10
1990-01-26,15
1990-01-27,1
1990-01-28,1
1990-01-29,14
1990-01-30,43
1990-01-31,24
1990-02-01,63
1990-02-02,55
1990-02-03,20
1990-02-04,9
1990-02-05,64
1990-02-06,79
1990-02-07,44
1990-02-08,23
1990-02-09,33
1990-02-10,4
1990-02-11,1
1990-02-12,50
1990-02-13,51
1990-02-14,29
1990-02-15,19
1990-02-16,19
1990-02-18,1
1990-02-19,9
1990-02-20,94
1990-02-21,70
1990-02-22,28
1990-02-23,41
1990-02-24,5
1990-02-25,4
1990-02-26,42
1990-02-27,34
1990-02-28,43
1990-03-01,22
1990-03-02,31
1990-03-03,8
1990-03-04,2
1990-03-05,29
1990-03-06,37
1990-03-07,28
1990-03-08,28
1990-03-09,36
1990-03-10,6
1990-03-11,1
1990-03-12,37
1990-03-13,46
1990-03-14,15
1990-03-15,14
1990-03-16,25
1990-03-17,16
1990-03-18,15
1990-03-19,33
1990-03-20,28
1990-03-21,22
1990-03-22,13
1990-03-23,17
1990-03-24,7
1990-03-25,1
1990-03-26,20
1990-03-27,24
1990-03-28,17
1990-03-29,18
1990-03-30,30
1990-03-31,2
1990-04-02,28
1990-04-03,21
1990-04-04,74
1990-04-05,12
1990-04-06,9
1990-04-07,2
1990-04-08,2
1990-04-09,23
1990-04-10,22
1990-04-11,34
1990-04-12,12
1990-04-13,22
1990-04-14,6
1990-04-15,2
1990-04-16,21
1990-04-17,20
1990-04-18,22
1990-04-19,19
1990-04-20,26
1990-04-21,2
1990-04-22,8
1990-04-23,26
1990-04-24,24
1990-04-25,25
1990-04-26,19
1990-04-27,28
1990-04-28,3
1990-04-29,2
1990-04-30,16
1990-05-01,21
1990-05-02,19
1990-05-03,15
1990-05-04,19
1990-05-05,9
1990-05-06,1
1990-05-07,23
1990-05-08,20
1990-05-09,24
1990-05-10,17
1990-05-11,12
1990-05-12,2
1990-05-14,13
1990-05-15,23
1990-05-16,12
1990-05-17,9
1990-05-18,22
1990-05-19,10
1990-05-20,7
1990-05-21,22
1990-05-22,15
1990-05-23,7
1990-05-24,22
1990-05-25,19
1990-05-26,2
1990-05-29,24
1990-05-30,19
1990-05-31,18
1990-06-01,21
1990-06-02,2
1990-06-04,26
1990-06-05,10
1990-06-06,18
1990-06-07,20
1990-06-08,29
1990-06-09,7
1990-06-10,2
1990-06-11,34
1990-06-12,45
1990-06-13,18
1990-06-14,16
1990-06-15,41
1990-06-16,50
1990-06-17,11
1990-06-18,50
1990-06-19,33
1990-06-20,58
1990-06-21,41
1990-06-22,25
1990-06-23,10
1990-06-24,6
1990-06-25,21
1990-06-26,19
1990-06-27,25
1990-06-28,24
1990-06-29,48
1990-06-30,46
1990-07-01,14
1990-07-02,41
1990-07-03,33
1990-07-04,3
1990-07-05,29
1990-07-06,54
1990-07-07,33
1990-07-08,23
1990-07-09,57
1990-07-10,80
1990-07-11,55
1990-07-12,75
1990-07-13,81
1990-07-14,30
1990-07-15,23
1990-07-16,138
1990-07-17,159
1990-07-18,311
1990-07-19,390
1990-07-20,599
1990-07-21,212
1990-07-22,212
1990-07-23,44
1990-07-24,14
1990-07-25,6
1990-07-26,4
1990-07-27,4
1990-07-28,2
1990-07-30,5
1990-07-31,6
1990-08-01,6
1990-08-02,5
1990-08-03,9
1990-08-04,1
1990-08-06,7
1990-08-07,72
1990-08-08,355
1990-08-09,76
1990-08-10,53
1990-08-11,16
1990-08-12,1
1990-08-13,77
1990-08-14,82
1990-08-15,74
1990-08-16,43
1990-08-17,47
1990-08-18,5
1990-08-19,5
1990-08-20,53
1990-08-21,51
1990-08-22,37
1990-08-23,32
1990-08-24,37
1990-08-25,8
1990-08-26,4
1990-08-27,51
1990-08-28,29
1990-08-29,24
1990-08-30,40
1990-08-31,38
1990-09-01,2
1990-09-02,2
1990-09-03,7
1990-09-04,30
1990-09-05,44
1990-09-06,44
1990-09-07,41
1990-09-08,22
1990-09-09,8
1990-09-10,55
1990-09-11,56
1990-09-12,34
1990-09-13,38
1990-09-14,48
1990-09-15,18
1990-09-16,6
1990-09-17,43
1990-09-18,53
1990-09-19,44
1990-09-20,54
1990-09-21,125
1990-09-22,132
1990-09-23,26
1990-09-24,77
1990-09-25,83
1990-09-26,92
1990-09-27,72
1990-09-28,87
1990-09-29,116
1990-09-30,16
1990-10-01,87
1990-10-02,88
1990-10-03,96
1990-10-04,81
1990-10-05,93
1990-10-06,62
1990-10-07,11
1990-10-08,75
1990-10-09,121
1990-10-10,128
1990-10-11,126
1990-10-12,151
1990-10-13,128
1990-10-14,37
1990-10-15,167
1990-10-16,194
1990-10-17,318
1990-10-18,443
1990-10-19,659
1990-10-20,381
1990-10-21,324
1990-10-22,122
1990-10-23,14
1990-10-24,23
1990-10-25,1
1990-10-26,1
1990-10-29,5
1990-10-30,2
1990-11-01,4
1990-11-03,1
1990-11-05,2
1990-11-06,6
1990-11-07,207
1990-11-08,24
1990-11-09,37
1990-11-10,6
1990-11-11,1
1990-11-12,4
1990-11-13,32
1990-11-14,23
1990-11-15,8
1990-11-16,18
1990-11-17,2
1990-11-18,1
1990-11-19,28
1990-11-20,27
1990-11-21,23
1990-11-23,3
1990-11-25,1
1990-11-26,26
1990-11-27,19
1990-11-28,17
1990-11-29,15
1990-11-30,27
1990-12-01,1
1990-12-03,23
1990-12-04,35
1990-12-05,12
1990-12-06,17
1990-12-07,33
1990-12-08,2
1990-12-09,1
1990-12-10,31
1990-12-11,29
1990-12-12,15
1990-12-13,19
1990-12-14,51
1990-12-15,3
1990-12-16,3
1990-12-17,61
1990-12-18,56
1990-12-19,36
1990-12-20,5
1990-12-21,45
1990-12-22,3
1990-12-23,2
1990-12-24,2
1990-12-26,48
1990-12-27,18
1990-12-28,30
1990-12-29,12
1990-12-30,5
1990-12-31,47
1991-01-01,11
1991-01-02,36
1991-01-03,47
1991-01-04,31
1991-01-05,10
1991-01-06,8
1991-01-07,63
1991-01-08,51
1991-01-09,40
1991-01-10,41
1991-01-11,31
1991-01-12,9
1991-01-13,8
1991-01-14,60
1991-01-15,52
1991-01-16,48
1991-01-17,47
1991-01-18,54
1991-01-19,7
1991-01-20,6
1991-01-21,20
1991-01-22,98
1991-01-23,83
1991-01-24,86
1991-01-25,49
1991-01-26,15
1991-01-27,8
1991-01-28,64
1991-01-29,49
1991-01-30,34
1991-01-31,64
1991-02-01,63
1991-02-02,21
1991-02-03,11
1991-02-04,78
1991-02-05,81
1991-02-06,43
1991-02-07,94
1991-02-08,116
1991-02-09,49
1991-02-10,27
1991-02-11,27
1991-02-12,13
1991-02-13,5
1991-02-14,7
1991-02-15,14
1991-02-16,3
1991-02-17,2
1991-02-18,2
1991-02-19,5
1991-02-20,13
1991-02-21,11
1991-02-22,9
1991-02-23,3
1991-02-24,3
1991-02-25,12
1991-02-26,20
1991-02-27,331
1991-02-28,54
1991-03-01,35
1991-03-02,8
1991-03-03,1
1991-03-04,48
1991-03-05,35
1991-03-06,32
1991-03-07,46
1991-03-08,59
1991-03-09,22
1991-03-10,4
1991-03-11,59
1991-03-12,56
1991-03-13,91
1991-03-14,115
1991-03-15,175
1991-03-16,86
1991-03-17,57
1991-03-18,28
1991-03-19,3
1991-03-20,3
1991-03-21,4
1991-03-22,3
1991-03-23,2
1991-03-25,4
1991-03-27,3
1991-03-28,2
1991-03-29,6
1991-03-30,2
1991-04-01,8
1991-04-02,20
1991-04-03,193
1991-04-04,20
1991-04-05,13
1991-04-06,3
1991-04-07,6
1991-04-08,21
1991-04-09,29
1991-04-10,21
1991-04-11,5
1991-04-12,13
1991-04-13,1
1991-04-15,19
1991-04-16,25
1991-04-17,8
1991-04-18,25
1991-04-19,11
1991-04-20,4
1991-04-21,4
1991-04-22,19
1991-04-23,28
1991-04-24,13
1991-04-25,20
1991-04-26,11
1991-04-27,1
1991-04-28,1
1991-04-29,19
1991-04-30,14
1991-05-01,11
1991-05-02,16
1991-05-03,8
1991-05-04,1
1991-05-05,1
1991-05-06,16
1991-05-07,17
1991-05-08,10
1991-05-09,11
1991-05-10,8
1991-05-12,2
1991-05-13,13
1991-05-14,2
1991-05-15,11
1991-05-16,7
1991-05-17,11
1991-05-18,2
1991-05-20,12
1991-05-21,7
1991-05-22,3
1991-05-23,10
1991-05-24,10
1991-05-25,2
1991-05-27,1
1991-05-28,13
1991-05-29,11
1991-05-30,7
1991-05-31,19
1991-06-01,5
1991-06-03,16
1991-06-04,17
1991-06-05,11
1991-06-06,5
1991-06-07,6
1991-06-08,1
1991-06-10,10
1991-06-11,12
1991-06-12,15
1991-06-13,6
1991-06-14,7
1991-06-17,20
1991-06-18,12
1991-06-19,11
1991-06-20,7
1991-06-21,9
1991-06-22,4
1991-06-23,1
1991-06-24,13
1991-06-25,9
1991-06-26,13
1991-06-27,25
1991-06-28,29
1991-06-29,3
1991-06-30,3
1991-07-01,33
1991-07-02,18
1991-07-03,8
1991-07-04,1
1991-07-05,5
1991-07-06,1
1991-07-07,1
1991-07-08,21
1991-07-09,15
1991-07-10,19
1991-07-11,15
1991-07-12,9
1991-07-13,1
1991-07-14,3
1991-07-15,23
1991-07-16,9
1991-07-17,10
1991-07-18,9
1991-07-19,20
1991-07-20,3
1991-07-21,2
1991-07-22,13
1991-07-23,12
1991-07-24,11
1991-07-25,11
1991-07-26,12
1991-07-27,1
1991-07-29,8
1991-07-30,13
1991-07-31,20
1991-08-01,14
1991-08-02,12
1991-08-03,4
1991-08-04,2
1991-08-05,16
1991-08-06,17
1991-08-07,16
1991-08-08,26
1991-08-09,8
1991-08-10,5
1991-08-11,2
1991-08-12,15
1991-08-13,11
1991-08-14,26
1991-08-15,19
1991-08-16,18
1991-08-17,2
1991-08-18,4
1991-08-19,14
1991-08-20,21
1991-08-21,13
1991-08-22,9
1991-08-23,20
1991-08-24,5
1991-08-26,30
1991-08-27,20
1991-08-28,14
1991-08-29,14
1991-08-30,19
1991-08-31,7
1991-09-01,1
1991-09-02,4
1991-09-03,20
1991-09-04,23
1991-09-05,24
1991-09-06,21
1991-09-07,10
1991-09-08,9
1991-09-09,27
1991-09-10,21
1991-09-11,17
1991-09-12,20
1991-09-13,15
1991-09-14,6
1991-09-15,5
1991-09-16,21
1991-09-17,27
1991-09-18,18
1991-09-19,16
1991-09-20,18
1991-09-21,15
1991-09-23,27
1991-09-24,22
1991-09-25,10
1991-09-26,19
1991-09-27,13
1991-09-28,19
1991-09-29,7
1991-09-30,58
1991-10-01,27
1991-10-02,23
1991-10-03,15
1991-10-04,17
1991-10-05,7
1991-10-06,2
1991-10-07,14
1991-10-08,14
1991-10-09,20
1991-10-10,22
1991-10-11,16
1991-10-12,15
1991-10-13,4
1991-10-14,17
1991-10-15,34
1991-10-16,24
1991-10-17,37
1991-10-18,28
1991-10-19,6
1991-10-20,4
1991-10-21,74
1991-10-22,9
1991-10-23,23
1991-10-24,21
1991-10-25,10
1991-10-26,1
1991-10-27,6
1991-10-28,31
1991-10-29,23
1991-10-30,21
1991-10-31,9
1991-11-01,15
1991-11-02,4
1991-11-03,3
1991-11-04,17
1991-11-05,26
1991-11-06,37
1991-11-07,11
1991-11-08,15
1991-11-09,7
1991-11-10,2
1991-11-11,8
1991-11-12,19
1991-11-13,27
1991-11-14,20
1991-11-15,11
1991-11-16,5
1991-11-17,4
1991-11-18,17
1991-11-19,18
1991-11-20,24
1991-11-21,21
1991-11-22,25
1991-11-23,7
1991-11-24,3
1991-11-25,22
1991-11-26,18
1991-11-27,17
1991-11-28,3
1991-11-29,3
1991-11-30,3
1991-12-01,4
1991-12-02,24
1991-12-03,17
1991-12-04,10
1991-12-05,13
1991-12-06,13
1991-12-07,5
1991-12-08,5
1991-12-09,18
1991-12-10,19
1991-12-11,10
1991-12-12,11
1991-12-13,15
1991-12-14,5
1991-12-15,5
1991-12-16,27
1991-12-17,20
1991-12-18,15
1991-12-19,16
1991-12-20,18
1991-12-21,5
1991-12-23,17
1991-12-25,3
1991-12-26,9
1991-12-27,17
1991-12-28,8
1991-12-30,23
1991-12-31,31
1992-01-01,7
1992-01-02,21
1992-01-03,30
1992-01-04,10
1992-01-05,1
1992-01-06,22
1992-01-07,29
1992-01-08,23
1992-01-09,20
1992-01-10,23
1992-01-11,8
1992-01-12,5
1992-01-13,25
1992-01-14,22
1992-01-15,33
1992-01-16,23
1992-01-17,31
1992-01-18,3
1992-01-19,7
1992-01-20,16
1992-01-21,40
1992-01-22,32
1992-01-23,28
1992-01-24,42
1992-01-25,7
1992-01-26,3
1992-01-27,43
1992-01-28,34
1992-01-29,40
1992-01-30,45
1992-01-31,42
1992-02-01,25
1992-02-02,20
1992-02-03,35
1992-02-04,49
1992-02-05,28
1992-02-06,44
1992-02-07,28
1992-02-08,6
1992-02-09,6
1992-02-10,71
1992-02-11,65
1992-02-12,55
1992-02-13,37
1992-02-14,35
1992-02-15,8
1992-02-16,8
1992-02-17,23
1992-02-18,116
1992-02-19,94
1992-02-20,103
1992-02-21,79
1992-02-22,23
1992-02-23,15
1992-02-24,97
1992-02-25,90
1992-02-26,78
1992-02-27,69
1992-02-28,87
1992-02-29,39
1992-03-01,19
1992-03-02,112
1992-03-03,104
1992-03-04,124
1992-03-05,127
1992-03-06,104
1992-03-07,76
1992-03-08,13
1992-03-09,102
1992-03-10,146
1992-03-11,114
1992-03-12,116
1992-03-13,157
1992-03-14,25
1992-03-15,31
1992-03-16,178
1992-03-17,138
1992-03-18,159
1992-03-19,219
1992-03-20,381
1992-03-21,203
1992-03-22,145
1992-03-23,1196
1992-03-24,46
1992-03-25,40
1992-03-26,7
1992-03-27,8
1992-03-28,2
1992-03-29,4
1992-03-30,14
1992-03-31,9
1992-04-01,7
1992-04-02,5
1992-04-03,8
1992-04-04,4
1992-04-05,1
1992-04-06,7
1992-04-07,24
1992-04-08,527
1992-04-09,78
1992-04-10,65
1992-04-11,14
1992-04-12,6
1992-04-13,67
1992-04-14,47
1992-04-15,47
1992-04-16,32
1992-04-17,46
1992-04-18,2
1992-04-19,3
1992-04-20,111
1992-04-21,45
1992-04-22,57
1992-04-23,60
1992-04-24,49
1992-04-25,20
1992-04-26,6
1992-04-27,68
1992-04-28,61
1992-04-29,65
1992-04-30,48
1992-05-01,58
1992-05-02,10
1992-05-03,6
1992-05-04,62
1992-05-05,43
1992-05-06,39
1992-05-07,33
1992-05-08,24
1992-05-09,9
1992-05-10,2
1992-05-11,54
1992-05-12,72
1992-05-13,36
1992-05-14,98
1992-05-15,106
1992-05-16,30
1992-05-17,17
1992-05-18,77
1992-05-19,38
1992-05-20,68
1992-05-21,56
1992-05-22,53
1992-05-23,21
1992-05-24,1
1992-05-25,7
1992-05-26,58
1992-05-27,52
1992-05-28,65
1992-05-29,66
1992-05-30,12
1992-05-31,9
1992-06-01,100
1992-06-02,81
1992-06-03,75
1992-06-04,69
1992-06-05,74
1992-06-06,20
1992-06-07,9
1992-06-08,102
1992-06-09,93
1992-06-10,90
1992-06-11,73
1992-06-12,55
1992-06-13,17
1992-06-14,11
1992-06-15,125
1992-06-16,64
1992-06-17,54
1992-06-18,53
1992-06-19,59
1992-06-20,22
1992-06-21,5
1992-06-22,59
1992-06-23,47
1992-06-24,59
1992-06-25,67
1992-06-26,81
1992-06-27,83
1992-06-28,12
1992-06-29,80
1992-06-30,82
1992-07-01,116
1992-07-02,85
1992-07-03,76
1992-07-04,48
1992-07-05,6
1992-07-06,155
1992-07-07,135
1992-07-08,117
1992-07-09,128
1992-07-10,188
1992-07-11,65
1992-07-12,77
1992-07-13,233
1992-07-14,331
1992-07-15,334
1992-07-16,570
1992-07-17,855
1992-07-18,377
1992-07-19,178
1992-07-20,2247
1992-07-21,84
1992-07-22,54
1992-07-23,31
1992-07-24,15
1992-07-25,4
1992-07-26,2
1992-07-27,17
1992-07-28,3
1992-07-29,12
1992-07-30,12
1992-07-31,7
1992-08-01,4
1992-08-03,10
1992-08-04,146
1992-08-05,767
1992-08-06,89
1992-08-07,71
1992-08-08,29
1992-08-09,9
1992-08-10,128
1992-08-11,82
1992-08-12,70
1992-08-13,124
1992-08-14,94
1992-08-15,33
1992-08-16,7
1992-08-17,103
1992-08-18,115
1992-08-19,80
1992-08-20,107
1992-08-21,178
1992-08-22,38
1992-08-23,3
1992-08-24,196
1992-08-25,185
1992-08-26,106
1992-08-27,103
1992-08-28,117
1992-08-29,29
1992-08-30,11
1992-08-31,141
1992-09-01,119
1992-09-02,138
1992-09-03,76
1992-09-04,77
1992-09-05,101
1992-09-06,24
1992-09-07,21
1992-09-08,152
1992-09-09,119
1992-09-10,124
1992-09-11,125
1992-09-12,84
1992-09-13,18
1992-09-14,176
1992-09-15,159
1992-09-16,209
1992-09-17,190
1992-09-18,246
1992-09-19,165
1992-09-20,53
1992-09-21,169
1992-09-22,217
1992-09-23,279
1992-09-24,253
1992-09-25,221
1992-09-26,207
1992-09-27,89
1992-09-28,296
1992-09-29,241
1992-09-30,304
1992-10-01,296
1992-10-02,340
1992-10-03,368
1992-10-04,68
1992-10-05,435
1992-10-06,345
1992-10-07,385
1992-10-08,488
1992-10-09,454
1992-10-10,516
1992-10-11,148
1992-10-12,627
1992-10-13,831
1992-10-14,1018
1992-10-15,1173
1992-10-16,1811
1992-10-17,1100
1992-10-18,552
1992-10-19,5706
1992-10-20,32
1992-10-21,23
1992-10-22,59
1992-10-23,79
1992-10-24,37
1992-10-25,26
1992-10-26,82
1992-10-27,1
1992-10-28,13
1992-10-29,2
1992-10-30,2
1992-10-31,2
1992-11-01,1
1992-11-02,4
1992-11-03,42
1992-11-04,110
1992-11-05,10
1992-11-06,14
1992-11-07,4
1992-11-09,18
1992-11-10,8
1992-11-11,9
1992-11-12,9
1992-11-13,12
1992-11-14,1
1992-11-15,2
1992-11-16,21
1992-11-17,11
1992-11-18,12
1992-11-19,20
1992-11-20,12
1992-11-21,3
1992-11-22,2
1992-11-23,6
1992-11-24,30
1992-11-25,7
1992-11-28,3
1992-11-30,48
1992-12-01,50
1992-12-02,20
1992-12-03,23
1992-12-04,24
1992-12-05,5
1992-12-06,4
1992-12-07,25
1992-12-08,25
1992-12-09,7
1992-12-10,10
1992-12-11,13
1992-12-12,6
1992-12-14,25
1992-12-15,21
1992-12-16,28
1992-12-17,25
1992-12-18,9
1992-12-19,3
1992-12-20,3
1992-12-21,24
1992-12-22,16
1992-12-23,14
1992-12-24,2
1992-12-26,7
1992-12-27,4
1992-12-28,44
1992-12-29,15
1992-12-30,12
1992-12-31,14
1993-01-01,7
1993-01-02,6
1993-01-03,4
1993-01-04,21
1993-01-05,21
1993-01-06,29
1993-01-07,29
1993-01-08,29
1993-01-09,7
1993-01-10,7
1993-01-11,35
1993-01-12,23
1993-01-13,28
1993-01-14,30
1993-01-15,32
1993-01-16,4
1993-01-17,3
1993-01-18,19
1993-01-19,28
1993-01-20,29
1993-01-21,20
1993-01-22,15
1993-01-23,5
1993-01-24,2
1993-01-25,38
1993-01-26,44
1993-01-27,29
1993-01-28,28
1993-01-29,29
1993-01-30,8
1993-01-31,6
1993-02-01,42
1993-02-02,29
1993-02-03,36
1993-02-04,34
1993-02-05,39
1993-02-06,13
1993-02-07,6
1993-02-08,54
1993-02-09,59
1993-02-10,47
1993-02-11,45
1993-02-12,57
1993-02-13,6
1993-02-14,5
1993-02-15,23
1993-02-16,98
1993-02-17,15
1993-02-18,11
1993-02-19,5
1993-02-20,4
1993-02-21,1
1993-02-22,8
1993-02-23,1
1993-02-24,5
1993-02-25,6
1993-02-26,3
1993-02-27,4
1993-02-28,3
1993-03-01,16
1993-03-02,15
1993-03-03,172
1993-03-04,47
1993-03-05,40
1993-03-06,7
1993-03-07,6
1993-03-08,61
1993-03-09,38
1993-03-10,39
1993-03-11,33
1993-03-12,27
1993-03-13,3
1993-03-14,9
1993-03-15,81
1993-03-16,49
1993-03-17,41
1993-03-18,47
1993-03-19,83
1993-03-20,46
1993-03-21,29
1993-03-22,227
1993-03-23,115
1993-03-24,4
1993-03-25,52
1993-03-26,58
1993-03-29,1
1993-03-30,1
1993-03-31,2
1993-04-01,10
1993-04-02,2
1993-04-03,1
1993-04-04,2
1993-04-05,3
1993-04-06,30
1993-04-07,126
1993-04-08,21
1993-04-09,12
1993-04-10,3
1993-04-11,5
1993-04-12,29
1993-04-13,17
1993-04-14,13
1993-04-15,13
1993-04-16,9
1993-04-17,3
1993-04-19,22
1993-04-20,15
1993-04-21,12
1993-04-22,13
1993-04-23,10
1993-04-24,1
1993-04-25,1
1993-04-26,23
1993-04-27,19
1993-04-28,12
1993-04-29,8
1993-04-30,8
1993-05-01,7
1993-05-02,6
1993-05-03,5
1993-05-04,20
1993-05-05,17
1993-05-06,22
1993-05-07,21
1993-05-08,4
1993-05-10,16
1993-05-11,10
1993-05-12,27
1993-05-13,12
1993-05-14,12
1993-05-15,17
1993-05-16,1
1993-05-17,18
1993-05-18,17
1993-05-19,14
1993-05-20,12
1993-05-21,13
1993-05-22,13
1993-05-23,1
1993-05-24,13
1993-05-25,15
1993-05-26,4
1993-05-27,11
1993-05-28,14
1993-05-29,2
1993-06-01,21
1993-06-02,6
1993-06-03,10
1993-06-04,3
1993-06-05,1
1993-06-07,10
1993-06-08,7
1993-06-09,16
1993-06-10,7
1993-06-11,15
1993-06-14,10
1993-06-15,5
1993-06-16,9
1993-06-17,3
1993-06-18,4
1993-06-20,2
1993-06-21,13
1993-06-22,10
1993-06-23,14
1993-06-24,7
1993-06-25,10
1993-06-26,2
1993-06-28,10
1993-06-29,24
1993-06-30,10
1993-07-01,32
1993-07-02,49
1993-07-03,1
1993-07-06,10
1993-07-07,22
1993-07-08,13
1993-07-09,17
1993-07-10,15
1993-07-11,3
1993-07-12,16
1993-07-13,33
1993-07-14,11
1993-07-15,12
1993-07-16,19
1993-07-17,6
1993-07-19,42
1993-07-20,39
1993-07-21,19
1993-07-22,7
1993-07-23,28
1993-07-24,1
1993-07-26,15
1993-07-27,6
1993-07-28,19
1993-07-29,9
1993-07-30,6
1993-08-02,33
1993-08-03,15
1993-08-04,16
1993-08-05,21
1993-08-06,24
1993-08-07,9
1993-08-08,2
1993-08-09,30
1993-08-10,17
1993-08-11,16
1993-08-12,8
1993-08-13,13
1993-08-14,2
1993-08-15,2
1993-08-16,25
1993-08-17,24
1993-08-18,14
1993-08-19,22
1993-08-20,18
1993-08-21,2
1993-08-22,1
1993-08-23,13
1993-08-24,9
1993-08-25,4
1993-08-26,8
1993-08-27,14
1993-08-28,2
1993-08-29,3
1993-08-30,29
1993-08-31,16
1993-09-01,15
1993-09-02,11
1993-09-03,15
1993-09-04,9
1993-09-05,1
1993-09-06,3
1993-09-07,24
1993-09-08,5
1993-09-09,26
1993-09-10,11
1993-09-11,2
1993-09-12,3
1993-09-13,22
1993-09-14,19
1993-09-15,20
1993-09-16,20
1993-09-17,15
1993-09-18,20
1993-09-19,16
1993-09-20,105
1993-09-21,65
1993-09-22,18
1993-09-23,23
1993-09-24,10
1993-09-25,6
1993-09-26,2
1993-09-27,55
1993-09-28,24
1993-09-29,13
1993-09-30,17
1993-10-01,23
1993-10-03,4
1993-10-04,34
1993-10-05,18
1993-10-06,62
1993-10-07,19
1993-10-08,23
1993-10-09,1
1993-10-10,1
1993-10-11,11
1993-10-12,21
1993-10-13,16
1993-10-14,8
1993-10-15,19
1993-10-16,3
1993-10-18,24
1993-10-19,16
1993-10-20,11
1993-10-21,18
1993-10-22,27
1993-10-23,1
1993-10-24,3
1993-10-25,26
1993-10-26,14
1993-10-27,21
1993-10-28,15
1993-10-29,16
1993-10-30,2
1993-11-01,23
1993-11-02,24
1993-11-03,37
1993-11-04,18
1993-11-05,18
1993-11-06,4
1993-11-07,2
1993-11-08,36
1993-11-09,41
1993-11-10,20
1993-11-11,1
1993-11-12,31
1993-11-13,5
1993-11-14,1
1993-11-15,36
1993-11-16,34
1993-11-17,29
1993-11-18,20
1993-11-19,16
1993-11-20,3
1993-11-22,27
1993-11-23,17
1993-11-24,28
1993-11-25,1
1993-11-27,2
1993-11-28,2
1993-11-29,27
1993-11-30,20
1993-12-01,10
1993-12-02,16
1993-12-03,9
1993-12-04,1
1993-12-05,2
1993-12-06,16
1993-12-07,16
1993-12-08,18
1993-12-09,10
1993-12-10,11
1993-12-11,3
1993-12-12,2
1993-12-13,17
1993-12-14,9
1993-12-15,10
1993-12-16,23
1993-12-17,16
1993-12-18,4
1993-12-20,20
1993-12-21,19
1993-12-22,25
1993-12-23,15
1993-12-25,1
1993-12-26,1
1993-12-27,18
1993-12-28,7
1993-12-29,13
1993-12-30,20
1993-12-31,5
1994-01-01,10
1994-01-03,20
1994-01-04,16
1994-01-05,30
1994-01-06,15
1994-01-07,20
1994-01-08,8
1994-01-09,5
1994-01-10,28
1994-01-11,28
1994-01-12,31
1994-01-13,24
1994-01-14,20
1994-01-15,3
1994-01-16,5
1994-01-17,11
1994-01-18,20
1994-01-19,19
1994-01-20,19
1994-01-21,27
1994-01-22,6
1994-01-23,4
1994-01-24,31
1994-01-25,20
1994-01-26,60
1994-01-27,23
1994-01-28,20
1994-01-29,8
1994-01-31,28
1994-02-01,33
1994-02-02,25
1994-02-03,23
1994-02-04,36
1994-02-05,36
1994-02-06,8
1994-02-07,60
1994-02-08,42
1994-02-09,41
1994-02-10,49
1994-02-11,41
1994-02-12,28
1994-02-13,17
1994-02-14,56
1994-02-15,49
1994-02-16,48
1994-02-17,33
1994-02-18,28
1994-02-19,4
1994-02-20,3
1994-02-21,15
1994-02-22,34
1994-02-23,29
1994-02-24,40
1994-02-25,28
1994-02-26,6
1994-02-27,1
1994-02-28,36
1994-03-01,33
1994-03-02,38
1994-03-03,45
1994-03-04,29
1994-03-05,77
1994-03-06,43
1994-03-07,152
1994-03-08,83
1994-03-09,64
1994-03-10,54
1994-03-11,43
1994-03-12,31
1994-03-13,4
1994-03-14,73
1994-03-15,71
1994-03-16,64
1994-03-17,55
1994-03-18,77
1994-03-19,39
1994-03-20,32
1994-03-21,144
1994-03-22,34
1994-03-23,21
1994-03-24,21
1994-03-25,17
1994-03-26,5
1994-03-27,6
1994-03-28,23
1994-03-29,14
1994-03-30,22
1994-03-31,18
1994-04-01,24
1994-04-02,4
1994-04-03,6
1994-04-04,45
1994-04-05,38
1994-04-06,153
1994-04-07,37
1994-04-08,42
1994-04-09,11
1994-04-10,9
1994-04-11,31
1994-04-12,38
1994-04-13,31
1994-04-14,26
1994-04-15,56
1994-04-16,8
1994-04-17,2
1994-04-18,32
1994-04-19,33
1994-04-20,31
1994-04-21,28
1994-04-22,23
1994-04-23,14
1994-04-24,3
1994-04-25,28
1994-04-26,28
1994-04-27,14
1994-04-28,30
1994-04-29,37
1994-04-30,26
1994-05-01,1
1994-05-02,38
1994-05-03,42
1994-05-04,25
1994-05-05,29
1994-05-06,42
1994-05-07,4
1994-05-08,4
1994-05-09,32
1994-05-10,37
1994-05-11,23
1994-05-12,31
1994-05-13,27
1994-05-14,3
1994-05-16,52
1994-05-17,28
1994-05-18,11
1994-05-19,37
1994-05-20,38
1994-05-21,2
1994-05-22,1
1994-05-23,31
1994-05-24,55
1994-05-25,42
1994-05-26,25
1994-05-27,22
1994-05-28,1
1994-05-29,4
1994-05-30,3
1994-05-31,46
1994-06-01,48
1994-06-02,24
1994-06-03,36
1994-06-04,13
1994-06-05,4
1994-06-06,37
1994-06-07,43
1994-06-08,43
1994-06-09,53
1994-06-10,48
1994-06-11,6
1994-06-12,6
1994-06-13,43
1994-06-14,56
1994-06-15,32
1994-06-16,39
1994-06-17,47
1994-06-18,17
1994-06-19,4
1994-06-20,57
1994-06-21,34
1994-06-22,58
1994-06-23,35
1994-06-24,36
1994-06-25,11
1994-06-26,16
1994-06-27,64
1994-06-28,45
1994-06-29,60
1994-06-30,71
1994-07-01,130
1994-07-02,17
1994-07-03,35
1994-07-04,36
1994-07-05,167
1994-07-06,155
1994-07-07,170
1994-07-08,176
1994-07-09,33
1994-07-10,23
1994-07-11,144
1994-07-12,218
1994-07-13,324
1994-07-14,384
1994-07-15,615
1994-07-16,254
1994-07-17,138
1994-07-18,1511
1994-07-19,94
1994-07-20,55
1994-07-21,34
1994-07-22,73
1994-07-23,1
1994-07-24,6
1994-07-25,19
1994-07-26,30
1994-07-27,19
1994-07-28,16
1994-07-29,23
1994-07-30,2
1994-08-01,12
1994-08-02,236
1994-08-03,656
1994-08-04,129
1994-08-05,96
1994-08-06,19
1994-08-07,9
1994-08-08,60
1994-08-09,134
1994-08-10,132
1994-08-11,116
1994-08-12,126
1994-08-13,25
1994-08-14,8
1994-08-15,46
1994-08-16,108
1994-08-17,68
1994-08-18,84
1994-08-19,85
1994-08-20,13
1994-08-21,7
1994-08-22,127
1994-08-23,72
1994-08-24,89
1994-08-25,81
1994-08-26,87
1994-08-27,7
1994-08-28,4
1994-08-29,76
1994-08-30,95
1994-08-31,63
1994-09-01,80
1994-09-02,74
1994-09-03,9
1994-09-04,4
1994-09-05,3
1994-09-06,82
1994-09-07,73
1994-09-08,77
1994-09-09,69
1994-09-10,19
1994-09-11,14
1994-09-12,66
1994-09-13,90
1994-09-14,101
1994-09-15,78
1994-09-16,115
1994-09-17,23
1994-09-18,3
1994-09-19,76
1994-09-20,138
1994-09-21,88
1994-09-22,93
1994-09-23,107
1994-09-24,86
1994-09-25,22
1994-09-26,72
1994-09-27,124
1994-09-28,133
1994-09-29,100
1994-09-30,125
1994-10-01,49
1994-10-02,22
1994-10-03,110
1994-10-04,212
1994-10-05,157
1994-10-06,135
1994-10-07,157
1994-10-08,73
1994-10-09,27
1994-10-10,95
1994-10-11,213
1994-10-12,178
1994-10-13,228
1994-10-14,235
1994-10-15,121
1994-10-16,102
1994-10-17,235
1994-10-18,337
1994-10-19,332
1994-10-20,470
1994-10-21,574
1994-10-22,397
1994-10-23,152
1994-10-24,1868
1994-10-25,244
1994-10-26,51
1994-10-27,312
1994-10-28,46
1994-10-29,6
1994-10-31,7
1994-11-01,38
1994-11-02,7
1994-11-03,9
1994-11-04,21
1994-11-05,2
1994-11-06,2
1994-11-07,5
1994-11-08,146
1994-11-09,503
1994-11-10,63
1994-11-11,9
1994-11-12,4
1994-11-13,6
1994-11-14,39
1994-11-15,92
1994-11-16,59
1994-11-17,87
1994-11-18,102
1994-11-19,6
1994-11-20,3
1994-11-21,30
1994-11-22,66
1994-11-23,78
1994-11-24,2
1994-11-25,3
1994-11-26,5
1994-11-27,4
1994-11-28,62
1994-11-29,57
1994-11-30,88
1994-12-01,52
1994-12-02,58
1994-12-03,12
1994-12-04,7
1994-12-05,28
1994-12-06,64
1994-12-07,61
1994-12-08,40
1994-12-09,66
1994-12-10,4
1994-12-11,4
1994-12-12,75
1994-12-13,90
1994-12-14,79
1994-12-15,88
1994-12-16,82
1994-12-17,8
1994-12-18,9
1994-12-19,115
1994-12-20,105
1994-12-21,73
1994-12-22,84
1994-12-23,15
1994-12-24,8
1994-12-25,3
1994-12-26,10
1994-12-27,110
1994-12-28,96
1994-12-29,98
1994-12-30,118
1994-12-31,21
1995-01-01,31
1995-01-02,19
1995-01-03,152
1995-01-04,111
1995-01-05,128
1995-01-06,104
1995-01-07,16
1995-01-08,13
1995-01-09,83
1995-01-10,170
1995-01-11,148
1995-01-12,116
1995-01-13,131
1995-01-14,14
1995-01-15,8
1995-01-16,30
1995-01-17,188
1995-01-18,170
1995-01-19,133
1995-01-20,105
1995-01-21,13
1995-01-22,3
1995-01-23,103
1995-01-24,124
1995-01-25,107
1995-01-26,100
1995-01-27,86
1995-01-28,3
1995-01-29,9
1995-01-30,87
1995-01-31,136
1995-02-01,121
1995-02-02,107
1995-02-03,97
1995-02-04,17
1995-02-05,7
1995-02-06,79
1995-02-07,124
1995-02-08,129
1995-02-09,98
1995-02-10,131
1995-02-11,18
1995-02-12,19
1995-02-13,231
1995-02-14,54
1995-02-15,35
1995-02-16,39
1995-02-17,32
1995-02-18,1
1995-02-19,2
1995-02-20,41
1995-02-21,27
1995-02-22,36
1995-02-23,25
1995-02-24,38
1995-02-25,5
1995-02-26,2
1995-02-27,11
1995-02-28,60
1995-03-01,566
1995-03-02,103
1995-03-03,99
1995-03-04,12
1995-03-05,7
1995-03-06,96
1995-03-07,112
1995-03-08,74
1995-03-09,117
1995-03-10,124
1995-03-11,22
1995-03-12,7
1995-03-13,54
1995-03-14,146
1995-03-15,135
1995-03-16,133
1995-03-17,132
1995-03-18,56
1995-03-19,13
1995-03-20,271
1995-03-21,35
1995-03-22,15
1995-03-23,28
1995-03-24,35
1995-03-25,4
1995-03-26,3
1995-03-27,11
1995-03-28,23
1995-03-29,19
1995-03-30,20
1995-03-31,15
1995-04-01,9
1995-04-02,1
1995-04-03,9
1995-04-04,83
1995-04-05,552
1995-04-06,80
1995-04-07,82
1995-04-08,5
1995-04-09,4
1995-04-10,57
1995-04-11,94
1995-04-12,59
1995-04-13,49
1995-04-14,52
1995-04-15,21
1995-04-16,3
1995-04-17,28
1995-04-18,79
1995-04-19,64
1995-04-20,52
1995-04-21,79
1995-04-22,6
1995-04-23,1
1995-04-24,30
1995-04-25,111
1995-04-26,85
1995-04-27,47
1995-04-28,57
1995-04-29,6
1995-04-30,3
1995-05-01,34
1995-05-02,78
1995-05-03,78
1995-05-04,64
1995-05-05,53
1995-05-06,3
1995-05-07,2
1995-05-08,26
1995-05-09,98
1995-05-10,54
1995-05-11,49
1995-05-12,55
1995-05-13,2
1995-05-14,2
1995-05-15,48
1995-05-16,43
1995-05-17,44
1995-05-18,36
1995-05-19,48
1995-05-20,2
1995-05-21,1
1995-05-22,40
1995-05-23,53
1995-05-24,34
1995-05-25,41
1995-05-26,53
1995-05-27,1
1995-05-28,3
1995-05-29,5
1995-05-30,53
1995-05-31,61
1995-06-01,52
1995-06-02,54
1995-06-04,2
1995-06-05,45
1995-06-06,55
1995-06-07,88
1995-06-08,46
1995-06-09,63
1995-06-10,3
1995-06-11,3
1995-06-12,27
1995-06-13,61
1995-06-14,60
1995-06-15,57
1995-06-16,46
1995-06-17,7
1995-06-18,1
1995-06-19,47
1995-06-20,96
1995-06-21,62
1995-06-22,53
1995-06-23,68
1995-06-24,4
1995-06-26,37
1995-06-27,83
1995-06-28,48
1995-06-29,69
1995-06-30,69
1995-07-01,25
1995-07-02,11
1995-07-03,22
1995-07-04,2
1995-07-05,84
1995-07-06,77
1995-07-07,64
1995-07-08,6
1995-07-09,1
1995-07-10,24
1995-07-11,65
1995-07-12,86
1995-07-13,57
1995-07-14,72
1995-07-15,8
1995-07-16,3
1995-07-17,21
1995-07-18,62
1995-07-19,93
1995-07-20,55
1995-07-21,79
1995-07-22,4
1995-07-23,1
1995-07-24,29
1995-07-25,110
1995-07-26,56
1995-07-27,65
1995-07-28,58
1995-07-29,2
1995-07-31,45
1995-08-01,105
1995-08-02,91
1995-08-03,78
1995-08-04,81
1995-08-05,3
1995-08-06,9
1995-08-07,30
1995-08-08,95
1995-08-09,98
1995-08-10,91
1995-08-11,67
1995-08-12,10
1995-08-13,2
1995-08-14,32
1995-08-15,75
1995-08-16,74
1995-08-17,72
1995-08-18,110
1995-08-19,2
1995-08-20,5
1995-08-21,19
1995-08-22,98
1995-08-23,59
1995-08-24,48
1995-08-25,70
1995-08-26,7
1995-08-27,7
1995-08-28,28
1995-08-29,80
1995-08-30,63
1995-08-31,79
1995-09-01,79
1995-09-02,3
1995-09-03,1
1995-09-04,3
1995-09-05,75
1995-09-06,83
1995-09-07,68
1995-09-08,83
1995-09-09,8
1995-09-10,6
1995-09-11,77
1995-09-12,82
1995-09-13,60
1995-09-14,59
1995-09-15,93
1995-09-16,8
1995-09-17,14
1995-09-18,51
1995-09-19,116
1995-09-20,97
1995-09-21,56
1995-09-22,55
1995-09-23,13
1995-09-24,8
1995-09-25,41
1995-09-26,116
1995-09-27,77
1995-09-28,83
1995-09-29,79
1995-09-30,9
1995-10-01,13
1995-10-02,75
1995-10-03,83
1995-10-04,70
1995-10-05,68
1995-10-06,69
1995-10-07,4
1995-10-08,8
1995-10-09,32
1995-10-10,189
1995-10-11,62
1995-10-12,49
1995-10-13,72
1995-10-14,4
1995-10-15,4
1995-10-16,52
1995-10-17,94
1995-10-18,75
1995-10-19,71
1995-10-20,79
1995-10-21,6
1995-10-22,1
1995-10-23,30
1995-10-24,95
1995-10-25,73
1995-10-26,54
1995-10-27,61
1995-10-28,8
1995-10-29,2
1995-10-30,51
1995-10-31,91
1995-11-01,77
1995-11-02,79
1995-11-03,100
1995-11-04,2
1995-11-05,3
1995-11-06,37
1995-11-07,98
1995-11-08,75
1995-11-09,72
1995-11-10,17
1995-11-11,4
1995-11-12,3
1995-11-13,29
1995-11-14,113
1995-11-15,98
1995-11-16,78
1995-11-17,78
1995-11-18,31
1995-11-19,5
1995-11-20,42
1995-11-21,114
1995-11-22,91
1995-11-23,2
1995-11-24,2
1995-11-25,4
1995-11-26,2
1995-11-27,58
1995-11-28,129
1995-11-29,90
1995-11-30,77
1995-12-01,108
1995-12-02,21
1995-12-03,1
1995-12-04,41
1995-12-05,116
1995-12-06,55
1995-12-07,64
1995-12-08,64
1995-12-09,18
1995-12-10,5
1995-12-11,28
1995-12-12,99
1995-12-13,54
1995-12-14,78
1995-12-15,91
1995-12-16,2
1995-12-17,2
1995-12-18,36
1995-12-19,103
1995-12-20,75
1995-12-21,66
1995-12-22,55
1995-12-23,5
1995-12-26,68
1995-12-27,95
1995-12-28,103
1995-12-29,92
1995-12-30,3
1995-12-31,3
1996-01-01,41
1996-01-02,96
1996-01-03,97
1996-01-04,74
1996-01-05,76
1996-01-06,30
1996-01-07,7
1996-01-08,46
1996-01-09,113
1996-01-10,80
1996-01-11,86
1996-01-12,89
1996-01-13,43
1996-01-14,7
1996-01-15,19
1996-01-16,122
1996-01-17,92
1996-01-18,42
1996-01-19,66
1996-01-20,19
1996-01-21,10
1996-01-22,72
1996-01-23,92
1996-01-24,65
1996-01-25,98
1996-01-26,106
1996-01-27,16
1996-01-28,5
1996-01-29,53
1996-01-30,121
1996-01-31,120
1996-02-01,96
1996-02-02,88
1996-02-03,37
1996-02-04,16
1996-02-05,58
1996-02-06,125
1996-02-07,101
1996-02-08,139
1996-02-09,160
1996-02-10,24
1996-02-11,17
1996-02-12,88
1996-02-13,122
1996-02-14,86
1996-02-15,108
1996-02-16,102
1996-02-17,43
1996-02-18,13
1996-02-19,15
1996-02-20,106
1996-02-21,111
1996-02-22,184
1996-02-23,112
1996-02-24,55
1996-02-25,6
1996-02-26,81
1996-02-27,141
1996-02-28,159
1996-02-29,138
1996-03-01,134
1996-03-02,14
1996-03-03,16
1996-03-04,91
1996-03-05,135
1996-03-06,119
1996-03-07,120
1996-03-08,133
1996-03-09,23
1996-03-10,27
1996-03-11,113
1996-03-12,186
1996-03-13,133
1996-03-14,132
1996-03-15,177
1996-03-16,34
1996-03-17,12
1996-03-18,158
1996-03-19,88
1996-03-20,115
1996-03-21,101
1996-03-22,112
1996-03-23,9
1996-03-24,9
1996-03-25,29
1996-03-26,126
1996-03-27,85
1996-03-28,82
1996-03-29,90
1996-03-30,24
1996-03-31,32
1996-04-01,59
1996-04-02,115
1996-04-03,241
1996-04-04,106
1996-04-05,106
1996-04-06,11
1996-04-07,3
1996-04-08,66
1996-04-09,124
1996-04-10,84
1996-04-11,104
1996-04-12,114
1996-04-13,18
1996-04-14,24
1996-04-15,58
1996-04-16,87
1996-04-17,70
1996-04-18,76
1996-04-19,90
1996-04-20,17
1996-04-21,57
1996-04-22,41
1996-04-23,119
1996-04-24,104
1996-04-25,76
1996-04-26,97
1996-04-27,15
1996-04-28,52
1996-04-29,60
1996-04-30,142
1996-05-01,107
1996-05-02,102
1996-05-03,107
1996-05-04,24
1996-05-05,56
1996-05-06,59
1996-05-07,108
1996-05-08,124
1996-05-09,88
1996-05-10,80
1996-05-11,4
1996-05-12,22
1996-05-13,70
1996-05-14,113
1996-05-15,116
1996-05-16,78
1996-05-17,87
1996-05-18,14
1996-05-19,42
1996-05-20,44
1996-05-21,122
1996-05-22,86
1996-05-23,114
1996-05-24,113
1996-05-25,11
1996-05-26,10
1996-05-27,11
1996-05-28,141
1996-05-29,109
1996-05-30,119
1996-05-31,110
1996-06-01,42
1996-06-02,43
1996-06-03,71
1996-06-04,117
1996-06-05,136
1996-06-06,117
1996-06-07,127
1996-06-08,18
1996-06-09,30
1996-06-10,88
1996-06-11,110
1996-06-12,121
1996-06-13,93
1996-06-14,137
1996-06-15,23
1996-06-16,24
1996-06-17,70
1996-06-18,137
1996-06-19,137
1996-06-20,106
1996-06-21,111
1996-06-22,37
1996-06-23,30
1996-06-24,67
1996-06-25,146
1996-06-26,137
1996-06-27,144
1996-06-28,120
1996-06-29,75
1996-06-30,58
1996-07-01,79
1996-07-02,159
1996-07-03,153
1996-07-04,24
1996-07-05,216
1996-07-06,32
1996-07-07,35
1996-07-08,171
1996-07-09,169
1996-07-10,222
1996-07-11,245
1996-07-12,205
1996-07-13,78
1996-07-14,69
1996-07-15,181
1996-07-16,255
1996-07-17,275
1996-07-18,311
1996-07-19,462
1996-07-20,157
1996-07-21,167
1996-07-22,1135
1996-07-23,104
1996-07-24,55
1996-07-25,113
1996-07-26,104
1996-07-27,23
1996-07-28,14
1996-07-29,41
1996-07-30,76
1996-07-31,101
1996-08-01,122
1996-08-02,90
1996-08-03,41
1996-08-04,18
1996-08-05,78
1996-08-06,3210
1996-08-07,506
1996-08-08,202
1996-08-09,151
1996-08-10,48
1996-08-11,33
1996-08-12,145
1996-08-13,176
1996-08-14,211
1996-08-15,203
1996-08-16,171
1996-08-17,43
1996-08-18,24
1996-08-19,141
1996-08-20,193
1996-08-21,205
1996-08-22,209
1996-08-23,209
1996-08-24,51
1996-08-25,71
1996-08-26,130
1996-08-27,176
1996-08-28,172
1996-08-29,197
1996-08-30,213
1996-08-31,43
1996-09-01,30
1996-09-02,32
1996-09-03,220
1996-09-04,204
1996-09-05,193
1996-09-06,193
1996-09-07,131
1996-09-08,84
1996-09-09,126
1996-09-10,227
1996-09-11,211
1996-09-12,191
1996-09-13,193
1996-09-14,83
1996-09-15,44
1996-09-16,181
1996-09-17,217
1996-09-18,251
1996-09-19,250
1996-09-20,235
1996-09-21,128
1996-09-22,63
1996-09-23,210
1996-09-24,260
1996-09-25,250
1996-09-26,248
1996-09-27,273
1996-09-28,86
1996-09-29,59
1996-09-30,181
1996-10-01,292
1996-10-02,243
1996-10-03,265
1996-10-04,245
1996-10-05,154
1996-10-06,107
1996-10-07,327
1996-10-08,401
1996-10-09,427
1996-10-10,407
1996-10-11,339
1996-10-12,206
1996-10-13,134
1996-10-14,344
1996-10-15,524
1996-10-16,554
1996-10-17,643
1996-10-18,832
1996-10-19,496
1996-10-20,428
1996-10-21,2825
1996-10-22,173
1996-10-23,94
1996-10-24,210
1996-10-25,128
1996-10-26,33
1996-10-27,31
1996-10-28,93
1996-10-29,150
1996-10-30,113
1996-10-31,89
1996-11-01,125
1996-11-02,81
1996-11-03,24
1996-11-04,74
1996-11-05,1223
1996-11-06,378
1996-11-07,117
1996-11-08,48
1996-11-09,13
1996-11-10,9
1996-11-11,19
1996-11-12,218
1996-11-13,94
1996-11-14,62
1996-11-15,105
1996-11-16,11
1996-11-17,4
1996-11-18,47
1996-11-19,48
1996-11-20,28
1996-11-21,48
1996-11-22,41
1996-11-23,5
1996-11-24,5
1996-11-25,28
1996-11-26,56
1996-11-27,58
1996-11-28,4
1996-11-29,2
1996-11-30,4
1996-12-01,3
1996-12-02,80
1996-12-03,55
1996-12-04,44
1996-12-05,44
1996-12-06,38
1996-12-07,3
1996-12-08,1
1996-12-09,34
1996-12-10,63
1996-12-11,46
1996-12-12,32
1996-12-13,66
1996-12-14,2
1996-12-15,5
1996-12-16,46
1996-12-17,72
1996-12-18,56
1996-12-19,45
1996-12-20,56
1996-12-21,1
1996-12-22,3
1996-12-23,16
1996-12-24,15
1996-12-25,2
1996-12-26,58
1996-12-27,105
1996-12-28,5
1996-12-29,3
1996-12-30,21
1996-12-31,64
1997-01-01,15
1997-01-02,70
1997-01-03,98
1997-01-04,5
1997-01-05,2
1997-01-06,93
1997-01-07,105
1997-01-08,97
1997-01-09,66
1997-01-10,106
1997-01-11,19
1997-01-12,14
1997-01-13,35
1997-01-14,96
1997-01-15,89
1997-01-16,88
1997-01-17,99
1997-01-18,41
1997-01-19,27
1997-01-20,42
1997-01-21,82
1997-01-22,78
1997-01-23,82
1997-01-24,91
1997-01-25,16
1997-01-26,10
1997-01-27,38
1997-01-28,55
1997-01-29,66
1997-01-30,69
1997-01-31,96
1997-02-01,26
1997-02-02,25
1997-02-03,33
1997-02-04,85
1997-02-05,72
1997-02-06,72
1997-02-07,99
1997-02-08,16
1997-02-09,8
1997-02-10,110
1997-02-11,62
1997-02-12,62
1997-02-13,52
1997-02-14,50
1997-02-15,6
1997-02-16,2
1997-02-17,8
1997-02-18,52
1997-02-19,59
1997-02-20,38
1997-02-21,46
1997-02-22,4
1997-02-23,8
1997-02-24,17
1997-02-25,107
1997-02-26,158
1997-02-27,56
1997-02-28,115
1997-03-01,21
1997-03-02,9
1997-03-03,40
1997-03-04,102
1997-03-05,74
1997-03-06,85
1997-03-07,92
1997-03-08,16
1997-03-09,6
1997-03-10,53
1997-03-11,99
1997-03-12,79
1997-03-13,105
1997-03-14,117
1997-03-15,15
1997-03-16,20
1997-03-17,167
1997-03-18,57
1997-03-19,66
1997-03-20,48
1997-03-21,67
1997-03-22,3
1997-03-23,4
1997-03-24,9
1997-03-25,66
1997-03-26,54
1997-03-27,54
1997-03-28,64
1997-03-29,12
1997-03-30,4
1997-03-31,18
1997-04-01,182
1997-04-02,123
1997-04-03,75
1997-04-04,76
1997-04-05,9
1997-04-06,5
1997-04-07,25
1997-04-08,64
1997-04-09,73
1997-04-10,43
1997-04-11,66
1997-04-12,13
1997-04-13,4
1997-04-14,43
1997-04-15,81
1997-04-16,53
1997-04-17,49
1997-04-18,72
1997-04-19,5
1997-04-20,3
1997-04-21,23
1997-04-22,78
1997-04-23,44
1997-04-24,53
1997-04-25,51
1997-04-26,6
1997-04-27,4
1997-04-28,16
1997-04-29,68
1997-04-30,55
1997-05-01,49
1997-05-02,96
1997-05-03,4
1997-05-04,3
1997-05-05,21
1997-05-06,74
1997-05-07,32
1997-05-08,52
1997-05-09,68
1997-05-10,1
1997-05-11,3
1997-05-12,14
1997-05-13,52
1997-05-14,58
1997-05-15,50
1997-05-16,74
1997-05-17,4
1997-05-18,7
1997-05-19,16
1997-05-20,67
1997-05-21,58
1997-05-22,64
1997-05-23,54
1997-05-24,6
1997-05-25,23
1997-05-26,8
1997-05-27,71
1997-05-28,63
1997-05-29,67
1997-05-30,79
1997-05-31,6
1997-06-01,11
1997-06-02,30
1997-06-03,79
1997-06-04,59
1997-06-05,68
1997-06-06,80
1997-06-07,5
1997-06-08,5
1997-06-09,20
1997-06-10,72
1997-06-11,53
1997-06-12,65
1997-06-13,73
1997-06-14,6
1997-06-15,5
1997-06-16,11
1997-06-17,96
1997-06-18,57
1997-06-19,43
1997-06-20,90
1997-06-21,8
1997-06-22,13
1997-06-23,27
1997-06-24,96
1997-06-25,69
1997-06-26,92
1997-06-27,103
1997-06-28,6
1997-06-29,7
1997-06-30,34
1997-07-01,78
1997-07-02,105
1997-07-03,90
1997-07-04,6
1997-07-05,10
1997-07-06,4
1997-07-07,19
1997-07-08,77
1997-07-09,94
1997-07-10,76
1997-07-11,108
1997-07-12,21
1997-07-13,10
1997-07-14,48
1997-07-15,91
1997-07-16,73
1997-07-17,100
1997-07-18,122
1997-07-19,9
1997-07-20,8
1997-07-21,42
1997-07-22,123
1997-07-23,98
1997-07-24,84
1997-07-25,108
1997-07-26,20
1997-07-27,21
1997-07-28,53
1997-07-29,95
1997-07-30,100
1997-07-31,122
1997-08-01,134
1997-08-02,16
1997-08-03,15
1997-08-04,31
1997-08-05,127
1997-08-06,81
1997-08-07,90
1997-08-08,141
1997-08-09,9
1997-08-10,10
1997-08-11,56
1997-08-12,167
1997-08-13,143
1997-08-14,87
1997-08-15,79
1997-08-16,11
1997-08-17,6
1997-08-18,31
1997-08-19,103
1997-08-20,82
1997-08-21,92
1997-08-22,133
1997-08-23,5
1997-08-24,6
1997-08-25,74
1997-08-26,92
1997-08-27,78
1997-08-28,68
1997-08-29,109
1997-08-30,27
1997-08-31,5
1997-09-01,10
1997-09-02,75
1997-09-03,103
1997-09-04,81
1997-09-05,96
1997-09-06,22
1997-09-07,7
1997-09-08,31
1997-09-09,129
1997-09-10,96
1997-09-11,141
1997-09-12,376
1997-09-13,258
1997-09-14,165
1997-09-15,297
1997-09-16,257
1997-09-17,157
1997-09-18,131
1997-09-19,146
1997-09-20,81
1997-09-21,47
1997-09-22,100
1997-09-23,171
1997-09-24,116
1997-09-25,99
1997-09-26,243
1997-09-27,23
1997-09-28,32
1997-09-29,184
1997-09-30,189
1997-10-01,104
1997-10-02,103
1997-10-03,138
1997-10-04,53
1997-10-05,36
1997-10-06,52
1997-10-07,108
1997-10-08,109
1997-10-09,62
1997-10-10,123
1997-10-11,9
1997-10-12,18
1997-10-13,33
1997-10-14,183
1997-10-15,190
1997-10-16,111
1997-10-17,137
1997-10-18,12
1997-10-19,13
1997-10-20,113
1997-10-21,154
1997-10-22,103
1997-10-23,91
1997-10-24,118
1997-10-25,14
1997-10-26,10
1997-10-27,31
1997-10-28,95
1997-10-29,114
1997-10-30,100
1997-10-31,103
1997-11-01,15
1997-11-02,5
1997-11-03,39
1997-11-04,119
1997-11-05,105
1997-11-06,81
1997-11-07,113
1997-11-08,9
1997-11-09,15
1997-11-10,30
1997-11-11,27
1997-11-12,138
1997-11-13,71
1997-11-14,101
1997-11-15,8
1997-11-16,7
1997-11-17,44
1997-11-18,126
1997-11-19,75
1997-11-20,193
1997-11-21,91
1997-11-22,19
1997-11-23,12
1997-11-24,46
1997-11-25,106
1997-11-26,94
1997-11-27,2
1997-11-28,13
1997-11-29,15
1997-11-30,13
1997-12-01,25
1997-12-02,99
1997-12-03,96
1997-12-04,52
1997-12-05,109
1997-12-06,6
1997-12-07,9
1997-12-08,18
1997-12-09,92
1997-12-10,65
1997-12-11,60
1997-12-12,110
1997-12-13,7
1997-12-14,8
1997-12-15,40
1997-12-16,131
1997-12-17,53
1997-12-18,84
1997-12-19,60
1997-12-20,9
1997-12-21,4
1997-12-22,33
1997-12-23,93
1997-12-24,36
1997-12-26,11
1997-12-27,5
1997-12-28,7
1997-12-29,30
1997-12-30,118
1997-12-31,117
1998-01-01,11
1998-01-02,121
1998-01-03,8
1998-01-04,13
1998-01-05,61
1998-01-06,121
1998-01-07,88
1998-01-08,75
1998-01-09,103
1998-01-10,19
1998-01-11,10
1998-01-12,273
1998-01-13,239
1998-01-14,57
1998-01-15,125
1998-01-16,92
1998-01-17,8
1998-01-18,10
1998-01-19,20
1998-01-20,98
1998-01-21,100
1998-01-22,76
1998-01-23,91
1998-01-24,8
1998-01-25,9
1998-01-26,31
1998-01-27,100
1998-01-28,83
1998-01-29,86
1998-01-30,94
1998-01-31,10
1998-02-01,8
1998-02-02,41
1998-02-03,93
1998-02-04,68
1998-02-05,93
1998-02-06,87
1998-02-07,6
1998-02-08,4
1998-02-09,23
1998-02-10,107
1998-02-11,64
1998-02-12,62
1998-02-13,92
1998-02-14,6
1998-02-15,9
1998-02-16,31
1998-02-17,88
1998-02-18,71
1998-02-19,61
1998-02-20,87
1998-02-21,8
1998-02-22,6
1998-02-23,27
1998-02-24,93
1998-02-25,85
1998-02-26,61
1998-02-27,107
1998-02-28,13
1998-03-01,9
1998-03-02,34
1998-03-03,111
1998-03-04,67
1998-03-05,75
1998-03-06,82
1998-03-07,5
1998-03-08,6
1998-03-09,12
1998-03-10,113
1998-03-11,71
1998-03-12,81
1998-03-13,75
1998-03-14,10
1998-03-15,10
1998-03-16,37
1998-03-17,113
1998-03-18,104
1998-03-19,87
1998-03-20,124
1998-03-21,20
1998-03-22,6
1998-03-23,59
1998-03-24,68
1998-03-25,65
1998-03-26,64
1998-03-27,77
1998-03-28,9
1998-03-29,4
1998-03-30,41
1998-03-31,99
1998-04-01,67
1998-04-02,69
1998-04-03,85
1998-04-04,11
1998-04-05,9
1998-04-06,18
1998-04-07,111
1998-04-08,112
1998-04-09,75
1998-04-10,139
1998-04-11,3
1998-04-12,4
1998-04-13,34
1998-04-14,87
1998-04-15,72
1998-04-16,94
1998-04-17,128
1998-04-18,3
1998-04-19,1
1998-04-20,41
1998-04-21,124
1998-04-22,101
1998-04-23,64
1998-04-24,62
1998-04-25,2
1998-04-26,4
1998-04-27,28
1998-04-28,94
1998-04-29,73
1998-04-30,93
1998-05-01,88
1998-05-02,5
1998-05-03,8
1998-05-04,44
1998-05-05,86
1998-05-06,76
1998-05-07,98
1998-05-08,207
1998-05-09,4
1998-05-10,8
1998-05-11,48
1998-05-12,86
1998-05-13,113
1998-05-14,66
1998-05-15,142
1998-05-16,5
1998-05-17,6
1998-05-18,26
1998-05-19,83
1998-05-20,78
1998-05-21,84
1998-05-22,153
1998-05-23,8
1998-05-24,6
1998-05-25,8
1998-05-26,79
1998-05-27,98
1998-05-28,87
1998-05-29,97
1998-05-30,8
1998-05-31,9
1998-06-01,29
1998-06-02,122
1998-06-03,87
1998-06-04,107
1998-06-05,116
1998-06-06,21
1998-06-07,24
1998-06-08,28
1998-06-09,107
1998-06-10,86
1998-06-11,101
1998-06-12,111
1998-06-13,16
1998-06-14,9
1998-06-15,45
1998-06-16,133
1998-06-17,118
1998-06-18,105
1998-06-19,123
1998-06-20,16
1998-06-21,11
1998-06-22,41
1998-06-23,140
1998-06-24,109
1998-06-25,91
1998-06-26,106
1998-06-27,18
1998-06-28,38
1998-06-29,66
1998-06-30,128
1998-07-01,131
1998-07-02,153
1998-07-03,28
1998-07-04,8
1998-07-05,32
1998-07-06,62
1998-07-07,179
1998-07-08,166
1998-07-09,206
1998-07-10,188
1998-07-11,38
1998-07-12,85
1998-07-13,137
1998-07-14,225
1998-07-15,239
1998-07-16,283
1998-07-17,301
1998-07-18,110
1998-07-19,112
1998-07-20,656
1998-07-21,147
1998-07-22,131
1998-07-23,118
1998-07-24,181
1998-07-25,32
1998-07-26,24
1998-07-27,43
1998-07-28,117
1998-07-29,160
1998-07-30,173
1998-07-31,152
1998-08-01,59
1998-08-02,25
1998-08-03,63
1998-08-04,2642
1998-08-05,353
1998-08-06,142
1998-08-07,163
1998-08-08,23
1998-08-09,17
1998-08-10,69
1998-08-11,225
1998-08-12,107
1998-08-13,139
1998-08-14,210
1998-08-15,23
1998-08-16,17
1998-08-17,65
1998-08-18,140
1998-08-19,127
1998-08-20,110
1998-08-21,153
1998-08-22,17
1998-08-23,10
1998-08-24,111
1998-08-25,144
1998-08-26,151
1998-08-27,106
1998-08-28,127
1998-08-29,18
1998-08-30,14
1998-08-31,53
1998-09-01,163
1998-09-02,135
1998-09-03,103
1998-09-04,161
1998-09-05,14
1998-09-06,5
1998-09-07,25
1998-09-08,122
1998-09-09,134
1998-09-10,113
1998-09-11,153
1998-09-12,55
1998-09-13,24
1998-09-14,73
1998-09-15,128
1998-09-16,115
1998-09-17,119
1998-09-18,149
1998-09-19,32
1998-09-20,15
1998-09-21,78
1998-09-22,177
1998-09-23,114
1998-09-24,186
1998-09-25,168
1998-09-26,16
1998-09-27,24
1998-09-28,108
1998-09-29,152
1998-09-30,170
1998-10-01,132
1998-10-02,150
1998-10-03,49
1998-10-04,32
1998-10-05,109
1998-10-06,174
1998-10-07,177
1998-10-08,169
1998-10-09,207
1998-10-10,43
1998-10-11,45
1998-10-12,158
1998-10-13,276
1998-10-14,275
1998-10-15,276
1998-10-16,341
1998-10-17,81
1998-10-18,59
1998-10-19,714
1998-10-20,205
1998-10-21,101
1998-10-22,83
1998-10-23,74
1998-10-24,23
1998-10-25,6
1998-10-26,39
1998-10-27,92
1998-10-28,86
1998-10-29,75
1998-10-30,85
1998-10-31,27
1998-11-01,12
1998-11-02,39
1998-11-03,1090
1998-11-04,320
1998-11-05,171
1998-11-06,90
1998-11-07,11
1998-11-08,10
1998-11-09,61
1998-11-10,120
1998-11-11,27
1998-11-12,126
1998-11-13,135
1998-11-14,8
1998-11-15,3
1998-11-16,40
1998-11-17,103
1998-11-18,75
1998-11-19,108
1998-11-20,113
1998-11-21,11
1998-11-22,6
1998-11-23,50
1998-11-24,106
1998-11-25,136
1998-11-26,7
1998-11-27,10
1998-11-28,7
1998-11-29,2
1998-11-30,43
1998-12-01,120
1998-12-02,73
1998-12-03,98
1998-12-04,108
1998-12-05,6
1998-12-06,5
1998-12-07,28
1998-12-08,58
1998-12-09,56
1998-12-10,61
1998-12-11,63
1998-12-12,4
1998-12-14,47
1998-12-15,86
1998-12-16,55
1998-12-17,63
1998-12-18,58
1998-12-19,5
1998-12-20,4
1998-12-21,30
1998-12-22,42
1998-12-23,56
1998-12-24,15
1998-12-25,1
1998-12-26,3
1998-12-27,2
1998-12-28,33
1998-12-29,93
1998-12-30,84
1998-12-31,68
1999-01-01,12
1999-01-02,7
1999-01-03,7
1999-01-04,15
1999-01-05,109
1999-01-06,82
1999-01-07,52
1999-01-08,82
1999-01-09,5
1999-01-10,5
1999-01-11,44
1999-01-12,91
1999-01-13,82
1999-01-14,75
1999-01-15,131
1999-01-16,5
1999-01-17,7
1999-01-18,46
1999-01-19,103
1999-01-20,90
1999-01-21,83
1999-01-22,96
1999-01-23,10
1999-01-24,3
1999-01-25,105
1999-01-26,117
1999-01-27,157
1999-01-28,150
1999-01-29,140
1999-01-30,6
1999-01-31,5
1999-02-01,39
1999-02-02,90
1999-02-03,111
1999-02-04,88
1999-02-05,115
1999-02-06,12
1999-02-07,14
1999-02-08,36
1999-02-09,106
1999-02-10,86
1999-02-11,76
1999-02-12,89
1999-02-13,5
1999-02-14,2
1999-02-15,49
1999-02-16,118
1999-02-17,32
1999-02-18,40
1999-02-19,31
1999-02-20,2
1999-02-21,1
1999-02-22,61
1999-02-23,146
1999-02-24,176
1999-02-25,213
1999-02-26,38
1999-02-27,3
1999-02-28,7
1999-03-01,14
1999-03-02,61
1999-03-03,159
1999-03-04,95
1999-03-05,71
1999-03-06,11
1999-03-07,4
1999-03-08,55
1999-03-09,59
1999-03-10,81
1999-03-11,89
1999-03-12,98
1999-03-13,9
1999-03-14,8
1999-03-15,69
1999-03-16,105
1999-03-17,101
1999-03-18,123
1999-03-19,203
1999-03-20,29
1999-03-21,12
1999-03-22,259
1999-03-23,160
1999-03-24,92
1999-03-25,50
1999-03-26,81
1999-03-27,1
1999-03-28,5
1999-03-29,9
1999-03-30,27
1999-03-31,20
1999-04-01,45
1999-04-02,21
1999-04-03,1
1999-04-04,1
1999-04-05,12
1999-04-06,100
1999-04-07,91
1999-04-08,86
1999-04-09,53
1999-04-10,3
1999-04-11,6
1999-04-12,74
1999-04-13,62
1999-04-14,73
1999-04-15,49
1999-04-16,32
1999-04-17,3
1999-04-18,4
1999-04-19,22
1999-04-20,30
1999-04-21,26
1999-04-22,44
1999-04-23,63
1999-04-24,1
1999-04-25,5
1999-04-26,20
1999-04-27,50
1999-04-28,39
1999-04-29,56
1999-04-30,62
1999-05-01,3
1999-05-02,9
1999-05-03,49
1999-05-04,58
1999-05-05,70
1999-05-06,69
1999-05-07,62
1999-05-08,3
1999-05-09,1
1999-05-10,71
1999-05-11,229
1999-05-12,184
1999-05-13,108
1999-05-14,142
1999-05-15,12
1999-05-17,50
1999-05-18,60
1999-05-19,33
1999-05-20,69
1999-05-21,130
1999-05-22,5
1999-05-23,3
1999-05-24,59
1999-05-25,68
1999-05-26,35
1999-05-27,27
1999-05-28,56
1999-05-29,3
1999-05-30,2
1999-05-31,1
1999-06-01,77
1999-06-02,121
1999-06-03,29
1999-06-04,32
1999-06-05,1
1999-06-06,6
1999-06-07,46
1999-06-08,38
1999-06-09,37
1999-06-10,81
1999-06-11,59
1999-06-12,5
1999-06-13,1
1999-06-14,34
1999-06-15,58
1999-06-16,66
1999-06-17,48
1999-06-18,76
1999-06-19,6
1999-06-20,10
1999-06-21,30
1999-06-22,117
1999-06-23,181
1999-06-24,85
1999-06-25,53
1999-06-26,5
1999-06-28,50
1999-06-29,74
1999-06-30,62
1999-07-01,94
1999-07-02,82
1999-07-03,10
1999-07-04,1
1999-07-05,10
1999-07-06,68
1999-07-07,47
1999-07-08,60
1999-07-09,124
1999-07-10,14
1999-07-11,5
1999-07-12,83
1999-07-13,113
1999-07-14,112
1999-07-15,82
1999-07-16,115
1999-07-17,2
1999-07-18,8
1999-07-19,44
1999-07-20,97
1999-07-21,54
1999-07-22,75
1999-07-23,79
1999-07-24,3
1999-07-25,5
1999-07-26,59
1999-07-27,93
1999-07-28,61
1999-07-29,67
1999-07-30,76
1999-07-31,9
1999-08-01,9
1999-08-02,58
1999-08-03,165
1999-08-04,132
1999-08-05,72
1999-08-06,86
1999-08-07,7
1999-08-08,5
1999-08-09,38
1999-08-10,97
1999-08-11,55
1999-08-12,49
1999-08-13,76
1999-08-14,6
1999-08-15,3
1999-08-16,62
1999-08-17,99
1999-08-18,72
1999-08-19,37
1999-08-20,71
1999-08-22,7
1999-08-23,55
1999-08-24,57
1999-08-25,70
1999-08-26,39
1999-08-27,69
1999-08-28,5
1999-08-29,2
1999-08-30,44
1999-08-31,54
1999-09-01,54
1999-09-02,44
1999-09-03,54
1999-09-04,5
1999-09-05,5
1999-09-06,7
1999-09-07,45
1999-09-08,76
1999-09-09,141
1999-09-10,116
1999-09-11,14
1999-09-12,11
1999-09-13,130
1999-09-14,163
1999-09-15,96
1999-09-16,145
1999-09-17,194
1999-09-18,6
1999-09-19,5
1999-09-20,119
1999-09-21,88
1999-09-22,46
1999-09-23,64
1999-09-24,84
1999-09-25,7
1999-09-26,15
1999-09-27,62
1999-09-28,73
1999-09-29,89
1999-09-30,46
1999-10-01,74
1999-10-02,12
1999-10-03,16
1999-10-04,94
1999-10-05,169
1999-10-06,192
1999-10-07,67
1999-10-08,84
1999-10-09,16
1999-10-10,3
1999-10-11,16
1999-10-12,55
1999-10-13,41
1999-10-14,46
1999-10-15,79
1999-10-16,9
1999-10-17,6
1999-10-18,78
1999-10-19,115
1999-10-20,104
1999-10-21,62
1999-10-22,69
1999-10-23,15
1999-10-24,6
1999-10-25,49
1999-10-26,82
1999-10-27,46
1999-10-28,64
1999-10-29,59
1999-10-30,9
1999-10-31,8
1999-11-01,33
1999-11-02,62
1999-11-03,58
1999-11-04,200
1999-11-05,165
1999-11-06,5
1999-11-07,5
1999-11-08,202
1999-11-09,77
1999-11-10,47
1999-11-11,24
1999-11-12,43
1999-11-13,11
1999-11-14,19
1999-11-15,67
1999-11-16,86
1999-11-17,45
1999-11-18,52
1999-11-19,84
1999-11-20,10
1999-11-21,7
1999-11-22,81
1999-11-23,96
1999-11-24,53
1999-11-25,5
1999-11-26,7
1999-11-27,3
1999-11-28,3
1999-11-29,32
1999-11-30,56
1999-12-01,58
1999-12-02,27
1999-12-03,62
1999-12-04,6
1999-12-05,2
1999-12-06,24
1999-12-07,41
1999-12-08,62
1999-12-09,165
1999-12-10,118
1999-12-11,5
1999-12-12,3
1999-12-13,142
1999-12-14,135
1999-12-15,90
1999-12-16,99
1999-12-17,65
1999-12-18,2
1999-12-19,3
1999-12-20,45
1999-12-21,90
1999-12-22,119
1999-12-23,54
1999-12-24,2
1999-12-25,1
1999-12-26,3
1999-12-27,31
1999-12-28,71
1999-12-29,75
1999-12-30,34
1999-12-31,6
2000-01-01,4
2000-01-02,3
2000-01-03,32
2000-01-04,90
2000-01-05,136
2000-01-06,84
2000-01-07,61
2000-01-08,9
2000-01-09,8
2000-01-10,73
2000-01-11,88
2000-01-12,143
2000-01-13,79
2000-01-14,71
2000-01-15,16
2000-01-16,6
2000-01-17,22
2000-01-18,97
2000-01-19,83
2000-01-20,98
2000-01-21,102
2000-01-22,14
2000-01-23,8
2000-01-24,89
2000-01-25,128
2000-01-26,62
2000-01-27,43
2000-01-28,90
2000-01-29,18
2000-01-30,7
2000-01-31,127
2000-02-01,107
2000-02-02,85
2000-02-03,127
2000-02-04,137
2000-02-05,16
2000-02-06,3
2000-02-07,59
2000-02-08,123
2000-02-09,62
2000-02-10,67
2000-02-11,85
2000-02-12,13
2000-02-13,9
2000-02-14,87
2000-02-15,118
2000-02-16,131
2000-02-17,131
2000-02-18,69
2000-02-19,9
2000-02-20,14
2000-02-21,19
2000-02-22,103
2000-02-23,77
2000-02-24,68
2000-02-25,86
2000-02-26,11
2000-02-27,5
2000-02-28,117
2000-02-29,97
2000-03-01,158
2000-03-02,114
2000-03-03,112
2000-03-04,15
2000-03-05,18
2000-03-06,90
2000-03-07,176
2000-03-08,160
2000-03-09,125
2000-03-10,136
2000-03-11,12
2000-03-12,24
2000-03-13,104
2000-03-14,168
2000-03-15,154
2000-03-16,119
2000-03-17,173
2000-03-18,26
2000-03-19,18
2000-03-20,327
2000-03-21,117
2000-03-22,66
2000-03-23,147
2000-03-24,62
2000-03-25,2
2000-03-26,5
2000-03-27,49
2000-03-28,104
2000-03-29,55
2000-03-30,71
2000-03-31,51
2000-04-01,4
2000-04-02,7
2000-04-03,51
2000-04-04,168
2000-04-05,110
2000-04-06,98
2000-04-07,114
2000-04-08,8
2000-04-09,5
2000-04-10,100
2000-04-11,183
2000-04-12,67
2000-04-13,63
2000-04-14,106
2000-04-15,7
2000-04-16,5
2000-04-17,133
2000-04-18,129
2000-04-19,74
2000-04-20,50
2000-04-21,57
2000-04-22,3
2000-04-23,4
2000-04-24,54
2000-04-25,99
2000-04-26,64
2000-04-27,59
2000-04-28,88
2000-04-29,7
2000-04-30,6
2000-05-01,67
2000-05-02,102
2000-05-03,72
2000-05-04,74
2000-05-05,74
2000-05-06,17
2000-05-07,4
2000-05-08,92
2000-05-09,80
2000-05-10,97
2000-05-11,52
2000-05-12,51
2000-05-13,12
2000-05-14,1
2000-05-15,51
2000-05-16,88
2000-05-17,75
2000-05-18,34
2000-05-19,94
2000-05-20,11
2000-05-21,6
2000-05-22,33
2000-05-23,46
2000-05-24,47
2000-05-25,52
2000-05-26,53
2000-05-27,7
2000-05-28,4
2000-05-29,6
2000-05-30,95
2000-05-31,72
2000-06-01,66
2000-06-02,110
2000-06-03,23
2000-06-04,13
2000-06-05,103
2000-06-06,112
2000-06-07,64
2000-06-08,93
2000-06-09,140
2000-06-10,30
2000-06-11,4
2000-06-12,172
2000-06-13,180
2000-06-14,106
2000-06-15,138
2000-06-16,128
2000-06-17,4
2000-06-18,12
2000-06-19,111
2000-06-20,109
2000-06-21,101
2000-06-22,90
2000-06-23,65
2000-06-24,6
2000-06-25,11
2000-06-26,95
2000-06-27,119
2000-06-28,119
2000-06-29,84
2000-06-30,119
2000-07-01,19
2000-07-02,9
2000-07-03,106
2000-07-04,35
2000-07-05,140
2000-07-06,100
2000-07-07,110
2000-07-08,22
2000-07-09,24
2000-07-10,131
2000-07-11,282
2000-07-12,236
2000-07-13,261
2000-07-14,342
2000-07-15,113
2000-07-16,59
2000-07-17,680
2000-07-18,209
2000-07-19,88
2000-07-20,53
2000-07-21,80
2000-07-22,7
2000-07-23,1
2000-07-24,27
2000-07-25,59
2000-07-26,49
2000-07-27,39
2000-07-28,41
2000-07-29,10
2000-07-30,5
2000-07-31,35
2000-08-01,642
2000-08-02,189
2000-08-03,95
2000-08-04,246
2000-08-05,10
2000-08-06,9
2000-08-07,108
2000-08-08,132
2000-08-09,126
2000-08-10,111
2000-08-11,98
2000-08-12,13
2000-08-13,10
2000-08-14,115
2000-08-15,109
2000-08-16,84
2000-08-17,131
2000-08-18,151
2000-08-19,13
2000-08-20,8
2000-08-21,166
2000-08-22,220
2000-08-23,138
2000-08-24,244
2000-08-25,239
2000-08-26,8
2000-08-27,11
2000-08-28,132
2000-08-29,82
2000-08-30,188
2000-08-31,157
2000-09-01,166
2000-09-02,9
2000-09-03,4
2000-09-04,9
2000-09-05,214
2000-09-06,254
2000-09-07,303
2000-09-08,235
2000-09-09,13
2000-09-10,21
2000-09-11,150
2000-09-12,125
2000-09-13,99
2000-09-14,124
2000-09-15,154
2000-09-16,18
2000-09-17,10
2000-09-18,131
2000-09-19,132
2000-09-20,154
2000-09-21,165
2000-09-22,287
2000-09-23,34
2000-09-24,26
2000-09-25,265
2000-09-26,262
2000-09-27,223
2000-09-28,240
2000-09-29,317
2000-09-30,27
2000-10-01,27
2000-10-02,281
2000-10-03,284
2000-10-04,257
2000-10-05,273
2000-10-06,289
2000-10-07,51
2000-10-08,47
2000-10-09,236
2000-10-10,363
2000-10-11,448
2000-10-12,382
2000-10-13,334
2000-10-14,68
2000-10-15,91
2000-10-16,378
2000-10-17,446
2000-10-18,600
2000-10-19,623
2000-10-20,761
2000-10-21,378
2000-10-22,339
2000-10-23,2590
2000-10-24,408
2000-10-25,347
2000-10-26,347
2000-10-27,311
2000-10-28,421
2000-10-29,436
2000-10-30,333
2000-10-31,104
2000-11-01,55
2000-11-02,52
2000-11-03,40
2000-11-04,5
2000-11-05,5
2000-11-06,16
2000-11-07,1115
2000-11-08,145
2000-11-09,57
2000-11-10,5
2000-11-11,1
2000-11-12,2
2000-11-13,19
2000-11-14,43
2000-11-15,78
2000-11-16,42
2000-11-17,29
2000-11-18,4
2000-11-19,2
2000-11-20,81
2000-11-21,65
2000-11-22,49
2000-11-23,5
2000-11-24,1
2000-11-25,1
2000-11-27,45
2000-11-28,122
2000-11-29,59
2000-11-30,67
2000-12-01,132
2000-12-02,4
2000-12-03,2
2000-12-04,214
2000-12-05,132
2000-12-06,114
2000-12-07,96
2000-12-08,72
2000-12-10,2
2000-12-11,26
2000-12-12,55
2000-12-13,36
2000-12-14,56
2000-12-15,41
2000-12-16,2
2000-12-17,2
2000-12-18,34
2000-12-19,46
2000-12-20,48
2000-12-21,29
2000-12-22,14
2000-12-23,1
2000-12-24,1
2000-12-25,1
2000-12-26,45
2000-12-27,27
2000-12-28,37
2000-12-29,56
2000-12-30,2
2001-01-01,5
2001-01-02,64
2001-01-03,34
2001-01-04,47
2001-01-05,60
2001-01-06,3
2001-01-07,3
2001-01-08,33
2001-01-09,30
2001-01-10,54
2001-01-11,67
2001-01-12,128
2001-01-13,13
2001-01-14,2
2001-01-15,43
2001-01-16,269
2001-01-17,215
2001-01-18,115
2001-01-19,48
2001-01-20,7
2001-01-21,3
2001-01-22,57
2001-01-23,71
2001-01-24,52
2001-01-25,53
2001-01-26,52
2001-01-27,4
2001-01-28,2
2001-01-29,18
2001-01-30,25
2001-01-31,38
2001-02-01,28
2001-02-02,64
2001-02-03,7
2001-02-04,3
2001-02-05,27
2001-02-06,84
2001-02-07,83
2001-02-08,57
2001-02-09,33
2001-02-10,8
2001-02-11,7
2001-02-12,84
2001-02-13,46
2001-02-14,38
2001-02-15,40
2001-02-16,65
2001-02-17,4
2001-02-18,33
2001-02-19,6
2001-02-20,29
2001-02-21,33
2001-02-22,25
2001-02-23,14
2001-02-24,1
2001-02-26,16
2001-02-27,56
2001-02-28,54
2001-03-01,43
2001-03-02,38
2001-03-03,6
2001-03-04,1
2001-03-05,40
2001-03-06,42
2001-03-07,66
2001-03-08,51
2001-03-09,79
2001-03-10,10
2001-03-11,4
2001-03-12,116
2001-03-13,115
2001-03-14,119
2001-03-15,140
2001-03-16,153
2001-03-17,12
2001-03-18,19
2001-03-19,180
2001-03-20,58
2001-03-21,43
2001-03-22,26
2001-03-23,39
2001-03-24,1
2001-03-26,5
2001-03-27,28
2001-03-28,14
2001-03-29,21
2001-03-30,26
2001-03-31,2
2001-04-01,2
2001-04-02,13
2001-04-03,121
2001-04-04,46
2001-04-05,20
2001-04-06,33
2001-04-07,3
2001-04-09,41
2001-04-10,53
2001-04-11,29
2001-04-12,47
2001-04-13,31
2001-04-14,2
2001-04-16,33
2001-04-17,35
2001-04-18,43
2001-04-19,29
2001-04-20,76
2001-04-21,3
2001-04-22,1
2001-04-23,39
2001-04-24,99
2001-04-25,87
2001-04-26,105
2001-04-27,55
2001-04-29,5
2001-04-30,29
2001-05-01,43
2001-05-02,31
2001-05-03,44
2001-05-04,45
2001-05-05,2
2001-05-06,8
2001-05-07,57
2001-05-08,102
2001-05-09,82
2001-05-10,45
2001-05-11,133
2001-05-12,3
2001-05-13,2
2001-05-14,62
2001-05-15,46
2001-05-16,49
2001-05-17,35
2001-05-18,33
2001-05-19,7
2001-05-20,2
2001-05-21,23
2001-05-22,70
2001-05-23,57
2001-05-24,49
2001-05-25,52
2001-05-26,1
2001-05-27,1
2001-05-28,2
2001-05-29,81
2001-05-30,34
2001-05-31,97
2001-06-01,23
2001-06-02,2
2001-06-03,4
2001-06-04,25
2001-06-05,97
2001-06-06,63
2001-06-07,45
2001-06-08,42
2001-06-09,3
2001-06-10,6
2001-06-11,12
2001-06-12,17
2001-06-13,34
2001-06-14,51
2001-06-15,51
2001-06-16,6
2001-06-17,1
2001-06-18,24
2001-06-19,53
2001-06-20,56
2001-06-21,132
2001-06-22,61
2001-06-23,4
2001-06-24,5
2001-06-25,17
2001-06-26,47
2001-06-27,50
2001-06-28,91
2001-06-29,44
2001-06-30,6
2001-07-01,4
2001-07-02,69
2001-07-03,41
2001-07-04,6
2001-07-05,60
2001-07-06,103
2001-07-07,7
2001-07-08,1
2001-07-09,28
2001-07-10,107
2001-07-11,38
2001-07-12,19
2001-07-13,60
2001-07-14,2
2001-07-15,2
2001-07-16,39
2001-07-17,57
2001-07-18,32
2001-07-19,34
2001-07-20,59
2001-07-21,1
2001-07-22,3
2001-07-23,77
2001-07-24,156
2001-07-25,107
2001-07-26,30
2001-07-27,34
2001-07-28,4
2001-07-29,3
2001-07-30,39
2001-07-31,74
2001-08-01,54
2001-08-02,54
2001-08-03,48
2001-08-04,6
2001-08-05,5
2001-08-06,46
2001-08-07,148
2001-08-08,144
2001-08-09,47
2001-08-10,58
2001-08-11,4
2001-08-12,2
2001-08-13,88
2001-08-14,73
2001-08-15,28
2001-08-16,70
2001-08-17,59
2001-08-18,4
2001-08-19,2
2001-08-20,54
2001-08-21,112
2001-08-22,174
2001-08-23,32
2001-08-24,62
2001-08-25,3
2001-08-26,7
2001-08-27,71
2001-08-28,68
2001-08-29,99
2001-08-30,52
2001-08-31,50
2001-09-01,7
2001-09-02,2
2001-09-03,6
2001-09-04,182
2001-09-05,120
2001-09-06,47
2001-09-07,42
2001-09-08,5
2001-09-09,2
2001-09-10,47
2001-09-11,51
2001-09-12,62
2001-09-13,57
2001-09-14,30
2001-09-15,5
2001-09-16,8
2001-09-17,45
2001-09-18,57
2001-09-19,62
2001-09-20,64
2001-09-21,30
2001-09-22,8
2001-09-23,4
2001-09-24,77
2001-09-25,56
2001-09-26,54
2001-09-27,29
2001-09-28,93
2001-09-30,2
2001-10-01,57
2001-10-02,39
2001-10-03,88
2001-10-04,43
2001-10-05,56
2001-10-06,6
2001-10-07,1
2001-10-08,46
2001-10-09,99
2001-10-10,57
2001-10-11,57
2001-10-12,128
2001-10-13,3
2001-10-14,9
2001-10-15,58
2001-10-16,49
2001-10-17,74
2001-10-18,62
2001-10-19,63
2001-10-20,2
2001-10-21,4
2001-10-22,63
2001-10-23,91
2001-10-24,81
2001-10-25,56
2001-10-26,45
2001-10-27,2
2001-10-28,1
2001-10-29,38
2001-10-30,80
2001-10-31,56
2001-11-01,52
2001-11-02,72
2001-11-03,3
2001-11-05,35
2001-11-06,86
2001-11-07,68
2001-11-08,46
2001-11-09,48
2001-11-10,3
2001-11-12,9
2001-11-13,85
2001-11-14,59
2001-11-15,67
2001-11-16,61
2001-11-17,3
2001-11-18,5
2001-11-19,42
2001-11-20,92
2001-11-21,63
2001-11-22,2
2001-11-23,3
2001-11-24,5
2001-11-26,38
2001-11-27,82
2001-11-28,57
2001-11-29,51
2001-11-30,53
2001-12-01,3
2001-12-02,2
2001-12-03,64
2001-12-04,46
2001-12-05,59
2001-12-06,62
2001-12-07,112
2001-12-08,2
2001-12-09,1
2001-12-10,21
2001-12-11,48
2001-12-12,79
2001-12-13,40
2001-12-14,40
2001-12-15,8
2001-12-16,3
2001-12-17,49
2001-12-18,67
2001-12-19,52
2001-12-20,41
2001-12-21,55
2001-12-22,2
2001-12-23,1
2001-12-24,1
2001-12-26,60
2001-12-27,69
2001-12-28,49
2001-12-29,2
2001-12-31,31
2002-01-01,4
2002-01-02,73
2002-01-03,79
2002-01-04,57
2002-01-05,7
2002-01-06,4
2002-01-07,20
2002-01-08,83
2002-01-09,51
2002-01-10,76
2002-01-11,89
2002-01-12,4
2002-01-13,4
2002-01-14,37
2002-01-15,94
2002-01-16,52
2002-01-17,48
2002-01-18,58
2002-01-19,3
2002-01-20,3
2002-01-21,2
2002-01-22,80
2002-01-23,49
2002-01-24,43
2002-01-25,51
2002-01-26,5
2002-01-28,22
2002-01-29,55
2002-01-30,28
2002-01-31,15
2002-02-01,42
2002-02-02,2
2002-02-03,1
2002-02-04,19
2002-02-05,71
2002-02-06,69
2002-02-07,53
2002-02-08,64
2002-02-10,2
2002-02-11,37
2002-02-12,72
2002-02-13,56
2002-02-14,38
2002-02-15,61
2002-02-18,13
2002-02-19,57
2002-02-20,63
2002-02-21,45
2002-02-22,61
2002-02-24,5
2002-02-25,40
2002-02-26,79
2002-02-27,52
2002-02-28,54
2002-03-01,51
2002-03-02,3
2002-03-03,1
2002-03-04,39
2002-03-05,71
2002-03-06,43
2002-03-07,95
2002-03-08,78
2002-03-09,5
2002-03-11,65
2002-03-12,68
2002-03-13,39
2002-03-14,66
2002-03-15,74
2002-03-17,3
2002-03-18,77
2002-03-19,52
2002-03-20,55
2002-03-21,55
2002-03-22,67
2002-03-23,1
2002-03-24,2
2002-03-25,19
2002-03-26,78
2002-03-27,47
2002-03-28,57
2002-03-29,70
2002-03-30,7
2002-03-31,1
2002-04-01,35
2002-04-02,78
2002-04-03,64
2002-04-04,66
2002-04-05,71
2002-04-06,5
2002-04-07,3
2002-04-08,54
2002-04-09,60
2002-04-10,67
2002-04-11,64
2002-04-12,76
2002-04-13,3
2002-04-14,2
2002-04-15,41
2002-04-16,57
2002-04-17,52
2002-04-18,68
2002-04-19,73
2002-04-20,5
2002-04-21,14
2002-04-22,54
2002-04-23,66
2002-04-24,60
2002-04-25,52
2002-04-26,83
2002-04-27,3
2002-04-28,1
2002-04-29,49
2002-04-30,69
2002-05-01,67
2002-05-02,73
2002-05-03,69
2002-05-04,5
2002-05-05,7
2002-05-06,54
2002-05-07,89
2002-05-08,84
2002-05-09,63
2002-05-10,76
2002-05-11,3
2002-05-12,3
2002-05-13,29
2002-05-14,90
2002-05-15,65
2002-05-16,47
2002-05-17,85
2002-05-18,5
2002-05-19,8
2002-05-20,39
2002-05-21,78
2002-05-22,47
2002-05-23,58
2002-05-24,66
2002-05-25,4
2002-05-26,1
2002-05-27,5
2002-05-28,101
2002-05-29,59
2002-05-30,82
2002-05-31,67
2002-06-01,2
2002-06-02,8
2002-06-03,45
2002-06-04,66
2002-06-05,82
2002-06-06,77
2002-06-07,67
2002-06-08,7
2002-06-09,4
2002-06-10,37
2002-06-11,73
2002-06-12,65
2002-06-13,71
2002-06-14,159
2002-06-15,195
2002-06-16,4
2002-06-17,54
2002-06-18,106
2002-06-19,89
2002-06-20,49
2002-06-21,92
2002-06-22,4
2002-06-23,2
2002-06-24,49
2002-06-25,130
2002-06-26,61
2002-06-27,76
2002-06-28,96
2002-06-29,9
2002-06-30,23
2002-07-01,58
2002-07-02,105
2002-07-03,86
2002-07-04,7
2002-07-05,100
2002-07-06,8
2002-07-07,13
2002-07-08,100
2002-07-09,117
2002-07-10,115
2002-07-11,124
2002-07-12,141
2002-07-13,16
2002-07-14,24
2002-07-15,103
2002-07-16,178
2002-07-17,214
2002-07-18,179
2002-07-19,231
2002-07-20,83
2002-07-21,72
2002-07-22,697
2002-07-23,279
2002-07-24,79
2002-07-25,111
2002-07-26,70
2002-07-27,10
2002-07-28,2
2002-07-29,30
2002-07-30,42
2002-07-31,38
2002-08-01,46
2002-08-02,56
2002-08-03,12
2002-08-04,5
2002-08-05,21
2002-08-06,517
2002-08-07,542
2002-08-08,169
2002-08-09,180
2002-08-10,12
2002-08-11,1
2002-08-12,122
2002-08-13,195
2002-08-14,183
2002-08-15,116
2002-08-16,206
2002-08-17,7
2002-08-18,4
2002-08-19,131
2002-08-20,240
2002-08-21,202
2002-08-22,153
2002-08-23,158
2002-08-24,2
2002-08-25,8
2002-08-26,136
2002-08-27,167
2002-08-28,116
2002-08-29,136
2002-08-30,101
2002-08-31,8
2002-09-01,5
2002-09-02,7
2002-09-03,130
2002-09-04,148
2002-09-05,147
2002-09-06,51
2002-09-07,7
2002-09-08,4
2002-09-09,95
2002-09-10,127
2002-09-11,129
2002-09-12,108
2002-09-13,107
2002-09-14,7
2002-09-15,5
2002-09-16,109
2002-09-17,134
2002-09-18,127
2002-09-19,106
2002-09-20,143
2002-09-21,16
2002-09-22,22
2002-09-23,150
2002-09-24,148
2002-09-25,238
2002-09-26,141
2002-09-27,162
2002-09-28,34
2002-09-29,26
2002-09-30,219
2002-10-01,231
2002-10-02,173
2002-10-03,105
2002-10-04,166
2002-10-05,21
2002-10-06,24
2002-10-07,181
2002-10-08,324
2002-10-09,170
2002-10-10,225
2002-10-11,193
2002-10-12,65
2002-10-13,39
2002-10-14,198
2002-10-15,274
2002-10-16,337
2002-10-17,402
2002-10-18,453
2002-10-19,169
2002-10-20,136
2002-10-21,1155
2002-10-22,219
2002-10-23,120
2002-10-24,70
2002-10-25,67
2002-10-26,65
2002-10-27,3
2002-10-28,52
2002-10-29,80
2002-10-30,62
2002-10-31,36
2002-11-01,68
2002-11-02,19
2002-11-03,3
2002-11-04,30
2002-11-05,848
2002-11-06,164
2002-11-07,137
2002-11-08,145
2002-11-09,11
2002-11-10,3
2002-11-11,6
2002-11-12,147
2002-11-13,123
2002-11-14,91
2002-11-15,73
2002-11-16,1
2002-11-18,102
2002-11-19,88
2002-11-20,104
2002-11-21,131
2002-11-22,75
2002-11-23,3
2002-11-24,2
2002-11-25,114
2002-11-26,130
2002-11-27,140
2002-11-30,1
2002-12-01,7
2002-12-02,81
2002-12-03,91
2002-12-04,66
2002-12-05,54
2002-12-06,47
2002-12-07,2
2002-12-08,2
2002-12-09,25
2002-12-10,55
2002-12-11,58
2002-12-12,99
2002-12-13,81
2002-12-14,1
2002-12-15,1
2002-12-16,46
2002-12-17,89
2002-12-18,83
2002-12-19,76
2002-12-20,43
2002-12-21,1
2002-12-23,33
2002-12-24,35
2002-12-26,27
2002-12-27,40
2002-12-30,35
2002-12-31,58
2003-01-01,7
2003-01-02,95
2003-01-03,87
2003-01-04,6
2003-01-05,9
2003-01-06,71
2003-01-07,80
2003-01-08,59
2003-01-09,68
2003-01-10,65
2003-01-11,3
2003-01-12,2
2003-01-13,59
2003-01-14,80
2003-01-15,66
2003-01-16,39
2003-01-17,76
2003-01-18,6
2003-01-19,2
2003-01-20,21
2003-01-21,90
2003-01-22,69
2003-01-23,71
2003-01-24,62
2003-01-26,7
2003-01-27,56
2003-01-28,99
2003-01-29,71
2003-01-30,57
2003-01-31,75
2003-02-01,10
2003-02-02,3
2003-02-03,82
2003-02-04,79
2003-02-05,64
2003-02-06,91
2003-02-07,77
2003-02-08,11
2003-02-09,9
2003-02-10,248
2003-02-11,107
2003-02-12,58
2003-02-13,43
2003-02-14,53
2003-02-15,5
2003-02-16,6
2003-02-17,14
2003-02-18,85
2003-02-19,101
2003-02-20,83
2003-02-21,131
2003-02-22,11
2003-02-23,3
2003-02-24,22
2003-02-25,141
2003-02-26,90
2003-02-27,79
2003-02-28,98
2003-03-01,6
2003-03-02,2
2003-03-03,129
2003-03-04,89
2003-03-05,69
2003-03-06,78
2003-03-07,71
2003-03-08,9
2003-03-09,6
2003-03-10,117
2003-03-11,121
2003-03-12,144
2003-03-13,113
2003-03-14,185
2003-03-15,19
2003-03-16,21
2003-03-17,541
2003-03-18,96
2003-03-19,49
2003-03-20,48
2003-03-21,47
2003-03-22,2
2003-03-23,5
2003-03-24,31
2003-03-25,45
2003-03-26,37
2003-03-27,49
2003-03-28,67
2003-03-29,8
2003-03-30,2
2003-03-31,19
2003-04-01,180
2003-04-02,85
2003-04-03,68
2003-04-04,80
2003-04-05,2
2003-04-06,1
2003-04-07,68
2003-04-08,80
2003-04-09,95
2003-04-10,87
2003-04-11,61
2003-04-12,2
2003-04-13,2
2003-04-14,37
2003-04-15,91
2003-04-16,77
2003-04-17,58
2003-04-18,70
2003-04-19,2
2003-04-20,2
2003-04-21,65
2003-04-22,86
2003-04-23,56
2003-04-24,59
2003-04-25,87
2003-04-26,1
2003-04-27,1
2003-04-28,43
2003-04-29,63
2003-04-30,54
2003-05-01,49
2003-05-02,55
2003-05-03,3
2003-05-05,36
2003-05-06,62
2003-05-07,55
2003-05-08,65
2003-05-09,57
2003-05-10,2
2003-05-11,9
2003-05-12,45
2003-05-13,50
2003-05-14,65
2003-05-15,49
2003-05-16,52
2003-05-18,2
2003-05-19,44
2003-05-20,81
2003-05-21,76
2003-05-22,57
2003-05-23,44
2003-05-24,4
2003-05-25,2
2003-05-26,2
2003-05-27,71
2003-05-28,87
2003-05-29,63
2003-05-30,43
2003-05-31,3
2003-06-01,1
2003-06-02,62
2003-06-03,93
2003-06-04,66
2003-06-05,59
2003-06-06,70
2003-06-07,3
2003-06-08,6
2003-06-09,49
2003-06-10,88
2003-06-11,65
2003-06-12,67
2003-06-13,60
2003-06-14,19
2003-06-15,13
2003-06-16,55
2003-06-17,134
2003-06-18,76
2003-06-19,54
2003-06-20,66
2003-06-21,7
2003-06-22,5
2003-06-23,48
2003-06-24,84
2003-06-25,91
2003-06-26,71
2003-06-27,78
2003-06-28,3
2003-06-29,6
2003-06-30,70
2003-07-01,85
2003-07-02,58
2003-07-03,96
2003-07-04,3
2003-07-05,5
2003-07-06,3
2003-07-07,79
2003-07-08,95
2003-07-09,77
2003-07-10,89
2003-07-11,66
2003-07-12,3
2003-07-14,77
2003-07-15,128
2003-07-16,88
2003-07-17,85
2003-07-18,55
2003-07-19,5
2003-07-20,7
2003-07-21,43
2003-07-22,88
2003-07-23,91
2003-07-24,69
2003-07-25,92
2003-07-26,2
2003-07-27,3
2003-07-28,81
2003-07-29,79
2003-07-30,67
2003-07-31,60
2003-08-01,66
2003-08-02,6
2003-08-03,10
2003-08-04,42
2003-08-05,81
2003-08-06,107
2003-08-07,80
2003-08-08,72
2003-08-09,1
2003-08-10,5
2003-08-11,68
2003-08-12,100
2003-08-13,87
2003-08-14,58
2003-08-15,68
2003-08-16,4
2003-08-17,3
2003-08-18,47
2003-08-19,97
2003-08-20,68
2003-08-21,67
2003-08-22,79
2003-08-23,5
2003-08-25,72
2003-08-26,69
2003-08-27,53
2003-08-28,75
2003-08-29,39
2003-08-30,2
2003-08-31,2
2003-09-01,7
2003-09-02,111
2003-09-03,69
2003-09-04,90
2003-09-05,63
2003-09-06,2
2003-09-07,4
2003-09-08,56
2003-09-09,73
2003-09-10,77
2003-09-11,110
2003-09-12,130
2003-09-13,3
2003-09-14,2
2003-09-15,83
2003-09-16,122
2003-09-17,60
2003-09-18,113
2003-09-19,115
2003-09-20,2
2003-09-21,4
2003-09-22,61
2003-09-23,83
2003-09-24,60
2003-09-25,69
2003-09-26,79
2003-09-27,6
2003-09-28,2
2003-09-29,59
2003-09-30,73
2003-10-01,60
2003-10-02,69
2003-10-03,57
2003-10-04,2
2003-10-05,3
2003-10-06,63
2003-10-07,131
2003-10-08,75
2003-10-09,79
2003-10-10,83
2003-10-11,3
2003-10-12,5
2003-10-13,45
2003-10-14,94
2003-10-15,88
2003-10-16,98
2003-10-17,79
2003-10-18,7
2003-10-19,3
2003-10-20,74
2003-10-21,102
2003-10-22,65
2003-10-23,63
2003-10-24,57
2003-10-25,4
2003-10-26,3
2003-10-27,94
2003-10-28,67
2003-10-29,67
2003-10-30,58
2003-10-31,48
2003-11-01,1
2003-11-02,7
2003-11-03,69
2003-11-04,138
2003-11-05,62
2003-11-06,79
2003-11-07,67
2003-11-08,6
2003-11-09,7
2003-11-10,49
2003-11-11,3
2003-11-12,138
2003-11-13,118
2003-11-14,92
2003-11-15,9
2003-11-16,7
2003-11-17,40
2003-11-18,80
2003-11-19,47
2003-11-20,89
2003-11-21,67
2003-11-22,3
2003-11-23,4
2003-11-24,82
2003-11-25,84
2003-11-26,61
2003-11-27,2
2003-11-28,4
2003-11-29,6
2003-12-01,46
2003-12-02,91
2003-12-03,66
2003-12-04,66
2003-12-05,88
2003-12-06,4
2003-12-07,1
2003-12-08,47
2003-12-09,63
2003-12-10,36
2003-12-11,46
2003-12-12,91
2003-12-13,3
2003-12-14,5
2003-12-15,52
2003-12-16,52
2003-12-17,76
2003-12-18,59
2003-12-19,66
2003-12-20,1
2003-12-21,1
2003-12-22,42
2003-12-23,65
2003-12-24,32
2003-12-26,4
2003-12-27,3
2003-12-29,29
2003-12-30,58
2003-12-31,70
2004-01-01,13
2004-01-02,73
2004-01-03,2
2004-01-04,5
2004-01-05,79
2004-01-06,126
2004-01-07,129
2004-01-08,96
2004-01-09,93
2004-01-10,5
2004-01-11,1
2004-01-12,62
2004-01-13,143
2004-01-14,95
2004-01-15,97
2004-01-16,107
2004-01-17,4
2004-01-18,7
2004-01-19,10
2004-01-20,109
2004-01-21,158
2004-01-22,120
2004-01-23,151
2004-01-24,8
2004-01-25,7
2004-01-26,78
2004-01-27,104
2004-01-28,100
2004-01-29,148
2004-01-30,98
2004-01-31,7
2004-02-01,4
2004-02-02,87
2004-02-03,124
2004-02-04,103
2004-02-05,127
2004-02-06,107
2004-02-07,14
2004-02-08,4
2004-02-09,67
2004-02-10,134
2004-02-11,109
2004-02-12,128
2004-02-13,129
2004-02-14,24
2004-02-15,7
2004-02-16,69
2004-02-17,123
2004-02-18,168
2004-02-19,92
2004-02-20,92
2004-02-21,7
2004-02-22,12
2004-02-23,214
2004-02-24,106
2004-02-25,81
2004-02-26,148
2004-02-27,110
2004-02-28,14
2004-02-29,3
2004-03-01,132
2004-03-02,172
2004-03-03,127
2004-03-04,101
2004-03-05,128
2004-03-06,17
2004-03-07,23
2004-03-08,124
2004-03-09,166
2004-03-10,193
2004-03-11,152
2004-03-12,121
2004-03-13,17
2004-03-14,5
2004-03-15,126
2004-03-16,166
2004-03-17,147
2004-03-18,126
2004-03-19,145
2004-03-20,6
2004-03-21,9
2004-03-22,243
2004-03-23,95
2004-03-24,136
2004-03-25,112
2004-03-26,101
2004-03-27,5
2004-03-28,1
2004-03-29,110
2004-03-30,108
2004-03-31,111
2004-04-01,111
2004-04-02,202
2004-04-03,4
2004-04-04,5
2004-04-05,85
2004-04-06,122
2004-04-07,166
2004-04-08,202
2004-04-09,85
2004-04-10,13
2004-04-11,7
2004-04-12,88
2004-04-13,167
2004-04-14,137
2004-04-15,219
2004-04-16,113
2004-04-17,7
2004-04-18,7
2004-04-19,128
2004-04-20,118
2004-04-21,125
2004-04-22,72
2004-04-23,160
2004-04-24,23
2004-04-25,5
2004-04-26,172
2004-04-27,139
2004-04-28,151
2004-04-29,138
2004-04-30,156
2004-05-01,17
2004-05-02,7
2004-05-03,128
2004-05-04,158
2004-05-05,150
2004-05-06,109
2004-05-07,118
2004-05-08,13
2004-05-09,2
2004-05-10,114
2004-05-11,110
2004-05-12,104
2004-05-13,100
2004-05-14,109
2004-05-15,40
2004-05-16,6
2004-05-17,120
2004-05-18,122
2004-05-19,114
2004-05-20,133
2004-05-21,99
2004-05-22,11
2004-05-23,9
2004-05-24,165
2004-05-25,115
2004-05-26,154
2004-05-27,146
2004-05-28,190
2004-05-29,15
2004-05-30,8
2004-05-31,9
2004-06-01,166
2004-06-02,159
2004-06-03,222
2004-06-04,121
2004-06-05,9
2004-06-06,7
2004-06-07,158
2004-06-08,204
2004-06-09,157
2004-06-10,204
2004-06-11,75
2004-06-12,13
2004-06-13,5
2004-06-14,167
2004-06-15,176
2004-06-16,179
2004-06-17,211
2004-06-18,180
2004-06-19,21
2004-06-20,12
2004-06-21,201
2004-06-22,316
2004-06-23,241
2004-06-24,212
2004-06-25,196
2004-06-26,17
2004-06-27,28
2004-06-28,242
2004-06-29,197
2004-06-30,294
2004-07-01,239
2004-07-02,235
2004-07-03,14
2004-07-04,62
2004-07-05,30
2004-07-06,368
2004-07-07,367
2004-07-08,340
2004-07-09,336
2004-07-10,61
2004-07-11,86
2004-07-12,654
2004-07-13,585
2004-07-14,530
2004-07-15,607
2004-07-16,749
2004-07-17,125
2004-07-18,157
2004-07-19,1992
2004-07-20,586
2004-07-21,279
2004-07-22,318
2004-07-23,146
2004-07-24,27
2004-07-25,16
2004-07-26,164
2004-07-27,191
2004-07-28,202
2004-07-29,163
2004-07-30,244
2004-07-31,72
2004-08-01,26
2004-08-02,172
2004-08-03,956
2004-08-04,376
2004-08-05,417
2004-08-06,450
2004-08-07,30
2004-08-08,33
2004-08-09,396
2004-08-10,533
2004-08-11,563
2004-08-12,505
2004-08-13,405
2004-08-14,14
2004-08-15,15
2004-08-16,354
2004-08-17,426
2004-08-18,375
2004-08-19,391
2004-08-20,620
2004-08-21,18
2004-08-22,11
2004-08-23,397
2004-08-24,318
2004-08-25,395
2004-08-26,365
2004-08-27,280
2004-08-28,29
2004-08-29,26
2004-08-30,300
2004-08-31,357
2004-09-01,371
2004-09-02,269
2004-09-03,366
2004-09-04,36
2004-09-05,13
2004-09-06,23
2004-09-07,497
2004-09-08,365
2004-09-09,452
2004-09-10,447
2004-09-11,36
2004-09-12,57
2004-09-13,409
2004-09-14,502
2004-09-15,381
2004-09-16,344
2004-09-17,369
2004-09-18,54
2004-09-19,29
2004-09-20,373
2004-09-21,443
2004-09-22,447
2004-09-23,404
2004-09-24,394
2004-09-25,44
2004-09-26,43
2004-09-27,577
2004-09-28,471
2004-09-29,493
2004-09-30,589
2004-10-01,756
2004-10-02,147
2004-10-03,101
2004-10-04,693
2004-10-05,1034
2004-10-06,589
2004-10-07,1050
2004-10-08,792
2004-10-09,407
2004-10-10,277
2004-10-11,654
2004-10-12,1147
2004-10-13,1382
2004-10-14,1542
2004-10-15,1499
2004-10-16,461
2004-10-17,328
2004-10-18,5831
2004-10-19,947
2004-10-20,440
2004-10-21,350
2004-10-22,249
2004-10-23,79
2004-10-24,114
2004-10-25,250
2004-10-26,208
2004-10-27,181
2004-10-28,134
2004-10-29,108
2004-10-30,22
2004-10-31,9
2004-11-01,47
2004-11-02,1921
2004-11-03,145
2004-11-04,147
2004-11-05,114
2004-11-06,2
2004-11-08,290
2004-11-09,254
2004-11-10,284
2004-11-11,2
2004-11-12,194
2004-11-13,1
2004-11-14,1
2004-11-15,189
2004-11-16,167
2004-11-17,188
2004-11-18,170
2004-11-19,589
2004-11-20,6
2004-11-21,2
2004-11-22,172
2004-11-23,288
2004-11-24,243
2004-11-25,1
2004-11-26,1
2004-11-27,2
2004-11-29,213
2004-11-30,133
2004-12-01,128
2004-12-02,152
2004-12-03,120
2004-12-04,4
2004-12-05,1
2004-12-06,103
2004-12-07,162
2004-12-08,76
2004-12-09,80
2004-12-10,69
2004-12-11,2
2004-12-12,3
2004-12-13,38
2004-12-14,59
2004-12-15,56
2004-12-16,45
2004-12-17,33
2004-12-18,2
2004-12-19,1
2004-12-20,106
2004-12-21,68
2004-12-22,60
2004-12-23,48
2004-12-24,1
2004-12-25,1
2004-12-27,31
2004-12-28,73
2004-12-29,48
2004-12-30,65
2004-12-31,11
2005-01-01,1
2005-01-02,1
2005-01-03,54
2005-01-04,61
2005-01-05,31
2005-01-06,34
2005-01-07,37
2005-01-08,3
2005-01-09,1
2005-01-10,57
2005-01-11,50
2005-01-12,85
2005-01-13,30
2005-01-14,80
2005-01-15,7
2005-01-16,3
2005-01-17,4
2005-01-18,81
2005-01-19,59
2005-01-20,51
2005-01-21,83
2005-01-22,4
2005-01-23,1
2005-01-24,62
2005-01-25,73
2005-01-26,33
2005-01-27,87
2005-01-28,81
2005-01-29,1
2005-01-30,1
2005-01-31,37
2005-02-01,86
2005-02-02,64
2005-02-03,46
2005-02-04,72
2005-02-05,6
2005-02-06,1
2005-02-07,47
2005-02-08,97
2005-02-09,82
2005-02-10,54
2005-02-11,85
2005-02-12,9
2005-02-13,2
2005-02-14,163
2005-02-15,129
2005-02-16,67
2005-02-17,51
2005-02-18,47
2005-02-19,4
2005-02-20,6
2005-02-21,7
2005-02-22,53
2005-02-23,45
2005-02-24,59
2005-02-25,63
2005-02-26,3
2005-02-27,2
2005-02-28,34
2005-03-01,137
2005-03-02,117
2005-03-03,181
2005-03-04,124
2005-03-05,4
2005-03-06,12
2005-03-07,108
2005-03-08,320
2005-03-09,120
2005-03-10,111
2005-03-11,94
2005-03-12,13
2005-03-13,13
2005-03-14,111
2005-03-15,105
2005-03-16,110
2005-03-17,155
2005-03-18,162
2005-03-19,11
2005-03-20,21
2005-03-21,409
2005-03-22,129
2005-03-23,63
2005-03-24,51
2005-03-25,38
2005-03-26,3
2005-03-27,2
2005-03-28,48
2005-03-29,51
2005-03-30,34
2005-03-31,44
2005-04-01,52
2005-04-02,40
2005-04-03,2
2005-04-04,50
2005-04-05,358
2005-04-06,156
2005-04-07,104
2005-04-08,108
2005-04-09,2
2005-04-10,5
2005-04-11,123
2005-04-12,70
2005-04-13,81
2005-04-14,103
2005-04-15,77
2005-04-16,40
2005-04-17,3
2005-04-18,72
2005-04-19,62
2005-04-20,61
2005-04-21,74
2005-04-22,104
2005-04-23,1
2005-04-24,1
2005-04-25,54
2005-04-26,91
2005-04-27,86
2005-04-28,105
2005-04-29,78
2005-04-30,1
2005-05-01,5
2005-05-02,63
2005-05-03,61
2005-05-04,70
2005-05-05,47
2005-05-06,52
2005-05-09,55
2005-05-10,65
2005-05-11,66
2005-05-12,52
2005-05-13,41
2005-05-14,1
2005-05-15,1
2005-05-16,30
2005-05-17,58
2005-05-18,89
2005-05-19,40
2005-05-20,75
2005-05-21,1
2005-05-22,2
2005-05-23,61
2005-05-24,77
2005-05-25,35
2005-05-26,30
2005-05-27,59
2005-05-28,2
2005-05-30,1
2005-05-31,53
2005-06-01,44
2005-06-02,64
2005-06-03,91
2005-06-04,2
2005-06-05,2
2005-06-06,41
2005-06-07,99
2005-06-08,57
2005-06-09,56
2005-06-10,43
2005-06-11,4
2005-06-12,2
2005-06-13,56
2005-06-14,96
2005-06-15,115
2005-06-16,76
2005-06-17,42
2005-06-18,6
2005-06-19,1
2005-06-20,31
2005-06-21,64
2005-06-22,49
2005-06-23,61
2005-06-24,74
2005-06-25,3
2005-06-26,1
2005-06-27,43
2005-06-28,70
2005-06-29,47
2005-06-30,103
2005-07-01,71
2005-07-03,1
2005-07-05,97
2005-07-06,111
2005-07-07,88
2005-07-08,78
2005-07-09,2
2005-07-10,3
2005-07-11,45
2005-07-12,113
2005-07-13,90
2005-07-14,65
2005-07-15,252
2005-07-16,2
2005-07-17,1
2005-07-18,244
2005-07-19,98
2005-07-20,120
2005-07-21,127
2005-07-22,216
2005-07-24,2
2005-07-25,62
2005-07-26,124
2005-07-27,183
2005-07-28,217
2005-07-29,91
2005-07-30,1
2005-07-31,4
2005-08-01,161
2005-08-02,156
2005-08-03,115
2005-08-04,110
2005-08-05,99
2005-08-06,2
2005-08-07,3
2005-08-08,160
2005-08-09,178
2005-08-10,188
2005-08-11,169
2005-08-12,135
2005-08-13,6
2005-08-14,1
2005-08-15,112
2005-08-16,160
2005-08-17,84
2005-08-18,91
2005-08-19,101
2005-08-20,7
2005-08-21,4
2005-08-22,90
2005-08-23,88
2005-08-24,70
2005-08-25,69
2005-08-26,99
2005-08-27,8
2005-08-28,2
2005-08-29,85
2005-08-30,93
2005-08-31,104
2005-09-01,160
2005-09-02,64
2005-09-03,3
2005-09-05,4
2005-09-06,113
2005-09-07,89
2005-09-08,55
2005-09-09,90
2005-09-10,12
2005-09-11,3
2005-09-12,65
2005-09-13,37
2005-09-14,64
2005-09-15,47
2005-09-16,60
2005-09-17,11
2005-09-18,2
2005-09-19,68
2005-09-20,47
2005-09-21,64
2005-09-22,69
2005-09-23,89
2005-09-24,15
2005-09-25,3
2005-09-26,77
2005-09-27,89
2005-09-28,62
2005-09-29,70
2005-09-30,68
2005-10-01,5
2005-10-03,70
2005-10-04,75
2005-10-05,87
2005-10-06,55
2005-10-07,82
2005-10-08,8
2005-10-09,10
2005-10-10,20
2005-10-11,67
2005-10-12,66
2005-10-13,85
2005-10-14,91
2005-10-15,7
2005-10-16,1
2005-10-17,67
2005-10-18,83
2005-10-19,54
2005-10-20,68
2005-10-21,71
2005-10-22,3
2005-10-23,2
2005-10-24,33
2005-10-25,90
2005-10-26,68
2005-10-27,77
2005-10-28,77
2005-10-29,1
2005-10-30,2
2005-10-31,54
2005-11-01,81
2005-11-02,56
2005-11-03,58
2005-11-04,70
2005-11-05,8
2005-11-06,2
2005-11-07,48
2005-11-08,82
2005-11-09,49
2005-11-10,87
2005-11-11,4
2005-11-12,2
2005-11-13,2
2005-11-14,70
2005-11-15,112
2005-11-16,86
2005-11-17,69
2005-11-18,89
2005-11-19,3
2005-11-20,1
2005-11-21,46
2005-11-22,69
2005-11-23,52
2005-11-24,1
2005-11-25,2
2005-11-26,14
2005-11-27,1
2005-11-28,40
2005-11-29,89
2005-11-30,114
2005-12-01,49
2005-12-02,88
2005-12-03,11
2005-12-04,4
2005-12-05,47
2005-12-06,86
2005-12-07,42
2005-12-08,46
2005-12-09,52
2005-12-10,2
2005-12-11,1
2005-12-12,53
2005-12-13,92
2005-12-14,114
2005-12-15,80
2005-12-16,87
2005-12-17,2
2005-12-18,3
2005-12-19,38
2005-12-20,64
2005-12-21,64
2005-12-22,59
2005-12-23,45
2005-12-24,1
2005-12-25,2
2005-12-26,7
2005-12-27,78
2005-12-28,62
2005-12-29,51
2005-12-30,90
2005-12-31,4
2006-01-01,2
2006-01-02,3
2006-01-03,71
2006-01-04,74
2006-01-05,111
2006-01-06,64
2006-01-07,13
2006-01-09,49
2006-01-10,83
2006-01-11,78
2006-01-12,94
2006-01-13,58
2006-01-14,10
2006-01-15,7
2006-01-16,8
2006-01-17,54
2006-01-18,69
2006-01-19,61
2006-01-20,69
2006-01-21,3
2006-01-22,1
2006-01-23,109
2006-01-24,92
2006-01-25,54
2006-01-26,71
2006-01-27,65
2006-01-28,5
2006-01-29,4
2006-01-30,69
2006-01-31,71
2006-02-01,81
2006-02-02,55
2006-02-03,77
2006-02-04,17
2006-02-05,7
2006-02-06,59
2006-02-07,76
2006-02-08,55
2006-02-09,76
2006-02-10,91
2006-02-11,7
2006-02-12,4
2006-02-13,81
2006-02-14,72
2006-02-15,57
2006-02-16,47
2006-02-17,66
2006-02-18,4
2006-02-19,6
2006-02-20,7
2006-02-21,73
2006-02-22,58
2006-02-23,82
2006-02-24,99
2006-02-25,3
2006-02-26,2
2006-02-27,57
2006-02-28,99
2006-03-01,77
2006-03-02,78
2006-03-03,149
2006-03-04,18
2006-03-05,15
2006-03-06,62
2006-03-07,111
2006-03-08,69
2006-03-09,89
2006-03-10,98
2006-03-11,8
2006-03-12,8
2006-03-13,34
2006-03-14,63
2006-03-15,55
2006-03-16,75
2006-03-17,92
2006-03-18,6
2006-03-19,9
2006-03-20,114
2006-03-21,70
2006-03-22,63
2006-03-23,40
2006-03-24,65
2006-03-25,6
2006-03-26,2
2006-03-27,35
2006-03-28,87
2006-03-29,63
2006-03-30,40
2006-03-31,57
2006-04-01,12
2006-04-02,2
2006-04-03,58
2006-04-04,84
2006-04-05,71
2006-04-06,58
2006-04-07,70
2006-04-08,7
2006-04-09,2
2006-04-10,41
2006-04-11,61
2006-04-12,56
2006-04-13,41
2006-04-14,53
2006-04-15,7
2006-04-16,3
2006-04-17,52
2006-04-18,65
2006-04-19,61
2006-04-20,44
2006-04-21,79
2006-04-22,2
2006-04-23,2
2006-04-24,29
2006-04-25,64
2006-04-26,33
2006-04-27,53
2006-04-28,59
2006-04-29,5
2006-04-30,2
2006-05-01,58
2006-05-02,82
2006-05-03,62
2006-05-04,48
2006-05-05,80
2006-05-06,6
2006-05-07,2
2006-05-08,73
2006-05-09,94
2006-05-10,128
2006-05-11,86
2006-05-12,51
2006-05-13,6
2006-05-14,5
2006-05-15,99
2006-05-16,60
2006-05-17,59
2006-05-18,49
2006-05-19,71
2006-05-20,3
2006-05-21,4
2006-05-22,75
2006-05-23,50
2006-05-24,39
2006-05-25,54
2006-05-26,70
2006-05-27,5
2006-05-28,2
2006-05-29,11
2006-05-30,66
2006-05-31,77
2006-06-01,57
2006-06-02,92
2006-06-03,13
2006-06-04,6
2006-06-05,94
2006-06-06,113
2006-06-07,72
2006-06-08,78
2006-06-09,73
2006-06-10,18
2006-06-11,2
2006-06-12,73
2006-06-13,63
2006-06-14,88
2006-06-15,73
2006-06-16,88
2006-06-17,16
2006-06-18,6
2006-06-19,87
2006-06-20,94
2006-06-21,81
2006-06-22,78
2006-06-23,64
2006-06-24,7
2006-06-25,11
2006-06-26,47
2006-06-27,77
2006-06-28,82
2006-06-29,117
2006-06-30,116
2006-07-01,16
2006-07-02,5
2006-07-03,63
2006-07-04,5
2006-07-05,122
2006-07-06,120
2006-07-07,132
2006-07-08,16
2006-07-09,20
2006-07-10,210
2006-07-11,157
2006-07-12,151
2006-07-13,180
2006-07-14,235
2006-07-15,52
2006-07-16,45
2006-07-17,553
2006-07-18,164
2006-07-19,78
2006-07-20,87
2006-07-21,70
2006-07-22,10
2006-07-23,5
2006-07-24,77
2006-07-25,107
2006-07-26,67
2006-07-27,65
2006-07-28,82
2006-07-29,23
2006-07-30,10
2006-07-31,52
2006-08-01,758
2006-08-02,171
2006-08-03,87
2006-08-04,109
2006-08-05,19
2006-08-06,10
2006-08-07,84
2006-08-08,133
2006-08-09,127
2006-08-10,84
2006-08-11,126
2006-08-12,14
2006-08-13,5
2006-08-14,108
2006-08-15,118
2006-08-16,92
2006-08-17,78
2006-08-18,117
2006-08-19,11
2006-08-20,5
2006-08-21,119
2006-08-22,132
2006-08-23,143
2006-08-24,155
2006-08-25,134
2006-08-26,18
2006-08-27,6
2006-08-28,124
2006-08-29,111
2006-08-30,135
2006-08-31,135
2006-09-01,129
2006-09-02,8
2006-09-03,14
2006-09-04,17
2006-09-05,178
2006-09-06,133
2006-09-07,78
2006-09-08,134
2006-09-09,52
2006-09-10,32
2006-09-11,117
2006-09-12,207
2006-09-13,206
2006-09-14,167
2006-09-15,171
2006-09-16,61
2006-09-17,34
2006-09-18,151
2006-09-19,132
2006-09-20,122
2006-09-21,149
2006-09-22,162
2006-09-23,33
2006-09-24,22
2006-09-25,131
2006-09-26,121
2006-09-27,141
2006-09-28,167
2006-09-29,134
2006-09-30,29
2006-10-01,32
2006-10-02,212
2006-10-03,187
2006-10-04,153
2006-10-05,187
2006-10-06,222
2006-10-07,29
2006-10-08,36
2006-10-09,136
2006-10-10,224
2006-10-11,210
2006-10-12,250
2006-10-13,198
2006-10-14,60
2006-10-15,49
2006-10-16,279
2006-10-17,273
2006-10-18,375
2006-10-19,366
2006-10-20,528
2006-10-21,129
2006-10-22,77
2006-10-23,1770
2006-10-24,34
2006-10-25,52
2006-10-26,55
2006-10-27,55
2006-10-28,9
2006-10-29,3
2006-10-30,42
2006-10-31,53
2006-11-01,55
2006-11-02,67
2006-11-03,54
2006-11-04,6
2006-11-05,4
2006-11-06,45
2006-11-07,1594
2006-11-08,336
2006-11-09,108
2006-11-10,31
2006-11-11,3
2006-11-13,48
2006-11-14,93
2006-11-15,105
2006-11-16,137
2006-11-17,155
2006-11-18,3
2006-11-19,4
2006-11-20,98
2006-11-21,76
2006-11-22,75
2006-11-23,1
2006-11-24,5
2006-11-26,5
2006-11-27,49
2006-11-28,65
2006-11-29,60
2006-11-30,58
2006-12-01,64
2006-12-04,96
2006-12-05,86
2006-12-06,70
2006-12-07,39
2006-12-08,68
2006-12-09,3
2006-12-10,3
2006-12-11,33
2006-12-12,66
2006-12-13,46
2006-12-14,43
2006-12-15,61
2006-12-16,3
2006-12-17,1
2006-12-18,42
2006-12-19,47
2006-12-20,60
2006-12-21,39
2006-12-22,55
2006-12-23,1
2006-12-24,1
2006-12-26,44
2006-12-27,36
2006-12-28,37
2006-12-29,45
2006-12-30,2
2006-12-31,1
2007-01-01,1
2007-01-02,11
2007-01-03,66
2007-01-04,59
2007-01-05,74
2007-01-06,5
2007-01-07,3
2007-01-08,37
2007-01-09,77
2007-01-10,68
2007-01-11,58
2007-01-12,64
2007-01-13,3
2007-01-14,2
2007-01-15,7
2007-01-16,54
2007-01-17,49
2007-01-18,51
2007-01-19,86
2007-01-20,6
2007-01-22,55
2007-01-23,104
2007-01-24,80
2007-01-25,42
2007-01-26,81
2007-01-27,9
2007-01-28,3
2007-01-29,106
2007-01-30,90
2007-01-31,82
2007-02-01,64
2007-02-02,91
2007-02-03,9
2007-02-04,4
2007-02-05,35
2007-02-06,92
2007-02-07,54
2007-02-08,81
2007-02-09,111
2007-02-10,12
2007-02-11,3
2007-02-12,278
2007-02-13,41
2007-02-14,47
2007-02-15,38
2007-02-16,49
2007-02-17,5
2007-02-18,5
2007-02-19,22
2007-02-20,62
2007-02-21,51
2007-02-22,45
2007-02-23,93
2007-02-24,5
2007-02-25,1
2007-02-26,50
2007-02-27,103
2007-02-28,137
2007-03-01,81
2007-03-02,124
2007-03-03,7
2007-03-04,4
2007-03-05,89
2007-03-06,85
2007-03-07,89
2007-03-08,61
2007-03-09,76
2007-03-10,3
2007-03-11,3
2007-03-12,113
2007-03-13,98
2007-03-14,117
2007-03-15,129
2007-03-16,107
2007-03-17,29
2007-03-18,12
2007-03-19,383
2007-03-20,37
2007-03-21,39
2007-03-22,24
2007-03-23,45
2007-03-24,2
2007-03-26,24
2007-03-27,45
2007-03-28,42
2007-03-29,36
2007-03-30,41
2007-03-31,15
2007-04-01,2
2007-04-02,55
2007-04-03,282
2007-04-04,113
2007-04-05,73
2007-04-06,96
2007-04-07,1
2007-04-08,1
2007-04-09,69
2007-04-10,91
2007-04-11,87
2007-04-12,65
2007-04-13,122
2007-04-14,2
2007-04-15,3
2007-04-16,51
2007-04-17,62
2007-04-18,52
2007-04-19,52
2007-04-20,71
2007-04-21,2
2007-04-22,6
2007-04-23,54
2007-04-24,62
2007-04-25,70
2007-04-26,64
2007-04-27,103
2007-04-28,5
2007-04-30,57
2007-05-01,88
2007-05-02,42
2007-05-03,48
2007-05-04,70
2007-05-05,3
2007-05-06,1
2007-05-07,45
2007-05-08,67
2007-05-09,64
2007-05-10,57
2007-05-11,91
2007-05-12,3
2007-05-13,1
2007-05-14,54
2007-05-15,110
2007-05-16,98
2007-05-17,65
2007-05-18,97
2007-05-19,4
2007-05-20,11
2007-05-21,90
2007-05-22,66
2007-05-23,117
2007-05-24,103
2007-05-25,85
2007-05-26,7
2007-05-27,1
2007-05-28,3
2007-05-29,114
2007-05-30,143
2007-05-31,80
2007-06-01,77
2007-06-02,6
2007-06-03,2
2007-06-04,41
2007-06-05,66
2007-06-06,80
2007-06-07,84
2007-06-08,97
2007-06-09,7
2007-06-10,9
2007-06-11,82
2007-06-12,82
2007-06-13,76
2007-06-14,64
2007-06-15,70
2007-06-16,9
2007-06-17,6
2007-06-18,34
2007-06-19,70
2007-06-20,66
2007-06-21,48
2007-06-22,68
2007-06-23,4
2007-06-24,4
2007-06-25,50
2007-06-26,72
2007-06-27,129
2007-06-28,74
2007-06-29,119
2007-06-30,27
2007-07-01,35
2007-07-02,64
2007-07-03,76
2007-07-04,2
2007-07-05,86
2007-07-06,80
2007-07-07,12
2007-07-08,28
2007-07-09,61
2007-07-10,68
2007-07-11,97
2007-07-12,67
2007-07-13,108
2007-07-14,12
2007-07-15,28
2007-07-16,70
2007-07-17,120
2007-07-18,115
2007-07-19,81
2007-07-20,179
2007-07-21,33
2007-07-22,30
2007-07-23,89
2007-07-24,78
2007-07-25,84
2007-07-26,72
2007-07-27,93
2007-07-28,5
2007-07-29,6
2007-07-30,60
2007-07-31,102
2007-08-01,139
2007-08-02,74
2007-08-03,105
2007-08-04,19
2007-08-05,9
2007-08-06,78
2007-08-07,341
2007-08-08,124
2007-08-09,90
2007-08-10,119
2007-08-11,1
2007-08-12,5
2007-08-13,72
2007-08-14,81
2007-08-15,59
2007-08-16,86
2007-08-17,104
2007-08-18,7
2007-08-19,5
2007-08-20,104
2007-08-21,146
2007-08-22,80
2007-08-23,77
2007-08-24,90
2007-08-25,2
2007-08-26,3
2007-08-27,65
2007-08-28,142
2007-08-29,83
2007-08-30,67
2007-08-31,76
2007-09-01,10
2007-09-02,6
2007-09-03,3
2007-09-04,141
2007-09-05,70
2007-09-06,73
2007-09-07,68
2007-09-08,17
2007-09-09,8
2007-09-10,55
2007-09-11,52
2007-09-12,78
2007-09-13,59
2007-09-14,117
2007-09-15,5
2007-09-16,2
2007-09-17,76
2007-09-18,118
2007-09-19,71
2007-09-20,63
2007-09-21,111
2007-09-22,1
2007-09-23,7
2007-09-24,57
2007-09-25,114
2007-09-26,86
2007-09-27,60
2007-09-28,73
2007-09-29,5
2007-09-30,1
2007-10-01,114
2007-10-02,89
2007-10-03,89
2007-10-04,98
2007-10-05,115
2007-10-06,4
2007-10-07,7
2007-10-08,49
2007-10-09,116
2007-10-10,85
2007-10-11,89
2007-10-12,92
2007-10-13,7
2007-10-14,1
2007-10-15,67
2007-10-16,95
2007-10-17,148
2007-10-18,99
2007-10-19,73
2007-10-20,6
2007-10-21,1
2007-10-22,139
2007-10-23,84
2007-10-24,85
2007-10-25,90
2007-10-26,105
2007-10-27,8
2007-10-28,5
2007-10-29,67
2007-10-30,85
2007-10-31,72
2007-11-01,76
2007-11-02,104
2007-11-03,10
2007-11-04,4
2007-11-05,65
2007-11-06,117
2007-11-07,111
2007-11-08,111
2007-11-09,100
2007-11-10,5
2007-11-11,2
2007-11-12,3
2007-11-13,91
2007-11-14,93
2007-11-15,71
2007-11-16,64
2007-11-17,1
2007-11-18,1
2007-11-19,115
2007-11-20,85
2007-11-21,62
2007-11-23,3
2007-11-24,2
2007-11-25,2
2007-11-26,59
2007-11-27,67
2007-11-28,81
2007-11-29,138
2007-11-30,119
2007-12-01,6
2007-12-02,3
2007-12-03,79
2007-12-04,82
2007-12-05,68
2007-12-06,56
2007-12-07,68
2007-12-08,5
2007-12-09,4
2007-12-10,53
2007-12-11,31
2007-12-12,79
2007-12-13,63
2007-12-14,64
2007-12-15,3
2007-12-16,5
2007-12-17,87
2007-12-18,59
2007-12-19,90
2007-12-20,97
2007-12-21,74
2007-12-22,6
2007-12-23,2
2007-12-24,5
2007-12-26,100
2007-12-27,46
2007-12-28,77
2007-12-29,4
2007-12-30,6
2007-12-31,69
2008-01-01,6
2008-01-02,80
2008-01-03,95
2008-01-04,125
2008-01-05,7
2008-01-06,10
2008-01-07,146
2008-01-08,188
2008-01-09,173
2008-01-10,226
2008-01-11,238
2008-01-12,13
2008-01-13,8
2008-01-14,291
2008-01-15,161
2008-01-16,153
2008-01-17,105
2008-01-18,169
2008-01-19,11
2008-01-20,22
2008-01-21,28
2008-01-22,275
2008-01-23,265
2008-01-24,253
2008-01-25,304
2008-01-26,8
2008-01-27,14
2008-01-28,258
2008-01-29,281
2008-01-30,197
2008-01-31,229
2008-02-01,246
2008-02-02,24
2008-02-03,13
2008-02-04,285
2008-02-05,914
2008-02-06,196
2008-02-07,204
2008-02-08,173
2008-02-09,22
2008-02-10,8
2008-02-11,273
2008-02-12,187
2008-02-13,580
2008-02-14,96
2008-02-15,190
2008-02-16,9
2008-02-17,17
2008-02-18,53
2008-02-19,166
2008-02-20,304
2008-02-21,126
2008-02-22,174
2008-02-23,16
2008-02-24,10
2008-02-25,153
2008-02-26,134
2008-02-27,143
2008-02-28,137
2008-02-29,108
2008-03-01,10
2008-03-02,12
2008-03-03,135
2008-03-04,128
2008-03-05,171
2008-03-06,112
2008-03-07,127
2008-03-08,13
2008-03-09,13
2008-03-10,108
2008-03-11,134
2008-03-12,103
2008-03-13,122
2008-03-14,144
2008-03-15,12
2008-03-16,9
2008-03-17,204
2008-03-18,87
2008-03-19,93
2008-03-20,76
2008-03-21,101
2008-03-22,4
2008-03-23,4
2008-03-24,107
2008-03-25,107
2008-03-26,100
2008-03-27,73
2008-03-28,89
2008-03-29,4
2008-03-30,7
2008-03-31,105
2008-04-01,120
2008-04-02,112
2008-04-03,80
2008-04-04,91
2008-04-05,11
2008-04-06,5
2008-04-07,115
2008-04-08,107
2008-04-09,93
2008-04-10,67
2008-04-11,90
2008-04-12,13
2008-04-13,5
2008-04-14,98
2008-04-15,89
2008-04-16,111
2008-04-17,95
2008-04-18,85
2008-04-19,1
2008-04-20,4
2008-04-21,114
2008-04-22,112
2008-04-23,76
2008-04-24,62
2008-04-25,102
2008-04-26,11
2008-04-28,123
2008-04-29,90
2008-04-30,93
2008-05-01,114
2008-05-02,105
2008-05-03,12
2008-05-04,6
2008-05-05,95
2008-05-06,129
2008-05-07,102
2008-05-08,77
2008-05-09,105
2008-05-10,2
2008-05-11,3
2008-05-12,127
2008-05-13,106
2008-05-14,80
2008-05-15,86
2008-05-16,126
2008-05-17,4
2008-05-18,2
2008-05-19,85
2008-05-20,133
2008-05-21,107
2008-05-22,114
2008-05-23,85
2008-05-24,8
2008-05-25,6
2008-05-26,9
2008-05-27,176
2008-05-28,122
2008-05-29,83
2008-05-30,93
2008-05-31,9
2008-06-01,12
2008-06-02,149
2008-06-03,97
2008-06-04,113
2008-06-05,110
2008-06-06,124
2008-06-07,15
2008-06-08,14
2008-06-09,167
2008-06-10,141
2008-06-11,135
2008-06-12,107
2008-06-13,92
2008-06-14,20
2008-06-15,22
2008-06-16,191
2008-06-17,167
2008-06-18,129
2008-06-19,108
2008-06-20,96
2008-06-21,14
2008-06-22,9
2008-06-23,142
2008-06-24,122
2008-06-25,152
2008-06-26,125
2008-06-27,150
2008-06-28,11
2008-06-29,3
2008-06-30,144
2008-07-01,223
2008-07-02,145
2008-07-03,107
2008-07-04,14
2008-07-05,10
2008-07-06,10
2008-07-07,188
2008-07-08,142
2008-07-09,217
2008-07-10,186
2008-07-11,194
2008-07-12,35
2008-07-13,20
2008-07-14,176
2008-07-15,227
2008-07-16,241
2008-07-17,298
2008-07-18,415
2008-07-19,85
2008-07-20,79
2008-07-21,1045
2008-07-22,30
2008-07-23,83
2008-07-24,92
2008-07-25,95
2008-07-26,6
2008-07-27,2
2008-07-28,70
2008-07-29,105
2008-07-30,65
2008-07-31,148
2008-08-01,187
2008-08-02,10
2008-08-03,3
2008-08-04,57
2008-08-05,467
2008-08-06,692
2008-08-07,163
2008-08-08,225
2008-08-09,17
2008-08-10,14
2008-08-11,222
2008-08-12,211
2008-08-13,145
2008-08-14,200
2008-08-15,143
2008-08-16,27
2008-08-17,19
2008-08-18,257
2008-08-19,200
2008-08-20,181
2008-08-21,296
2008-08-22,219
2008-08-23,18
2008-08-24,16
2008-08-25,208
2008-08-26,257
2008-08-27,332
2008-08-28,263
2008-08-29,262
2008-08-30,43
2008-08-31,24
2008-09-01,43
2008-09-02,438
2008-09-03,388
2008-09-04,264
2008-09-05,327
2008-09-06,57
2008-09-07,55
2008-09-08,493
2008-09-09,453
2008-09-10,330
2008-09-11,385
2008-09-12,325
2008-09-13,60
2008-09-14,36
2008-09-15,636
2008-09-16,442
2008-09-17,519
2008-09-18,475
2008-09-19,460
2008-09-20,108
2008-09-21,37
2008-09-22,649
2008-09-23,653
2008-09-24,504
2008-09-25,573
2008-09-26,560
2008-09-27,85
2008-09-28,53
2008-09-29,666
2008-09-30,824
2008-10-01,995
2008-10-02,957
2008-10-03,962
2008-10-04,377
2008-10-05,147
2008-10-06,1447
2008-10-07,1236
2008-10-08,1403
2008-10-09,1296
2008-10-10,1473
2008-10-11,339
2008-10-12,109
2008-10-13,924
2008-10-14,1405
2008-10-15,1459
2008-10-16,1525
2008-10-17,1960
2008-10-18,847
2008-10-19,351
2008-10-20,8360
2008-10-21,72
2008-10-22,61
2008-10-23,26
2008-10-24,60
2008-10-25,8
2008-10-26,4
2008-10-27,28
2008-10-28,24
2008-10-29,37
2008-10-30,38
2008-10-31,47
2008-11-01,9
2008-11-02,12
2008-11-03,61
2008-11-04,2151
2008-11-05,606
2008-11-06,175
2008-11-07,126
2008-11-08,28
2008-11-09,3
2008-11-10,65
2008-11-11,12
2008-11-12,95
2008-11-13,130
2008-11-14,202
2008-11-15,1
2008-11-16,1
2008-11-17,81
2008-11-18,165
2008-11-19,178
2008-11-20,147
2008-11-21,134
2008-11-22,3
2008-11-23,3
2008-11-24,92
2008-11-25,95
2008-11-26,83
2008-11-27,1
2008-11-28,1
2008-11-29,2
2008-11-30,3
2008-12-01,152
2008-12-02,87
2008-12-03,50
2008-12-04,65
2008-12-05,62
2008-12-06,1
2008-12-07,4
2008-12-08,100
2008-12-09,102
2008-12-10,82
2008-12-11,124
2008-12-12,85
2008-12-14,2
2008-12-15,106
2008-12-16,46
2008-12-17,59
2008-12-18,58
2008-12-19,94
2008-12-20,4
2008-12-21,3
2008-12-22,181
2008-12-23,114
2008-12-24,28
2008-12-26,2
2008-12-29,97
2008-12-30,72
2008-12-31,65
2009-01-01,2
2009-01-02,117
2009-01-03,5
2009-01-04,5
2009-01-05,79
2009-01-06,93
2009-01-07,74
2009-01-08,89
2009-01-09,85
2009-01-11,2
2009-01-12,127
2009-01-13,107
2009-01-14,82
2009-01-15,135
2009-01-16,92
2009-01-17,3
2009-01-18,2
2009-01-19,18
2009-01-20,71
2009-01-21,64
2009-01-22,82
2009-01-23,94
2009-01-24,1
2009-01-25,1
2009-01-26,76
2009-01-27,69
2009-01-28,124
2009-01-29,135
2009-01-30,99
2009-01-31,3
2009-02-01,2
2009-02-02,100
2009-02-03,151
2009-02-04,89
2009-02-05,83
2009-02-06,106
2009-02-07,15
2009-02-08,3
2009-02-09,72
2009-02-10,106
2009-02-11,75
2009-02-12,85
2009-02-13,128
2009-02-14,3
2009-02-15,10
2009-02-16,75
2009-02-17,138
2009-02-18,79
2009-02-19,66
2009-02-20,62
2009-02-21,6
2009-02-22,4
2009-02-23,86
2009-02-24,50
2009-02-25,68
2009-02-26,78
2009-02-27,74
2009-02-28,2
2009-03-01,5
2009-03-02,86
2009-03-03,68
2009-03-04,133
2009-03-05,97
2009-03-06,91
2009-03-07,2
2009-03-09,96
2009-03-10,91
2009-03-11,82
2009-03-12,100
2009-03-13,105
2009-03-14,3
2009-03-15,2
2009-03-16,107
2009-03-17,111
2009-03-18,124
2009-03-19,127
2009-03-20,144
2009-03-21,4
2009-03-22,5
2009-03-23,260
2009-03-24,46
2009-03-25,23
2009-03-26,48
2009-03-27,31
2009-03-30,37
2009-03-31,53
2009-04-01,36
2009-04-02,56
2009-04-03,36
2009-04-04,1
2009-04-06,22
2009-04-07,122
2009-04-08,234
2009-04-09,41
2009-04-10,66
2009-04-11,4
2009-04-12,1
2009-04-13,51
2009-04-14,73
2009-04-15,141
2009-04-16,87
2009-04-17,92
2009-04-18,4
2009-04-19,2
2009-04-20,131
2009-04-21,97
2009-04-22,90
2009-04-23,67
2009-04-24,137
2009-04-25,2
2009-04-26,2
2009-04-27,64
2009-04-28,77
2009-04-29,55
2009-04-30,81
2009-05-01,67
2009-05-03,4
2009-05-04,78
2009-05-05,47
2009-05-06,81
2009-05-07,51
2009-05-08,57
2009-05-09,5
2009-05-10,2
2009-05-11,119
2009-05-12,65
2009-05-13,74
2009-05-14,106
2009-05-15,77
2009-05-16,9
2009-05-17,4
2009-05-18,77
2009-05-19,78
2009-05-20,82
2009-05-21,73
2009-05-22,105
2009-05-23,6
2009-05-24,1
2009-05-25,3
2009-05-26,136
2009-05-27,120
2009-05-28,83
2009-05-29,92
2009-05-30,4
2009-05-31,2
2009-06-01,86
2009-06-02,103
2009-06-03,87
2009-06-04,115
2009-06-05,91
2009-06-06,12
2009-06-07,12
2009-06-08,104
2009-06-09,67
2009-06-10,84
2009-06-11,65
2009-06-12,76
2009-06-13,5
2009-06-14,2
2009-06-15,104
2009-06-16,73
2009-06-17,86
2009-06-18,132
2009-06-19,81
2009-06-20,2
2009-06-21,5
2009-06-22,89
2009-06-23,71
2009-06-24,86
2009-06-25,80
2009-06-26,89
2009-06-27,1
2009-06-28,2
2009-06-29,150
2009-06-30,63
2009-07-01,80
2009-07-02,112
2009-07-03,2
2009-07-04,2
2009-07-05,2
2009-07-06,82
2009-07-07,112
2009-07-08,77
2009-07-09,93
2009-07-10,101
2009-07-11,2
2009-07-12,1
2009-07-13,131
2009-07-14,101
2009-07-15,82
2009-07-16,89
2009-07-17,92
2009-07-18,2
2009-07-19,1
2009-07-20,109
2009-07-21,107
2009-07-22,80
2009-07-23,132
2009-07-24,109
2009-07-25,4
2009-07-26,2
2009-07-27,122
2009-07-28,97
2009-07-29,106
2009-07-30,113
2009-07-31,131
2009-08-01,2
2009-08-02,3
2009-08-03,108
2009-08-04,133
2009-08-05,82
2009-08-06,98
2009-08-07,127
2009-08-08,2
2009-08-09,2
2009-08-10,123
2009-08-11,97
2009-08-12,103
2009-08-13,120
2009-08-14,107
2009-08-15,1
2009-08-16,3
2009-08-17,84
2009-08-18,87
2009-08-19,79
2009-08-20,106
2009-08-21,96
2009-08-22,2
2009-08-23,1
2009-08-24,119
2009-08-25,69
2009-08-26,66
2009-08-27,119
2009-08-28,125
2009-08-29,2
2009-08-31,133
2009-09-01,67
2009-09-02,90
2009-09-03,105
2009-09-04,97
2009-09-05,2
2009-09-06,4
2009-09-07,6
2009-09-08,150
2009-09-09,86
2009-09-10,88
2009-09-11,97
2009-09-12,7
2009-09-13,1
2009-09-14,90
2009-09-15,116
2009-09-16,91
2009-09-17,95
2009-09-18,86
2009-09-19,5
2009-09-20,2
2009-09-21,102
2009-09-22,93
2009-09-23,66
2009-09-24,93
2009-09-25,108
2009-09-26,2
2009-09-27,2
2009-09-28,153
2009-09-29,75
2009-09-30,85
2009-10-01,119
2009-10-02,94
2009-10-03,4
2009-10-04,7
2009-10-05,73
2009-10-06,88
2009-10-07,53
2009-10-08,97
2009-10-09,110
2009-10-10,4
2009-10-11,3
2009-10-12,55
2009-10-13,101
2009-10-14,73
2009-10-15,100
2009-10-16,117
2009-10-17,9
2009-10-18,3
2009-10-19,100
2009-10-20,86
2009-10-21,66
2009-10-22,86
2009-10-23,113
2009-10-24,1
2009-10-25,2
2009-10-26,110
2009-10-27,81
2009-10-28,113
2009-10-29,85
2009-10-30,81
2009-10-31,3
2009-11-01,5
2009-11-02,93
2009-11-03,90
2009-11-04,91
2009-11-05,101
2009-11-06,66
2009-11-07,6
2009-11-08,1
2009-11-09,130
2009-11-10,84
2009-11-11,5
2009-11-12,86
2009-11-13,92
2009-11-14,3
2009-11-15,2
2009-11-16,130
2009-11-17,99
2009-11-18,75
2009-11-19,124
2009-11-20,126
2009-11-21,3
2009-11-22,2
2009-11-23,128
2009-11-24,97
2009-11-25,70
2009-11-26,1
2009-11-27,3
2009-11-28,2
2009-11-29,1
2009-11-30,111
2009-12-01,95
2009-12-02,85
2009-12-03,88
2009-12-04,96
2009-12-06,1
2009-12-07,60
2009-12-08,105
2009-12-09,70
2009-12-10,84
2009-12-11,79
2009-12-12,9
2009-12-13,14
2009-12-14,105
2009-12-15,88
2009-12-16,79
2009-12-17,96
2009-12-18,98
2009-12-19,2
2009-12-20,4
2009-12-21,105
2009-12-22,77
2009-12-23,70
2009-12-24,23
2009-12-25,1
2009-12-26,3
2009-12-27,1
2009-12-28,70
2009-12-29,86
2009-12-30,86
2009-12-31,65
2010-01-01,2
2010-01-02,2
2010-01-03,2
2010-01-04,106
2010-01-05,107
2010-01-06,86
2010-01-07,101
2010-01-08,95
2010-01-09,9
2010-01-10,4
2010-01-11,83
2010-01-12,116
2010-01-13,80
2010-01-14,126
2010-01-15,111
2010-01-16,5
2010-01-17,3
2010-01-18,12
2010-01-19,114
2010-01-20,79
2010-01-21,102
2010-01-22,149
2010-01-23,4
2010-01-24,10
2010-01-25,115
2010-01-26,73
2010-01-27,79
2010-01-28,115
2010-01-29,95
2010-01-30,3
2010-01-31,1
2010-02-01,166
2010-02-02,95
2010-02-03,114
2010-02-04,104
2010-02-05,112
2010-02-07,4
2010-02-08,117
2010-02-09,105
2010-02-10,80
2010-02-11,104
2010-02-12,127
2010-02-13,5
2010-02-14,1
2010-02-15,51
2010-02-16,129
2010-02-17,104
2010-02-18,105
2010-02-19,112
2010-02-20,6
2010-02-21,3
2010-02-22,132
2010-02-23,71
2010-02-24,81
2010-02-25,135
2010-02-26,105
2010-02-27,2
2010-02-28,2
2010-03-01,97
2010-03-02,133
2010-03-03,122
2010-03-04,116
2010-03-05,167
2010-03-06,1
2010-03-07,2
2010-03-08,142
2010-03-09,107
2010-03-10,110
2010-03-11,139
2010-03-12,141
2010-03-13,8
2010-03-14,6
2010-03-15,166
2010-03-16,82
2010-03-17,112
2010-03-18,123
2010-03-19,158
2010-03-20,13
2010-03-21,12
2010-03-22,179
2010-03-23,107
2010-03-24,102
2010-03-25,97
2010-03-26,99
2010-03-27,15
2010-03-28,9
2010-03-29,123
2010-03-30,109
2010-03-31,107
2010-04-01,97
2010-04-02,91
2010-04-03,11
2010-04-04,8
2010-04-05,98
2010-04-06,109
2010-04-07,142
2010-04-08,178
2010-04-09,115
2010-04-10,10
2010-04-11,17
2010-04-12,88
2010-04-13,97
2010-04-14,132
2010-04-15,124
2010-04-16,110
2010-04-17,10
2010-04-18,4
2010-04-19,120
2010-04-20,105
2010-04-21,93
2010-04-22,97
2010-04-23,120
2010-04-24,5
2010-04-25,7
2010-04-26,135
2010-04-27,99
2010-04-28,73
2010-04-29,117
2010-04-30,105
2010-05-01,11
2010-05-02,5
2010-05-03,138
2010-05-04,110
2010-05-05,101
2010-05-06,131
2010-05-07,84
2010-05-08,3
2010-05-09,6
2010-05-10,118
2010-05-11,97
2010-05-12,90
2010-05-13,112
2010-05-14,102
2010-05-15,8
2010-05-16,3
2010-05-17,141
2010-05-18,104
2010-05-19,96
2010-05-20,137
2010-05-21,130
2010-05-22,12
2010-05-23,2
2010-05-24,168
2010-05-25,134
2010-05-26,122
2010-05-27,105
2010-05-28,187
2010-05-29,5
2010-05-30,4
2010-05-31,3
2010-06-01,178
2010-06-02,147
2010-06-03,127
2010-06-04,144
2010-06-05,10
2010-06-07,178
2010-06-08,133
2010-06-09,138
2010-06-10,110
2010-06-11,109
2010-06-12,7
2010-06-13,8
2010-06-14,169
2010-06-15,100
2010-06-16,133
2010-06-17,134
2010-06-18,122
2010-06-19,15
2010-06-20,12
2010-06-21,136
2010-06-22,126
2010-06-23,90
2010-06-24,160
2010-06-25,149
2010-06-26,8
2010-06-27,11
2010-06-28,176
2010-06-29,170
2010-06-30,115
2010-07-01,179
2010-07-02,151
2010-07-03,13
2010-07-04,23
2010-07-05,20
2010-07-06,205
2010-07-07,128
2010-07-08,303
2010-07-09,177
2010-07-10,66
2010-07-11,39
2010-07-12,185
2010-07-13,216
2010-07-14,235
2010-07-15,310
2010-07-16,361
2010-07-17,60
2010-07-18,69
2010-07-19,1036
2010-07-20,72
2010-07-21,72
2010-07-22,54
2010-07-23,103
2010-07-24,2
2010-07-25,1
2010-07-26,54
2010-07-27,70
2010-07-28,70
2010-07-29,85
2010-07-30,107
2010-07-31,26
2010-08-01,8
2010-08-02,59
2010-08-03,1542
2010-08-04,679
2010-08-05,149
2010-08-06,153
2010-08-07,7
2010-08-08,9
2010-08-09,61
2010-08-10,169
2010-08-11,124
2010-08-12,136
2010-08-13,205
2010-08-14,8
2010-08-15,9
2010-08-16,166
2010-08-17,198
2010-08-18,278
2010-08-19,193
2010-08-20,214
2010-08-21,13
2010-08-22,8
2010-08-23,219
2010-08-24,236
2010-08-25,221
2010-08-26,316
2010-08-27,168
2010-08-28,7
2010-08-29,4
2010-08-30,151
2010-08-31,162
2010-09-01,148
2010-09-02,136
2010-09-03,163
2010-09-04,11
2010-09-05,3
2010-09-06,9
2010-09-07,168
2010-09-08,117
2010-09-09,141
2010-09-10,140
2010-09-11,21
2010-09-12,10
2010-09-13,128
2010-09-14,149
2010-09-15,153
2010-09-16,125
2010-09-17,162
2010-09-18,6
2010-09-19,8
2010-09-20,175
2010-09-21,147
2010-09-22,141
2010-09-23,236
2010-09-24,232
2010-09-25,16
2010-09-26,16
2010-09-27,213
2010-09-28,196
2010-09-29,183
2010-09-30,205
2010-10-01,187
2010-10-02,27
2010-10-03,25
2010-10-04,268
2010-10-05,282
2010-10-06,226
2010-10-07,206
2010-10-08,249
2010-10-09,17
2010-10-10,34
2010-10-11,204
2010-10-12,311
2010-10-13,342
2010-10-14,388
2010-10-15,361
2010-10-16,83
2010-10-17,100
2010-10-18,1254
2010-10-19,80
2010-10-20,70
2010-10-21,57
2010-10-22,69
2010-10-23,3
2010-10-24,2
2010-10-25,42
2010-10-26,87
2010-10-27,58
2010-10-28,71
2010-10-29,78
2010-10-30,6
2010-10-31,1
2010-11-01,49
2010-11-02,990
2010-11-03,652
2010-11-04,143
2010-11-05,109
2010-11-06,7
2010-11-07,3
2010-11-08,58
2010-11-09,131
2010-11-10,135
2010-11-11,4
2010-11-12,180
2010-11-13,7
2010-11-14,3
2010-11-15,116
2010-11-16,249
2010-11-17,218
2010-11-18,165
2010-11-19,212
2010-11-20,3
2010-11-21,2
2010-11-22,74
2010-11-23,95
2010-11-24,78
2010-11-26,2
2010-11-27,5
2010-11-28,3
2010-11-29,90
2010-11-30,131
2010-12-01,114
2010-12-02,162
2010-12-03,149
2010-12-04,4
2010-12-05,5
2010-12-06,164
2010-12-07,117
2010-12-08,87
2010-12-09,134
2010-12-10,142
2010-12-11,5
2010-12-12,7
2010-12-13,103
2010-12-14,100
2010-12-15,75
2010-12-16,92
2010-12-17,83
2010-12-18,3
2010-12-19,5
2010-12-20,96
2010-12-21,97
2010-12-22,78
2010-12-23,88
2010-12-24,3
2010-12-25,2
2010-12-26,4
2010-12-27,55
2010-12-28,117
2010-12-29,118
2010-12-30,107
2010-12-31,12
2011-01-01,6
2011-01-02,5
2011-01-03,89
2011-01-04,105
2011-01-05,89
2011-01-06,69
2011-01-07,105
2011-01-08,10
2011-01-09,2
2011-01-10,60
2011-01-11,86
2011-01-12,77
2011-01-13,112
2011-01-14,109
2011-01-15,12
2011-01-16,2
2011-01-17,28
2011-01-18,146
2011-01-19,97
2011-01-20,54
2011-01-21,109
2011-01-22,1
2011-01-24,39
2011-01-25,117
2011-01-26,95
2011-01-27,101
2011-01-28,84
2011-01-29,2
2011-01-31,41
2011-02-01,41
2011-02-02,40
2011-02-03,84
2011-02-04,76
2011-02-05,4
2011-02-06,3
2011-02-07,124
2011-02-08,145
2011-02-09,84
2011-02-10,120
2011-02-11,105
2011-02-12,4
2011-02-13,2
2011-02-14,122
2011-02-15,77
2011-02-16,124
2011-02-17,115
2011-02-18,87
2011-02-20,5
2011-02-21,15
2011-02-22,90
2011-02-23,119
2011-02-24,75
2011-02-25,98
2011-02-26,3
2011-02-27,1
2011-02-28,85
2011-03-01,94
2011-03-02,377
2011-03-03,126
2011-03-04,113
2011-03-05,8
2011-03-06,4
2011-03-07,90
2011-03-08,105
2011-03-09,130
2011-03-10,117
2011-03-11,102
2011-03-12,3
2011-03-13,4
2011-03-14,220
2011-03-15,121
2011-03-16,118
2011-03-17,161
2011-03-18,181
2011-03-19,9
2011-03-20,9
2011-03-21,308
2011-03-22,55
2011-03-23,62
2011-03-24,50
2011-03-25,79
2011-03-26,4
2011-03-28,16
2011-03-29,60
2011-03-30,31
2011-03-31,60
2011-04-01,52
2011-04-02,6
2011-04-03,1
2011-04-04,18
2011-04-05,185
2011-04-06,413
2011-04-07,149
2011-04-08,125
2011-04-09,7
2011-04-10,1
2011-04-11,72
2011-04-12,81
2011-04-13,151
2011-04-14,136
2011-04-15,160
2011-04-16,2
2011-04-17,5
2011-04-18,112
2011-04-19,147
2011-04-20,102
2011-04-21,165
2011-04-22,149
2011-04-23,5
2011-04-24,2
2011-04-25,103
2011-04-26,112
2011-04-27,64
2011-04-28,106
2011-04-29,108
2011-04-30,6
2011-05-01,5
2011-05-02,101
2011-05-03,78
2011-05-04,89
2011-05-05,81
2011-05-06,102
2011-05-07,3
2011-05-08,1
2011-05-09,109
2011-05-10,104
2011-05-11,95
2011-05-12,113
2011-05-13,119
2011-05-14,6
2011-05-15,2
2011-05-16,127
2011-05-17,100
2011-05-18,95
2011-05-19,101
2011-05-20,109
2011-05-21,3
2011-05-22,1
2011-05-23,84
2011-05-24,87
2011-05-25,75
2011-05-26,95
2011-05-27,142
2011-05-28,4
2011-05-29,1
2011-05-30,3
2011-05-31,128
2011-06-01,85
2011-06-02,119
2011-06-03,133
2011-06-04,10
2011-06-05,1
2011-06-06,75
2011-06-07,101
2011-06-08,92
2011-06-09,131
2011-06-10,130
2011-06-11,15
2011-06-12,7
2011-06-13,85
2011-06-14,117
2011-06-15,91
2011-06-16,157
2011-06-17,136
2011-06-18,6
2011-06-19,3
2011-06-20,99
2011-06-21,108
2011-06-22,119
2011-06-23,109
2011-06-24,140
2011-06-25,5
2011-06-26,3
2011-06-27,91
2011-06-28,93
2011-06-29,109
2011-06-30,120
2011-07-01,126
2011-07-02,8
2011-07-03,2
2011-07-04,4
2011-07-05,121
2011-07-06,120
2011-07-07,156
2011-07-08,115
2011-07-09,12
2011-07-10,4
2011-07-11,129
2011-07-12,131
2011-07-13,129
2011-07-14,126
2011-07-15,130
2011-07-16,7
2011-07-17,5
2011-07-18,142
2011-07-19,98
2011-07-20,103
2011-07-21,145
2011-07-22,117
2011-07-23,3
2011-07-24,3
2011-07-25,149
2011-07-26,120
2011-07-27,111
2011-07-28,142
2011-07-29,149
2011-07-30,6
2011-08-01,129
2011-08-02,126
2011-08-03,119
2011-08-04,138
2011-08-05,148
2011-08-06,3
2011-08-07,2
2011-08-08,88
2011-08-09,120
2011-08-10,125
2011-08-11,135
2011-08-12,115
2011-08-13,10
2011-08-14,3
2011-08-15,137
2011-08-16,140
2011-08-17,112
2011-08-18,125
2011-08-19,151
2011-08-20,9
2011-08-21,8
2011-08-22,89
2011-08-23,127
2011-08-24,131
2011-08-25,134
2011-08-26,159
2011-08-27,7
2011-08-28,5
2011-08-29,120
2011-08-30,123
2011-08-31,113
2011-09-01,139
2011-09-02,114
2011-09-03,5
2011-09-05,1
2011-09-06,164
2011-09-07,90
2011-09-08,130
2011-09-09,134
2011-09-10,3
2011-09-11,5
2011-09-12,99
2011-09-13,112
2011-09-14,115
2011-09-15,107
2011-09-16,104
2011-09-17,4
2011-09-18,4
2011-09-19,104
2011-09-20,98
2011-09-21,107
2011-09-22,86
2011-09-23,135
2011-09-24,7
2011-09-25,6
2011-09-26,187
2011-09-27,130
2011-09-28,97
2011-09-29,109
2011-09-30,173
2011-10-01,11
2011-10-02,6
2011-10-03,96
2011-10-04,128
2011-10-05,99
2011-10-06,111
2011-10-07,106
2011-10-08,10
2011-10-09,14
2011-10-10,76
2011-10-11,137
2011-10-12,118
2011-10-13,165
2011-10-14,110
2011-10-15,8
2011-10-16,6
2011-10-17,106
2011-10-18,133
2011-10-19,125
2011-10-20,188
2011-10-21,117
2011-10-22,5
2011-10-23,17
2011-10-24,144
2011-10-25,114
2011-10-26,102
2011-10-27,121
2011-10-28,99
2011-10-29,5
2011-10-30,7
2011-10-31,143
2011-11-01,137
2011-11-02,89
2011-11-03,85
2011-11-04,124
2011-11-05,7
2011-11-06,8
2011-11-07,128
2011-11-08,102
2011-11-09,108
2011-11-10,146
2011-11-11,10
2011-11-12,9
2011-11-13,8
2011-11-14,106
2011-11-15,144
2011-11-16,123
2011-11-17,124
2011-11-18,175
2011-11-19,5
2011-11-20,3
2011-11-21,85
2011-11-22,141
2011-11-23,127
2011-11-24,11
2011-11-25,5
2011-11-26,4
2011-11-27,4
2011-11-28,189
2011-11-29,131
2011-11-30,104
2011-12-01,97
2011-12-02,162
2011-12-03,7
2011-12-04,6
2011-12-05,122
2011-12-06,100
2011-12-07,78
2011-12-08,130
2011-12-09,108
2011-12-10,6
2011-12-11,2
2011-12-12,100
2011-12-13,110
2011-12-14,99
2011-12-15,107
2011-12-16,149
2011-12-17,4
2011-12-18,1
2011-12-19,70
2011-12-20,103
2011-12-21,103
2011-12-22,100
2011-12-23,81
2011-12-24,4
2011-12-25,2
2011-12-26,5
2011-12-27,171
2011-12-28,118
2011-12-29,146
2011-12-30,158
2011-12-31,10
2012-01-01,2
2012-01-02,19
2012-01-03,204
2012-01-04,195
2012-01-05,192
2012-01-06,145
2012-01-07,4
2012-01-08,3
2012-01-09,141
2012-01-10,151
2012-01-11,183
2012-01-12,175
2012-01-13,178
2012-01-14,6
2012-01-15,3
2012-01-16,30
2012-01-17,211
2012-01-18,166
2012-01-19,160
2012-01-20,173
2012-01-21,8
2012-01-22,9
2012-01-23,119
2012-01-24,150
2012-01-25,136
2012-01-26,201
2012-01-27,234
2012-01-28,12
2012-01-29,5
2012-01-30,140
2012-01-31,166
2012-02-01,154
2012-02-02,199
2012-02-03,156
2012-02-04,6
2012-02-05,7
2012-02-06,160
2012-02-07,181
2012-02-08,134
2012-02-09,102
2012-02-10,115
2012-02-11,8
2012-02-12,8
2012-02-13,118
2012-02-14,121
2012-02-15,139
2012-02-16,186
2012-02-17,198
2012-02-18,6
2012-02-19,7
2012-02-20,73
2012-02-21,176
2012-02-22,125
2012-02-23,259
2012-02-24,246
2012-02-25,1
2012-02-26,7
2012-02-27,199
2012-02-28,177
2012-02-29,428
2012-03-01,183
2012-03-02,187
2012-03-03,9
2012-03-04,11
2012-03-05,175
2012-03-06,129
2012-03-07,146
2012-03-08,172
2012-03-09,231
2012-03-10,16
2012-03-11,7
2012-03-12,197
2012-03-13,278
2012-03-14,137
2012-03-15,141
2012-03-16,145
2012-03-17,7
2012-03-18,9
2012-03-19,85
2012-03-20,115
2012-03-21,118
2012-03-22,121
2012-03-23,155
2012-03-24,20
2012-03-25,4
2012-03-26,104
2012-03-27,147
2012-03-28,114
2012-03-29,146
2012-03-30,132
2012-03-31,9
2012-04-01,4
2012-04-02,112
2012-04-03,86
2012-04-04,143
2012-04-05,147
2012-04-06,130
2012-04-07,8
2012-04-08,5
2012-04-09,174
2012-04-10,181
2012-04-11,112
2012-04-12,117
2012-04-13,153
2012-04-14,14
2012-04-15,11
2012-04-16,117
2012-04-17,146
2012-04-18,123
2012-04-19,117
2012-04-20,139
2012-04-21,8
2012-04-22,1
2012-04-23,158
2012-04-24,161
2012-04-25,193
2012-04-26,165
2012-04-27,249
2012-04-28,15
2012-04-29,11
2012-04-30,186
2012-05-01,82
2012-05-02,46
2012-05-03,24
2012-05-04,21
2012-05-05,7
2012-05-06,4
2012-05-07,80
2012-05-08,203
2012-05-09,194
2012-05-10,150
2012-05-11,152
2012-05-12,8
2012-05-13,3
2012-05-14,126
2012-05-15,305
2012-05-16,163
2012-05-17,150
2012-05-18,180
2012-05-19,9
2012-05-20,3
2012-05-21,174
2012-05-22,192
2012-05-23,190
2012-05-24,157
2012-05-25,202
2012-05-26,9
2012-05-27,3
2012-05-28,6
2012-05-29,153
2012-05-30,155
2012-05-31,195
2012-06-01,260
2012-06-02,7
2012-06-03,2
2012-06-04,134
2012-06-05,175
2012-06-06,139
2012-06-07,165
2012-06-08,163
2012-06-09,13
2012-06-10,8
2012-06-11,174
2012-06-12,143
2012-06-13,117
2012-06-14,159
2012-06-15,191
2012-06-16,28
2012-06-17,12
2012-06-18,170
2012-06-19,140
2012-06-20,119
2012-06-21,161
2012-06-22,154
2012-06-23,26
2012-06-24,31
2012-06-25,218
2012-06-26,225
2012-06-27,199
2012-06-28,195
2012-06-29,228
2012-06-30,15
2012-07-01,24
2012-07-02,176
2012-07-03,214
2012-07-04,10
2012-07-05,269
2012-07-06,200
2012-07-07,43
2012-07-08,33
2012-07-09,266
2012-07-10,401
2012-07-11,259
2012-07-12,381
2012-07-13,326
2012-07-14,44
2012-07-15,76
2012-07-16,741
2012-07-17,1407
2012-07-18,124
2012-07-19,134
2012-07-20,132
2012-07-21,7
2012-07-22,1
2012-07-23,117
2012-07-24,136
2012-07-25,121
2012-07-26,115
2012-07-27,158
2012-07-28,4
2012-07-29,3
2012-07-30,103
2012-07-31,172
2012-08-01,112
2012-08-02,109
2012-08-03,109
2012-08-04,7
2012-08-05,7
2012-08-06,120
2012-08-07,479
2012-08-08,2048
2012-08-09,266
2012-08-10,286
2012-08-11,19
2012-08-12,14
2012-08-13,176
2012-08-14,331
2012-08-15,314
2012-08-16,274
2012-08-17,374
2012-08-18,16
2012-08-19,14
2012-08-20,403
2012-08-21,480
2012-08-22,407
2012-08-23,314
2012-08-24,296
2012-08-25,13
2012-08-26,8
2012-08-27,309
2012-08-28,238
2012-08-29,325
2012-08-30,368
2012-08-31,263
2012-09-01,28
2012-09-02,20
2012-09-03,25
2012-09-04,450
2012-09-05,331
2012-09-06,415
2012-09-07,417
2012-09-08,23
2012-09-09,26
2012-09-10,422
2012-09-11,394
2012-09-12,390
2012-09-13,378
2012-09-14,345
2012-09-15,43
2012-09-16,32
2012-09-17,381
2012-09-18,399
2012-09-19,334
2012-09-20,346
2012-09-21,384
2012-09-22,49
2012-09-23,37
2012-09-24,499
2012-09-25,515
2012-09-26,551
2012-09-27,445
2012-09-28,497
2012-09-29,74
2012-09-30,65
2012-10-01,754
2012-10-02,604
2012-10-03,617
2012-10-04,658
2012-10-05,652
2012-10-06,89
2012-10-07,81
2012-10-08,596
2012-10-09,912
2012-10-10,918
2012-10-11,940
2012-10-12,990
2012-10-13,123
2012-10-14,257
2012-10-15,1981
2012-10-16,4601
2012-10-17,175
2012-10-18,119
2012-10-19,126
2012-10-20,10
2012-10-21,7
2012-10-22,131
2012-10-23,121
2012-10-24,90
2012-10-25,100
2012-10-26,118
2012-10-27,16
2012-10-28,8
2012-10-29,79
2012-10-30,84
2012-10-31,84
2012-11-01,93
2012-11-02,106
2012-11-03,23
2012-11-04,43
2012-11-05,193
2012-11-06,1626
2012-11-07,2277
2012-11-08,264
2012-11-09,198
2012-11-10,11
2012-11-11,5
2012-11-12,12
2012-11-13,233
2012-11-14,165
2012-11-15,205
2012-11-16,440
2012-11-17,69
2012-11-18,7
2012-11-19,204
2012-11-20,176
2012-11-21,244
2012-11-22,3
2012-11-23,3
2012-11-24,1
2012-11-25,4
2012-11-26,224
2012-11-27,291
2012-11-28,269
2012-11-29,235
2012-11-30,243
2012-12-01,4
2012-12-02,6
2012-12-03,164
2012-12-04,116
2012-12-05,115
2012-12-06,103
2012-12-07,186
2012-12-08,7
2012-12-09,4
2012-12-10,154
2012-12-11,156
2012-12-12,161
2012-12-13,103
2012-12-14,107
2012-12-15,10
2012-12-16,3
2012-12-17,79
2012-12-18,125
2012-12-19,84
2012-12-20,125
2012-12-21,167
2012-12-22,5
2012-12-23,3
2012-12-24,1
2012-12-25,1
2012-12-26,203
2012-12-27,116
2012-12-28,119
2012-12-29,9
2012-12-30,6
2012-12-31,77
2013-01-01,2
2013-01-02,94
2013-01-03,84
2013-01-04,73
2013-01-05,5
2013-01-06,7
2013-01-07,88
2013-01-08,82
2013-01-09,76
2013-01-10,102
2013-01-11,104
2013-01-12,2
2013-01-13,4
2013-01-14,94
2013-01-15,105
2013-01-16,84
2013-01-17,104
2013-01-18,129
2013-01-19,6
2013-01-20,6
2013-01-21,14
2013-01-22,121
2013-01-23,99
2013-01-24,109
2013-01-25,125
2013-01-26,5
2013-01-27,4
2013-01-28,57
2013-01-29,102
2013-01-30,79
2013-01-31,80
2013-02-01,103
2013-02-02,5
2013-02-03,5
2013-02-04,69
2013-02-05,133
2013-02-06,85
2013-02-07,84
2013-02-08,91
2013-02-09,2
2013-02-10,6
2013-02-11,73
2013-02-12,80
2013-02-13,79
2013-02-14,90
2013-02-15,94
2013-02-16,4
2013-02-17,3
2013-02-18,19
2013-02-19,110
2013-02-20,65
2013-02-21,10
2013-02-22,96
2013-02-23,5
2013-02-24,4
2013-02-25,33
2013-02-26,51
2013-02-27,268
2013-02-28,109
2013-03-01,117
2013-03-02,8
2013-03-03,3
2013-03-04,95
2013-03-05,128
2013-03-06,88
2013-03-07,114
2013-03-08,180
2013-03-09,7
2013-03-10,6
2013-03-11,160
2013-03-12,213
2013-03-13,44
2013-03-14,52
2013-03-15,50
2013-03-16,2
2013-03-17,3
2013-03-18,19
2013-03-19,61
2013-03-20,53
2013-03-21,36
2013-03-22,34
2013-03-23,1
2013-03-24,2
2013-03-25,11
2013-03-26,57
2013-03-27,47
2013-03-28,49
2013-03-29,78
2013-03-30,3
2013-03-31,2
2013-04-01,14
2013-04-02,110
2013-04-03,481
2013-04-04,116
2013-04-05,97
2013-04-06,1
2013-04-07,4
2013-04-08,100
2013-04-09,146
2013-04-10,144
2013-04-11,170
2013-04-12,177
2013-04-13,3
2013-04-14,5
2013-04-15,98
2013-04-16,70
2013-04-17,85
2013-04-18,116
2013-04-19,146
2013-04-20,8
2013-04-21,5
2013-04-22,113
2013-04-23,104
2013-04-24,81
2013-04-25,93
2013-04-26,120
2013-04-27,5
2013-04-28,7
2013-04-29,69
2013-04-30,83
2013-05-01,62
2013-05-02,82
2013-05-03,123
2013-05-04,5
2013-05-05,6
2013-05-06,73
2013-05-07,65
2013-05-08,80
2013-05-09,89
2013-05-10,86
2013-05-11,3
2013-05-13,83
2013-05-14,130
2013-05-15,94
2013-05-16,93
2013-05-17,87
2013-05-18,8
2013-05-19,4
2013-05-20,83
2013-05-21,75
2013-05-22,110
2013-05-23,92
2013-05-24,112
2013-05-25,5
2013-05-26,2
2013-05-27,4
2013-05-28,162
2013-05-29,89
2013-05-30,109
2013-05-31,124
2013-06-01,17
2013-06-02,14
2013-06-03,87
2013-06-04,116
2013-06-05,126
2013-06-06,111
2013-06-07,81
2013-06-08,16
2013-06-09,12
2013-06-10,114
2013-06-11,107
2013-06-12,77
2013-06-13,108
2013-06-14,108
2013-06-15,8
2013-06-16,14
2013-06-17,112
2013-06-18,109
2013-06-19,81
2013-06-20,126
2013-06-21,98
2013-06-22,12
2013-06-23,7
2013-06-24,81
2013-06-25,78
2013-06-26,108
2013-06-27,96
2013-06-28,118
2013-06-29,5
2013-06-30,4
2013-07-01,141
2013-07-02,123
2013-07-03,97
2013-07-04,3
2013-07-05,120
2013-07-06,5
2013-07-07,12
2013-07-08,108
2013-07-09,93
2013-07-10,99
2013-07-11,113
2013-07-12,138
2013-07-13,6
2013-07-14,4
2013-07-15,115
2013-07-16,140
2013-07-17,104
2013-07-18,143
2013-07-19,149
2013-07-20,2
2013-07-21,9
2013-07-22,143
2013-07-23,104
2013-07-24,90
2013-07-25,141
2013-07-26,151
2013-07-27,9
2013-07-28,5
2013-07-29,117
2013-07-30,111
2013-07-31,118
2013-08-01,135
2013-08-02,107
2013-08-03,3
2013-08-04,8
2013-08-05,139
2013-08-06,122
2013-08-07,100
2013-08-08,101
2013-08-09,125
2013-08-10,11
2013-08-11,6
2013-08-12,124
2013-08-13,107
2013-08-14,110
2013-08-15,121
2013-08-16,141
2013-08-17,6
2013-08-18,10
2013-08-19,162
2013-08-20,130
2013-08-21,93
2013-08-22,116
2013-08-23,179
2013-08-24,8
2013-08-25,5
2013-08-26,194
2013-08-27,153
2013-08-28,108
2013-08-29,123
2013-08-30,111
2013-08-31,7
2013-09-01,9
2013-09-02,1
2013-09-03,139
2013-09-04,118
2013-09-05,111
2013-09-06,128
2013-09-07,8
2013-09-08,6
2013-09-09,174
2013-09-10,130
2013-09-11,106
2013-09-12,107
2013-09-13,131
2013-09-14,11
2013-09-15,6
2013-09-16,147
2013-09-17,107
2013-09-18,74
2013-09-19,108
2013-09-20,115
2013-09-21,5
2013-09-22,7
2013-09-23,140
2013-09-24,93
2013-09-25,109
2013-09-26,121
2013-09-27,163
2013-09-28,6
2013-09-29,8
2013-09-30,134
2013-10-01,104
2013-10-02,98
2013-10-03,116
2013-10-04,131
2013-10-05,3
2013-10-06,4
2013-10-07,114
2013-10-08,96
2013-10-09,105
2013-10-10,104
2013-10-11,103
2013-10-12,1
2013-10-13,4
2013-10-14,67
2013-10-15,113
2013-10-16,98
2013-10-17,138
2013-10-18,157
2013-10-19,3
2013-10-20,1
2013-10-21,185
2013-10-22,125
2013-10-23,97
2013-10-24,162
2013-10-25,152
2013-10-26,5
2013-10-27,6
2013-10-28,162
2013-10-29,112
2013-10-30,91
2013-10-31,90
2013-11-01,94
2013-11-02,2
2013-11-03,1
2013-11-04,134
2013-11-05,95
2013-11-06,77
2013-11-07,94
2013-11-08,98
2013-11-09,3
2013-11-10,2
2013-11-11,16
2013-11-12,143
2013-11-13,61
2013-11-14,120
2013-11-15,106
2013-11-16,4
2013-11-18,143
2013-11-19,104
2013-11-20,96
2013-11-21,89
2013-11-22,164
2013-11-23,1
2013-11-24,1
2013-11-25,119
2013-11-26,82
2013-11-27,84
2013-11-28,2
2013-11-29,5
2013-11-30,1
2013-12-01,2
2013-12-02,135
2013-12-03,67
2013-12-04,105
2013-12-05,90
2013-12-06,86
2013-12-07,2
2013-12-08,1
2013-12-09,101
2013-12-10,68
2013-12-11,68
2013-12-12,82
2013-12-13,91
2013-12-14,3
2013-12-16,100
2013-12-17,77
2013-12-18,80
2013-12-19,81
2013-12-20,98
2013-12-21,3
2013-12-22,1
2013-12-23,155
2013-12-24,27
2013-12-26,82
2013-12-27,66
2013-12-30,123
2013-12-31,93
2014-01-01,6
2014-01-02,134
2014-01-03,89
2014-01-04,1
2014-01-05,2
2014-01-06,141
2014-01-07,61
2014-01-08,57
2014-01-09,88
2014-01-10,87
2014-01-11,1
2014-01-12,6
2014-01-13,134
2014-01-14,94
2014-01-15,87
2014-01-16,115
2014-01-17,128
2014-01-18,1
2014-01-19,4
2014-01-20,20
2014-01-21,161
2014-01-22,78
2014-01-23,98
2014-01-24,117
2014-01-25,305
2014-01-26,3
2014-01-27,198
2014-01-28,116
2014-01-29,132
2014-01-30,133
2014-01-31,132
2014-02-01,5
2014-02-02,8
2014-02-03,138
2014-02-04,47
2014-02-05,15
2014-02-06,122
2014-02-07,77
2014-02-08,4
2014-02-09,2
2014-02-10,104
2014-02-11,105
2014-02-12,123
2014-02-13,107
2014-02-14,93
2014-02-15,3
2014-02-16,1
2014-02-17,33
2014-02-18,126
2014-02-19,98
2014-02-20,103
2014-02-21,128
2014-02-22,4
2014-02-23,1
2014-02-24,170
2014-02-25,98
2014-02-26,86
2014-02-27,142
2014-02-28,147
2014-03-01,1
2014-03-02,1
2014-03-03,166
2014-03-04,96
2014-03-05,107
2014-03-06,113
2014-03-07,148
2014-03-08,4
2014-03-09,4
2014-03-10,149
2014-03-11,129
2014-03-12,79
2014-03-13,77
2014-03-14,150
2014-03-15,22
2014-03-16,2
2014-03-17,139
2014-03-18,115
2014-03-19,80
2014-03-20,91
2014-03-21,103
2014-03-22,4
2014-03-23,5
2014-03-24,128
2014-03-25,65
2014-03-26,57
2014-03-27,92
2014-03-28,145
2014-03-29,6
2014-03-30,3
2014-03-31,142
2014-04-01,119
2014-04-02,132
2014-04-03,160
2014-04-04,111
2014-04-05,28
2014-04-06,5
2014-04-07,191
2014-04-08,96
2014-04-09,243
2014-04-10,104
2014-04-11,130
2014-04-12,1
2014-04-13,10
2014-04-14,158
2014-04-15,78
2014-04-16,61
2014-04-17,109
2014-04-18,107
2014-04-21,224
2014-04-22,97
2014-04-23,77
2014-04-24,98
2014-04-25,127
2014-04-26,1
2014-04-28,113
2014-04-29,71
2014-04-30,117
2014-05-01,121
2014-05-02,151
2014-05-03,2
2014-05-04,1
2014-05-05,147
2014-05-06,139
2014-05-07,73
2014-05-08,85
2014-05-09,105
2014-05-12,195
2014-05-13,132
2014-05-14,107
2014-05-15,99
2014-05-16,128
2014-05-17,28
2014-05-18,2
2014-05-19,139
2014-05-20,103
2014-05-21,74
2014-05-22,135
2014-05-23,141
2014-05-26,1
2014-05-27,144
2014-05-28,107
2014-05-29,103
2014-05-30,170
2014-06-01,3
2014-06-02,178
2014-06-03,136
2014-06-04,97
2014-06-05,114
2014-06-06,112
2014-06-08,1
2014-06-09,160
2014-06-10,91
2014-06-11,104
2014-06-12,123
2014-06-13,158
2014-06-14,6
2014-06-15,1
2014-06-16,167
2014-06-17,101
2014-06-18,107
2014-06-19,154
2014-06-20,137
2014-06-21,48
2014-06-22,2
2014-06-23,208
2014-06-24,153
2014-06-25,161
2014-06-26,163
2014-06-27,160
2014-06-28,7
2014-06-29,11
2014-06-30,275
2014-07-01,163
2014-07-02,109
2014-07-03,149
2014-07-04,3
2014-07-05,5
2014-07-06,3
2014-07-07,235
2014-07-08,142
2014-07-09,121
2014-07-10,185
2014-07-11,236
2014-07-12,36
2014-07-13,32
2014-07-14,357
2014-07-15,589
2014-07-16,103
2014-07-17,70
2014-07-18,57
2014-07-19,2
2014-07-20,5
2014-07-21,55
2014-07-22,68
2014-07-23,54
2014-07-24,58
2014-07-25,75
2014-07-26,4
2014-07-27,7
2014-07-28,75
2014-07-29,54
2014-07-30,70
2014-07-31,58
2014-08-01,68
2014-08-02,6
2014-08-03,9
2014-08-04,67
2014-08-05,421
2014-08-06,957
2014-08-07,99
2014-08-08,105
2014-08-09,1
2014-08-10,3
2014-08-11,132
2014-08-12,157
2014-08-13,107
2014-08-14,137
2014-08-15,245
2014-08-16,2
2014-08-17,4
2014-08-18,183
2014-08-19,246
2014-08-20,212
2014-08-21,226
2014-08-22,231
2014-08-23,2
2014-08-24,1
2014-08-25,281
2014-08-26,233
2014-08-27,191
2014-08-28,178
2014-08-29,156
2014-08-30,6
2014-08-31,1
2014-09-01,3
2014-09-02,172
2014-09-03,190
2014-09-04,178
2014-09-05,188
2014-09-06,1
2014-09-07,1
2014-09-08,240
2014-09-09,135
2014-09-10,130
2014-09-11,167
2014-09-12,162
2014-09-13,4
2014-09-14,5
2014-09-15,206
2014-09-16,170
2014-09-17,143
2014-09-18,179
2014-09-19,157
2014-09-20,5
2014-09-21,5
2014-09-22,298
2014-09-23,179
2014-09-24,176
2014-09-25,152
2014-09-26,293
2014-09-27,69
2014-09-28,3
2014-09-29,266
2014-09-30,235
2014-10-01,252
2014-10-02,232
2014-10-03,238
2014-10-04,26
2014-10-05,24
2014-10-06,353
2014-10-07,281
2014-10-08,263
2014-10-09,337
2014-10-10,413
2014-10-11,46
2014-10-12,40
2014-10-13,491
2014-10-14,2207
2014-10-15,82
2014-10-16,95
2014-10-17,70
2014-10-18,1
2014-10-20,72
2014-10-21,62
2014-10-22,56
2014-10-23,53
2014-10-24,70
2014-10-25,3
2014-10-26,2
2014-10-27,73
2014-10-28,54
2014-10-29,48
2014-10-30,59
2014-10-31,63
2014-11-01,5
2014-11-02,3
2014-11-03,85
2014-11-04,623
2014-11-05,517
2014-11-06,169
2014-11-07,169
2014-11-08,14
2014-11-09,8
2014-11-10,207
2014-11-11,26
2014-11-12,156
2014-11-13,152
2014-11-14,380
2014-11-15,5
2014-11-16,2
2014-11-17,310
2014-11-18,246
2014-11-19,342
2014-11-20,289
2014-11-21,237
2014-11-23,3
2014-11-24,298
2014-11-25,292
2014-11-26,211
2014-11-27,1
2014-11-28,1
2014-11-29,1
2014-12-01,202
2014-12-02,221
2014-12-03,185
2014-12-04,151
2014-12-05,102
2014-12-06,1
2014-12-08,134
2014-12-09,96
2014-12-10,112
2014-12-11,137
2014-12-12,96
2014-12-13,1
2014-12-14,3
2014-12-15,138
2014-12-16,103
2014-12-17,117
2014-12-18,150
2014-12-19,118
2014-12-20,1
2014-12-22,119
2014-12-23,80
2014-12-24,37
2014-12-26,15
2014-12-28,3
2014-12-29,135
2014-12-30,74
2014-12-31,80
2015-01-01,12
2015-01-02,140
2015-01-03,2
2015-01-04,2
2015-01-05,129
2015-01-06,124
2015-01-07,117
2015-01-08,114
2015-01-09,95
2015-01-10,1
2015-01-11,4
2015-01-12,154
2015-01-13,87
2015-01-14,60
2015-01-15,98
2015-01-16,113
2015-01-17,8
2015-01-18,1
2015-01-19,14
2015-01-20,214
2015-01-21,74
2015-01-22,108
2015-01-23,130
2015-01-25,4
2015-01-26,134
2015-01-27,115
2015-01-28,124
2015-01-29,98
2015-01-30,159
2015-01-31,38
2015-02-01,1
2015-02-02,197
2015-02-03,106
2015-02-04,204
2015-02-05,117
2015-02-06,90
2015-02-07,2
2015-02-08,1
2015-02-09,215
2015-02-10,167
2015-02-11,83
2015-02-12,81
2015-02-13,78
2015-02-14,2
2015-02-15,1
2015-02-16,21
2015-02-17,83
2015-02-18,81
2015-02-19,82
2015-02-20,89
2015-02-21,2
2015-02-22,3
2015-02-23,111
2015-02-24,105
2015-02-25,120
2015-02-26,65
2015-02-27,112
2015-02-28,4
2015-03-02,89
2015-03-03,81
2015-03-04,261
2015-03-05,95
2015-03-06,126
2015-03-07,2
2015-03-08,1
2015-03-09,307
2015-03-10,233
2015-03-11,106
2015-03-12,147
2015-03-13,153
2015-03-14,16
2015-03-15,55
2015-03-16,338
2015-03-17,396
2015-03-18,95
2015-03-19,46
2015-03-20,40
2015-03-21,2
2015-03-22,3
2015-03-23,50
2015-03-24,40
2015-03-25,14
2015-03-26,38
2015-03-27,14
2015-03-28,4
2015-03-29,5
2015-03-30,58
2015-03-31,61
2015-04-01,36
2015-04-02,43
2015-04-03,57
2015-04-04,11
2015-04-05,1
2015-04-06,29
2015-04-07,187
2015-04-08,243
2015-04-09,98
2015-04-10,128
2015-04-11,6
2015-04-12,4
2015-04-13,187
2015-04-14,225
2015-04-15,316
2015-04-16,191
2015-04-17,215
2015-04-18,4
2015-04-19,5
2015-04-20,155
2015-04-21,148
2015-04-22,124
2015-04-23,139
2015-04-24,158
2015-04-25,2
2015-04-26,5
2015-04-27,188
2015-04-28,105
2015-04-29,73
2015-04-30,102
2015-05-01,114
2015-05-02,1
2015-05-03,1
2015-05-04,118
2015-05-05,119
2015-05-06,102
2015-05-07,87
2015-05-08,96
2015-05-09,17
2015-05-10,28
2015-05-11,163
2015-05-12,76
2015-05-13,92
2015-05-14,89
2015-05-15,98
2015-05-16,11
2015-05-17,5
2015-05-18,114
2015-05-19,177
2015-05-20,93
2015-05-21,86
2015-05-22,86
2015-05-23,1
2015-05-24,1
2015-05-26,147
2015-05-27,82
2015-05-28,126
2015-05-29,138
2015-05-30,2
2015-05-31,2
2015-06-01,121
2015-06-02,76
2015-06-03,64
2015-06-04,148
2015-06-05,100
2015-06-06,13
2015-06-07,41
2015-06-08,157
2015-06-09,118
2015-06-10,142
2015-06-11,226
2015-06-12,169
2015-06-13,19
2015-06-14,5
2015-06-15,121
2015-06-16,72
2015-06-17,213
2015-06-18,118
2015-06-19,135
2015-06-20,2
2015-06-21,1
2015-06-22,154
2015-06-23,149
2015-06-24,116
2015-06-25,136
2015-06-26,183
2015-06-27,4
2015-06-28,5
2015-06-29,185
2015-06-30,134
2015-07-01,162
2015-07-02,144
2015-07-03,2
2015-07-04,1
2015-07-05,3
2015-07-06,270
2015-07-07,118
2015-07-08,95
2015-07-09,165
2015-07-10,155
2015-07-11,7
2015-07-12,4
2015-07-13,183
2015-07-14,111
2015-07-15,153
2015-07-16,193
2015-07-17,156
2015-07-18,6
2015-07-19,5
2015-07-20,216
2015-07-21,96
2015-07-22,123
2015-07-23,132
2015-07-24,159
2015-07-25,4
2015-07-26,10
2015-07-27,186
2015-07-28,134
2015-07-29,156
2015-07-30,192
2015-07-31,217
2015-08-01,12
2015-08-02,78
2015-08-03,205
2015-08-04,150
2015-08-05,121
2015-08-06,163
2015-08-07,152
2015-08-08,10
2015-08-09,9
2015-08-10,261
2015-08-11,103
2015-08-12,127
2015-08-13,163
2015-08-14,162
2015-08-15,3
2015-08-16,4
2015-08-17,279
2015-08-18,102
2015-08-19,137
2015-08-20,179
2015-08-21,207
2015-08-23,6
2015-08-24,239
2015-08-25,117
2015-08-26,150
2015-08-27,180
2015-08-28,236
2015-08-29,28
2015-08-30,2
2015-08-31,203
2015-09-01,110
2015-09-02,102
2015-09-03,131
2015-09-04,179
2015-09-05,5
2015-09-06,1
2015-09-07,2
2015-09-08,257
2015-09-09,124
2015-09-10,158
2015-09-11,180
2015-09-12,2
2015-09-13,3
2015-09-14,176
2015-09-15,112
2015-09-16,134
2015-09-17,165
2015-09-18,177
2015-09-19,4
2015-09-20,8
2015-09-21,189
2015-09-22,173
2015-09-23,166
2015-09-24,224
2015-09-25,330
2015-09-26,7
2015-09-27,1
2015-09-28,211
2015-09-29,131
2015-09-30,138
2015-10-01,135
2015-10-02,249
2015-10-03,397
2015-10-04,8
2015-10-05,276
2015-10-06,165
2015-10-07,150
2015-10-08,197
2015-10-09,285
2015-10-10,11
2015-10-11,5
2015-10-12,183
2015-10-13,214
2015-10-14,149
2015-10-15,137
2015-10-16,160
2015-10-17,4
2015-10-18,4
2015-10-19,206
2015-10-20,92
2015-10-21,121
2015-10-22,175
2015-10-23,161
2015-10-24,1
2015-10-25,6
2015-10-26,210
2015-10-27,142
2015-10-28,124
2015-10-29,148
2015-10-30,223
2015-10-31,48
2015-11-01,1
2015-11-02,182
2015-11-03,124
2015-11-04,158
2015-11-05,152
2015-11-06,151
2015-11-07,2
2015-11-08,5
2015-11-09,186
2015-11-10,104
2015-11-11,16
2015-11-12,218
2015-11-13,167
2015-11-14,34
2015-11-15,4
2015-11-16,254
2015-11-17,112
2015-11-18,117
2015-11-19,206
2015-11-20,180
2015-11-21,1
2015-11-22,2
2015-11-23,278
2015-11-24,141
2015-11-25,210
2015-11-26,3
2015-11-27,3
2015-11-28,2
2015-11-29,5
2015-11-30,197
2015-12-01,160
2015-12-02,129
2015-12-03,127
2015-12-04,174
2015-12-05,3
2015-12-06,5
2015-12-07,201
2015-12-08,117
2015-12-09,131
2015-12-10,122
2015-12-11,145
2015-12-12,11
2015-12-13,2
2015-12-14,212
2015-12-15,125
2015-12-16,109
2015-12-17,166
2015-12-18,128
2015-12-19,33
2015-12-20,8
2015-12-21,203
2015-12-22,179
2015-12-23,110
2015-12-24,29
2015-12-25,1
2015-12-26,2
2015-12-27,3
2015-12-28,159
2015-12-29,134
2015-12-30,147
2015-12-31,185
2016-01-01,16
2016-01-02,6
2016-01-03,2
2016-01-04,287
2016-01-05,156
2016-01-06,157
2016-01-07,224
2016-01-08,199
2016-01-09,12
2016-01-10,4
2016-01-11,232
2016-01-12,139
2016-01-13,166
2016-01-14,174
2016-01-15,190
2016-01-16,3
2016-01-17,8
2016-01-18,42
2016-01-19,226
2016-01-20,164
2016-01-21,194
2016-01-22,180
2016-01-23,7
2016-01-24,3
2016-01-25,216
2016-01-26,227
2016-01-27,172
2016-01-28,186
2016-01-29,293
2016-01-30,8
2016-01-31,56
2016-02-01,262
2016-02-02,272
2016-02-03,736
2016-02-04,452
2016-02-05,242
2016-02-06,17
2016-02-07,12
2016-02-08,333
2016-02-09,209
2016-02-10,275
2016-02-11,304
2016-02-12,321
2016-02-13,34
2016-02-14,17
2016-02-15,75
2016-02-16,256
2016-02-17,315
2016-02-18,280
2016-02-19,325
2016-02-20,19
2016-02-21,10
2016-02-22,331
2016-02-23,318
2016-02-24,274
2016-02-25,279
2016-02-26,328
2016-02-27,32
2016-02-28,20
2016-02-29,464
2016-03-01,344
2016-03-02,426
2016-03-03,431
2016-03-04,592
2016-03-05,287
2016-03-06,54
2016-03-07,640
2016-03-08,536
2016-03-09,451
2016-03-10,380
2016-03-11,384
2016-03-12,37
2016-03-13,93
2016-03-14,419
2016-03-15,395
2016-03-16,382
2016-03-17,322
2016-03-18,270
2016-03-19,24
2016-03-20,8
2016-03-21,394
2016-03-22,347
2016-03-23,252
2016-03-24,311
2016-03-25,269
2016-03-26,25
2016-03-27,76
2016-03-28,373
2016-03-29,241
2016-03-30,238
2016-03-31,231
2016-04-01,211
2016-04-02,19
2016-04-03,2
2016-04-04,338
2016-04-05,194
2016-04-06,181
2016-04-07,225
2016-04-08,222
2016-04-09,14
2016-04-10,6
2016-04-11,238
2016-04-12,197
2016-04-13,281
2016-04-14,227
2016-04-15,193
2016-04-16,23
2016-04-17,8
2016-04-18,259
2016-04-19,189
2016-04-20,153
2016-04-21,216
2016-04-22,211
2016-04-23,26
2016-04-24,6
2016-04-25,192
2016-04-26,150
2016-04-27,159
2016-04-28,128
2016-04-29,169
2016-04-30,138
2016-05-01,11
2016-05-02,234
2016-05-03,168
2016-05-04,141
2016-05-05,177
2016-05-06,175
2016-05-07,19
2016-05-08,13
2016-05-09,286
2016-05-10,174
2016-05-11,170
2016-05-12,179
2016-05-13,238
2016-05-14,15
2016-05-15,6
2016-05-16,398
2016-05-17,190
2016-05-18,199
2016-05-19,237
2016-05-20,222
2016-05-21,17
2016-05-22,5
2016-05-23,313
2016-05-24,177
2016-05-25,362
2016-05-26,268
2016-05-27,309
2016-05-28,19
2016-05-29,11
2016-05-30,18
2016-05-31,342
2016-06-01,283
2016-06-02,224
2016-06-03,280
2016-06-04,55
2016-06-05,30
2016-06-06,204
2016-06-07,203
2016-06-08,215
2016-06-09,232
2016-06-10,231
2016-06-11,67
2016-06-12,5
2016-06-13,313
2016-06-14,175
2016-06-15,187
2016-06-16,250
2016-06-17,252
2016-06-18,59
2016-06-19,8
2016-06-20,236
2016-06-21,156
2016-06-22,199
2016-06-23,252
2016-06-24,340
2016-06-25,22
2016-06-26,66
2016-06-27,237
2016-06-28,236
2016-06-29,154
2016-06-30,259
2016-07-01,298
2016-07-02,17
2016-07-03,58
2016-07-04,12
2016-07-05,327
2016-07-06,273
2016-07-07,363
2016-07-08,364
2016-07-09,83
2016-07-10,24
2016-07-11,518
2016-07-12,1599
2016-07-13,104
2016-07-14,137
2016-07-15,124
2016-07-16,34
2016-07-17,19
2016-07-18,71
2016-07-19,105
2016-07-20,107
2016-07-21,130
2016-07-22,137
2016-07-23,30
2016-07-24,16
2016-07-25,71
2016-07-26,133
2016-07-27,152
2016-07-28,157
2016-07-29,203
2016-07-30,51
2016-07-31,29
2016-08-01,91
2016-08-02,558
2016-08-03,637
2016-08-04,260
2016-08-05,223
2016-08-06,31
2016-08-07,22
2016-08-08,394
2016-08-09,492
2016-08-10,315
2016-08-11,490
2016-08-12,488
2016-08-13,57
2016-08-14,14
2016-08-15,441
2016-08-16,595
2016-08-17,587
2016-08-18,409
2016-08-19,496
2016-08-20,27
2016-08-21,16
2016-08-22,562
2016-08-23,425
2016-08-24,362
2016-08-25,294
2016-08-26,337
2016-08-27,61
2016-08-28,19
2016-08-29,439
2016-08-30,169
2016-08-31,302
2016-09-01,331
2016-09-02,244
2016-09-03,32
2016-09-04,9
2016-09-05,25
2016-09-06,533
2016-09-07,256
2016-09-08,183
2016-09-09,233
2016-09-10,32
2016-09-11,21
2016-09-12,218
2016-09-13,495
2016-09-14,476
2016-09-15,283
2016-09-16,432
2016-09-17,33
2016-09-18,27
2016-09-19,421
2016-09-20,258
2016-09-21,425
2016-09-22,395
2016-09-23,847
2016-09-24,144
2016-09-25,137
2016-09-26,875
2016-09-27,906
2016-09-28,835
2016-09-29,719
2016-09-30,956
2016-10-01,184
2016-10-02,258
2016-10-03,715
2016-10-04,618
2016-10-05,722
2016-10-06,676
2016-10-07,700
2016-10-08,140
2016-10-09,211
2016-10-10,627
2016-10-11,1071
2016-10-12,1256
2016-10-13,1215
2016-10-14,1139
2016-10-15,311
2016-10-16,538
2016-10-17,3658
2016-10-18,9346
2016-10-19,165
2016-10-20,84
2016-10-21,110
2016-10-22,15
2016-10-23,12
2016-10-24,44
2016-10-25,75
2016-10-26,56
2016-10-27,62
2016-10-28,75
2016-10-29,26
2016-10-30,5
2016-10-31,27
2016-11-01,64
2016-11-02,68
2016-11-03,50
2016-11-04,54
2016-11-05,27
2016-11-06,14
2016-11-07,74
2016-11-08,2144
2016-11-09,618
2016-11-10,418
2016-11-11,142
2016-11-12,41
2016-11-13,25
2016-11-14,193
2016-11-15,308
2016-11-16,152
2016-11-17,217
2016-11-18,264
2016-11-19,13
2016-11-20,1
2016-11-21,430
2016-11-22,453
2016-11-23,442
2016-11-25,1
2016-11-27,1
2016-11-28,472
2016-11-29,579
2016-11-30,449
2016-12-01,399
2016-12-02,420
2016-12-03,20
2016-12-04,2
2016-12-05,286
2016-12-06,212
2016-12-07,210
2016-12-08,158
2016-12-09,148
2016-12-10,21
2016-12-11,3
2016-12-12,200
2016-12-13,132
2016-12-14,176
2016-12-15,164
2016-12-16,178
2016-12-17,5
2016-12-18,3
2016-12-19,179
2016-12-20,193
2016-12-21,86
2016-12-22,119
2016-12-23,94
2016-12-26,1
2016-12-27,181
2016-12-28,132
2016-12-29,128
2016-12-30,133
2016-12-31,9
2017-01-01,1
2017-01-02,2
2017-01-03,243
2017-01-04,87
2017-01-05,115
2017-01-06,120
2017-01-07,6
2017-01-08,2
2017-01-09,172
2017-01-10,81
2017-01-11,85
2017-01-12,135
2017-01-13,136
2017-01-15,3
2017-01-16,5
2017-01-17,145
2017-01-18,114
2017-01-19,121
2017-01-20,128
2017-01-21,15
2017-01-22,2
2017-01-23,126
2017-01-24,128
2017-01-25,106
2017-01-26,139
2017-01-27,171
2017-01-28,12
2017-01-29,2
2017-01-30,250
2017-01-31,136
2017-02-01,101
2017-02-02,97
2017-02-03,149
2017-02-04,15
2017-02-05,111
2017-02-06,161
2017-02-07,45
2017-02-08,74
2017-02-09,126
2017-02-10,109
2017-02-11,21
2017-02-12,1
2017-02-13,175
2017-02-14,80
2017-02-15,89
2017-02-16,117
2017-02-17,102
2017-02-18,27
2017-02-20,17
2017-02-21,245
2017-02-22,101
2017-02-23,97
2017-02-24,166
2017-02-25,16
2017-02-26,2
2017-02-27,189
2017-02-28,85
2017-03-01,96
2017-03-02,143
2017-03-03,165
2017-03-04,17
2017-03-06,152
2017-03-07,76
2017-03-08,105
2017-03-09,121
2017-03-10,122
2017-03-11,33
2017-03-12,3
2017-03-13,168
2017-03-14,95
2017-03-15,198
2017-03-16,141
2017-03-17,151
2017-03-18,160
2017-03-19,47
2017-03-20,116
2017-03-21,211
2017-03-22,98
2017-03-23,109
2017-03-24,100
2017-03-25,4
2017-03-26,1
2017-03-27,95
2017-03-28,148
2017-03-29,133
2017-03-30,94
2017-03-31,123
2017-04-01,12
2017-04-02,2
2017-04-03,119
2017-04-04,74
2017-04-05,79
2017-04-06,124
2017-04-07,32
2017-04-08,15
2017-04-09,1
2017-04-10,82
2017-04-11,105
2017-04-12,108
2017-04-13,141
2017-04-14,103
2017-04-15,6
2017-04-16,2
2017-04-17,255
2017-04-18,262
2017-04-19,234
2017-04-20,373
2017-04-21,257
2017-04-22,12
2017-04-23,1
2017-04-24,149
2017-04-25,115
2017-04-26,119
2017-04-27,246
2017-04-28,171
2017-04-29,9
2017-04-30,5
2017-05-01,154
2017-05-02,67
2017-05-03,77
2017-05-04,89
2017-05-05,123
2017-05-06,13
2017-05-07,1
2017-05-08,164
2017-05-09,124
2017-05-10,122
2017-05-11,184
2017-05-12,202
2017-05-13,15
2017-05-15,151
2017-05-16,96
2017-05-17,99
2017-05-18,168
2017-05-19,137
2017-05-20,30
2017-05-21,1
2017-05-22,146
2017-05-23,168
2017-05-24,101
2017-05-25,136
2017-05-26,190
2017-05-27,12
2017-05-28,1
2017-05-29,2
2017-05-30,208
2017-05-31,63
2017-06-01,125
2017-06-02,216
2017-06-03,14
2017-06-04,7
2017-06-05,157
2017-06-06,118
2017-06-07,134
2017-06-08,74
2017-06-09,281
2017-06-10,18
2017-06-11,3
2017-06-12,177
2017-06-13,138
2017-06-14,114
2017-06-15,150
2017-06-16,170
2017-06-17,20
2017-06-18,5
2017-06-19,229
2017-06-20,138
2017-06-21,125
2017-06-22,147
2017-06-23,247
2017-06-24,27
2017-06-25,3
2017-06-26,226
2017-06-27,103
2017-06-28,136
2017-06-29,168
2017-06-30,151
2017-07-01,16
2017-07-02,1
2017-07-03,166
2017-07-04,2
2017-07-05,128
2017-07-06,131
2017-07-07,110
2017-07-08,88
2017-07-09,11
2017-07-10,335
2017-07-11,250
2017-07-12,115
2017-07-13,120
2017-07-14,124
2017-07-15,12
2017-07-16,2
2017-07-17,153
2017-07-18,100
2017-07-19,115
2017-07-20,149
2017-07-21,130
2017-07-22,19
2017-07-23,6
2017-07-24,133
2017-07-25,88
2017-07-26,105
2017-07-27,135
2017-07-28,137
2017-07-29,41
2017-07-30,2
2017-07-31,162
2017-08-01,132
2017-08-02,300
2017-08-03,179
2017-08-04,111
2017-08-05,15
2017-08-06,3
2017-08-07,173
2017-08-08,247
2017-08-09,217
2017-08-10,173
2017-08-11,170
2017-08-12,23
2017-08-13,2
2017-08-14,236
2017-08-15,234
2017-08-16,298
2017-08-17,270
2017-08-18,247
2017-08-19,23
2017-08-20,2
2017-08-21,245
2017-08-22,170
2017-08-23,160
2017-08-24,134
2017-08-25,248
2017-08-26,16
2017-08-27,4
2017-08-28,206
2017-08-29,131
2017-08-30,119
2017-08-31,149
2017-09-01,159
2017-09-02,27
2017-09-03,5
2017-09-04,4
2017-09-05,186
2017-09-06,167
2017-09-07,187
2017-09-08,134
2017-09-09,20
2017-09-10,4
2017-09-11,233
2017-09-12,130
2017-09-13,151
2017-09-14,162
2017-09-15,193
2017-09-16,19
2017-09-17,5
2017-09-18,235
2017-09-19,166
2017-09-20,135
2017-09-21,139
2017-09-22,220
2017-09-23,17
2017-09-24,2
2017-09-25,282
2017-09-26,152
2017-09-27,169
2017-09-28,141
2017-09-29,247
2017-09-30,30
2017-10-01,7
2017-10-02,256
2017-10-03,113
2017-10-04,145
2017-10-05,196
2017-10-06,250
2017-10-07,27
2017-10-08,30
2017-10-09,105
2017-10-10,273
2017-10-11,237
2017-10-12,226
2017-10-13,247
2017-10-14,55
2017-10-15,66
2017-10-16,402
2017-10-17,637
2017-10-18,70
2017-10-19,69
2017-10-20,76
2017-10-21,21
2017-10-22,4
2017-10-23,32
2017-10-24,63
2017-10-25,47
2017-10-26,64
2017-10-27,64
2017-10-28,18
2017-10-29,4
2017-10-30,22
2017-10-31,61
2017-11-01,61
2017-11-02,52
2017-11-03,59
2017-11-04,21
2017-11-05,7
2017-11-06,24
2017-11-07,181
2017-11-08,317
2017-11-09,173
2017-11-10,12
2017-11-11,22
2017-11-12,28
2017-11-13,311
2017-11-14,373
2017-11-15,294
2017-11-16,309
2017-11-17,324
2017-11-18,33
2017-11-19,11
2017-11-20,402
2017-11-21,462
2017-11-22,171
2017-11-23,2
2017-11-24,3
2017-11-25,3
2017-11-26,4
2017-11-27,301
2017-11-28,288
2017-11-29,142
2017-11-30,212
2017-12-01,166
2017-12-02,26
2017-12-03,15
2017-12-04,183
2017-12-05,122
2017-12-06,142
2017-12-07,145
2017-12-08,216
2017-12-09,27
2017-12-10,3
2017-12-11,177
2017-12-12,129
2017-12-13,135
2017-12-14,197
2017-12-15,213
2017-12-16,20
2017-12-17,4
2017-12-18,234
2017-12-19,85
2017-12-20,131
2017-12-21,136
2017-12-22,154
2017-12-23,1
2017-12-25,1
2017-12-26,159
2017-12-27,88
2017-12-28,136
2017-12-29,141
2017-12-31,2
2018-01-01,1
2018-01-02,239
2018-01-03,170
2018-01-04,129
2018-01-05,183
2018-01-06,18
2018-01-08,227
2018-01-09,122
2018-01-10,126
2018-01-11,98
2018-01-12,159
2018-01-13,31
2018-01-14,4
2018-01-15,14
2018-01-16,184
2018-01-17,129
2018-01-18,173
2018-01-19,166
2018-01-20,25
2018-01-21,3
2018-01-22,170
2018-01-23,109
2018-01-24,121
2018-01-25,197
2018-01-26,188
2018-01-27,19
2018-01-28,5
2018-01-29,211
2018-01-30,96
2018-01-31,133
2018-02-01,160
2018-02-02,175
2018-02-03,19
2018-02-04,3
2018-02-05,168
2018-02-06,100
2018-02-07,89
2018-02-08,174
2018-02-09,151
2018-02-10,9
2018-02-11,1
2018-02-12,132
2018-02-13,131
2018-02-14,114
2018-02-15,123
2018-02-16,175
2018-02-17,17
2018-02-18,4
2018-02-19,87
2018-02-20,153
2018-02-21,135
2018-02-22,122
2018-02-23,245
2018-02-24,20
2018-02-25,11
2018-02-26,221
2018-02-27,122
2018-02-28,108
2018-03-01,154
2018-03-02,160
2018-03-03,28
2018-03-04,2
2018-03-05,246
2018-03-06,179
2018-03-07,162
2018-03-08,180
2018-03-09,250
2018-03-10,16
2018-03-11,2
2018-03-12,235
2018-03-13,151
2018-03-14,226
2018-03-15,227
2018-03-16,190
2018-03-17,8
2018-03-18,3
2018-03-19,238
2018-03-20,110
2018-03-21,110
2018-03-22,174
2018-03-23,246
2018-03-24,33
2018-03-25,6
2018-03-26,250
2018-03-27,159
2018-03-28,138
2018-03-29,189
2018-03-30,181
2018-03-31,26
2018-04-01,2
2018-04-02,299
2018-04-03,158
2018-04-04,135
2018-04-05,221
2018-04-06,229
2018-04-07,25
2018-04-08,4
2018-04-09,228
2018-04-10,175
2018-04-11,120
2018-04-12,201
2018-04-13,156
2018-04-14,24
2018-04-15,1
2018-04-16,300
2018-04-17,224
2018-04-18,167
2018-04-19,170
2018-04-20,233
2018-04-21,29
2018-04-22,8
2018-04-23,230
2018-04-24,224
2018-04-25,133
2018-04-26,168
2018-04-27,228
2018-04-28,13
2018-04-29,3
2018-04-30,191
2018-05-01,151
2018-05-02,146
2018-05-03,158
2018-05-04,202
2018-05-05,24
2018-05-06,3
2018-05-07,214
2018-05-08,113
2018-05-09,130
2018-05-10,165
2018-05-11,193
2018-05-12,19
2018-05-13,4
2018-05-14,250
2018-05-15,166
2018-05-16,194
2018-05-17,200
2018-05-18,242
2018-05-19,23
2018-05-20,4
2018-05-21,255
2018-05-22,332
2018-05-23,227
2018-05-24,251
2018-05-25,200
2018-05-26,19
2018-05-27,5
2018-05-28,7
2018-05-29,230
2018-05-30,155
2018-05-31,276
2018-06-01,313
2018-06-02,27
2018-06-03,7
2018-06-04,252
2018-06-05,149
2018-06-06,173
2018-06-07,211
2018-06-08,224
2018-06-09,20
2018-06-10,5
2018-06-11,276
2018-06-12,156
2018-06-13,163
2018-06-14,196
2018-06-15,235
2018-06-16,25
2018-06-17,6
2018-06-18,307
2018-06-19,146
2018-06-20,1165
2018-06-21,601
2018-06-22,487
2018-06-23,115
2018-06-24,15
2018-06-25,369
2018-06-26,209
2018-06-27,203
2018-06-28,346
2018-06-29,275
2018-06-30,52
2018-07-01,14
2018-07-02,355
2018-07-03,211
2018-07-04,35
2018-07-05,366
2018-07-06,201
2018-07-07,81
2018-07-08,28
2018-07-09,424
2018-07-10,410
2018-07-11,647
2018-07-12,557
2018-07-13,846
2018-07-14,244
2018-07-15,181
2018-07-16,1015
2018-07-17,3090
2018-07-18,162
2018-07-19,154
2018-07-20,116
2018-07-21,34
2018-07-22,15
2018-07-23,86
2018-07-24,124
2018-07-25,118
2018-07-26,184
2018-07-27,131
2018-07-28,29
2018-07-29,18
2018-07-30,143
2018-07-31,133
2018-08-01,129
2018-08-02,110
2018-08-03,124
2018-08-04,42
2018-08-05,16
2018-08-06,131
2018-08-07,608
2018-08-08,613
2018-08-09,227
2018-08-10,193
2018-08-11,42
2018-08-12,19
2018-08-13,130
2018-08-14,226
2018-08-15,319
2018-08-16,392
2018-08-17,585
2018-08-18,96
2018-08-19,52
2018-08-20,501
2018-08-21,530
2018-08-22,509
2018-08-23,463
2018-08-24,546
2018-08-25,46
2018-08-26,23
2018-08-27,471
2018-08-28,305
2018-08-29,335
2018-08-30,446
2018-08-31,458
2018-09-01,28
2018-09-02,9
2018-09-03,11
2018-09-04,488
2018-09-05,376
2018-09-06,478
2018-09-07,320
2018-09-08,56
2018-09-09,11
2018-09-10,430
2018-09-11,387
2018-09-12,430
2018-09-13,430
2018-09-14,376
2018-09-15,26
2018-09-16,11
2018-09-17,611
2018-09-18,353
2018-09-19,539
2018-09-20,434
2018-09-21,587
2018-09-22,84
2018-09-23,75
2018-09-24,779
2018-09-25,1136
2018-09-26,915
2018-09-27,901
2018-09-28,732
2018-09-29,210
2018-09-30,50
2018-10-01,849
2018-10-02,526
2018-10-03,662
2018-10-04,780
2018-10-05,605
2018-10-06,238
2018-10-07,162
2018-10-08,792
2018-10-09,1258
2018-10-10,1262
2018-10-11,1350
2018-10-12,1203
2018-10-13,398
2018-10-14,415
2018-10-15,3067
2018-10-16,6663
2018-10-17,181
2018-10-18,122
2018-10-19,110
2018-10-20,25
2018-10-21,27
2018-10-22,63
2018-10-23,87
2018-10-24,98
2018-10-25,101
2018-10-26,111
2018-10-27,35
2018-10-28,24
2018-10-29,82
2018-10-30,110
2018-10-31,96
2018-11-01,120
2018-11-02,133
2018-11-03,110
2018-11-04,46
2018-11-05,197
2018-11-06,1389
2018-11-07,907
2018-11-08,374
2018-11-09,247
2018-11-10,12
2018-11-11,6
2018-11-12,11
2018-11-13,194
2018-11-14,235
2018-11-15,172
2018-11-16,325
2018-11-17,6
2018-11-18,3
2018-11-19,349
2018-11-20,390
2018-11-21,247
2018-11-22,3
2018-11-23,3
2018-11-24,4
2018-11-25,5
2018-11-26,390
2018-11-27,314
2018-11-28,256
2018-11-29,290
2018-11-30,252
2018-12-01,6
2018-12-02,7
2018-12-03,321
2018-12-04,270
2018-12-05,275
2018-12-06,507
2018-12-07,398
2018-12-08,2
2018-12-09,6
2018-12-10,358
2018-12-11,282
2018-12-12,285
2018-12-13,537
2018-12-14,453
2018-12-15,2
2018-12-16,5
2018-12-17,349
2018-12-18,248
2018-12-19,209
2018-12-20,410
2018-12-21,257
2018-12-22,2
2018-12-23,1
2018-12-24,110
2018-12-25,2
2018-12-26,186
2018-12-27,225
2018-12-28,255
2018-12-29,5
2018-12-30,8
2018-12-31,292
2019-01-01,1
2019-01-02,303
2019-01-03,247
2019-01-04,247
2019-01-05,4
2019-01-06,2
2019-01-07,302
2019-01-08,290
2019-01-09,234
2019-01-10,253
2019-01-11,222
2019-01-12,10
2019-01-13,6
2019-01-14,244
2019-01-15,118
2019-01-16,136
2019-01-17,142
2019-01-18,180
2019-01-19,9
2019-01-20,3
2019-01-21,10
2019-01-22,276
2019-01-23,127
2019-01-24,178
2019-01-25,188
2019-01-26,5
2019-01-27,4
2019-01-28,207
2019-01-29,113
2019-01-30,172
2019-01-31,136
2019-02-01,205
2019-02-02,4
2019-02-03,6
2019-02-04,230
2019-02-05,59
2019-02-06,144
2019-02-07,117
2019-02-08,176
2019-02-09,4
2019-02-10,2
2019-02-11,249
2019-02-12,111
2019-02-13,177
2019-02-14,165
2019-02-15,149
2019-02-16,1
2019-02-17,6
2019-02-18,54
2019-02-19,122
2019-02-20,81
2019-02-21,90
2019-02-22,133
2019-02-23,3
2019-02-24,6
2019-02-25,406
2019-02-26,163
2019-02-27,173
2019-02-28,159
2019-03-01,211
2019-03-02,3
2019-03-03,4
2019-03-04,289
2019-03-05,127
2019-03-06,200
2019-03-07,207
2019-03-08,245
2019-03-09,4
2019-03-10,2
2019-03-11,277
2019-03-12,136
2019-03-13,195
2019-03-14,202
2019-03-15,198
2019-03-16,3
2019-03-17,5
2019-03-18,277
2019-03-19,102
2019-03-20,300
2019-03-21,143
2019-03-22,181
2019-03-23,11
2019-03-24,8
2019-03-25,279
2019-03-26,96
2019-03-27,149
2019-03-28,167
2019-03-29,233
2019-03-30,6
2019-03-31,8
2019-04-01,238
2019-04-02,120
2019-04-03,194
2019-04-04,198
2019-04-05,214
2019-04-06,7
2019-04-07,3
2019-04-08,251
2019-04-09,175
2019-04-10,224
2019-04-11,166
2019-04-12,209
2019-04-13,5
2019-04-14,9
2019-04-15,323
2019-04-16,115
2019-04-17,162
2019-04-18,160
2019-04-19,184
2019-04-20,9
2019-04-21,8
2019-04-22,259
2019-04-23,124
2019-04-24,204
2019-04-25,262
2019-04-26,258
2019-04-27,7
2019-04-28,5
2019-04-29,252
2019-04-30,142
2019-05-01,193
2019-05-02,169
2019-05-03,260
2019-05-04,9
2019-05-05,3
2019-05-06,353
2019-05-07,135
2019-05-08,202
2019-05-09,182
2019-05-10,227
2019-05-11,4
2019-05-12,10
2019-05-13,232
2019-05-14,174
2019-05-15,190
2019-05-16,145
2019-05-17,204
2019-05-18,3
2019-05-19,8
2019-05-20,295
2019-05-21,139
2019-05-22,193
2019-05-23,178
2019-05-24,180
2019-05-25,6
2019-05-26,2
2019-05-27,2
2019-05-28,320
2019-05-29,222
2019-05-30,193
2019-05-31,207
2019-06-01,11
2019-06-02,5
2019-06-03,280
2019-06-04,101
2019-06-05,207
2019-06-06,220
2019-06-07,198
2019-06-08,7
2019-06-09,8
2019-06-10,366
2019-06-11,146
2019-06-12,229
2019-06-13,218
2019-06-14,244
2019-06-15,10
2019-06-16,8
2019-06-17,310
2019-06-18,150
2019-06-19,250
2019-06-20,250
2019-06-21,263
2019-06-22,14
2019-06-23,7
2019-06-24,320
2019-06-25,155
2019-06-26,253
2019-06-27,230
2019-06-28,242
2019-06-29,8
2019-06-30,2
2019-07-01,349
2019-07-02,140
2019-07-03,248
2019-07-04,15
2019-07-05,315
2019-07-06,14
2019-07-07,7
2019-07-08,328
2019-07-09,181
2019-07-10,377
2019-07-11,250
2019-07-12,318
2019-07-13,10
2019-07-14,13
2019-07-15,432
2019-07-16,499
2019-07-17,209
2019-07-18,223
2019-07-19,273
2019-07-20,4
2019-07-21,3
2019-07-22,266
2019-07-23,196
2019-07-24,197
2019-07-25,176
2019-07-26,253
2019-07-27,26
2019-07-28,19
2019-07-29,279
2019-07-30,302
2019-07-31,275
2019-08-01,247
2019-08-02,197
2019-08-03,20
2019-08-04,14
2019-08-05,317
2019-08-06,265
2019-08-07,170
2019-08-08,162
2019-08-09,278
2019-08-10,8
2019-08-11,11
2019-08-12,380
2019-08-13,234
2019-08-14,330
2019-08-15,291
2019-08-16,244
2019-08-17,10
2019-08-18,13
2019-08-19,424
2019-08-20,273
2019-08-21,537
2019-08-22,483
2019-08-23,412
2019-08-24,1
2019-08-25,8
2019-08-26,400
2019-08-27,350
2019-08-28,260
2019-08-29,344
2019-08-30,284
2019-08-31,10
2019-09-01,6
2019-09-02,9
2019-09-03,503
2019-09-04,344
2019-09-05,317
2019-09-06,321
2019-09-07,6
2019-09-08,11
2019-09-09,507
2019-09-10,218
2019-09-11,197
2019-09-12,260
2019-09-13,384
2019-09-14,20
2019-09-15,2
2019-09-16,326
2019-09-17,309
2019-09-18,249
2019-09-19,683
2019-09-20,371
2019-09-21,129
2019-09-22,111
2019-09-23,769
2019-09-24,728
2019-09-25,767
2019-09-26,656
2019-09-27,460
2019-09-28,98
2019-09-29,21
2019-09-30,537
2019-10-01,370
2019-10-02,537
2019-10-03,361
2019-10-04,332
2019-10-05,12
2019-10-06,53
2019-10-07,645
2019-10-08,392
2019-10-09,527
2019-10-10,452
2019-10-11,482
2019-10-12,47
2019-10-13,38
2019-10-14,568
2019-10-15,1822
2019-10-16,110
2019-10-17,135
2019-10-18,101
2019-10-19,9
2019-10-20,15
2019-10-21,115
2019-10-22,92
2019-10-23,90
2019-10-24,80
2019-10-25,148
2019-10-26,8
2019-10-27,8
2019-10-28,102
2019-10-29,73
2019-10-30,73
2019-10-31,74
2019-11-01,91
2019-11-02,25
2019-11-03,15
2019-11-04,124
2019-11-05,376
2019-11-06,660
2019-11-07,217
2019-11-08,223
2019-11-09,8
2019-11-10,12
2019-11-11,13
2019-11-12,338
2019-11-13,206
2019-11-14,206
2019-11-15,229
2019-11-16,8
2019-11-17,9
2019-11-18,385
2019-11-19,571
2019-11-20,538
2019-11-21,615
2019-11-22,590
2019-11-23,4
2019-11-24,9
2019-11-25,837
2019-11-26,391
2019-11-27,480
2019-11-28,7
2019-11-29,15
2019-11-30,7
2019-12-01,7
2019-12-02,657
2019-12-03,215
2019-12-04,161
2019-12-05,201
2019-12-06,356
2019-12-07,8
2019-12-08,3
2019-12-09,365
2019-12-10,152
2019-12-11,231
2019-12-12,227
2019-12-13,308
2019-12-14,7
2019-12-15,3
2019-12-16,361
2019-12-17,181
2019-12-18,259
2019-12-19,248
2019-12-20,255
2019-12-21,13
2019-12-22,6
2019-12-23,380
2019-12-24,64
2019-12-25,5
2019-12-26,236
2019-12-27,221
2019-12-28,10
2019-12-29,12
2019-12-30,356
2019-12-31,137
2020-01-01,10
2020-01-02,449
2020-01-03,183
2020-01-04,10
2020-01-05,14
2020-01-06,413
2020-01-07,171
2020-01-08,293
2020-01-09,259
2020-01-10,320
2020-01-11,14
2020-01-12,14
2020-01-13,272
2020-01-14,248
2020-01-15,227
2020-01-16,274
2020-01-17,203
2020-01-18,11
2020-01-19,12
2020-01-20,35
2020-01-21,401
2020-01-22,178
2020-01-23,330
2020-01-24,261
2020-01-25,8
2020-01-26,15
2020-01-27,337
2020-01-28,168
2020-01-29,275
2020-01-30,228
2020-01-31,288
2020-02-01,23
2020-02-02,14
2020-02-03,467
2020-02-04,219
2020-02-05,338
2020-02-06,312
2020-02-07,362
2020-02-08,27
2020-02-09,17
2020-02-10,603
2020-02-11,245
2020-02-12,456
2020-02-13,323
2020-02-14,304
2020-02-15,25
2020-02-16,25
2020-02-17,127
2020-02-18,455
2020-02-19,338
2020-02-20,355
2020-02-21,434
2020-02-22,32
2020-02-23,35
2020-02-24,582
2020-02-25,230
2020-02-26,457
2020-02-27,405
2020-02-28,449
2020-02-29,18
2020-03-01,39
2020-03-02,536
2020-03-03,280
2020-03-04,545
2020-03-05,383
2020-03-06,513
2020-03-07,80
2020-03-08,41
2020-03-09,631
2020-03-10,328
2020-03-11,362
2020-03-12,394
2020-03-13,401
2020-03-14,23
2020-03-15,25
2020-03-16,475
2020-03-17,201
2020-03-18,313
2020-03-19,326
2020-03-20,248
2020-03-21,26
2020-03-22,20
2020-03-23,212
2020-03-24,65
2020-03-25,108
2020-03-26,91
2020-03-27,91
2020-03-28,26
2020-03-29,21
2020-03-30,212
2020-03-31,134
2020-04-01,160
2020-04-02,129
2020-04-03,168
2020-04-04,252
2020-04-05,42
2020-04-06,265
2020-04-07,156
2020-04-08,328
2020-04-09,488
2020-04-10,163
2020-04-11,20
2020-04-12,26
2020-04-13,227
2020-04-14,188
2020-04-15,211
2020-04-16,255
2020-04-17,204
2020-04-18,117
2020-04-19,69
2020-04-20,327
2020-04-21,221
2020-04-22,355
2020-04-23,404
2020-04-24,333
2020-04-25,35
2020-04-26,50
2020-04-27,499
2020-04-28,165
2020-04-29,201
2020-04-30,144
2020-05-01,156
2020-05-02,14
2020-05-03,19
2020-05-04,186
2020-05-05,106
2020-05-06,190
2020-05-07,139
2020-05-08,108
2020-05-09,17
2020-05-10,11
2020-05-11,177
2020-05-12,83
2020-05-13,197
2020-05-14,187
2020-05-15,181
2020-05-16,22
2020-05-17,13
2020-05-18,300
2020-05-19,152
2020-05-20,242
2020-05-21,267
2020-05-22,203
2020-05-23,20
2020-05-24,22
2020-05-25,70
2020-05-26,260
2020-05-27,210
2020-05-28,320
2020-05-29,357
2020-05-30,54
2020-05-31,117
2020-06-01,609
2020-06-02,314
2020-06-03,433
2020-06-04,441
2020-06-05,421
2020-06-06,42
2020-06-07,55
2020-06-08,507
2020-06-09,265
2020-06-10,258
2020-06-11,248
2020-06-12,354
2020-06-13,38
2020-06-14,110
2020-06-15,617
2020-06-16,340
2020-06-17,501
2020-06-18,349
2020-06-19,541
2020-06-20,56
2020-06-21,32
2020-06-22,722
2020-06-23,248
2020-06-24,460
2020-06-25,457
2020-06-26,391
2020-06-27,113
2020-06-28,63
2020-06-29,587
2020-06-30,265
2020-07-01,465
2020-07-02,559
2020-07-03,435
2020-07-04,135
2020-07-05,177
2020-07-06,941
2020-07-07,724
2020-07-08,758
2020-07-09,744
2020-07-10,688
2020-07-11,257
2020-07-12,157
2020-07-13,1515
2020-07-14,3732
2020-07-15,201
2020-07-16,135
2020-07-17,150
2020-07-18,29
2020-07-19,29
2020-07-20,136
2020-07-21,94
2020-07-22,87
2020-07-23,63
2020-07-24,82
2020-07-25,12
2020-07-26,18
2020-07-27,70
2020-07-28,144
2020-07-29,52
2020-07-30,43
2020-07-31,66
2020-08-01,12
2020-08-02,8
2020-08-03,97
2020-08-04,382
2020-08-05,1504
2020-08-06,292
2020-08-07,318
2020-08-08,38
2020-08-09,20
2020-08-10,260
2020-08-11,341
2020-08-12,352
2020-08-13,324
2020-08-14,319
2020-08-15,22
2020-08-16,22
2020-08-17,353
2020-08-18,299
2020-08-19,469
2020-08-20,516
2020-08-21,759
2020-08-22,345
2020-08-23,182
2020-08-24,825
2020-08-25,695
2020-08-26,745
2020-08-27,1056
2020-08-28,1048
2020-08-29,53
2020-08-30,143
2020-08-31,1171
2020-09-01,1153
2020-09-02,1295
2020-09-03,815
2020-09-04,834
2020-09-05,273
2020-09-06,35
2020-09-07,238
2020-09-08,1271
2020-09-09,1668
2020-09-10,1614
2020-09-11,1603
2020-09-12,212
2020-09-13,380
2020-09-14,1494
2020-09-15,1146
2020-09-16,1199
2020-09-17,1133
2020-09-18,1011
2020-09-19,673
2020-09-20,390
2020-09-21,1736
2020-09-22,1876
2020-09-23,1693
2020-09-24,1835
2020-09-25,1617
2020-09-26,824
2020-09-27,139
2020-09-28,2141
2020-09-29,1814
2020-09-30,1759
2020-10-01,1962
2020-10-02,1805
2020-10-03,756
2020-10-04,271
2020-10-05,2270
2020-10-06,1660
2020-10-07,2038
2020-10-08,1480
2020-10-09,2035
2020-10-10,1723
2020-10-11,1186
2020-10-12,4027
2020-10-13,18255
2020-10-14,78
2020-10-15,111
2020-10-16,101
2020-10-17,37
2020-10-18,27
2020-10-19,53
2020-10-20,37
2020-10-21,81
2020-10-22,43
2020-10-23,59
2020-10-24,28
2020-10-25,30
2020-10-26,85
2020-10-27,52
2020-10-28,64
2020-10-29,61
2020-10-30,74
2020-10-31,16
2020-11-01,15
2020-11-02,102
2020-11-03,1045
2020-11-04,1913
2020-11-05,465
2020-11-06,429
2020-11-07,63
2020-11-08,16
2020-11-09,212
2020-11-10,138
2020-11-11,17
2020-11-12,148
2020-11-13,183
2020-11-14,3
2020-11-15,11
2020-11-16,273
2020-11-17,247
2020-11-18,237
2020-11-19,495
2020-11-20,452
2020-11-21,2
2020-11-22,1
2020-11-23,521
2020-11-24,439
2020-11-25,334
2020-11-26,6
2020-11-27,2
2020-11-28,26
2020-11-29,2
2020-11-30,568
2020-12-01,487
2020-12-02,613
2020-12-03,620
2020-12-04,419
2020-12-05,7
2020-12-06,2
2020-12-07,554
2020-12-08,449
2020-12-09,699
2020-12-10,467
2020-12-11,156
2020-12-12,6
2020-12-13,1
2020-12-14,387
2020-12-15,512
2020-12-16,362
2020-12-17,402
2020-12-18,564
2020-12-19,3
2020-12-20,2
2020-12-21,448
2020-12-22,557
2020-12-23,480
2020-12-24,230
2020-12-25,5
2020-12-27,8
2020-12-28,433
2020-12-29,319
2020-12-30,382
2020-12-31,382
2021-01-01,4
2021-01-02,8
2021-01-03,8
2021-01-04,390
2021-01-05,416
2021-01-06,442
2021-01-07,492
2021-01-08,617
2021-01-09,2
2021-01-10,8
2021-01-11,543
2021-01-12,386
2021-01-13,417
2021-01-14,563
2021-01-15,226
2021-01-16,4
2021-01-18,5
2021-01-19,581
2021-01-20,390
2021-01-21,804
2021-01-22,268
2021-01-23,6
2021-01-24,5
2021-01-25,378
2021-01-26,147
2021-01-27,239
2021-01-28,238
2021-01-29,274
2021-01-30,2
2021-01-31,5
2021-02-01,272
2021-02-02,127
2021-02-03,203
2021-02-04,337
2021-02-05,327
2021-02-06,6
2021-02-08,468
2021-02-09,342
2021-02-10,308
2021-02-11,236
2021-02-12,168
2021-02-13,3
2021-02-14,3
2021-02-15,54
2021-02-16,48
2021-02-17,230
2021-02-18,169
2021-02-19,165
2021-02-20,8
2021-02-21,5
2021-02-22,353
2021-02-23,66
2021-02-24,183
2021-02-25,162
2021-02-26,162
2021-02-27,1
2021-02-28,2
2021-03-01,257
2021-03-02,234
2021-03-03,204
2021-03-04,155
2021-03-05,163
2021-03-06,3
2021-03-07,1
2021-03-08,240
2021-03-09,166
2021-03-10,179
2021-03-11,167
2021-03-12,228
2021-03-13,6
2021-03-14,12
2021-03-15,344
2021-03-16,156
2021-03-17,227
2021-03-18,227
2021-03-19,194
2021-03-20,2
2021-03-21,7
2021-03-22,351
2021-03-23,83
2021-03-24,208
2021-03-25,209
2021-03-26,152
2021-03-27,5
2021-03-28,3
2021-03-29,305
2021-03-30,143
2021-03-31,205
2021-04-01,170
2021-04-02,145
2021-04-03,2
2021-04-05,302
2021-04-06,247
2021-04-07,171
2021-04-08,191
2021-04-09,223
2021-04-10,5
2021-04-11,1
2021-04-12,283
2021-04-13,97
2021-04-14,196
2021-04-15,139
2021-04-16,197
2021-04-17,5
2021-04-18,7
2021-04-19,322
2021-04-20,88
2021-04-21,226
2021-04-22,176
2021-04-23,141
2021-04-24,6
2021-04-25,5
2021-04-26,320
2021-04-27,120
2021-04-28,221
2021-04-29,320
2021-04-30,215
2021-05-01,1
2021-05-02,3
2021-05-03,388
2021-05-04,59
2021-05-05,241
2021-05-06,199
2021-05-07,162
2021-05-08,6
2021-05-09,2
2021-05-10,421
2021-05-11,85
2021-05-12,162
2021-05-13,248
2021-05-14,181
2021-05-15,3
2021-05-16,4
2021-05-17,398
2021-05-18,139
2021-05-19,225
2021-05-20,174
2021-05-21,210
2021-05-22,6
2021-05-23,4
2021-05-24,295
2021-05-25,168
2021-05-26,254
2021-05-27,260
2021-05-28,237
2021-05-29,1
2021-05-30,5
2021-05-31,5
2021-06-01,323
2021-06-02,180
2021-06-03,198
2021-06-04,194
2021-06-05,3
2021-06-06,2
2021-06-07,353
2021-06-08,195
2021-06-09,361
2021-06-10,233
2021-06-11,226
2021-06-12,4
2021-06-14,500
2021-06-15,150
2021-06-16,211
2021-06-17,209
2021-06-18,318
2021-06-19,5
2021-06-20,2
2021-06-21,515
2021-06-22,155
2021-06-23,263
2021-06-24,221
2021-06-25,240
2021-06-26,3
2021-06-27,2
2021-06-28,375
2021-06-29,198
2021-06-30,244
2021-07-01,220
2021-07-02,318
2021-07-03,3
2021-07-04,1
2021-07-05,5
2021-07-06,352
2021-07-07,252
2021-07-08,185
2021-07-09,249
2021-07-10,4
2021-07-11,4
2021-07-12,495
2021-07-13,594
2021-07-14,189
2021-07-15,206
2021-07-16,167
2021-07-17,1
2021-07-18,4
2021-07-19,227
2021-07-20,67
2021-07-21,128
2021-07-22,156
2021-07-23,157
2021-07-25,3
2021-07-26,206
2021-07-27,80
2021-07-28,126
2021-07-29,133
2021-07-30,107
2021-07-31,42
2021-08-01,1
2021-08-02,219
2021-08-03,66
2021-08-04,472
2021-08-05,349
2021-08-06,292
2021-08-07,6
2021-08-08,5
2021-08-09,290
2021-08-10,199
2021-08-11,144
2021-08-12,305
2021-08-13,430
2021-08-14,7
2021-08-15,3
2021-08-16,539
2021-08-17,381
2021-08-18,553
2021-08-19,669
2021-08-20,297
2021-08-21,24
2021-08-22,6
2021-08-23,516
2021-08-24,346
2021-08-25,389
2021-08-26,226
2021-08-27,188
2021-08-28,5
2021-08-29,7
2021-08-30,464
2021-08-31,221
2021-09-01,314
2021-09-02,273
2021-09-03,202
2021-09-04,3
2021-09-05,17
2021-09-06,6
2021-09-07,494
2021-09-08,81
2021-09-09,155
2021-09-10,249
2021-09-11,66
2021-09-12,99
2021-09-13,275
2021-09-14,216
2021-09-15,205
2021-09-16,160
2021-09-17,241
2021-09-18,17
2021-09-19,36
2021-09-20,344
2021-09-21,97
2021-09-22,245
2021-09-23,284
2021-09-24,256
2021-09-25,51
2021-09-26,29
2021-09-27,448
2021-09-28,416
2021-09-29,453
2021-09-30,549
2021-10-01,338
2021-10-02,223
2021-10-03,279
2021-10-04,438
2021-10-05,362
2021-10-06,481
2021-10-07,420
2021-10-08,358
2021-10-09,82
2021-10-10,76
2021-10-11,422
2021-10-12,1601
2021-10-13,55
2021-10-14,28
2021-10-15,57
2021-10-16,5
2021-10-17,3
2021-10-18,33
2021-10-19,18
2021-10-20,20
2021-10-21,32
2021-10-22,23
2021-10-23,3
2021-10-24,3
2021-10-25,28
2021-10-26,27
2021-10-27,26
2021-10-28,85
2021-10-29,22
2021-10-30,7
2021-10-31,3
2021-11-01,25
2021-11-02,250
2021-11-03,642
2021-11-04,118
2021-11-05,229
2021-11-06,5
2021-11-07,9
2021-11-08,280
2021-11-09,144
2021-11-10,144
2021-11-11,6
2021-11-12,170
2021-11-13,6
2021-11-14,3
2021-11-15,331
2021-11-16,671
2021-11-17,692
2021-11-18,577
2021-11-19,566
2021-11-20,123
2021-11-21,2
2021-11-22,553
2021-11-23,362
2021-11-24,280
2021-11-25,5
2021-11-26,165
2021-11-27,2
2021-11-28,105
2021-11-29,422
2021-11-30,416
2021-12-01,455
2021-12-02,335
2021-12-03,234
2021-12-04,3
2021-12-05,3
2021-12-06,678
2021-12-07,153
2021-12-08,354
2021-12-09,410
2021-12-10,183
2021-12-11,2
2021-12-12,180
2021-12-13,421
2021-12-14,89
2021-12-15,298
2021-12-16,146
2021-12-17,155
2021-12-18,172
2021-12-19,35
2021-12-20,197
2021-12-21,106
2021-12-22,157
2021-12-23,115
2021-12-24,7
2021-12-25,1
2021-12-26,68
2021-12-27,249
2021-12-28,112
2021-12-29,155
2021-12-30,124
2021-12-31,11
2022-01-01,57
2022-01-02,44
2022-01-03,457
2022-01-04,190
2022-01-05,219
2022-01-06,316
2022-01-07,174
2022-01-08,18
2022-01-09,144
2022-01-10,256
2022-01-11,154
2022-01-12,277
2022-01-13,321
2022-01-14,211
2022-01-15,4
2022-01-16,9
2022-01-17,123
2022-01-18,263
2022-01-19,211
2022-01-20,221
2022-01-21,138
2022-01-22,57
2022-01-23,47
2022-01-24,418
2022-01-25,60
2022-01-26,220
2022-01-27,232
2022-01-28,221
2022-01-29,9
2022-01-30,5
2022-01-31,369
2022-02-01,117
2022-02-02,180
2022-02-03,246
2022-02-04,152
2022-02-05,8
2022-02-06,5
2022-02-07,210
2022-02-08,224
2022-02-09,220
2022-02-10,188
2022-02-11,265
2022-02-12,7
2022-02-13,3
2022-02-14,248
2022-02-15,179
2022-02-16,75
2022-02-17,103
2022-02-18,276
2022-02-19,5
2022-02-20,4
2022-02-21,29
2022-02-22,219
2022-02-23,194
2022-02-24,173
2022-02-25,207
2022-02-26,7
2022-02-27,11
2022-02-28,339
2022-03-01,138
2022-03-02,174
2022-03-03,257
2022-03-04,175
2022-03-05,9
2022-03-06,14
2022-03-07,349
2022-03-08,73
2022-03-09,170
2022-03-10,257
2022-03-11,328
2022-03-12,4
2022-03-13,11
2022-03-14,482
2022-03-15,299
2022-03-16,475
2022-03-17,440
2022-03-18,291
2022-03-19,18
2022-03-20,10
2022-03-21,382
2022-03-22,208
2022-03-23,314
2022-03-24,222
2022-03-25,251
2022-03-26,10
2022-03-27,5
2022-03-28,445
2022-03-29,276
2022-03-30,523
2022-03-31,345
2022-04-01,201
2022-04-02,4
2022-04-03,9
2022-04-04,482
2022-04-05,156
2022-04-06,263
2022-04-07,66
2022-04-08,123
2022-04-09,5
2022-04-10,3
2022-04-11,449
2022-04-12,138
2022-04-13,537
2022-04-14,220
2022-04-15,224
2022-04-16,11
2022-04-17,6
2022-04-18,370
2022-04-19,149
2022-04-20,203
2022-04-21,312
2022-04-22,241
2022-04-23,7
2022-04-24,11
2022-04-25,426
2022-04-26,263
2022-04-27,220
2022-04-28,522
2022-04-29,336
2022-04-30,8
2022-05-01,4
2022-05-02,452
2022-05-03,109
2022-05-04,288
2022-05-05,248
2022-05-06,536
2022-05-07,25
2022-05-08,12
2022-05-09,579
2022-05-10,328
2022-05-11,468
2022-05-12,349
2022-05-13,292
2022-05-14,13
2022-05-15,15
2022-05-16,390
2022-05-17,243
2022-05-18,333
2022-05-19,311
2022-05-20,281
2022-05-21,39
2022-05-22,14
2022-05-23,362
2022-05-24,275
2022-05-25,411
2022-05-26,311
2022-05-27,354
2022-05-28,20
2022-05-29,23
2022-05-30,14
2022-05-31,463
2022-06-01,270
2022-06-02,261
2022-06-03,354
2022-06-04,11
2022-06-05,20
2022-06-06,516
2022-06-07,308
2022-06-08,645
2022-06-09,562
2022-06-10,593
2022-06-11,19
2022-06-12,14
2022-06-13,552
2022-06-14,260
2022-06-15,481
2022-06-16,348
2022-06-17,457
2022-06-18,23
2022-06-19,14
2022-06-20,296
2022-06-21,438
2022-06-22,470
2022-06-23,475
2022-06-24,715
2022-06-25,215
2022-06-26,189
2022-06-27,1480
2022-06-28,1232
2022-06-29,1322
2022-06-30,1656
2022-07-01,1248
2022-07-02,399
2022-07-03,276
2022-07-04,614
2022-07-05,1528
2022-07-06,1808
2022-07-07,1926
2022-07-08,1668
2022-07-09,1203
2022-07-10,1043
2022-07-11,3262
2022-07-12,14896
2022-07-13,172
2022-07-14,184
2022-07-15,101
2022-07-16,15
2022-07-17,18
2022-07-18,64
2022-07-19,59
2022-07-20,52
2022-07-21,56
2022-07-22,57
2022-07-23,15
2022-07-24,8
2022-07-25,54
2022-07-26,64
2022-07-27,54
2022-07-28,76
2022-07-29,82
2022-07-30,26
2022-07-31,14
2022-08-01,150
2022-08-02,1085
2022-08-03,1225
2022-08-04,395
2022-08-05,525
2022-08-06,22
2022-08-07,103
2022-08-08,510
2022-08-09,450
2022-08-10,252
2022-08-11,481
2022-08-12,510
2022-08-13,5
2022-08-14,9
2022-08-15,208
2022-08-16,285
2022-08-17,257
2022-08-18,294
2022-08-19,325
2022-08-20,6
2022-08-21,4
2022-08-22,451
2022-08-23,458
2022-08-24,493
2022-08-25,734
2022-08-26,757
2022-08-27,8
2022-08-28,8
2022-08-29,997
2022-08-30,924
2022-08-31,953
2022-09-01,1139
2022-09-02,804
2022-09-03,34
2022-09-04,33
2022-09-05,313
2022-09-06,641
2022-09-07,1014
2022-09-08,1365
2022-09-09,1428
2022-09-10,77
2022-09-11,6
2022-09-12,1509
2022-09-13,991
2022-09-14,1204
2022-09-15,1245
2022-09-16,1295
2022-09-17,15
2022-09-18,13
2022-09-19,1661
2022-09-20,1523
2022-09-21,870
2022-09-22,1114
2022-09-23,614
2022-09-24,50
2022-09-25,48
2022-09-26,1030
2022-09-27,353
2022-09-28,489
2022-09-29,366
2022-09-30,356
2022-10-01,24
2022-10-02,14
2022-10-03,948
2022-10-04,289
2022-10-05,426
2022-10-06,443
2022-10-07,359
2022-10-08,19
2022-10-09,18
2022-10-10,547
2022-10-11,397
2022-10-12,840
2022-10-13,734
2022-10-14,863
2022-10-15,250
2022-10-16,82
2022-10-17,1520
2022-10-18,3174
2022-10-19,54
2022-10-20,91
2022-10-21,42
2022-10-22,3
2022-10-23,9
2022-10-24,42
2022-10-25,61
2022-10-26,37
2022-10-27,32
2022-10-28,52
2022-10-29,8
2022-10-30,7
2022-10-31,35
2022-11-01,138
2022-11-02,76
2022-11-03,45
2022-11-04,44
2022-11-05,22
2022-11-06,7
2022-11-07,57
2022-11-08,485
2022-11-09,976
2022-11-10,373
2022-11-11,34
2022-11-12,21
2022-11-13,2
2022-11-14,284
2022-11-15,210
2022-11-16,85
2022-11-17,218
2022-11-18,170
2022-11-19,4
2022-11-20,8
2022-11-21,330
2022-11-22,489
2022-11-23,488
2022-11-24,3
2022-11-25,4
2022-11-26,3
2022-11-27,1
2022-11-28,655
2022-11-29,827
2022-11-30,1272
2022-12-01,766
2022-12-02,706
2022-12-03,4
2022-12-04,1
2022-12-05,877
2022-12-06,866
2022-12-07,753
2022-12-08,771
2022-12-09,330
2022-12-10,3
2022-12-11,5
2022-12-12,319
2022-12-13,581
2022-12-14,492
2022-12-15,495
2022-12-16,362
2022-12-17,6
2022-12-18,6
2022-12-19,331
2022-12-20,198
2022-12-21,215
2022-12-22,149
2022-12-23,101
2022-12-24,2
2022-12-26,1
2022-12-27,172
2022-12-28,194
2022-12-29,280
2022-12-30,226
2022-12-31,4
2023-01-01,3
2023-01-02,2
2023-01-03,424
2023-01-04,220
2023-01-05,238
2023-01-06,278
2023-01-07,1
2023-01-08,10
2023-01-09,428
2023-01-10,95
2023-01-11,246
2023-01-12,319
2023-01-13,281
2023-01-14,2
2023-01-15,3
2023-01-16,25
2023-01-17,425
2023-01-18,127
2023-01-19,218
2023-01-20,283
2023-01-21,6
2023-01-22,5
2023-01-23,389
2023-01-24,122
2023-01-25,215
2023-01-26,251
2023-01-27,220
2023-01-28,9
2023-01-29,4
2023-01-30,399
2023-01-31,71
2023-02-01,246
2023-02-02,231
2023-02-03,253
2023-02-04,10
2023-02-05,2
2023-02-06,337
2023-02-07,167
2023-02-08,280
2023-02-09,295
2023-02-10,346
2023-02-11,18
2023-02-12,2
2023-02-13,337
2023-02-14,87
2023-02-15,124
2023-02-16,209
2023-02-17,202
2023-02-18,6
2023-02-19,2
2023-02-20,56
2023-02-21,299
2023-02-22,360
2023-02-23,335
2023-02-24,265
2023-02-25,6
2023-02-26,3
2023-02-27,428
2023-02-28,105
2023-03-01,227
2023-03-02,219
2023-03-03,238
2023-03-04,2
2023-03-05,3
2023-03-06,383
2023-03-07,89
2023-03-08,303
2023-03-09,245
2023-03-10,204
2023-03-11,8
2023-03-12,2
2023-03-13,402
2023-03-14,110
2023-03-15,263
2023-03-16,313
2023-03-17,290
2023-03-18,9
2023-03-19,4
2023-03-20,471
2023-03-21,193
2023-03-22,248
2023-03-23,272
2023-03-24,279
2023-03-25,6
2023-03-26,2
2023-03-27,336
2023-03-28,177
2023-03-29,249
2023-03-30,191
2023-03-31,309
2023-04-01,4
2023-04-02,5
2023-04-03,388
2023-04-04,145
2023-04-05,268
2023-04-06,213
2023-04-07,243
2023-04-08,9
2023-04-09,5
2023-04-10,409
2023-04-11,86
2023-04-12,208
2023-04-13,329
2023-04-14,294
2023-04-15,7
2023-04-16,5
2023-04-17,381
2023-04-18,115
2023-04-19,259
2023-04-20,272
2023-04-21,217
2023-04-22,9
2023-04-23,3
2023-04-24,433
2023-04-25,146
2023-04-26,222
2023-04-27,244
2023-04-28,208
2023-04-29,2
2023-04-30,6
2023-05-01,302
2023-05-02,204
2023-05-03,229
2023-05-04,167
2023-05-05,257
2023-05-06,4
2023-05-07,6
2023-05-08,267
2023-05-09,176
2023-05-10,240
2023-05-11,213
2023-05-12,316
2023-05-13,2
2023-05-14,6
2023-05-15,430
2023-05-16,203
2023-05-17,301
2023-05-18,454
2023-05-19,233
2023-05-20,10
2023-05-21,9
2023-05-22,313
2023-05-23,315
2023-05-24,380
2023-05-25,298
2023-05-26,264
2023-05-27,4
2023-05-28,3
2023-05-29,26
2023-05-30,419
2023-05-31,155
2023-06-01,277
2023-06-02,189
2023-06-03,6
2023-06-04,5
2023-06-05,324
2023-06-06,205
2023-06-07,321
2023-06-08,285
2023-06-09,279
2023-06-10,13
2023-06-11,8
2023-06-12,438
2023-06-13,107
2023-06-14,299
2023-06-15,238
2023-06-16,298
2023-06-17,11
2023-06-18,2
2023-06-19,114
2023-06-20,388
2023-06-21,346
2023-06-22,244
2023-06-23,295
2023-06-24,11
2023-06-25,5
2023-06-26,413
2023-06-27,124
2023-06-28,487
2023-06-29,492
2023-06-30,302
2023-07-01,67
2023-07-02,6
2023-07-03,308
2023-07-04,16
2023-07-05,433
2023-07-06,163
2023-07-07,312
2023-07-08,123
2023-07-09,2
2023-07-10,653
2023-07-11,773
2023-07-12,140
2023-07-13,151
2023-07-14,165
2023-07-15,3
2023-07-16,5
2023-07-17,219
2023-07-18,97
2023-07-19,203
2023-07-20,107
2023-07-21,154
2023-07-22,1
2023-07-23,3
2023-07-24,206
2023-07-25,67
2023-07-26,136
2023-07-27,115
2023-07-28,176
2023-07-29,3
2023-07-30,6
2023-07-31,198
2023-08-01,117
2023-08-02,442
2023-08-03,199
2023-08-04,167
2023-08-05,8
2023-08-06,6
2023-08-07,309
2023-08-08,399
2023-08-09,171
2023-08-10,148
2023-08-11,202
2023-08-12,9
2023-08-13,4
2023-08-14,465
2023-08-15,936
2023-08-16,1038
2023-08-17,1068
2023-08-18,773
2023-08-19,7
2023-08-20,6
2023-08-21,496
2023-08-22,432
2023-08-23,345
2023-08-24,821
2023-08-25,464
2023-08-26,7
2023-08-27,5
2023-08-28,729
2023-08-29,319
2023-08-30,344
2023-08-31,276
2023-09-01,257
2023-09-02,5
2023-09-03,3
2023-09-04,6
2023-09-05,638
2023-09-06,179
2023-09-07,297
2023-09-08,368
2023-09-09,12
2023-09-10,6
2023-09-11,693
2023-09-12,253
2023-09-13,123
2023-09-14,54
2023-09-15,95
2023-09-16,42
2023-09-17,21
2023-09-18,807
2023-09-19,501
2023-09-20,377
2023-09-21,365
2023-09-22,296
2023-09-23,23
2023-09-24,22
2023-09-25,405
2023-09-26,263
2023-09-27,414
2023-09-28,455
2023-09-29,201
2023-09-30,18
2023-10-01,24
2023-10-02,306
2023-10-03,309
2023-10-04,337
2023-10-05,800
2023-10-06,505
2023-10-07,14
2023-10-08,18
2023-10-09,441
2023-10-10,510
2023-10-11,443
2023-10-12,553
2023-10-13,530
2023-10-14,95
2023-10-15,48
2023-10-16,879
2023-10-17,1716
2023-10-18,62
2023-10-19,51
2023-10-20,68
2023-10-21,4
2023-10-22,3
2023-10-23,39
2023-10-24,42
2023-10-25,57
2023-10-26,65
2023-10-27,54
2023-10-28,5
2023-10-29,5
2023-10-30,46
2023-10-31,17
2023-11-01,46
2023-11-02,47
2023-11-03,59
2023-11-04,21
2023-11-05,8
2023-11-06,48
2023-11-07,286
2023-11-08,604
2023-11-09,281
2023-11-10,29
2023-11-11,8
2023-11-12,3
2023-11-13,361
2023-11-14,213
2023-11-15,220
2023-11-16,410
2023-11-17,332
2023-11-18,12
2023-11-19,5
2023-11-20,511
2023-11-21,588
2023-11-22,450
2023-11-23,21
2023-11-24,4
2023-11-25,6
2023-11-26,7
2023-11-27,614
2023-11-28,735
2023-11-29,868
2023-11-30,842
2023-12-01,412
2023-12-02,4
2023-12-03,5
2023-12-04,752
2023-12-05,725
2023-12-06,736
2023-12-07,552
2023-12-08,616
2023-12-09,10
2023-12-10,9
2023-12-11,690
2023-12-12,245
2023-12-13,251
2023-12-14,239
2023-12-15,300
2023-12-16,8
2023-12-17,5
2023-12-18,390
2023-12-19,247
2023-12-20,368
2023-12-21,204
2023-12-22,215
2023-12-23,3
2023-12-24,5
2023-12-25,7
2023-12-26,301
2023-12-27,332
2023-12-28,248
2023-12-29,190
2023-12-30,6
2023-12-31,4
2024-01-01,2
2024-01-02,519
2024-01-03,195
2024-01-04,316
2024-01-05,294
2024-01-06,9
2024-01-07,8
2024-01-08,514
2024-01-09,74
2024-01-10,277
2024-01-11,286
2024-01-12,384
2024-01-13,8
2024-01-14,7
2024-01-15,30
2024-01-16,493
2024-01-17,303
2024-01-18,453
2024-01-19,385
2024-01-20,20
2024-01-21,17
2024-01-22,809
2024-01-23,337
2024-01-24,415
2024-01-25,415
2024-01-26,364
2024-01-27,12
2024-01-28,13
2024-01-29,632
2024-01-30,154
2024-01-31,374
2024-02-01,409
2024-02-02,292
2024-02-03,13
2024-02-04,16
2024-02-05,558
2024-02-06,204
2024-02-07,398
2024-02-08,317
2024-02-09,392
2024-02-10,24
2024-02-11,8
2024-02-12,493
2024-02-13,242
2024-02-14,442
2024-02-15,452
2024-02-16,499
2024-02-17,40
2024-02-18,16
2024-02-19,213
2024-02-20,1866
2024-02-21,71
2024-02-22,42
2024-02-23,54
2024-02-24,17
2024-02-25,4
2024-02-26,49
2024-02-27,26
2024-02-28,27
2024-02-29,21
2024-03-01,28
2024-03-02,3
2024-03-03,6
2024-03-04,32
2024-03-05,52
2024-03-06,40
2024-03-07,48
2024-03-08,37
2024-03-09,9
2024-03-10,15
2024-03-11,36
2024-03-12,90
2024-03-13,34
2024-03-14,59
2024-03-15,34
2024-03-16,10
2024-03-17,3
2024-03-18,19
2024-03-19,74
2024-03-20,754
2024-03-21,253
2024-03-22,438
2024-03-23,11
2024-03-24,11
2024-03-25,567
2024-03-26,300
2024-03-27,607
2024-03-28,1178
2024-03-29,1015
2024-03-30,10
2024-03-31,7
2024-04-01,756
2024-04-02,856
2024-04-03,1053
2024-04-04,994
2024-04-05,677
2024-04-06,12
2024-04-07,23
2024-04-08,747
2024-04-09,394
2024-04-10,855
2024-04-11,973
2024-04-12,476
2024-04-13,14
2024-04-14,9
2024-04-15,592
2024-04-16,699
2024-04-17,498
2024-04-18,521
2024-04-19,434
2024-04-20,10
2024-04-21,8
2024-04-22,547
2024-04-23,128
2024-04-24,324
2024-04-25,246
2024-04-26,305
2024-04-27,8
2024-04-28,15
2024-04-29,468
2024-04-30,148
2024-05-01,292
2024-05-02,283
2024-05-03,332
2024-05-04,17
2024-05-05,15
2024-05-06,477
2024-05-07,190
2024-05-08,322
2024-05-09,299
2024-05-10,208
2024-05-11,11
2024-05-12,11
2024-05-13,511
2024-05-14,200
2024-05-15,227
2024-05-16,295
2024-05-17,396
2024-05-18,10
2024-05-19,13
2024-05-20,775
2024-05-21,460
2024-05-22,399
2024-05-23,476
2024-05-24,443
2024-05-25,5
2024-05-26,6
2024-05-27,7
2024-05-28,651
2024-05-29,461
2024-05-30,431
2024-05-31,528
2024-06-01,28
2024-06-02,27
2024-06-03,525
2024-06-04,502
2024-06-05,433
2024-06-06,516
2024-06-07,410
2024-06-08,23
2024-06-09,13
2024-06-10,655
2024-06-11,191
2024-06-12,459
2024-06-13,383
2024-06-14,294
2024-06-15,19
2024-06-16,15
2024-06-17,504
2024-06-18,160
2024-06-19,60
2024-06-20,496
2024-06-21,202
2024-06-22,30
2024-06-23,7
2024-06-24,566
2024-06-25,161
2024-06-26,342
2024-06-27,368
2024-06-28,530
2024-06-29,22
2024-06-30,26
2024-07-01,854
2024-07-02,438
2024-07-03,704
2024-07-04,21
2024-07-05,667
2024-07-06,22
2024-07-07,18
2024-07-08,886
2024-07-09,491
2024-07-10,544
2024-07-11,778
2024-07-12,1061
2024-07-13,243
2024-07-14,113
2024-07-15,1699
2024-07-16,4432
2024-07-17,112
2024-07-18,125
2024-07-19,45
2024-07-20,16
2024-07-21,22
2024-07-22,97
2024-07-23,61
2024-07-24,74
2024-07-25,127
2024-07-26,88
2024-07-27,40
2024-07-28,10
2024-07-29,126
2024-07-30,64
2024-07-31,127
2024-08-01,86
2024-08-02,109
2024-08-03,14
2024-08-04,16
2024-08-05,109
2024-08-06,318
2024-08-07,967
2024-08-08,281
2024-08-09,322
2024-08-10,20
2024-08-11,21
2024-08-12,331
2024-08-13,325
2024-08-14,363
2024-08-15,549
2024-08-16,466
2024-08-17,20
2024-08-18,26
2024-08-19,741
2024-08-20,794
2024-08-21,1061
2024-08-22,1442
2024-08-23,1656
2024-08-24,522
2024-08-25,343
2024-08-26,1589
2024-08-27,1500
2024-08-28,1829
2024-08-29,1249
2024-08-30,1132
2024-08-31,576
2024-09-01,296
2024-09-02,1056
2024-09-03,1679
2024-09-04,1276
2024-09-05,1426
2024-09-06,1043
2024-09-07,70
2024-09-08,28
2024-09-09,1378
2024-09-10,1094
2024-09-11,1716
2024-09-12,1653
2024-09-13,1698
2024-09-14,355
2024-09-15,272
2024-09-16,2481
2024-09-17,1683
2024-09-18,1633
2024-09-19,1872
2024-09-20,1865
2024-09-21,156
2024-09-22,88
2024-09-23,1745
2024-09-24,1180
2024-09-25,1699
2024-09-26,1574
2024-09-27,1526
2024-09-28,158
2024-09-29,151
2024-09-30,1212
2024-10-01,665
2024-10-02,1369
2024-10-03,1771
2024-10-04,1392
2024-10-05,404
2024-10-06,129
2024-10-07,1388
2024-10-08,2218
2024-10-09,1800
2024-10-10,2505
2024-10-11,2161
2024-10-12,1108
2024-10-13,407
2024-10-14,2553
2024-10-15,12936
2024-10-16,110
2024-10-17,83
2024-10-18,112
2024-10-19,24
2024-10-20,26
2024-10-21,132
2024-10-22,75
2024-10-23,80
2024-10-24,73
2024-10-25,71
2024-10-26,25
2024-10-27,31
2024-10-28,86
2024-10-29,160
2024-10-30,116
2024-10-31,215
2024-11-01,179
2024-11-02,53
2024-11-03,5
2024-11-04,106
2024-11-05,2216
2024-11-06,2069
2024-11-07,691
2024-11-08,676
2024-11-09,156
2024-11-10,79
2024-11-11,102
2024-11-12,564
2024-11-13,688
2024-11-14,426
2024-11-15,495
2024-11-16,18
2024-11-17,28
2024-11-18,795
2024-11-19,706
2024-11-20,1110
2024-11-21,1804
2024-11-22,1956
2024-11-24,2
2024-11-25,2119
2024-11-26,1295
2024-11-27,1019
2024-11-28,3
2024-11-29,7
2024-11-30,7
2024-12-01,5
2024-12-02,1503
2024-12-03,1528
2024-12-04,1707
2024-12-05,1212
2024-12-06,920
2024-12-07,6
2024-12-08,5
2024-12-09,1214
2024-12-10,1185
2024-12-11,1114
2024-12-12,1105
2024-12-13,1123
2024-12-14,8
2024-12-15,9
2024-12-16,1451
2024-12-17,1262
2024-12-18,894
2024-12-19,1140
2024-12-20,836
2024-12-21,8
2024-12-22,7
2024-12-23,929
2024-12-24,121
2024-12-26,530
2024-12-27,436
2024-12-28,9
2024-12-29,19
2024-12-30,643
2024-12-31,328
2025-01-01,10
2025-01-02,286
2025-01-03,246
2025-01-04,4
2025-01-05,7
2025-01-06,28
2025-01-07,277
2025-01-08,215
2025-01-09,88
2025-01-10,92
2025-01-11,6
2025-01-12,13
2025-01-13,406
2025-01-14,79
2025-01-15,66
2025-01-16,256
2025-01-17,227
2025-01-18,9
2025-01-19,6
2025-01-20,16
2025-01-21,669
2025-01-22,96
2025-01-23,95
2025-01-24,246
2025-01-25,9
2025-01-26,11
2025-01-27,638
2025-01-28,156
2025-01-29,100
2025-01-30,262
2025-01-31,241
2025-02-01,5
2025-02-02,7
2025-02-03,708
2025-02-04,282
2025-02-05,55
2025-02-06,209
2025-02-07,199
2025-02-08,7
2025-02-09,1
2025-02-10,527
2025-02-11,88
2025-02-12,72
2025-02-13,181
2025-02-14,242
2025-02-15,3
2025-02-16,8
2025-02-17,153
2025-02-18,129
2025-02-19,179
2025-02-20,199
2025-02-21,128
2025-02-22,2
2025-02-23,4
2025-02-24,450
2025-02-25,111
2025-02-26,88
2025-02-27,228
2025-02-28,217
2025-03-01,8
2025-03-02,4
2025-03-03,568
2025-03-04,96
2025-03-05,94
2025-03-06,246
2025-03-07,210
2025-03-08,31
2025-03-09,9
2025-03-10,733
2025-03-11,433
2025-03-12,526
2025-03-13,540
2025-03-14,827
2025-03-15,11
2025-03-16,6
2025-03-17,734
2025-03-18,200
2025-03-19,60
2025-03-20,134
2025-03-21,261
2025-03-22,4
2025-03-23,6
2025-03-24,718
2025-03-25,243
2025-03-26,78
2025-03-27,254
2025-03-28,267
2025-03-29,10
2025-03-30,7
2025-03-31,654
2025-04-01,100
2025-04-02,113
2025-04-03,309
2025-04-04,291
2025-04-05,9
2025-04-06,7
2025-04-07,622
2025-04-08,185
2025-04-09,232
2025-04-10,334
2025-04-11,278
2025-04-12,19
2025-04-13,7
2025-04-14,790
2025-04-15,203
2025-04-16,84
2025-04-17,262
2025-04-18,302
2025-04-19,4
2025-04-20,8
2025-04-21,795
2025-04-22,259
2025-04-23,112
2025-04-24,307
2025-04-25,338
2025-04-26,8
2025-04-27,9
2025-04-28,637
2025-04-29,160
2025-04-30,107
2025-05-01,155
2025-05-02,332
2025-05-03,10
2025-05-04,8
2025-05-05,717
2025-05-06,246
2025-05-07,169
2025-05-08,240
2025-05-09,291
2025-05-10,10
2025-05-11,6
2025-05-12,617
2025-05-13,240
2025-05-14,114
2025-05-15,319
2025-05-16,296
2025-05-17,6
2025-05-18,8
2025-05-19,684
2025-05-20,368
2025-05-21,129
2025-05-22,307
2025-05-23,356
2025-05-24,7
2025-05-25,6
2025-05-26,10
2025-05-27,574
2025-05-28,236
2025-05-29,169
2025-05-30,294
2025-05-31,8
2025-06-01,7
2025-06-02,506
2025-06-03,363
2025-06-04,136
2025-06-05,348
2025-06-06,280
2025-06-07,12
2025-06-08,4
2025-06-09,744
2025-06-10,116
2025-06-11,121
2025-06-12,489
2025-06-13,128
2025-06-14,10
2025-06-15,8
2025-06-16,707
2025-06-17,131
2025-06-18,90
2025-06-19,58
2025-06-20,406
2025-06-21,12
2025-06-22,8
2025-06-23,576
2025-06-24,229
2025-06-25,141
2025-06-26,262
2025-06-27,358
2025-06-28,15
2025-06-29,11
2025-06-30,774
2025-07-01,233
2025-07-02,137
2025-07-03,169
2025-07-04,7
2025-07-05,5
2025-07-06,9
2025-07-07,635
2025-07-08,409
2025-07-09,186
2025-07-10,326
2025-07-11,396
2025-07-12,12
2025-07-13,15
2025-07-14,855
2025-07-15,757
2025-07-16,91
2025-07-17,234
2025-07-18,189
2025-07-19,5
2025-07-20,7
2025-07-21,395
2025-07-22,96
2025-07-23,69
2025-07-24,140
2025-07-25,198
2025-07-26,4
2025-07-27,4
2025-07-28,430
2025-07-29,112
2025-07-30,56
2025-07-31,151
2025-08-01,226
2025-08-02,12
2025-08-03,9
2025-08-04,439
2025-08-05,91
2025-08-06,361
2025-08-07,216
2025-08-08,241
2025-08-09,10
2025-08-10,8
2025-08-11,430
2025-08-12,238
2025-08-13,485
2025-08-14,826
2025-08-15,944
2025-08-16,11
2025-08-17,18
2025-08-18,1250
2025-08-19,978
2025-08-20,450
2025-08-21,365
2025-08-22,492
2025-08-23,9
2025-08-24,11
2025-08-25,908
2025-08-26,179
2025-08-27,119
2025-08-28,357
2025-08-29,436
2025-08-30,66
2025-08-31,34
2025-09-01,6
2025-09-02,781
2025-09-03,363
2025-09-04,209
2025-09-05,393
2025-09-06,7
2025-09-07,7
2025-09-08,947
2025-09-09,213
2025-09-10,115
2025-09-11,431
2025-09-12,325
2025-09-13,12
2025-09-14,7
2025-09-15,806
2025-09-16,294
2025-09-17,205
2025-09-18,564
2025-09-19,505
2025-09-20,14
2025-09-21,10
2025-09-22,1027
2025-09-23,161
2025-09-24,191
2025-09-25,438
2025-09-26,445
2025-09-27,10
2025-09-28,9
2025-09-29,786
2025-09-30,288
2025-10-01,169
2025-10-02,478
2025-10-03,449
2025-10-04,19
2025-10-05,15
2025-10-06,1001
2025-10-07,237
2025-10-08,264
2025-10-09,572
2025-10-10,536
2025-10-11,32
2025-10-12,34
2025-10-13,840
2025-10-14,2247
2025-10-15,54
2025-10-16,54
2025-10-17,50
2025-10-18,6
2025-10-19,6
2025-10-20,57
2025-10-21,110
2025-10-22,32
2025-10-23,35
2025-10-24,27
2025-10-25,5
2025-10-26,4
2025-10-27,45
2025-10-28,36
2025-10-29,37
2025-10-30,48
2025-10-31,38
2025-11-01,8
2025-11-02,12
2025-11-03,47
2025-11-04,469
2025-11-05,554
2025-11-06,173
2025-11-07,198
2025-11-08,18
2025-11-09,13
2025-11-10,189
2025-11-11,8
2025-11-12,202
2025-11-13,428
2025-11-14,607
2025-11-15,8
2025-11-16,7
2025-11-17,895
2025-11-18,988
2025-11-19,1083
2025-11-20,961
2025-11-21,700
2025-11-22,3
2025-11-23,7
2025-11-24,852
2025-11-25,662
2025-11-26,362
2025-11-27,7
2025-11-28,9
2025-11-29,4
2025-11-30,8
2025-12-01,896
2025-12-02,740
2025-12-03,498
2025-12-04,226
2025-12-05,135
2025-12-06,5
2025-12-07,6
2025-12-08,980
2025-12-09,291
2025-12-10,64
2025-12-11,538
2025-12-12,199
2025-12-13,5
2025-12-14,7
2025-12-15,524
2025-12-16,237
2025-12-17,95
2025-12-18,233
2025-12-19,475
2025-12-20,11
2025-12-21,6
2025-12-22,589
2025-12-23,262
2025-12-24,33
2025-12-25,9
2025-12-26,200
2025-12-27,6
2025-12-28,11
2025-12-29,467
2025-12-30,178
2025-12-31,82
2026-01-01,7
2026-01-02,376
2026-01-03,5
2026-01-04,5
2026-01-05,654
2026-01-06,148
2026-01-07,124
2026-01-08,385
2026-01-09,462
2026-01-10,12
2026-01-11,8
2026-01-12,826
2026-01-13,107
2026-01-14,123
2026-01-15,466
2026-01-16,303
2026-01-17,9
2026-01-18,12
2026-01-19,21
2026-01-20,636
2026-01-21,495
2026-01-22,219
2026-01-23,323
2026-01-24,20
2026-01-25,19
2026-01-26,687
2026-01-27,261
2026-01-28,133
2026-01-29,299
2026-01-30,425
2026-01-31,9
2026-02-01,20
2026-02-02,656
2026-02-03,361
2026-02-04,172
2026-02-05,507
2026-02-06,427
2026-02-07,16
2026-02-08,15
2026-02-09,576
2026-02-10,1060
2026-02-11,70
2026-02-12,71
2026-02-13,75
2026-02-14,8
2026-02-15,5
2026-02-16,140
2026-02-17,323
2026-02-18,270
2026-02-19,123
2026-02-20,172
2026-02-21,5
2026-02-22,11
2026-02-23,301
2026-02-24,114
2026-02-25,89
2026-02-26,150
2026-02-27,141
2026-02-28,9
2026-03-01,17
2026-03-02,352
2026-03-03,149
2026-03-04,182
2026-03-05,336
2026-03-06,210
2026-03-07,16
2026-03-08,10
2026-03-09,346
2026-03-10,145
2026-03-11,315
2026-03-12,1354
2026-03-13,1254
2026-03-14,12
2026-03-15,4
2026-03-16,1600
2026-03-17,976
2026-03-18,723
2026-03-19,589
2026-03-20,484
2026-03-21,12
2026-03-22,6
2026-03-23,689
2026-03-24,394
2026-03-25,399
2026-03-26,408
2026-03-27,390
2026-03-28,14
2026-03-29,10
2026-03-30,948
2026-03-31,131
2026-04-01,137
2026-04-02,728
2026-04-03,454
2026-04-04,10
2026-04-05,6
2026-04-06,1004
2026-04-07,258
2026-04-08,141
2026-04-09,411
2026-04-10,369
2026-04-11,12
2026-04-12,8
2026-04-13,804
2026-04-14,131
2026-04-15,162
2026-04-16,278
2026-04-17,275
2026-04-18,9
2026-04-19,4
2026-04-20,541
2026-04-21,135
2026-04-22,117
2026-04-23,282
2026-04-24,293
2026-04-25,12
2026-04-26,6
2026-04-27,606
2026-04-28,119
2026-04-29,92
2026-04-30,208
2026-05-01,217
2026-05-02,6
2026-05-03,3
2026-05-04,642
2026-08-04,1
2026-10-31,1
2026-12-11,1
2026-12-22,1
2026-12-31,1
2027-03-22,1
2027-04-26,1
2206-03-17,1
2206-03-18,2
