Registered,Count
-179.619178082192,2
-179.616438356164,1
-0.726027397260274,1
-0.63013698630137,1
-0.408219178082192,1
-0.383561643835616,1
-0.353424657534247,1
-0.241095890410959,1
0,1
0.252054794520548,642
0.254794520547945,3
0.257534246575342,6
0.26027397260274,217
0.263013698630137,208
0.265753424657534,92
0.268493150684932,119
0.271232876712329,606
0.273972602739726,6
0.276712328767123,12
0.279452054794521,293
0.282191780821918,282
0.284931506849315,117
0.287671232876712,135
0.29041095890411,541
0.293150684931507,4
0.295890410958904,9
0.298630136986301,275
0.301369863013699,278
0.304109589041096,162
0.306849315068493,131
0.30958904109589,804
0.312328767123288,8
0.315068493150685,12
0.317808219178082,369
0.320547945205479,411
0.323287671232877,141
0.326027397260274,258
0.328767123287671,1004
0.331506849315069,6
0.334246575342466,10
0.336986301369863,454
0.33972602739726,728
0.342465753424658,137
0.345205479452055,131
0.347945205479452,948
0.350684931506849,10
0.353424657534247,14
0.356164383561644,390
0.358904109589041,408
0.361643835616438,399
0.364383561643836,394
0.367123287671233,689
0.36986301369863,6
0.372602739726027,12
0.375342465753425,484
0.378082191780822,589
0.380821917808219,723
0.383561643835616,976
0.386301369863014,1600
0.389041095890411,4
0.391780821917808,12
0.394520547945205,1254
0.397260273972603,1354
0.4,315
0.402739726027397,145
0.405479452054795,346
0.408219178082192,10
0.410958904109589,16
0.413698630136986,210
0.416438356164384,336
0.419178082191781,182
0.421917808219178,149
0.424657534246575,352
0.427397260273973,17
0.43013698630137,9
0.432876712328767,141
0.435616438356164,150
0.438356164383562,89
0.441095890410959,114
0.443835616438356,301
0.446575342465753,11
0.449315068493151,5
0.452054794520548,172
0.454794520547945,123
0.457534246575342,270
0.46027397260274,323
0.463013698630137,140
0.465753424657534,5
0.468493150684932,8
0.471232876712329,75
0.473972602739726,71
0.476712328767123,70
0.479452054794521,1060
0.482191780821918,576
0.484931506849315,15
0.487671232876712,16
0.49041095890411,427
0.493150684931507,507
0.495890410958904,172
0.498630136986301,361
0.501369863013699,656
0.504109589041096,20
0.506849315068493,9
0.50958904109589,425
0.512328767123288,299
0.515068493150685,133
0.517808219178082,261
0.520547945205479,687
0.523287671232877,19
0.526027397260274,20
0.528767123287671,323
0.531506849315069,219
0.534246575342466,495
0.536986301369863,636
0.53972602739726,21
0.542465753424658,12
0.545205479452055,9
0.547945205479452,303
0.550684931506849,466
0.553424657534247,123
0.556164383561644,107
0.558904109589041,826
0.561643835616438,8
0.564383561643836,12
0.567123287671233,462
0.56986301369863,385
0.572602739726027,124
0.575342465753425,148
0.578082191780822,654
0.580821917808219,5
0.583561643835616,5
0.586301369863014,376
0.589041095890411,7
0.591780821917808,82
0.594520547945205,178
0.597260273972603,467
0.6,11
0.602739726027397,6
0.605479452054794,200
0.608219178082192,9
0.610958904109589,33
0.613698630136986,262
0.616438356164384,589
0.619178082191781,6
0.621917808219178,11
0.624657534246575,475
0.627397260273973,233
0.63013698630137,95
0.632876712328767,237
0.635616438356164,524
0.638356164383562,7
0.641095890410959,5
0.643835616438356,199
0.646575342465753,538
0.649315068493151,64
0.652054794520548,291
0.654794520547945,980
0.657534246575342,6
0.66027397260274,5
0.663013698630137,135
0.665753424657534,226
0.668493150684932,498
0.671232876712329,740
0.673972602739726,896
0.676712328767123,8
0.679452054794521,4
0.682191780821918,9
0.684931506849315,7
0.687671232876712,362
0.69041095890411,662
0.693150684931507,852
0.695890410958904,7
0.698630136986301,3
0.701369863013699,700
0.704109589041096,961
0.706849315068493,1083
0.70958904109589,988
0.712328767123288,895
0.715068493150685,7
0.717808219178082,8
0.720547945205479,607
0.723287671232877,428
0.726027397260274,202
0.728767123287671,8
0.731506849315068,189
0.734246575342466,13
0.736986301369863,18
0.73972602739726,198
0.742465753424657,173
0.745205479452055,554
0.747945205479452,469
0.750684931506849,47
0.753424657534247,12
0.756164383561644,8
0.758904109589041,38
0.761643835616438,48
0.764383561643836,37
0.767123287671233,36
0.76986301369863,45
0.772602739726027,4
0.775342465753425,5
0.778082191780822,27
0.780821917808219,35
0.783561643835616,32
0.786301369863014,110
0.789041095890411,57
0.791780821917808,6
0.794520547945205,6
0.797260273972603,50
0.8,54
0.802739726027397,54
0.805479452054795,2247
0.808219178082192,840
0.810958904109589,34
0.813698630136986,32
0.816438356164384,536
0.819178082191781,572
0.821917808219178,264
0.824657534246575,237
0.827397260273973,1001
0.83013698630137,15
0.832876712328767,19
0.835616438356164,449
0.838356164383562,478
0.841095890410959,169
0.843835616438356,288
0.846575342465753,786
0.849315068493151,9
0.852054794520548,10
0.854794520547945,445
0.857534246575342,438
0.86027397260274,191
0.863013698630137,161
0.865753424657534,1027
0.868493150684931,10
0.871232876712329,14
0.873972602739726,505
0.876712328767123,564
0.879452054794521,205
0.882191780821918,294
0.884931506849315,806
0.887671232876712,7
0.89041095890411,12
0.893150684931507,325
0.895890410958904,431
0.898630136986301,115
0.901369863013699,213
0.904109589041096,947
0.906849315068493,7
0.90958904109589,7
0.912328767123288,393
0.915068493150685,209
0.917808219178082,363
0.920547945205479,781
0.923287671232877,6
0.926027397260274,34
0.928767123287671,66
0.931506849315068,436
0.934246575342466,357
0.936986301369863,119
0.93972602739726,179
0.942465753424658,908
0.945205479452055,11
0.947945205479452,9
0.950684931506849,492
0.953424657534247,365
0.956164383561644,450
0.958904109589041,978
0.961643835616438,1250
0.964383561643836,18
0.967123287671233,11
0.96986301369863,944
0.972602739726027,826
0.975342465753425,485
0.978082191780822,238
0.980821917808219,430
0.983561643835616,8
0.986301369863014,10
0.989041095890411,241
0.991780821917808,216
0.994520547945206,361
0.997260273972603,91
1,439
1.0027397260274,9
1.00547945205479,12
1.00821917808219,226
1.01095890410959,151
1.01369863013699,56
1.01643835616438,112
1.01917808219178,430
1.02191780821918,4
1.02465753424658,4
1.02739726027397,198
1.03013698630137,140
1.03287671232877,69
1.03561643835616,96
1.03835616438356,395
1.04109589041096,7
1.04383561643836,5
1.04657534246575,189
1.04931506849315,234
1.05205479452055,91
1.05479452054795,757
1.05753424657534,855
1.06027397260274,15
1.06301369863014,12
1.06575342465753,396
1.06849315068493,326
1.07123287671233,186
1.07397260273973,409
1.07671232876712,635
1.07945205479452,9
1.08219178082192,5
1.08493150684932,7
1.08767123287671,169
1.09041095890411,137
1.09315068493151,233
1.0958904109589,774
1.0986301369863,11
1.1013698630137,15
1.1041095890411,358
1.10684931506849,262
1.10958904109589,141
1.11232876712329,229
1.11506849315068,576
1.11780821917808,8
1.12054794520548,12
1.12328767123288,406
1.12602739726027,58
1.12876712328767,90
1.13150684931507,131
1.13424657534247,707
1.13698630136986,8
1.13972602739726,10
1.14246575342466,128
1.14520547945205,489
1.14794520547945,121
1.15068493150685,116
1.15342465753425,744
1.15616438356164,4
1.15890410958904,12
1.16164383561644,280
1.16438356164384,348
1.16712328767123,136
1.16986301369863,363
1.17260273972603,506
1.17534246575342,7
1.17808219178082,8
1.18082191780822,294
1.18356164383562,169
1.18630136986301,236
1.18904109589041,574
1.19178082191781,10
1.19452054794521,6
1.1972602739726,7
1.2,356
1.2027397260274,307
1.20547945205479,129
1.20821917808219,368
1.21095890410959,684
1.21369863013699,8
1.21643835616438,6
1.21917808219178,296
1.22191780821918,319
1.22465753424658,114
1.22739726027397,240
1.23013698630137,617
1.23287671232877,6
1.23561643835616,10
1.23835616438356,291
1.24109589041096,240
1.24383561643836,169
1.24657534246575,246
1.24931506849315,717
1.25205479452055,8
1.25479452054795,10
1.25753424657534,332
1.26027397260274,155
1.26301369863014,107
1.26575342465753,160
1.26849315068493,637
1.27123287671233,9
1.27397260273973,8
1.27671232876712,338
1.27945205479452,307
1.28219178082192,112
1.28493150684932,259
1.28767123287671,795
1.29041095890411,8
1.29315068493151,4
1.2958904109589,302
1.2986301369863,262
1.3013698630137,84
1.3041095890411,203
1.30684931506849,790
1.30958904109589,7
1.31232876712329,19
1.31506849315068,278
1.31780821917808,334
1.32054794520548,232
1.32328767123288,185
1.32602739726027,622
1.32876712328767,7
1.33150684931507,9
1.33424657534247,291
1.33698630136986,309
1.33972602739726,113
1.34246575342466,100
1.34520547945205,654
1.34794520547945,7
1.35068493150685,10
1.35342465753425,267
1.35616438356164,254
1.35890410958904,78
1.36164383561644,243
1.36438356164384,718
1.36712328767123,6
1.36986301369863,4
1.37260273972603,261
1.37534246575342,134
1.37808219178082,60
1.38082191780822,200
1.38356164383562,734
1.38630136986301,6
1.38904109589041,11
1.39178082191781,827
1.39452054794521,540
1.3972602739726,526
1.4,433
1.4027397260274,733
1.40547945205479,9
1.40821917808219,31
1.41095890410959,210
1.41369863013699,246
1.41643835616438,94
1.41917808219178,96
1.42191780821918,568
1.42465753424658,4
1.42739726027397,8
1.43013698630137,217
1.43287671232877,228
1.43561643835616,88
1.43835616438356,111
1.44109589041096,450
1.44383561643836,4
1.44657534246575,2
1.44931506849315,128
1.45205479452055,199
1.45479452054795,179
1.45753424657534,129
1.46027397260274,153
1.46301369863014,8
1.46575342465753,3
1.46849315068493,242
1.47123287671233,181
1.47397260273973,72
1.47671232876712,88
1.47945205479452,527
1.48219178082192,1
1.48493150684931,7
1.48767123287671,199
1.49041095890411,209
1.49315068493151,55
1.4958904109589,282
1.4986301369863,708
1.5013698630137,7
1.5041095890411,5
1.50684931506849,241
1.50958904109589,262
1.51232876712329,100
1.51506849315069,156
1.51780821917808,638
1.52054794520548,11
1.52328767123288,9
1.52602739726027,246
1.52876712328767,95
1.53150684931507,96
1.53424657534247,669
1.53698630136986,16
1.53972602739726,6
1.54246575342466,9
1.54520547945205,227
1.54794520547945,256
1.55068493150685,66
1.55342465753425,79
1.55616438356164,406
1.55890410958904,13
1.56164383561644,6
1.56438356164384,92
1.56712328767123,88
1.56986301369863,215
1.57260273972603,277
1.57534246575342,28
1.57808219178082,7
1.58082191780822,4
1.58356164383562,246
1.58630136986301,286
1.58904109589041,10
1.59178082191781,328
1.59452054794521,643
1.5972602739726,19
1.6,9
1.6027397260274,436
1.60547945205479,530
1.61095890410959,121
1.61369863013699,929
1.61643835616438,7
1.61917808219178,8
1.62191780821918,836
1.62465753424658,1140
1.62739726027397,894
1.63013698630137,1262
1.63287671232877,1451
1.63561643835616,9
1.63835616438356,8
1.64109589041096,1123
1.64383561643836,1105
1.64657534246575,1114
1.64931506849315,1185
1.65205479452055,1214
1.65479452054795,5
1.65753424657534,6
1.66027397260274,920
1.66301369863014,1212
1.66575342465753,1707
1.66849315068493,1528
1.67123287671233,1503
1.67397260273973,5
1.67671232876712,7
1.67945205479452,7
1.68219178082192,3
1.68493150684932,1019
1.68767123287671,1295
1.69041095890411,2119
1.69315068493151,2
1.6986301369863,1956
1.7013698630137,1804
1.7041095890411,1110
1.70684931506849,706
1.70958904109589,795
1.71232876712329,28
1.71506849315068,18
1.71780821917808,495
1.72054794520548,426
1.72328767123288,688
1.72602739726027,564
1.72876712328767,102
1.73150684931507,79
1.73424657534247,156
1.73698630136986,676
1.73972602739726,691
1.74246575342466,2069
1.74520547945205,2216
1.74794520547945,106
1.75068493150685,5
1.75342465753425,53
1.75616438356164,179
1.75890410958904,215
1.76164383561644,116
1.76438356164384,160
1.76712328767123,86
1.76986301369863,31
1.77260273972603,25
1.77534246575342,71
1.77808219178082,73
1.78082191780822,80
1.78356164383562,75
1.78630136986301,132
1.78904109589041,26
1.79178082191781,24
1.79452054794521,112
1.7972602739726,83
1.8,110
1.8027397260274,12936
1.80547945205479,2553
1.80821917808219,407
1.81095890410959,1108
1.81369863013699,2161
1.81643835616438,2505
1.81917808219178,1800
1.82191780821918,2218
1.82465753424658,1388
1.82739726027397,129
1.83013698630137,404
1.83287671232877,1392
1.83561643835616,1771
1.83835616438356,1369
1.84109589041096,665
1.84383561643836,1212
1.84657534246575,151
1.84931506849315,158
1.85205479452055,1526
1.85479452054795,1574
1.85753424657534,1699
1.86027397260274,1180
1.86301369863014,1745
1.86575342465753,88
1.86849315068493,156
1.87123287671233,1865
1.87397260273973,1872
1.87671232876712,1633
1.87945205479452,1683
1.88219178082192,2481
1.88493150684932,272
1.88767123287671,355
1.89041095890411,1698
1.89315068493151,1653
1.8958904109589,1716
1.8986301369863,1094
1.9013698630137,1378
1.9041095890411,28
1.90684931506849,70
1.90958904109589,1043
1.91232876712329,1426
1.91506849315068,1276
1.91780821917808,1679
1.92054794520548,1056
1.92328767123288,296
1.92602739726027,576
1.92876712328767,1132
1.93150684931507,1249
1.93424657534247,1829
1.93698630136986,1500
1.93972602739726,1589
1.94246575342466,343
1.94520547945205,522
1.94794520547945,1656
1.95068493150685,1442
1.95342465753425,1061
1.95616438356164,794
1.95890410958904,741
1.96164383561644,26
1.96438356164384,20
1.96712328767123,466
1.96986301369863,549
1.97260273972603,363
1.97534246575342,325
1.97808219178082,331
1.98082191780822,21
1.98356164383562,20
1.98630136986301,322
1.98904109589041,281
1.99178082191781,967
1.99452054794521,318
1.9972602739726,109
2,16
2.0027397260274,14
2.00547945205479,109
2.00821917808219,86
2.01095890410959,127
2.01369863013699,64
2.01643835616438,126
2.01917808219178,10
2.02191780821918,40
2.02465753424658,88
2.02739726027397,127
2.03013698630137,74
2.03287671232877,61
2.03561643835616,97
2.03835616438356,22
2.04109589041096,16
2.04383561643836,45
2.04657534246575,125
2.04931506849315,112
2.05205479452055,4432
2.05479452054795,1699
2.05753424657534,113
2.06027397260274,243
2.06301369863014,1061
2.06575342465753,778
2.06849315068493,544
2.07123287671233,491
2.07397260273973,886
2.07671232876712,18
2.07945205479452,22
2.08219178082192,667
2.08493150684932,21
2.08767123287671,704
2.09041095890411,438
2.09315068493151,854
2.0958904109589,26
2.0986301369863,22
2.1013698630137,530
2.1041095890411,368
2.10684931506849,342
2.10958904109589,161
2.11232876712329,566
2.11506849315069,7
2.11780821917808,30
2.12054794520548,202
2.12328767123288,496
2.12602739726027,60
2.12876712328767,160
2.13150684931507,504
2.13424657534247,15
2.13698630136986,19
2.13972602739726,294
2.14246575342466,383
2.14520547945205,459
2.14794520547945,191
2.15068493150685,655
2.15342465753425,13
2.15616438356164,23
2.15890410958904,410
2.16164383561644,516
2.16438356164384,433
2.16712328767123,502
2.16986301369863,525
2.17260273972603,27
2.17534246575342,28
2.17808219178082,528
2.18082191780822,431
2.18356164383562,461
2.18630136986301,651
2.18904109589041,7
2.19178082191781,6
2.19452054794521,5
2.1972602739726,443
2.2,476
2.2027397260274,399
2.20547945205479,460
2.20821917808219,775
2.21095890410959,13
2.21369863013699,10
2.21643835616438,396
2.21917808219178,295
2.22191780821918,227
2.22465753424658,200
2.22739726027397,511
2.23013698630137,11
2.23287671232877,11
2.23561643835616,208
2.23835616438356,299
2.24109589041096,322
2.24383561643836,190
2.24657534246575,477
2.24931506849315,15
2.25205479452055,17
2.25479452054795,332
2.25753424657534,283
2.26027397260274,292
2.26301369863014,148
2.26575342465753,468
2.26849315068493,15
2.27123287671233,8
2.27397260273973,305
2.27671232876712,246
2.27945205479452,324
2.28219178082192,128
2.28493150684932,547
2.28767123287671,8
2.29041095890411,10
2.29315068493151,434
2.2958904109589,521
2.2986301369863,498
2.3013698630137,699
2.3041095890411,592
2.30684931506849,9
2.30958904109589,14
2.31232876712329,476
2.31506849315068,973
2.31780821917808,855
2.32054794520548,394
2.32328767123288,747
2.32602739726027,23
2.32876712328767,12
2.33150684931507,677
2.33424657534247,994
2.33698630136986,1053
2.33972602739726,856
2.34246575342466,756
2.34520547945205,7
2.34794520547945,10
2.35068493150685,1015
2.35342465753425,1178
2.35616438356164,607
2.35890410958904,300
2.36164383561644,567
2.36438356164384,11
2.36712328767123,11
2.36986301369863,438
2.37260273972603,253
2.37534246575342,754
2.37808219178082,74
2.38082191780822,19
2.38356164383562,3
2.38630136986301,10
2.38904109589041,34
2.39178082191781,59
2.39452054794521,34
2.3972602739726,90
2.4,36
2.4027397260274,15
2.40547945205479,9
2.40821917808219,37
2.41095890410959,48
2.41369863013699,40
2.41643835616438,52
2.41917808219178,32
2.42191780821918,6
2.42465753424658,3
2.42739726027397,28
2.43013698630137,48
2.43287671232877,26
2.43561643835616,49
2.43835616438356,4
2.44109589041096,17
2.44383561643836,54
2.44657534246575,42
2.44931506849315,71
2.45205479452055,1866
2.45479452054795,213
2.45753424657534,16
2.46027397260274,40
2.46301369863014,499
2.46575342465753,452
2.46849315068493,442
2.47123287671233,242
2.47397260273973,493
2.47671232876712,8
2.47945205479452,24
2.48219178082192,392
2.48493150684931,317
2.48767123287671,398
2.49041095890411,204
2.49315068493151,558
2.4958904109589,16
2.4986301369863,13
2.5013698630137,292
2.5041095890411,409
2.50684931506849,374
2.50958904109589,154
2.51232876712329,632
2.51506849315069,13
2.51780821917808,12
2.52054794520548,364
2.52328767123288,415
2.52602739726027,415
2.52876712328767,337
2.53150684931507,809
2.53424657534247,17
2.53698630136986,20
2.53972602739726,385
2.54246575342466,453
2.54520547945205,303
2.54794520547945,493
2.55068493150685,30
2.55342465753425,7
2.55616438356164,8
2.55890410958904,384
2.56164383561644,286
2.56438356164384,277
2.56712328767123,74
2.56986301369863,514
2.57260273972603,8
2.57534246575342,9
2.57808219178082,294
2.58082191780822,316
2.58356164383562,195
2.58630136986301,519
2.58904109589041,2
2.59178082191781,4
2.59452054794521,6
2.5972602739726,190
2.6,248
2.6027397260274,332
2.60547945205479,301
2.60821917808219,7
2.61095890410959,5
2.61369863013699,3
2.61643835616438,215
2.61917808219178,204
2.62191780821918,368
2.62465753424658,247
2.62739726027397,390
2.63013698630137,5
2.63287671232877,8
2.63561643835616,300
2.63835616438356,239
2.64109589041096,251
2.64383561643836,245
2.64657534246575,690
2.64931506849315,9
2.65205479452055,10
2.65479452054795,616
2.65753424657534,552
2.66027397260274,736
2.66301369863014,725
2.66575342465753,752
2.66849315068493,5
2.67123287671233,4
2.67397260273973,412
2.67671232876712,842
2.67945205479452,868
2.68219178082192,735
2.68493150684932,614
2.68767123287671,7
2.69041095890411,6
2.69315068493151,4
2.6958904109589,21
2.6986301369863,450
2.7013698630137,588
2.7041095890411,511
2.70684931506849,5
2.70958904109589,12
2.71232876712329,332
2.71506849315068,410
2.71780821917808,220
2.72054794520548,213
2.72328767123288,361
2.72602739726027,3
2.72876712328767,8
2.73150684931507,29
2.73424657534247,281
2.73698630136986,604
2.73972602739726,286
2.74246575342466,48
2.74520547945205,8
2.74794520547945,21
2.75068493150685,59
2.75342465753425,47
2.75616438356164,46
2.75890410958904,17
2.76164383561644,46
2.76438356164384,5
2.76712328767123,5
2.76986301369863,54
2.77260273972603,65
2.77534246575342,57
2.77808219178082,42
2.78082191780822,39
2.78356164383562,3
2.78630136986301,4
2.78904109589041,68
2.79178082191781,51
2.79452054794521,62
2.7972602739726,1716
2.8,879
2.8027397260274,48
2.80547945205479,95
2.80821917808219,530
2.81095890410959,553
2.81369863013699,443
2.81643835616438,510
2.81917808219178,441
2.82191780821918,18
2.82465753424658,14
2.82739726027397,505
2.83013698630137,800
2.83287671232877,337
2.83561643835616,309
2.83835616438356,306
2.84109589041096,24
2.84383561643836,18
2.84657534246575,201
2.84931506849315,455
2.85205479452055,414
2.85479452054795,263
2.85753424657534,405
2.86027397260274,22
2.86301369863014,23
2.86575342465753,296
2.86849315068493,365
2.87123287671233,377
2.87397260273973,501
2.87671232876712,807
2.87945205479452,21
2.88219178082192,42
2.88493150684932,95
2.88767123287671,54
2.89041095890411,123
2.89315068493151,253
2.8958904109589,693
2.8986301369863,6
2.9013698630137,12
2.9041095890411,368
2.90684931506849,297
2.90958904109589,179
2.91232876712329,638
2.91506849315068,6
2.91780821917808,3
2.92054794520548,5
2.92328767123288,257
2.92602739726027,276
2.92876712328767,344
2.93150684931507,319
2.93424657534247,729
2.93698630136986,5
2.93972602739726,7
2.94246575342466,464
2.94520547945205,821
2.94794520547945,345
2.95068493150685,432
2.95342465753425,496
2.95616438356164,6
2.95890410958904,7
2.96164383561644,773
2.96438356164384,1068
2.96712328767123,1038
2.96986301369863,936
2.97260273972603,465
2.97534246575342,4
2.97808219178082,9
2.98082191780822,202
2.98356164383562,148
2.98630136986301,171
2.98904109589041,399
2.99178082191781,309
2.99452054794521,6
2.9972602739726,8
3,167
3.0027397260274,199
3.00547945205479,442
3.00821917808219,117
3.01095890410959,198
3.01369863013699,6
3.01643835616438,3
3.01917808219178,176
3.02191780821918,115
3.02465753424658,136
3.02739726027397,67
3.03013698630137,206
3.03287671232877,3
3.03561643835616,1
3.03835616438356,154
3.04109589041096,107
3.04383561643836,203
3.04657534246575,97
3.04931506849315,219
3.05205479452055,5
3.05479452054795,3
3.05753424657534,165
3.06027397260274,151
3.06301369863014,140
3.06575342465753,773
3.06849315068493,653
3.07123287671233,2
3.07397260273973,123
3.07671232876712,312
3.07945205479452,163
3.08219178082192,433
3.08493150684932,16
3.08767123287671,308
3.09041095890411,6
3.09315068493151,67
3.0958904109589,302
3.0986301369863,492
3.1013698630137,487
3.1041095890411,124
3.10684931506849,413
3.10958904109589,5
3.11232876712329,11
3.11506849315069,295
3.11780821917808,244
3.12054794520548,346
3.12328767123288,388
3.12602739726027,114
3.12876712328767,2
3.13150684931507,11
3.13424657534247,298
3.13698630136986,238
3.13972602739726,299
3.14246575342466,107
3.14520547945205,438
3.14794520547945,8
3.15068493150685,13
3.15342465753425,279
3.15616438356164,285
3.15890410958904,321
3.16164383561644,205
3.16438356164384,324
3.16712328767123,5
3.16986301369863,6
3.17260273972603,189
3.17534246575342,277
3.17808219178082,155
3.18082191780822,419
3.18356164383562,26
3.18630136986301,3
3.18904109589041,4
3.19178082191781,264
3.19452054794521,298
3.1972602739726,380
3.2,315
3.2027397260274,313
3.20547945205479,9
3.20821917808219,10
3.21095890410959,233
3.21369863013699,454
3.21643835616438,301
3.21917808219178,203
3.22191780821918,430
3.22465753424658,6
3.22739726027397,2
3.23013698630137,316
3.23287671232877,213
3.23561643835616,240
3.23835616438356,176
3.24109589041096,267
3.24383561643836,6
3.24657534246575,4
3.24931506849315,257
3.25205479452055,167
3.25479452054795,229
3.25753424657534,204
3.26027397260274,302
3.26301369863014,6
3.26575342465753,2
3.26849315068493,208
3.27123287671233,244
3.27397260273973,222
3.27671232876712,146
3.27945205479452,433
3.28219178082192,3
3.28493150684932,9
3.28767123287671,217
3.29041095890411,272
3.29315068493151,259
3.2958904109589,115
3.2986301369863,381
3.3013698630137,5
3.3041095890411,7
3.30684931506849,294
3.30958904109589,329
3.31232876712329,208
3.31506849315068,86
3.31780821917808,409
3.32054794520548,5
3.32328767123288,9
3.32602739726027,243
3.32876712328767,213
3.33150684931507,268
3.33424657534247,145
3.33698630136986,388
3.33972602739726,5
3.34246575342466,4
3.34520547945205,309
3.34794520547945,191
3.35068493150685,249
3.35342465753425,177
3.35616438356164,336
3.35890410958904,2
3.36164383561644,6
3.36438356164384,279
3.36712328767123,272
3.36986301369863,248
3.37260273972603,193
3.37534246575342,471
3.37808219178082,4
3.38082191780822,9
3.38356164383562,290
3.38630136986301,313
3.38904109589041,263
3.39178082191781,110
3.39452054794521,402
3.3972602739726,2
3.4,8
3.4027397260274,204
3.40547945205479,245
3.40821917808219,303
3.41095890410959,89
3.41369863013699,383
3.41643835616438,3
3.41917808219178,2
3.42191780821918,238
3.42465753424658,219
3.42739726027397,227
3.43013698630137,105
3.43287671232877,428
3.43561643835616,3
3.43835616438356,6
3.44109589041096,265
3.44383561643836,335
3.44657534246575,360
3.44931506849315,299
3.45205479452055,56
3.45479452054795,2
3.45753424657534,6
3.46027397260274,202
3.46301369863014,209
3.46575342465753,124
3.46849315068493,87
3.47123287671233,337
3.47397260273973,2
3.47671232876712,18
3.47945205479452,346
3.48219178082192,295
3.48493150684931,280
3.48767123287671,167
3.49041095890411,337
3.49315068493151,2
3.4958904109589,10
3.4986301369863,253
3.5013698630137,231
3.5041095890411,246
3.50684931506849,71
3.50958904109589,399
3.51232876712329,4
3.51506849315069,9
3.51780821917808,220
3.52054794520548,251
3.52328767123288,215
3.52602739726027,122
3.52876712328767,389
3.53150684931507,5
3.53424657534247,6
3.53698630136986,283
3.53972602739726,218
3.54246575342466,127
3.54520547945205,425
3.54794520547945,25
3.55068493150685,3
3.55342465753425,2
3.55616438356164,281
3.55890410958904,319
3.56164383561644,246
3.56438356164384,95
3.56712328767123,428
3.56986301369863,10
3.57260273972603,1
3.57534246575342,278
3.57808219178082,238
3.58082191780822,220
3.58356164383562,424
3.58630136986301,2
3.58904109589041,3
3.59178082191781,4
3.59452054794521,226
3.5972602739726,280
3.6,194
3.6027397260274,172
3.60547945205479,1
3.61095890410959,2
3.61369863013699,101
3.61643835616438,149
3.61917808219178,215
3.62191780821918,198
3.62465753424658,331
3.62739726027397,6
3.63013698630137,6
3.63287671232877,362
3.63561643835616,495
3.63835616438356,492
3.64109589041096,581
3.64383561643836,319
3.64657534246575,5
3.64931506849315,3
3.65205479452055,330
3.65479452054795,771
3.65753424657534,753
3.66027397260274,866
3.66301369863014,877
3.66575342465753,1
3.66849315068493,4
3.67123287671233,706
3.67397260273973,766
3.67671232876712,1272
3.67945205479452,827
3.68219178082192,655
3.68493150684932,1
3.68767123287671,3
3.69041095890411,4
3.69315068493151,3
3.6958904109589,488
3.6986301369863,489
3.7013698630137,330
3.7041095890411,8
3.70684931506849,4
3.70958904109589,170
3.71232876712329,218
3.71506849315068,85
3.71780821917808,210
3.72054794520548,284
3.72328767123288,2
3.72602739726027,21
3.72876712328767,34
3.73150684931507,373
3.73424657534247,976
3.73698630136986,485
3.73972602739726,57
3.74246575342466,7
3.74520547945205,22
3.74794520547945,44
3.75068493150685,45
3.75342465753425,76
3.75616438356164,138
3.75890410958904,35
3.76164383561644,7
3.76438356164384,8
3.76712328767123,52
3.76986301369863,32
3.77260273972603,37
3.77534246575342,61
3.77808219178082,42
3.78082191780822,9
3.78356164383562,3
3.78630136986301,42
3.78904109589041,91
3.79178082191781,54
3.79452054794521,3174
3.7972602739726,1520
3.8,82
3.8027397260274,250
3.80547945205479,863
3.80821917808219,734
3.81095890410959,840
3.81369863013699,397
3.81643835616438,547
3.81917808219178,18
3.82191780821918,19
3.82465753424658,359
3.82739726027397,443
3.83013698630137,426
3.83287671232877,289
3.83561643835616,948
3.83835616438356,14
3.84109589041096,24
3.84383561643836,356
3.84657534246575,366
3.84931506849315,489
3.85205479452055,353
3.85479452054795,1030
3.85753424657534,48
3.86027397260274,50
3.86301369863014,614
3.86575342465753,1114
3.86849315068493,870
3.87123287671233,1523
3.87397260273973,1661
3.87671232876712,13
3.87945205479452,15
3.88219178082192,1295
3.88493150684932,1245
3.88767123287671,1204
3.89041095890411,991
3.89315068493151,1509
3.8958904109589,6
3.8986301369863,77
3.9013698630137,1428
3.9041095890411,1365
3.90684931506849,1014
3.90958904109589,641
3.91232876712329,313
3.91506849315068,33
3.91780821917808,34
3.92054794520548,804
3.92328767123288,1139
3.92602739726027,953
3.92876712328767,924
3.93150684931507,997
3.93424657534247,8
3.93698630136986,8
3.93972602739726,757
3.94246575342466,734
3.94520547945205,493
3.94794520547945,458
3.95068493150685,451
3.95342465753425,4
3.95616438356164,6
3.95890410958904,325
3.96164383561644,294
3.96438356164384,257
3.96712328767123,285
3.96986301369863,208
3.97260273972603,9
3.97534246575342,5
3.97808219178082,510
3.98082191780822,481
3.98356164383562,252
3.98630136986301,450
3.98904109589041,510
3.99178082191781,103
3.99452054794521,22
3.9972602739726,525
4,395
4.0027397260274,1225
4.00547945205479,1085
4.00821917808219,150
4.01095890410959,14
4.01369863013699,26
4.01643835616438,82
4.01917808219178,76
4.02191780821918,54
4.02465753424658,64
4.02739726027397,54
4.03013698630137,8
4.03287671232877,15
4.03561643835616,57
4.03835616438356,56
4.04109589041096,52
4.04383561643836,59
4.04657534246575,64
4.04931506849315,18
4.05205479452055,15
4.05479452054795,101
4.05753424657534,184
4.06027397260274,172
4.06301369863014,14896
4.06575342465753,3262
4.06849315068493,1043
4.07123287671233,1203
4.07397260273973,1668
4.07671232876712,1926
4.07945205479452,1808
4.08219178082192,1528
4.08493150684932,614
4.08767123287671,276
4.09041095890411,399
4.09315068493151,1248
4.0958904109589,1656
4.0986301369863,1322
4.1013698630137,1232
4.1041095890411,1480
4.10684931506849,189
4.10958904109589,215
4.11232876712329,715
4.11506849315068,475
4.11780821917808,470
4.12054794520548,438
4.12328767123288,296
4.12602739726027,14
4.12876712328767,23
4.13150684931507,457
4.13424657534247,348
4.13698630136986,481
4.13972602739726,260
4.14246575342466,552
4.14520547945205,14
4.14794520547945,19
4.15068493150685,593
4.15342465753425,562
4.15616438356164,645
4.15890410958904,308
4.16164383561644,516
4.16438356164384,20
4.16712328767123,11
4.16986301369863,354
4.17260273972603,261
4.17534246575342,270
4.17808219178082,463
4.18082191780822,14
4.18356164383562,23
4.18630136986301,20
4.18904109589041,354
4.19178082191781,311
4.19452054794521,411
4.1972602739726,275
4.2,362
4.2027397260274,14
4.20547945205479,39
4.20821917808219,281
4.21095890410959,311
4.21369863013699,333
4.21643835616438,243
4.21917808219178,390
4.22191780821918,15
4.22465753424658,13
4.22739726027397,292
4.23013698630137,349
4.23287671232877,468
4.23561643835616,328
4.23835616438356,579
4.24109589041096,12
4.24383561643836,25
4.24657534246575,536
4.24931506849315,248
4.25205479452055,288
4.25479452054795,109
4.25753424657534,452
4.26027397260274,4
4.26301369863014,8
4.26575342465753,336
4.26849315068493,522
4.27123287671233,220
4.27397260273973,263
4.27671232876712,426
4.27945205479452,11
4.28219178082192,7
4.28493150684931,241
4.28767123287671,312
4.29041095890411,203
4.29315068493151,149
4.2958904109589,370
4.2986301369863,6
4.3013698630137,11
4.3041095890411,224
4.30684931506849,220
4.30958904109589,537
4.31232876712329,138
4.31506849315068,449
4.31780821917808,3
4.32054794520548,5
4.32328767123288,123
4.32602739726027,66
4.32876712328767,263
4.33150684931507,156
4.33424657534247,482
4.33698630136986,9
4.33972602739726,4
4.34246575342466,201
4.34520547945205,345
4.34794520547945,523
4.35068493150685,276
4.35342465753425,445
4.35616438356164,5
4.35890410958904,10
4.36164383561644,251
4.36438356164384,222
4.36712328767123,314
4.36986301369863,208
4.37260273972603,382
4.37534246575343,10
4.37808219178082,18
4.38082191780822,291
4.38356164383562,440
4.38630136986301,475
4.38904109589041,299
4.39178082191781,482
4.39452054794521,11
4.3972602739726,4
4.4,328
4.4027397260274,257
4.40547945205479,170
4.40821917808219,73
4.41095890410959,349
4.41369863013699,14
4.41643835616438,9
4.41917808219178,175
4.42191780821918,257
4.42465753424658,174
4.42739726027397,138
4.43013698630137,339
4.43287671232877,11
4.43561643835616,7
4.43835616438356,207
4.44109589041096,173
4.44383561643836,194
4.44657534246575,219
4.44931506849315,29
4.45205479452055,4
4.45479452054794,5
4.45753424657534,276
4.46027397260274,103
4.46301369863014,75
4.46575342465753,179
4.46849315068493,248
4.47123287671233,3
4.47397260273973,7
4.47671232876712,265
4.47945205479452,188
4.48219178082192,220
4.48493150684931,224
4.48767123287671,210
4.49041095890411,5
4.49315068493151,8
4.4958904109589,152
4.4986301369863,246
4.5013698630137,180
4.5041095890411,117
4.50684931506849,369
4.50958904109589,5
4.51232876712329,9
4.51506849315069,221
4.51780821917808,232
4.52054794520548,220
4.52328767123288,60
4.52602739726027,418
4.52876712328767,47
4.53150684931507,57
4.53424657534247,138
4.53698630136986,221
4.53972602739726,211
4.54246575342466,263
4.54520547945206,123
4.54794520547945,9
4.55068493150685,4
4.55342465753425,211
4.55616438356164,321
4.55890410958904,277
4.56164383561644,154
4.56438356164384,256
4.56712328767123,144
4.56986301369863,18
4.57260273972603,174
4.57534246575342,316
4.57808219178082,219
4.58082191780822,190
4.58356164383562,457
4.58630136986301,44
4.58904109589041,57
4.59178082191781,11
4.59452054794521,124
4.5972602739726,155
4.6,112
4.6027397260274,249
4.60547945205479,68
4.60821917808219,1
4.61095890410959,7
4.61369863013699,115
4.61643835616438,157
4.61917808219178,106
4.62191780821918,197
4.62465753424657,35
4.62739726027397,172
4.63013698630137,155
4.63287671232877,146
4.63561643835616,298
4.63835616438356,89
4.64109589041096,421
4.64383561643836,180
4.64657534246575,2
4.64931506849315,183
4.65205479452055,410
4.65479452054795,354
4.65753424657534,153
4.66027397260274,678
4.66301369863014,3
4.66575342465753,3
4.66849315068493,234
4.67123287671233,335
4.67397260273973,455
4.67671232876712,416
4.67945205479452,422
4.68219178082192,105
4.68493150684932,2
4.68767123287671,165
4.69041095890411,5
4.69315068493151,280
4.6958904109589,362
4.6986301369863,553
4.7013698630137,2
4.7041095890411,123
4.70684931506849,566
4.70958904109589,577
4.71232876712329,692
4.71506849315069,671
4.71780821917808,331
4.72054794520548,3
4.72328767123288,6
4.72602739726027,170
4.72876712328767,6
4.73150684931507,144
4.73424657534247,144
4.73698630136986,280
4.73972602739726,9
4.74246575342466,5
4.74520547945206,229
4.74794520547945,118
4.75068493150685,642
4.75342465753425,250
4.75616438356164,25
4.75890410958904,3
4.76164383561644,7
4.76438356164384,22
4.76712328767123,85
4.76986301369863,26
4.77260273972603,27
4.77534246575342,28
4.77808219178082,3
4.78082191780822,3
4.78356164383562,23
4.78630136986301,32
4.78904109589041,20
4.79178082191781,18
4.79452054794521,33
4.7972602739726,3
4.8,5
4.8027397260274,57
4.80547945205479,28
4.80821917808219,55
4.81095890410959,1601
4.81369863013699,422
4.81643835616438,76
4.81917808219178,82
4.82191780821918,358
4.82465753424658,420
4.82739726027397,481
4.83013698630137,362
4.83287671232877,438
4.83561643835616,279
4.83835616438356,223
4.84109589041096,338
4.84383561643836,549
4.84657534246575,453
4.84931506849315,416
4.85205479452055,448
4.85479452054795,29
4.85753424657534,51
4.86027397260274,256
4.86301369863014,284
4.86575342465753,245
4.86849315068493,97
4.87123287671233,344
4.87397260273973,36
4.87671232876712,17
4.87945205479452,241
4.88219178082192,160
4.88493150684932,205
4.88767123287671,216
4.89041095890411,275
4.89315068493151,99
4.8958904109589,66
4.8986301369863,249
4.9013698630137,155
4.9041095890411,81
4.90684931506849,494
4.90958904109589,6
4.91232876712329,17
4.91506849315068,3
4.91780821917808,202
4.92054794520548,273
4.92328767123288,314
4.92602739726027,221
4.92876712328767,464
4.93150684931507,7
4.93424657534247,5
4.93698630136986,188
4.93972602739726,226
4.94246575342466,389
4.94520547945205,346
4.94794520547945,516
4.95068493150685,6
4.95342465753425,24
4.95616438356164,297
4.95890410958904,669
4.96164383561644,553
4.96438356164384,381
4.96712328767123,539
4.96986301369863,3
4.97260273972603,7
4.97534246575342,430
4.97808219178082,305
4.98082191780822,144
4.98356164383562,199
4.98630136986301,290
4.98904109589041,5
4.99178082191781,6
4.99452054794521,292
4.9972602739726,349
5,472
5.0027397260274,66
5.00547945205479,219
5.00821917808219,1
5.01095890410959,42
5.01369863013699,107
5.01643835616438,133
5.01917808219178,126
5.02191780821918,80
5.02465753424658,206
5.02739726027397,3
5.03287671232877,157
5.03561643835616,156
5.03835616438356,128
5.04109589041096,67
5.04383561643836,227
5.04657534246575,4
5.04931506849315,1
5.05205479452055,167
5.05479452054795,206
5.05753424657534,189
5.06027397260274,594
5.06301369863014,495
5.06575342465753,4
5.06849315068493,4
5.07123287671233,249
5.07397260273973,185
5.07671232876712,252
5.07945205479452,352
5.08219178082192,5
5.08493150684932,1
5.08767123287671,3
5.09041095890411,318
5.09315068493151,220
5.0958904109589,244
5.0986301369863,198
5.1013698630137,375
5.1041095890411,2
5.10684931506849,3
5.10958904109589,240
5.11232876712329,221
5.11506849315068,263
5.11780821917808,155
5.12054794520548,515
5.12328767123288,2
5.12602739726027,5
5.12876712328767,318
5.13150684931507,209
5.13424657534247,211
5.13698630136986,150
5.13972602739726,500
5.14520547945205,4
5.14794520547945,226
5.15068493150685,233
5.15342465753425,361
5.15616438356164,195
5.15890410958904,353
5.16164383561644,2
5.16438356164384,3
5.16712328767123,194
5.16986301369863,198
5.17260273972603,180
5.17534246575342,323
5.17808219178082,5
5.18082191780822,5
5.18356164383562,1
5.18630136986301,237
5.18904109589041,260
5.19178082191781,254
5.19452054794521,168
5.1972602739726,295
5.2,4
5.2027397260274,6
5.20547945205479,210
5.20821917808219,174
5.21095890410959,225
5.21369863013699,139
5.21643835616438,398
5.21917808219178,4
5.22191780821918,3
5.22465753424658,181
5.22739726027397,248
5.23013698630137,162
5.23287671232877,85
5.23561643835616,421
5.23835616438356,2
5.24109589041096,6
5.24383561643836,162
5.24657534246575,199
5.24931506849315,241
5.25205479452055,59
5.25479452054795,388
5.25753424657534,3
5.26027397260274,1
5.26301369863014,215
5.26575342465753,320
5.26849315068493,221
5.27123287671233,120
5.27397260273973,320
5.27671232876712,5
5.27945205479452,6
5.28219178082192,141
5.28493150684931,176
5.28767123287671,226
5.29041095890411,88
5.29315068493151,322
5.2958904109589,7
5.2986301369863,5
5.3013698630137,197
5.3041095890411,139
5.30684931506849,196
5.30958904109589,97
5.31232876712329,283
5.31506849315068,1
5.31780821917808,5
5.32054794520548,223
5.32328767123288,191
5.32602739726027,171
5.32876712328767,247
5.33150684931507,302
5.33698630136986,2
5.33972602739726,145
5.34246575342466,170
5.34520547945205,205
5.34794520547945,143
5.35068493150685,305
5.35342465753425,3
5.35616438356164,5
5.35890410958904,152
5.36164383561644,209
5.36438356164384,208
5.36712328767123,83
5.36986301369863,351
5.37260273972603,7
5.37534246575343,2
5.37808219178082,194
5.38082191780822,227
5.38356164383562,227
5.38630136986301,156
5.38904109589041,344
5.39178082191781,12
5.39452054794521,6
5.3972602739726,228
5.4,167
5.4027397260274,179
5.40547945205479,166
5.40821917808219,240
5.41095890410959,1
5.41369863013699,3
5.41643835616438,163
5.41917808219178,155
5.42191780821918,204
5.42465753424658,234
5.42739726027397,257
5.43013698630137,2
5.43287671232877,1
5.43561643835616,162
5.43835616438356,162
5.44109589041096,183
5.44383561643836,66
5.44657534246575,353
5.44931506849315,5
5.45205479452055,8
5.45479452054794,165
5.45753424657534,169
5.46027397260274,230
5.46301369863014,48
5.46575342465753,54
5.46849315068493,3
5.47123287671233,3
5.47397260273973,168
5.47671232876712,236
5.47945205479452,308
5.48219178082192,342
5.48493150684931,468
5.49041095890411,6
5.49315068493151,327
5.4958904109589,337
5.4986301369863,203
5.5013698630137,127
5.5041095890411,272
5.50684931506849,5
5.50958904109589,2
5.51232876712329,274
5.51506849315069,238
5.51780821917808,239
5.52054794520548,147
5.52328767123288,378
5.52602739726027,5
5.52876712328767,6
5.53150684931507,268
5.53424657534247,804
5.53698630136986,390
5.53972602739726,581
5.54246575342466,5
5.54794520547945,4
5.55068493150685,226
5.55342465753425,563
5.55616438356164,417
5.55890410958904,386
5.56164383561644,543
5.56438356164384,8
5.56712328767123,2
5.56986301369863,617
5.57260273972603,492
5.57534246575342,442
5.57808219178082,416
5.58082191780822,390
5.58356164383562,8
5.58630136986301,8
5.58904109589041,4
5.59178082191781,382
5.59452054794521,382
5.5972602739726,319
5.6,433
5.6027397260274,8
5.60821917808219,5
5.61095890410959,230
5.61369863013699,480
5.61643835616438,557
5.61917808219178,448
5.62191780821918,2
5.62465753424657,3
5.62739726027397,564
5.63013698630137,402
5.63287671232877,362
5.63561643835616,512
5.63835616438356,387
5.64109589041096,1
5.64383561643836,6
5.64657534246575,156
5.64931506849315,467
5.65205479452055,699
5.65479452054795,449
5.65753424657534,554
5.66027397260274,2
5.66301369863014,7
5.66575342465753,419
5.66849315068493,620
5.67123287671233,613
5.67397260273973,487
5.67671232876712,568
5.67945205479452,2
5.68219178082192,26
5.68493150684932,2
5.68767123287671,6
5.69041095890411,334
5.69315068493151,439
5.6958904109589,521
5.6986301369863,1
5.7013698630137,2
5.7041095890411,452
5.70684931506849,495
5.70958904109589,237
5.71232876712329,247
5.71506849315069,273
5.71780821917808,11
5.72054794520548,3
5.72328767123288,183
5.72602739726027,148
5.72876712328767,17
5.73150684931507,138
5.73424657534247,212
5.73698630136986,16
5.73972602739726,63
5.74246575342466,429
5.74520547945206,465
5.74794520547945,1913
5.75068493150685,1045
5.75342465753425,102
5.75616438356164,15
5.75890410958904,16
5.76164383561644,74
5.76438356164384,61
5.76712328767123,64
5.76986301369863,52
5.77260273972603,85
5.77534246575342,30
5.77808219178082,28
5.78082191780822,59
5.78356164383562,43
5.78630136986301,81
5.78904109589041,37
5.79178082191781,53
5.79452054794521,27
5.7972602739726,37
5.8,101
5.8027397260274,111
5.80547945205479,78
5.80821917808219,18255
5.81095890410959,4027
5.81369863013699,1186
5.81643835616438,1723
5.81917808219178,2035
5.82191780821918,1480
5.82465753424658,2038
5.82739726027397,1660
5.83013698630137,2270
5.83287671232877,271
5.83561643835616,756
5.83835616438356,1805
5.84109589041096,1962
5.84383561643836,1759
5.84657534246575,1814
5.84931506849315,2141
5.85205479452055,139
5.85479452054795,824
5.85753424657534,1617
5.86027397260274,1835
5.86301369863014,1693
5.86575342465753,1876
5.86849315068493,1736
5.87123287671233,390
5.87397260273973,673
5.87671232876712,1011
5.87945205479452,1133
5.88219178082192,1199
5.88493150684932,1146
5.88767123287671,1494
5.89041095890411,380
5.89315068493151,212
5.8958904109589,1603
5.8986301369863,1614
5.9013698630137,1668
5.9041095890411,1271
5.90684931506849,238
5.90958904109589,35
5.91232876712329,273
5.91506849315068,834
5.91780821917808,815
5.92054794520548,1295
5.92328767123288,1153
5.92602739726027,1171
5.92876712328767,143
5.93150684931507,53
5.93424657534247,1048
5.93698630136986,1056
5.93972602739726,745
5.94246575342466,695
5.94520547945205,825
5.94794520547945,182
5.95068493150685,345
5.95342465753425,759
5.95616438356164,516
5.95890410958904,469
5.96164383561644,299
5.96438356164384,353
5.96712328767123,22
5.96986301369863,22
5.97260273972603,319
5.97534246575342,324
5.97808219178082,352
5.98082191780822,341
5.98356164383562,260
5.98630136986301,20
5.98904109589041,38
5.99178082191781,318
5.99452054794521,292
5.9972602739726,1504
6,382
6.0027397260274,97
6.00547945205479,8
6.00821917808219,12
6.01095890410959,66
6.01369863013699,43
6.01643835616438,52
6.01917808219178,144
6.02191780821918,70
6.02465753424658,18
6.02739726027397,12
6.03013698630137,82
6.03287671232877,63
6.03561643835616,87
6.03835616438356,94
6.04109589041096,136
6.04383561643836,29
6.04657534246575,29
6.04931506849315,150
6.05205479452055,135
6.05479452054795,201
6.05753424657534,3732
6.06027397260274,1515
6.06301369863014,157
6.06575342465753,257
6.06849315068493,688
6.07123287671233,744
6.07397260273973,758
6.07671232876712,724
6.07945205479452,941
6.08219178082192,177
6.08493150684932,135
6.08767123287671,435
6.09041095890411,559
6.09315068493151,465
6.0958904109589,265
6.0986301369863,587
6.1013698630137,63
6.1041095890411,113
6.10684931506849,391
6.10958904109589,457
6.11232876712329,460
6.11506849315068,248
6.11780821917808,722
6.12054794520548,32
6.12328767123288,56
6.12602739726027,541
6.12876712328767,349
6.13150684931507,501
6.13424657534247,340
6.13698630136986,617
6.13972602739726,110
6.14246575342466,38
6.14520547945205,354
6.14794520547945,248
6.15068493150685,258
6.15342465753425,265
6.15616438356164,507
6.15890410958904,55
6.16164383561644,42
6.16438356164384,421
6.16712328767123,441
6.16986301369863,433
6.17260273972603,314
6.17534246575342,609
6.17808219178082,117
6.18082191780822,54
6.18356164383562,357
6.18630136986301,320
6.18904109589041,210
6.19178082191781,260
6.19452054794521,70
6.1972602739726,22
6.2,20
6.2027397260274,203
6.20547945205479,267
6.20821917808219,242
6.21095890410959,152
6.21369863013699,300
6.21643835616438,13
6.21917808219178,22
6.22191780821918,181
6.22465753424658,187
6.22739726027397,197
6.23013698630137,83
6.23287671232877,177
6.23561643835616,11
6.23835616438356,17
6.24109589041096,108
6.24383561643836,139
6.24657534246575,190
6.24931506849315,106
6.25205479452055,186
6.25479452054795,19
6.25753424657534,14
6.26027397260274,156
6.26301369863014,144
6.26575342465753,201
6.26849315068493,165
6.27123287671233,499
6.27397260273973,50
6.27671232876712,35
6.27945205479452,333
6.28219178082192,404
6.28493150684931,355
6.28767123287671,221
6.29041095890411,327
6.29315068493151,69
6.2958904109589,117
6.2986301369863,204
6.3013698630137,255
6.3041095890411,211
6.30684931506849,188
6.30958904109589,227
6.31232876712329,26
6.31506849315068,20
6.31780821917808,163
6.32054794520548,488
6.32328767123288,328
6.32602739726027,156
6.32876712328767,265
6.33150684931507,42
6.33424657534247,252
6.33698630136986,168
6.33972602739726,129
6.34246575342466,160
6.34520547945205,134
6.34794520547945,212
6.35068493150685,21
6.35342465753425,26
6.35616438356164,91
6.35890410958904,91
6.36164383561644,108
6.36438356164384,65
6.36712328767123,212
6.36986301369863,20
6.37260273972603,26
6.37534246575343,248
6.37808219178082,326
6.38082191780822,313
6.38356164383562,201
6.38630136986301,475
6.38904109589041,25
6.39178082191781,23
6.39452054794521,401
6.3972602739726,394
6.4,362
6.4027397260274,328
6.40547945205479,631
6.40821917808219,41
6.41095890410959,80
6.41369863013699,513
6.41643835616438,383
6.41917808219178,545
6.42191780821918,280
6.42465753424658,536
6.42739726027397,39
6.43013698630137,467
6.43287671232877,405
6.43561643835616,457
6.43835616438356,230
6.44109589041096,582
6.44383561643836,35
6.44657534246575,32
6.44931506849315,434
6.45205479452055,355
6.45479452054794,338
6.45753424657534,455
6.46027397260274,127
6.46301369863014,25
6.46575342465753,25
6.46849315068493,304
6.47123287671233,323
6.47397260273973,456
6.47671232876712,245
6.47945205479452,603
6.48219178082192,17
6.48493150684931,27
6.48767123287671,362
6.49041095890411,312
6.49315068493151,338
6.4958904109589,219
6.4986301369863,467
6.5013698630137,14
6.5041095890411,23
6.50684931506849,288
6.50958904109589,228
6.51232876712329,275
6.51506849315069,168
6.51780821917808,337
6.52054794520548,15
6.52328767123288,8
6.52602739726027,261
6.52876712328767,330
6.53150684931507,178
6.53424657534247,401
6.53698630136986,35
6.53972602739726,12
6.54246575342466,11
6.54520547945206,203
6.54794520547945,274
6.55068493150685,227
6.55342465753425,248
6.55616438356164,272
6.55890410958904,14
6.56164383561644,14
6.56438356164384,320
6.56712328767123,259
6.56986301369863,293
6.57260273972603,171
6.57534246575342,413
6.57808219178082,14
6.58082191780822,10
6.58356164383562,183
6.58630136986301,449
6.58904109589041,10
6.59178082191781,137
6.59452054794521,356
6.5972602739726,12
6.6,10
6.6027397260274,221
6.60547945205479,236
6.60821917808219,5
6.61095890410959,64
6.61369863013699,380
6.61643835616438,6
6.61917808219178,13
6.62191780821918,255
6.62465753424657,248
6.62739726027397,259
6.63013698630137,181
6.63287671232877,361
6.63561643835616,3
6.63835616438356,7
6.64109589041096,308
6.64383561643836,227
6.64657534246575,231
6.64931506849315,152
6.65205479452055,365
6.65479452054795,3
6.65753424657534,8
6.66027397260274,356
6.66301369863014,201
6.66575342465753,161
6.66849315068493,215
6.67123287671233,657
6.67397260273973,7
6.67671232876712,7
6.67945205479452,15
6.68219178082192,7
6.68493150684932,480
6.68767123287671,391
6.69041095890411,837
6.69315068493151,9
6.6958904109589,4
6.6986301369863,590
6.7013698630137,615
6.7041095890411,538
6.70684931506849,571
6.70958904109589,385
6.71232876712329,9
6.71506849315069,8
6.71780821917808,229
6.72054794520548,206
6.72328767123288,206
6.72602739726027,338
6.72876712328767,13
6.73150684931507,12
6.73424657534247,8
6.73698630136986,223
6.73972602739726,217
6.74246575342466,660
6.74520547945206,376
6.74794520547945,124
6.75068493150685,15
6.75342465753425,25
6.75616438356164,91
6.75890410958904,74
6.76164383561644,73
6.76438356164384,73
6.76712328767123,102
6.76986301369863,8
6.77260273972603,8
6.77534246575342,148
6.77808219178082,80
6.78082191780822,90
6.78356164383562,92
6.78630136986301,115
6.78904109589041,15
6.79178082191781,9
6.79452054794521,101
6.7972602739726,135
6.8,110
6.8027397260274,1822
6.80547945205479,568
6.80821917808219,38
6.81095890410959,47
6.81369863013699,482
6.81643835616438,452
6.81917808219178,527
6.82191780821918,392
6.82465753424658,645
6.82739726027397,53
6.83013698630137,12
6.83287671232877,332
6.83561643835616,361
6.83835616438356,537
6.84109589041096,370
6.84383561643836,537
6.84657534246575,21
6.84931506849315,98
6.85205479452055,460
6.85479452054795,656
6.85753424657534,767
6.86027397260274,728
6.86301369863014,769
6.86575342465753,111
6.86849315068493,129
6.87123287671233,371
6.87397260273973,683
6.87671232876712,249
6.87945205479452,309
6.88219178082192,326
6.88493150684932,2
6.88767123287671,20
6.89041095890411,384
6.89315068493151,260
6.8958904109589,197
6.8986301369863,218
6.9013698630137,507
6.9041095890411,11
6.90684931506849,6
6.90958904109589,321
6.91232876712329,317
6.91506849315068,344
6.91780821917808,503
6.92054794520548,9
6.92328767123288,6
6.92602739726027,10
6.92876712328767,284
6.93150684931507,344
6.93424657534247,260
6.93698630136986,350
6.93972602739726,400
6.94246575342466,8
6.94520547945205,1
6.94794520547945,412
6.95068493150685,483
6.95342465753425,537
6.95616438356164,273
6.95890410958904,424
6.96164383561644,13
6.96438356164384,10
6.96712328767123,244
6.96986301369863,291
6.97260273972603,330
6.97534246575342,234
6.97808219178082,380
6.98082191780822,11
6.98356164383562,8
6.98630136986301,278
6.98904109589041,162
6.99178082191781,170
6.99452054794521,265
6.9972602739726,317
7,14
7.0027397260274,20
7.00547945205479,197
7.00821917808219,247
7.01095890410959,275
7.01369863013699,302
7.01643835616438,279
7.01917808219178,19
7.02191780821918,26
7.02465753424658,253
7.02739726027397,176
7.03013698630137,197
7.03287671232877,196
7.03561643835616,266
7.03835616438356,3
7.04109589041096,4
7.04383561643836,273
7.04657534246575,223
7.04931506849315,209
7.05205479452055,499
7.05479452054795,432
7.05753424657534,13
7.06027397260274,10
7.06301369863014,318
7.06575342465753,250
7.06849315068493,377
7.07123287671233,181
7.07397260273973,328
7.07671232876712,7
7.07945205479452,14
7.08219178082192,315
7.08493150684932,15
7.08767123287671,248
7.09041095890411,140
7.09315068493151,349
7.0958904109589,2
7.0986301369863,8
7.1013698630137,242
7.1041095890411,230
7.10684931506849,253
7.10958904109589,155
7.11232876712329,320
7.11506849315068,7
7.11780821917808,14
7.12054794520548,263
7.12328767123288,250
7.12602739726027,250
7.12876712328767,150
7.13150684931507,310
7.13424657534247,8
7.13698630136986,10
7.13972602739726,244
7.14246575342466,218
7.14520547945205,229
7.14794520547945,146
7.15068493150685,366
7.15342465753425,8
7.15616438356164,7
7.15890410958904,198
7.16164383561644,220
7.16438356164384,207
7.16712328767123,101
7.16986301369863,280
7.17260273972603,5
7.17534246575342,11
7.17808219178082,207
7.18082191780822,193
7.18356164383562,222
7.18630136986301,320
7.18904109589041,2
7.19178082191781,2
7.19452054794521,6
7.1972602739726,180
7.2,178
7.2027397260274,193
7.20547945205479,139
7.20821917808219,295
7.21095890410959,8
7.21369863013699,3
7.21643835616438,204
7.21917808219178,145
7.22191780821918,190
7.22465753424658,174
7.22739726027397,232
7.23013698630137,10
7.23287671232877,4
7.23561643835616,227
7.23835616438356,182
7.24109589041096,202
7.24383561643836,135
7.24657534246575,353
7.24931506849315,3
7.25205479452055,9
7.25479452054795,260
7.25753424657534,169
7.26027397260274,193
7.26301369863014,142
7.26575342465753,252
7.26849315068493,5
7.27123287671233,7
7.27397260273973,258
7.27671232876712,262
7.27945205479452,204
7.28219178082192,124
7.28493150684931,259
7.28767123287671,8
7.29041095890411,9
7.29315068493151,184
7.2958904109589,160
7.2986301369863,162
7.3013698630137,115
7.3041095890411,323
7.30684931506849,9
7.30958904109589,5
7.31232876712329,209
7.31506849315068,166
7.31780821917808,224
7.32054794520548,175
7.32328767123288,251
7.32602739726027,3
7.32876712328767,7
7.33150684931507,214
7.33424657534247,198
7.33698630136986,194
7.33972602739726,120
7.34246575342466,238
7.34520547945205,8
7.34794520547945,6
7.35068493150685,233
7.35342465753425,167
7.35616438356164,149
7.35890410958904,96
7.36164383561644,279
7.36438356164384,8
7.36712328767123,11
7.36986301369863,181
7.37260273972603,143
7.37534246575343,300
7.37808219178082,102
7.38082191780822,277
7.38356164383562,5
7.38630136986301,3
7.38904109589041,198
7.39178082191781,202
7.39452054794521,195
7.3972602739726,136
7.4,277
7.4027397260274,2
7.40547945205479,4
7.40821917808219,245
7.41095890410959,207
7.41369863013699,200
7.41643835616438,127
7.41917808219178,289
7.42191780821918,4
7.42465753424658,3
7.42739726027397,211
7.43013698630137,159
7.43287671232877,173
7.43561643835616,163
7.43835616438356,406
7.44109589041096,6
7.44383561643836,3
7.44657534246575,133
7.44931506849315,90
7.45205479452055,81
7.45479452054794,122
7.45753424657534,54
7.46027397260274,6
7.46301369863014,1
7.46575342465753,149
7.46849315068493,165
7.47123287671233,177
7.47397260273973,111
7.47671232876712,249
7.47945205479452,2
7.48219178082192,4
7.48493150684931,176
7.48767123287671,117
7.49041095890411,144
7.49315068493151,59
7.4958904109589,230
7.4986301369863,6
7.5013698630137,4
7.5041095890411,205
7.50684931506849,136
7.50958904109589,172
7.51232876712329,113
7.51506849315069,207
7.51780821917808,4
7.52054794520548,5
7.52328767123288,188
7.52602739726027,178
7.52876712328767,127
7.53150684931507,276
7.53424657534247,10
7.53698630136986,3
7.53972602739726,9
7.54246575342466,180
7.54520547945206,142
7.54794520547945,136
7.55068493150685,118
7.55342465753425,244
7.55616438356164,6
7.55890410958904,10
7.56164383561644,222
7.56438356164384,253
7.56712328767123,234
7.56986301369863,290
7.57260273972603,302
7.57534246575342,2
7.57808219178082,4
7.58082191780822,247
7.58356164383562,247
7.58630136986301,303
7.58904109589041,1
7.59178082191781,292
7.59452054794521,8
7.5972602739726,5
7.6,255
7.6027397260274,225
7.60547945205479,186
7.60821917808219,2
7.61095890410959,110
7.61369863013699,1
7.61643835616438,2
7.61917808219178,257
7.62191780821918,410
7.62465753424657,209
7.62739726027397,248
7.63013698630137,349
7.63287671232877,5
7.63561643835616,2
7.63835616438356,453
7.64109589041096,537
7.64383561643836,285
7.64657534246575,282
7.64931506849315,358
7.65205479452055,6
7.65479452054795,2
7.65753424657534,398
7.66027397260274,507
7.66301369863014,275
7.66575342465753,270
7.66849315068493,321
7.67123287671233,7
7.67397260273973,6
7.67671232876712,252
7.67945205479452,290
7.68219178082192,256
7.68493150684932,314
7.68767123287671,390
7.69041095890411,5
7.69315068493151,4
7.6958904109589,3
7.6986301369863,3
7.7013698630137,247
7.7041095890411,390
7.70684931506849,349
7.70958904109589,3
7.71232876712329,6
7.71506849315069,325
7.71780821917808,172
7.72054794520548,235
7.72328767123288,194
7.72602739726027,11
7.72876712328767,6
7.73150684931507,12
7.73424657534247,247
7.73698630136986,374
7.73972602739726,907
7.74246575342466,1389
7.74520547945206,197
7.74794520547945,46
7.75068493150685,110
7.75342465753425,133
7.75616438356164,120
7.75890410958904,96
7.76164383561644,110
7.76438356164384,82
7.76712328767123,24
7.76986301369863,35
7.77260273972603,111
7.77534246575342,101
7.77808219178082,98
7.78082191780822,87
7.78356164383562,63
7.78630136986301,27
7.78904109589041,25
7.79178082191781,110
7.79452054794521,122
7.7972602739726,181
7.8,6663
7.8027397260274,3067
7.80547945205479,415
7.80821917808219,398
7.81095890410959,1203
7.81369863013699,1350
7.81643835616438,1262
7.81917808219178,1258
7.82191780821918,792
7.82465753424658,162
7.82739726027397,238
7.83013698630137,605
7.83287671232877,780
7.83561643835616,662
7.83835616438356,526
7.84109589041096,849
7.84383561643836,50
7.84657534246575,210
7.84931506849315,732
7.85205479452055,901
7.85479452054795,915
7.85753424657534,1136
7.86027397260274,779
7.86301369863014,75
7.86575342465753,84
7.86849315068493,587
7.87123287671233,434
7.87397260273973,539
7.87671232876712,353
7.87945205479452,611
7.88219178082192,11
7.88493150684932,26
7.88767123287671,376
7.89041095890411,430
7.89315068493151,430
7.8958904109589,387
7.8986301369863,430
7.9013698630137,11
7.9041095890411,56
7.90684931506849,320
7.90958904109589,478
7.91232876712329,376
7.91506849315068,488
7.91780821917808,11
7.92054794520548,9
7.92328767123288,28
7.92602739726027,458
7.92876712328767,446
7.93150684931507,335
7.93424657534247,305
7.93698630136986,471
7.93972602739726,23
7.94246575342466,46
7.94520547945205,546
7.94794520547945,463
7.95068493150685,509
7.95342465753425,530
7.95616438356164,501
7.95890410958904,52
7.96164383561644,96
7.96438356164384,585
7.96712328767123,392
7.96986301369863,319
7.97260273972603,226
7.97534246575342,130
7.97808219178082,19
7.98082191780822,42
7.98356164383562,193
7.98630136986301,227
7.98904109589041,613
7.99178082191781,608
7.99452054794521,131
7.9972602739726,16
8,42
8.0027397260274,124
8.00547945205479,110
8.00821917808219,129
8.01095890410959,133
8.01369863013699,143
8.01643835616438,18
8.01917808219178,29
8.02191780821918,131
8.02465753424658,184
8.02739726027397,118
8.03013698630137,124
8.03287671232877,86
8.03561643835616,15
8.03835616438356,34
8.04109589041096,116
8.04383561643836,154
8.04657534246575,162
8.04931506849315,3090
8.05205479452055,1015
8.05479452054795,181
8.05753424657534,244
8.06027397260274,846
8.06301369863014,557
8.06575342465753,647
8.06849315068493,410
8.07123287671233,424
8.07397260273973,28
8.07671232876712,81
8.07945205479452,201
8.08219178082192,366
8.08493150684932,35
8.08767123287671,211
8.09041095890411,355
8.09315068493151,14
8.0958904109589,52
8.0986301369863,275
8.1013698630137,346
8.1041095890411,203
8.10684931506849,209
8.10958904109589,369
8.11232876712329,15
8.11506849315069,115
8.11780821917808,487
8.12054794520548,601
8.12328767123288,1165
8.12602739726027,146
8.12876712328767,307
8.13150684931507,6
8.13424657534247,25
8.13698630136986,235
8.13972602739726,196
8.14246575342466,163
8.14520547945206,156
8.14794520547945,276
8.15068493150685,5
8.15342465753425,20
8.15616438356164,224
8.15890410958904,211
8.16164383561644,173
8.16438356164384,149
8.16712328767123,252
8.16986301369863,7
8.17260273972603,27
8.17534246575342,313
8.17808219178082,276
8.18082191780822,155
8.18356164383562,230
8.18630136986301,7
8.18904109589041,5
8.19178082191781,19
8.19452054794521,200
8.1972602739726,251
8.2,227
8.2027397260274,332
8.20547945205479,255
8.20821917808219,4
8.21095890410959,23
8.21369863013699,242
8.21643835616438,200
8.21917808219178,194
8.22191780821918,166
8.22465753424657,250
8.22739726027397,4
8.23013698630137,19
8.23287671232877,193
8.23561643835616,165
8.23835616438356,130
8.24109589041096,113
8.24383561643836,214
8.24657534246575,3
8.24931506849315,24
8.25205479452055,202
8.25479452054794,158
8.25753424657534,146
8.26027397260274,151
8.26301369863014,191
8.26575342465753,3
8.26849315068493,13
8.27123287671233,228
8.27397260273973,168
8.27671232876712,133
8.27945205479452,224
8.28219178082192,230
8.28493150684931,8
8.28767123287671,29
8.29041095890411,233
8.29315068493151,170
8.2958904109589,167
8.2986301369863,224
8.3013698630137,300
8.3041095890411,1
8.30684931506849,24
8.30958904109589,156
8.31232876712329,201
8.31506849315068,120
8.31780821917808,175
8.32054794520548,228
8.32328767123288,4
8.32602739726027,25
8.32876712328767,229
8.33150684931507,221
8.33424657534247,135
8.33698630136986,158
8.33972602739726,299
8.34246575342466,2
8.34520547945205,26
8.34794520547945,181
8.35068493150685,189
8.35342465753425,138
8.35616438356164,159
8.35890410958904,250
8.36164383561644,6
8.36438356164384,33
8.36712328767123,246
8.36986301369863,174
8.37260273972603,110
8.37534246575343,110
8.37808219178082,238
8.38082191780822,3
8.38356164383562,8
8.38630136986301,190
8.38904109589041,227
8.39178082191781,226
8.39452054794521,151
8.3972602739726,235
8.4,2
8.4027397260274,16
8.4054794520548,250
8.40821917808219,180
8.41095890410959,162
8.41369863013699,179
8.41643835616438,246
8.41917808219178,2
8.42191780821918,28
8.42465753424658,160
8.42739726027397,154
8.43013698630137,108
8.43287671232877,122
8.43561643835617,221
8.43835616438356,11
8.44109589041096,20
8.44383561643836,245
8.44657534246575,122
8.44931506849315,135
8.45205479452055,153
8.45479452054795,87
8.45753424657534,4
8.46027397260274,17
8.46301369863014,175
8.46575342465753,123
8.46849315068493,114
8.47123287671233,131
8.47397260273973,132
8.47671232876712,1
8.47945205479452,9
8.48219178082192,151
8.48493150684932,174
8.48767123287671,89
8.49041095890411,100
8.49315068493151,168
8.4958904109589,3
8.4986301369863,19
8.5013698630137,175
8.5041095890411,160
8.50684931506849,133
8.50958904109589,96
8.51232876712329,211
8.51506849315068,5
8.51780821917808,19
8.52054794520548,188
8.52328767123288,197
8.52602739726027,121
8.52876712328767,109
8.53150684931507,170
8.53424657534247,3
8.53698630136986,25
8.53972602739726,166
8.54246575342466,173
8.54520547945205,129
8.54794520547945,184
8.55068493150685,14
8.55342465753425,4
8.55616438356164,31
8.55890410958904,159
8.56164383561644,98
8.56438356164383,126
8.56712328767123,122
8.56986301369863,227
8.57534246575342,18
8.57808219178082,183
8.58082191780822,129
8.58356164383562,170
8.58630136986301,239
8.58904109589041,1
8.59178082191781,2
8.5972602739726,141
8.6,136
8.6027397260274,88
8.60547945205479,159
8.60821917808219,1
8.61369863013699,1
8.61643835616438,154
8.61917808219178,136
8.62191780821918,131
8.62465753424657,85
8.62739726027397,234
8.63013698630137,4
8.63287671232877,20
8.63561643835616,213
8.63835616438356,197
8.64109589041096,135
8.64383561643836,129
8.64657534246575,177
8.64931506849315,3
8.65205479452055,27
8.65479452054795,216
8.65753424657534,145
8.66027397260274,142
8.66301369863014,122
8.66575342465753,183
8.66849315068493,15
8.67123287671233,26
8.67397260273973,166
8.67671232876712,212
8.67945205479452,142
8.68219178082192,288
8.68493150684932,301
8.68767123287671,4
8.69041095890411,3
8.69315068493151,3
8.6958904109589,2
8.6986301369863,171
8.7013698630137,462
8.7041095890411,402
8.70684931506849,11
8.70958904109589,33
8.71232876712329,324
8.71506849315069,309
8.71780821917808,294
8.72054794520548,373
8.72328767123288,311
8.72602739726027,28
8.72876712328767,22
8.73150684931507,12
8.73424657534247,173
8.73698630136986,317
8.73972602739726,181
8.74246575342466,24
8.74520547945206,7
8.74794520547945,21
8.75068493150685,59
8.75342465753425,52
8.75616438356164,61
8.75890410958904,61
8.76164383561644,22
8.76438356164384,4
8.76712328767123,18
8.76986301369863,64
8.77260273972603,64
8.77534246575343,47
8.77808219178082,63
8.78082191780822,32
8.78356164383562,4
8.78630136986301,21
8.78904109589041,76
8.79178082191781,69
8.79452054794521,70
8.7972602739726,637
8.8,402
8.8027397260274,66
8.80547945205479,55
8.80821917808219,247
8.81095890410959,226
8.81369863013699,237
8.81643835616438,273
8.81917808219178,105
8.82191780821918,30
8.82465753424658,27
8.82739726027397,250
8.83013698630137,196
8.83287671232877,145
8.83561643835616,113
8.83835616438356,256
8.84109589041096,7
8.84383561643836,30
8.84657534246575,247
8.84931506849315,141
8.85205479452055,169
8.85479452054794,152
8.85753424657534,282
8.86027397260274,2
8.86301369863014,17
8.86575342465753,220
8.86849315068493,139
8.87123287671233,135
8.87397260273973,166
8.87671232876712,235
8.87945205479452,5
8.88219178082192,19
8.88493150684931,193
8.88767123287671,162
8.89041095890411,151
8.89315068493151,130
8.8958904109589,233
8.8986301369863,4
8.9013698630137,20
8.9041095890411,134
8.90684931506849,187
8.90958904109589,167
8.91232876712329,186
8.91506849315068,4
8.91780821917808,5
8.92054794520548,27
8.92328767123288,159
8.92602739726027,149
8.92876712328767,119
8.93150684931507,131
8.93424657534247,206
8.93698630136986,4
8.93972602739726,16
8.94246575342466,248
8.94520547945205,134
8.94794520547945,160
8.95068493150685,170
8.95342465753425,245
8.95616438356164,2
8.95890410958904,23
8.96164383561644,247
8.96438356164384,270
8.96712328767123,298
8.96986301369863,234
8.97260273972603,236
8.97534246575342,2
8.97808219178082,23
8.98082191780822,170
8.98356164383562,173
8.98630136986301,217
8.98904109589041,247
8.99178082191781,173
8.99452054794521,3
8.9972602739726,15
9,111
9.0027397260274,179
9.00547945205479,300
9.00821917808219,132
9.01095890410959,162
9.01369863013699,2
9.01643835616438,41
9.01917808219178,137
9.02191780821918,135
9.02465753424658,105
9.02739726027397,88
9.03013698630137,133
9.03287671232877,6
9.03561643835616,19
9.03835616438356,130
9.04109589041096,149
9.04383561643836,115
9.04657534246575,100
9.04931506849315,153
9.05205479452055,2
9.05479452054795,12
9.05753424657534,124
9.06027397260274,120
9.06301369863014,115
9.06575342465753,250
9.06849315068493,335
9.07123287671233,11
9.07397260273973,88
9.07671232876712,110
9.07945205479452,131
9.08219178082192,128
9.08493150684932,2
9.08767123287671,166
9.09041095890411,1
9.09315068493151,16
9.0958904109589,151
9.0986301369863,168
9.1013698630137,136
9.1041095890411,103
9.10684931506849,226
9.10958904109589,3
9.11232876712329,27
9.11506849315069,247
9.11780821917808,147
9.12054794520548,125
9.12328767123288,138
9.12602739726027,229
9.12876712328767,5
9.13150684931507,20
9.13424657534247,170
9.13698630136986,150
9.13972602739726,114
9.14246575342466,138
9.14520547945206,177
9.14794520547945,3
9.15068493150685,18
9.15342465753425,281
9.15616438356164,74
9.15890410958904,134
9.16164383561644,118
9.16438356164384,157
9.16712328767123,7
9.16986301369863,14
9.17260273972603,216
9.17534246575342,125
9.17808219178082,63
9.18082191780822,208
9.18356164383562,2
9.18630136986301,1
9.18904109589041,12
9.19178082191781,190
9.19452054794521,136
9.1972602739726,101
9.2,168
9.2027397260274,146
9.20547945205479,1
9.20821917808219,30
9.21095890410959,137
9.21369863013699,168
9.21643835616438,99
9.21917808219178,96
9.22191780821918,151
9.22739726027397,15
9.23013698630137,202
9.23287671232877,184
9.23561643835616,122
9.23835616438356,124
9.24109589041096,164
9.24383561643836,1
9.24657534246575,13
9.24931506849315,123
9.25205479452055,89
9.25479452054794,77
9.25753424657534,67
9.26027397260274,154
9.26301369863014,5
9.26575342465753,9
9.26849315068493,171
9.27123287671233,246
9.27397260273973,119
9.27671232876712,115
9.27945205479452,149
9.28219178082192,1
9.28493150684931,12
9.28767123287671,257
9.29041095890411,373
9.29315068493151,234
9.2958904109589,262
9.2986301369863,255
9.3013698630137,2
9.3041095890411,6
9.30684931506849,103
9.30958904109589,141
9.31232876712329,108
9.31506849315068,105
9.31780821917808,82
9.32054794520548,1
9.32328767123288,15
9.32602739726027,32
9.32876712328767,124
9.33150684931507,79
9.33424657534247,74
9.33698630136986,119
9.33972602739726,2
9.34246575342466,12
9.34520547945205,123
9.34794520547945,94
9.35068493150685,133
9.35342465753425,148
9.35616438356164,95
9.35890410958904,1
9.36164383561644,4
9.36438356164384,100
9.36712328767123,109
9.36986301369863,98
9.37260273972603,211
9.37534246575343,116
9.37808219178082,47
9.38082191780822,160
9.38356164383562,151
9.38630136986301,141
9.38904109589041,198
9.39178082191781,95
9.39452054794521,168
9.3972602739726,3
9.4,33
9.4027397260274,122
9.4054794520548,121
9.40821917808219,105
9.41095890410959,76
9.41369863013699,152
9.41917808219178,17
9.42191780821918,165
9.42465753424658,143
9.42739726027397,96
9.43013698630137,85
9.43287671232877,189
9.43561643835617,2
9.43835616438356,16
9.44109589041096,166
9.44383561643836,97
9.44657534246575,101
9.44931506849315,245
9.45205479452055,17
9.45753424657534,27
9.46027397260274,102
9.46301369863014,117
9.46575342465753,89
9.46849315068493,80
9.47123287671233,175
9.47397260273973,1
9.47671232876712,21
9.47945205479452,109
9.48219178082192,126
9.48493150684932,74
9.48767123287671,45
9.49041095890411,161
9.49315068493151,111
9.4958904109589,15
9.4986301369863,149
9.5013698630137,97
9.5041095890411,101
9.50684931506849,136
9.50958904109589,250
9.51232876712329,2
9.51506849315068,12
9.51780821917808,171
9.52054794520548,139
9.52328767123288,106
9.52602739726027,128
9.52876712328767,126
9.53150684931507,2
9.53424657534247,15
9.53698630136986,128
9.53972602739726,121
9.54246575342466,114
9.54520547945205,145
9.54794520547945,5
9.55068493150685,3
9.55616438356164,136
9.55890410958904,135
9.56164383561644,85
9.56438356164383,81
9.56712328767123,172
9.56986301369863,2
9.57260273972603,6
9.57534246575342,120
9.57808219178082,115
9.58082191780822,87
9.58356164383562,243
9.58630136986301,2
9.58904109589041,1
9.59178082191781,9
9.5945205479452,133
9.5972602739726,128
9.6,132
9.6027397260274,181
9.60547945205479,1
9.61369863013699,94
9.61643835616438,119
9.61917808219178,86
9.62191780821918,193
9.62465753424657,179
9.62739726027397,3
9.63013698630137,5
9.63287671232877,178
9.63561643835616,164
9.63835616438356,176
9.64109589041096,132
9.64383561643836,200
9.64657534246575,3
9.64931506849315,21
9.65205479452055,148
9.65479452054795,158
9.65753424657534,210
9.66027397260274,212
9.66301369863014,286
9.66575342465753,2
9.66849315068493,20
9.67123287671233,420
9.67397260273973,399
9.67671232876712,449
9.67945205479452,579
9.68219178082192,472
9.68493150684932,1
9.69041095890411,1
9.6958904109589,442
9.6986301369863,453
9.7013698630137,430
9.7041095890411,1
9.70684931506849,13
9.70958904109589,264
9.71232876712329,217
9.71506849315069,152
9.71780821917808,308
9.72054794520548,193
9.72328767123288,25
9.72602739726027,41
9.72876712328767,142
9.73150684931507,418
9.73424657534247,618
9.73698630136986,2144
9.73972602739726,74
9.74246575342466,14
9.74520547945206,27
9.74794520547945,54
9.75068493150685,50
9.75342465753425,68
9.75616438356164,64
9.75890410958904,27
9.76164383561644,5
9.76438356164384,26
9.76712328767123,75
9.76986301369863,62
9.77260273972603,56
9.77534246575343,75
9.77808219178082,44
9.78082191780822,12
9.78356164383562,15
9.78630136986301,110
9.78904109589041,84
9.79178082191781,165
9.79452054794521,9346
9.7972602739726,3658
9.8,538
9.8027397260274,311
9.80547945205479,1139
9.80821917808219,1215
9.81095890410959,1256
9.81369863013699,1071
9.81643835616438,627
9.81917808219178,211
9.82191780821918,140
9.82465753424658,700
9.82739726027397,676
9.83013698630137,722
9.83287671232877,618
9.83561643835616,715
9.83835616438356,258
9.84109589041096,184
9.84383561643836,956
9.84657534246575,719
9.84931506849315,835
9.85205479452055,906
9.85479452054794,875
9.85753424657534,137
9.86027397260274,144
9.86301369863014,847
9.86575342465753,395
9.86849315068493,425
9.87123287671233,258
9.87397260273973,421
9.87671232876712,27
9.87945205479452,33
9.88219178082192,432
9.88493150684931,283
9.88767123287671,476
9.89041095890411,495
9.89315068493151,218
9.8958904109589,21
9.8986301369863,32
9.9013698630137,233
9.9041095890411,183
9.90684931506849,256
9.90958904109589,533
9.91232876712329,25
9.91506849315068,9
9.91780821917808,32
9.92054794520548,244
9.92328767123288,331
9.92602739726027,302
9.92876712328767,169
9.93150684931507,439
9.93424657534247,19
9.93698630136986,61
9.93972602739726,337
9.94246575342466,294
9.94520547945205,362
9.94794520547945,425
9.95068493150685,562
9.95342465753425,16
9.95616438356164,27
9.95890410958904,496
9.96164383561644,409
9.96438356164384,587
9.96712328767123,595
9.96986301369863,441
9.97260273972603,14
9.97534246575342,57
9.97808219178082,488
9.98082191780822,490
9.98356164383562,315
9.98630136986301,492
9.98904109589041,394
9.99178082191781,22
9.99452054794521,31
9.9972602739726,223
10,260
10.0027397260274,637
10.0054794520548,558
10.0082191780822,91
10.0109589041096,29
10.013698630137,51
10.0164383561644,203
10.0191780821918,157
10.0219178082192,152
10.0246575342466,133
10.027397260274,71
10.0301369863014,16
10.0328767123288,30
10.0356164383562,137
10.0383561643836,130
10.041095890411,107
10.0438356164384,105
10.0465753424658,71
10.0493150684932,19
10.0520547945205,34
10.0547945205479,124
10.0575342465753,137
10.0602739726027,104
10.0630136986301,1599
10.0657534246575,518
10.0684931506849,24
10.0712328767123,83
10.0739726027397,364
10.0767123287671,363
10.0794520547945,273
10.0821917808219,327
10.0849315068493,12
10.0876712328767,58
10.0904109589041,17
10.0931506849315,298
10.0958904109589,259
10.0986301369863,154
10.1013698630137,236
10.1041095890411,237
10.1068493150685,66
10.1095890410959,22
10.1123287671233,340
10.1150684931507,252
10.1178082191781,199
10.1205479452055,156
10.1232876712329,236
10.1260273972603,8
10.1287671232877,59
10.1315068493151,252
10.1342465753425,250
10.1369863013699,187
10.1397260273973,175
10.1424657534247,313
10.1452054794521,5
10.1479452054795,67
10.1506849315068,231
10.1534246575342,232
10.1561643835616,215
10.158904109589,203
10.1616438356164,204
10.1643835616438,30
10.1671232876712,55
10.1698630136986,280
10.172602739726,224
10.1753424657534,283
10.1780821917808,342
10.1808219178082,18
10.1835616438356,11
10.186301369863,19
10.1890410958904,309
10.1917808219178,268
10.1945205479452,362
10.1972602739726,177
10.2,313
10.2027397260274,5
10.2054794520548,17
10.2082191780822,222
10.2109589041096,237
10.213698630137,199
10.2164383561644,190
10.2191780821918,398
10.2219178082192,6
10.2246575342466,15
10.227397260274,238
10.2301369863014,179
10.2328767123288,170
10.2356164383562,174
10.2383561643836,286
10.241095890411,13
10.2438356164384,19
10.2465753424658,175
10.2493150684931,177
10.2520547945205,141
10.2547945205479,168
10.2575342465753,234
10.2602739726027,11
10.2630136986301,138
10.2657534246575,169
10.2684931506849,128
10.2712328767123,159
10.2739726027397,150
10.2767123287671,192
10.2794520547945,6
10.2821917808219,26
10.2849315068493,211
10.2876712328767,216
10.2904109589041,153
10.2931506849315,189
10.2958904109589,259
10.2986301369863,8
10.3013698630137,23
10.3041095890411,193
10.3068493150685,227
10.3095890410959,281
10.3123287671233,197
10.3150684931507,238
10.3178082191781,6
10.3205479452055,14
10.3232876712329,222
10.3260273972603,225
10.3287671232877,181
10.3315068493151,194
10.3342465753425,338
10.3369863013699,2
10.3397260273973,19
10.3424657534247,211
10.3452054794521,231
10.3479452054795,238
10.3506849315068,241
10.3534246575342,373
10.3561643835616,76
10.358904109589,25
10.3616438356164,269
10.3643835616438,311
10.3671232876712,252
10.3698630136986,347
10.372602739726,394
10.3753424657534,8
10.3780821917808,24
10.3808219178082,270
10.3835616438356,322
10.386301369863,382
10.3890410958904,395
10.3917808219178,419
10.3945205479452,93
10.3972602739726,37
10.4,384
10.4027397260274,380
10.4054794520548,451
10.4082191780822,536
10.4109589041096,640
10.413698630137,54
10.4164383561644,287
10.4191780821918,592
10.4219178082192,431
10.4246575342466,426
10.427397260274,344
10.4301369863014,484
10.4328767123288,32
10.4356164383562,328
10.4383561643836,279
10.441095890411,274
10.4438356164384,318
10.4465753424658,331
10.4493150684932,10
10.4520547945205,19
10.4547945205479,325
10.4575342465753,280
10.4602739726027,315
10.4630136986301,256
10.4657534246575,75
10.4684931506849,17
10.4712328767123,34
10.4739726027397,321
10.4767123287671,304
10.4794520547945,275
10.4821917808219,209
10.4849315068493,333
10.4876712328767,12
10.4904109589041,17
10.4931506849315,242
10.4958904109589,452
10.4986301369863,736
10.5013698630137,272
10.5041095890411,262
10.5068493150685,56
10.5095890410959,8
10.5123287671233,293
10.5150684931507,186
10.5178082191781,172
10.5205479452055,227
10.5232876712329,216
10.5260273972603,3
10.5287671232877,7
10.5315068493151,180
10.5342465753425,194
10.5369863013699,164
10.5397260273973,226
10.5424657534247,42
10.5452054794521,8
10.5479452054795,3
10.5506849315068,190
10.5534246575342,174
10.5561643835616,166
10.558904109589,139
10.5616438356164,232
10.5643835616438,4
10.5671232876712,12
10.5698630136986,199
10.572602739726,224
10.5753424657534,157
10.5780821917808,156
10.5808219178082,287
10.5835616438356,2
10.586301369863,6
10.5890410958904,16
10.5917808219178,185
10.5945205479452,147
10.5972602739726,134
10.6,159
10.6027397260274,3
10.6054794520548,2
10.6082191780822,1
10.6109589041096,29
10.613698630137,110
10.6164383561644,179
10.6191780821918,203
10.6219178082192,8
10.6246575342466,33
10.627397260274,128
10.6301369863014,166
10.6328767123288,109
10.6356164383562,125
10.6383561643836,212
10.641095890411,2
10.6438356164384,11
10.6465753424658,145
10.6493150684932,122
10.6520547945205,131
10.6547945205479,117
10.6575342465753,201
10.6602739726027,5
10.6630136986301,3
10.6657534246575,174
10.6684931506849,127
10.6712328767123,129
10.6739726027397,160
10.6767123287671,197
10.6794520547945,5
10.6821917808219,2
10.6849315068493,3
10.6876712328767,3
10.6904109589041,210
10.6931506849315,141
10.6958904109589,278
10.6986301369863,2
10.7013698630137,1
10.7041095890411,180
10.7068493150685,206
10.7095890410959,117
10.7123287671233,112
10.7150684931507,254
10.7178082191781,4
10.7205479452055,34
10.7232876712329,167
10.7260273972603,218
10.7287671232877,16
10.7315068493151,104
10.7342465753425,186
10.7369863013699,5
10.7397260273973,2
10.7424657534247,151
10.7452054794521,152
10.7479452054795,158
10.7506849315069,124
10.7534246575342,182
10.7561643835616,1
10.758904109589,48
10.7616438356164,223
10.7643835616438,148
10.7671232876712,124
10.7698630136986,142
10.772602739726,210
10.7753424657534,6
10.7780821917808,1
10.7808219178082,161
10.7835616438356,175
10.786301369863,121
10.7890410958904,92
10.7917808219178,206
10.7945205479452,4
10.7972602739726,4
10.8,160
10.8027397260274,137
10.8054794520548,149
10.8082191780822,214
10.8109589041096,183
10.813698630137,5
10.8164383561644,11
10.8191780821918,285
10.8219178082192,197
10.8246575342466,150
10.827397260274,165
10.8301369863014,276
10.8328767123288,8
10.8356164383562,397
10.8383561643836,249
10.841095890411,135
10.8438356164384,138
10.8465753424658,131
10.8493150684932,211
10.8520547945205,1
10.8547945205479,7
10.8575342465753,330
10.8602739726027,224
10.8630136986301,166
10.8657534246575,173
10.8684931506849,189
10.8712328767123,8
10.8739726027397,4
10.8767123287671,177
10.8794520547945,165
10.8821917808219,134
10.8849315068493,112
10.8876712328767,176
10.8904109589041,3
10.8931506849315,2
10.8958904109589,180
10.8986301369863,158
10.9013698630137,124
10.9041095890411,257
10.9068493150685,2
10.9095890410959,1
10.9123287671233,5
10.9150684931507,179
10.9178082191781,131
10.9205479452055,102
10.9232876712329,110
10.9260273972603,203
10.9287671232877,2
10.9315068493151,28
10.9342465753425,236
10.9369863013699,180
10.9397260273973,150
10.9424657534247,117
10.9452054794521,239
10.9479452054795,6
10.9534246575342,207
10.9561643835616,179
10.958904109589,137
10.9616438356164,102
10.9643835616438,279
10.9671232876712,4
10.9698630136986,3
10.972602739726,162
10.9753424657534,163
10.9780821917808,127
10.9808219178082,103
10.9835616438356,261
10.986301369863,9
10.9890410958904,10
10.9917808219178,152
10.9945205479452,163
10.9972602739726,121
11,150
11.0027397260274,205
11.0054794520548,78
11.0082191780822,12
11.0109589041096,217
11.013698630137,192
11.0164383561644,156
11.0191780821918,134
11.0219178082192,186
11.0246575342466,10
11.027397260274,4
11.0301369863014,159
11.0328767123288,132
11.0356164383562,123
11.0383561643836,96
11.041095890411,216
11.0438356164384,5
11.0465753424658,6
11.0493150684932,156
11.0520547945205,193
11.0547945205479,153
11.0575342465753,111
11.0602739726027,183
11.0630136986301,4
11.0657534246575,7
11.0684931506849,155
11.0712328767123,165
11.0739726027397,95
11.0767123287671,118
11.0794520547945,270
11.0821917808219,3
11.0849315068493,1
11.0876712328767,2
11.0904109589041,144
11.0931506849315,162
11.0958904109589,134
11.0986301369863,185
11.1013698630137,5
11.1041095890411,4
11.1068493150685,183
11.1095890410959,136
11.1123287671233,116
11.1150684931507,149
11.1178082191781,154
11.1205479452055,1
11.1232876712329,2
11.1260273972603,135
11.1287671232877,118
11.1315068493151,213
11.1342465753425,72
11.1369863013699,121
11.1397260273973,5
11.1424657534247,19
11.1452054794521,169
11.1479452054795,226
11.1506849315068,142
11.1534246575342,118
11.1561643835616,157
11.158904109589,41
11.1616438356164,13
11.1643835616438,100
11.1671232876712,148
11.1698630136986,64
11.172602739726,76
11.1753424657534,121
11.1780821917808,2
11.1808219178082,2
11.1835616438356,138
11.186301369863,126
11.1890410958904,82
11.1917808219178,147
11.1972602739726,1
11.2,1
11.2027397260274,86
11.2054794520548,86
11.2082191780822,93
11.2109589041096,177
11.213698630137,114
11.2164383561644,5
11.2191780821918,11
11.2219178082192,98
11.2246575342466,89
11.227397260274,92
11.2301369863014,76
11.2328767123288,163
11.2356164383562,28
11.2383561643836,17
11.241095890411,96
11.2438356164384,87
11.2465753424658,102
11.2493150684931,119
11.2520547945205,118
11.2547945205479,1
11.2575342465753,1
11.2602739726027,114
11.2630136986301,102
11.2657534246575,73
11.2684931506849,105
11.2712328767123,188
11.2739726027397,5
11.2767123287671,2
11.2794520547945,158
11.2821917808219,139
11.2849315068493,124
11.2876712328767,148
11.2904109589041,155
11.2931506849315,5
11.2958904109589,4
11.2986301369863,215
11.3013698630137,191
11.3041095890411,316
11.3068493150685,225
11.3095890410959,187
11.3123287671233,4
11.3150684931507,6
11.3178082191781,128
11.3205479452055,98
11.3232876712329,243
11.3260273972603,187
11.3287671232877,29
11.3315068493151,1
11.3342465753425,11
11.3369863013699,57
11.3397260273973,43
11.3424657534247,36
11.3452054794521,61
11.3479452054795,58
11.3506849315068,5
11.3534246575342,4
11.3561643835616,14
11.358904109589,38
11.3616438356164,14
11.3643835616438,40
11.3671232876712,50
11.3698630136986,3
11.372602739726,2
11.3753424657534,40
11.3780821917808,46
11.3808219178082,95
11.3835616438356,396
11.386301369863,338
11.3890410958904,55
11.3917808219178,16
11.3945205479452,153
11.3972602739726,147
11.4,106
11.4027397260274,233
11.4054794520548,307
11.4082191780822,1
11.4109589041096,2
11.413698630137,126
11.4164383561644,95
11.4191780821918,261
11.4219178082192,81
11.4246575342466,89
11.4301369863014,4
11.4328767123288,112
11.4356164383562,65
11.4383561643836,120
11.441095890411,105
11.4438356164384,111
11.4465753424658,3
11.4493150684932,2
11.4520547945205,89
11.4547945205479,82
11.4575342465753,81
11.4602739726027,83
11.4630136986301,21
11.4657534246575,1
11.4684931506849,2
11.4712328767123,78
11.4739726027397,81
11.4767123287671,83
11.4794520547945,167
11.4821917808219,215
11.4849315068493,1
11.4876712328767,2
11.4904109589041,90
11.4931506849315,117
11.4958904109589,204
11.4986301369863,106
11.5013698630137,197
11.5041095890411,1
11.5068493150685,38
11.5095890410959,159
11.5123287671233,98
11.5150684931507,124
11.5178082191781,115
11.5205479452055,134
11.5232876712329,4
11.5287671232877,130
11.5315068493151,108
11.5342465753425,74
11.5369863013699,214
11.5397260273973,14
11.5424657534247,1
11.5452054794521,8
11.5479452054795,113
11.5506849315068,98
11.5534246575342,60
11.5561643835616,87
11.558904109589,154
11.5616438356164,4
11.5643835616438,1
11.5671232876712,95
11.5698630136986,114
11.572602739726,117
11.5753424657534,124
11.5780821917808,129
11.5808219178082,2
11.5835616438356,2
11.586301369863,140
11.5890410958904,12
11.5917808219178,80
11.5945205479452,74
11.5972602739726,135
11.6,3
11.6054794520548,15
11.6109589041096,37
11.613698630137,80
11.6164383561644,119
11.6219178082192,1
11.6246575342466,118
11.627397260274,150
11.6301369863014,117
11.6328767123288,103
11.6356164383562,138
11.6383561643836,3
11.641095890411,1
11.6438356164384,96
11.6465753424658,137
11.6493150684932,112
11.6520547945205,96
11.6547945205479,134
11.6602739726027,1
11.6630136986301,102
11.6657534246575,151
11.6684931506849,185
11.6712328767123,221
11.6739726027397,202
11.6794520547945,1
11.6821917808219,1
11.6849315068493,1
11.6876712328767,211
11.6904109589041,292
11.6931506849315,298
11.6958904109589,3
11.7013698630137,237
11.7041095890411,289
11.7068493150685,342
11.7095890410959,246
11.7123287671233,310
11.7150684931507,2
11.7178082191781,5
11.7205479452055,380
11.7232876712329,152
11.7260273972603,156
11.7287671232877,26
11.7315068493151,207
11.7342465753425,8
11.7369863013699,14
11.7397260273973,169
11.7424657534247,169
11.7452054794521,517
11.7479452054795,623
11.7506849315069,85
11.7534246575342,3
11.7561643835616,5
11.758904109589,63
11.7616438356164,59
11.7643835616438,48
11.7671232876712,54
11.7698630136986,73
11.772602739726,2
11.7753424657534,3
11.7780821917808,70
11.7808219178082,53
11.7835616438356,56
11.786301369863,62
11.7890410958904,72
11.7945205479452,1
11.7972602739726,70
11.8,95
11.8027397260274,82
11.8054794520548,2207
11.8082191780822,491
11.8109589041096,40
11.813698630137,46
11.8164383561644,413
11.8191780821918,337
11.8219178082192,263
11.8246575342466,281
11.827397260274,353
11.8301369863014,24
11.8328767123288,26
11.8356164383562,238
11.8383561643836,232
11.841095890411,252
11.8438356164384,235
11.8465753424658,266
11.8493150684932,3
11.8520547945205,69
11.8547945205479,293
11.8575342465753,152
11.8602739726027,176
11.8630136986301,179
11.8657534246575,298
11.8684931506849,5
11.8712328767123,5
11.8739726027397,157
11.8767123287671,179
11.8794520547945,143
11.8821917808219,170
11.8849315068493,206
11.8876712328767,5
11.8904109589041,4
11.8931506849315,162
11.8958904109589,167
11.8986301369863,130
11.9013698630137,135
11.9041095890411,240
11.9068493150685,1
11.9095890410959,1
11.9123287671233,188
11.9150684931507,178
11.9178082191781,190
11.9205479452055,172
11.9232876712329,3
11.9260273972603,1
11.9287671232877,6
11.9315068493151,156
11.9342465753425,178
11.9369863013699,191
11.9397260273973,233
11.9424657534247,281
11.9452054794521,1
11.9479452054795,2
11.9506849315068,231
11.9534246575342,226
11.9561643835616,212
11.958904109589,246
11.9616438356164,183
11.9643835616438,4
11.9671232876712,2
11.9698630136986,245
11.972602739726,137
11.9753424657534,107
11.9780821917808,157
11.9808219178082,132
11.9835616438356,3
11.986301369863,1
11.9890410958904,105
11.9917808219178,99
11.9945205479452,957
11.9972602739726,421
12,67
12.0027397260274,9
12.0054794520548,6
12.0082191780822,68
12.0109589041096,58
12.013698630137,70
12.0164383561644,54
12.0191780821918,75
12.0219178082192,7
12.0246575342466,4
12.027397260274,75
12.0301369863014,58
12.0328767123288,54
12.0356164383562,68
12.0383561643836,55
12.041095890411,5
12.0438356164384,2
12.0465753424658,57
12.0493150684932,70
12.0520547945205,103
12.0547945205479,589
12.0575342465753,357
12.0602739726027,32
12.0630136986301,36
12.0657534246575,236
12.0684931506849,185
12.0712328767123,121
12.0739726027397,142
12.0767123287671,235
12.0794520547945,3
12.0821917808219,5
12.0849315068493,3
12.0876712328767,149
12.0904109589041,109
12.0931506849315,163
12.0958904109589,275
12.0986301369863,11
12.1013698630137,7
12.1041095890411,160
12.1068493150685,163
12.1095890410959,161
12.1123287671233,153
12.1150684931507,208
12.1178082191781,2
12.1205479452055,48
12.1232876712329,137
12.1260273972603,154
12.1287671232877,107
12.1315068493151,101
12.1342465753425,167
12.1369863013699,1
12.1397260273973,6
12.1424657534247,158
12.1452054794521,123
12.1479452054795,104
12.1506849315068,91
12.1534246575342,160
12.1561643835616,1
12.1616438356164,112
12.1643835616438,114
12.1671232876712,97
12.1698630136986,136
12.172602739726,178
12.1753424657534,3
12.1808219178082,170
12.1835616438356,103
12.186301369863,107
12.1890410958904,144
12.1917808219178,1
12.2,141
12.2027397260274,135
12.2054794520548,74
12.2082191780822,103
12.2109589041096,139
12.213698630137,2
12.2164383561644,28
12.2191780821918,128
12.2219178082192,99
12.2246575342466,107
12.227397260274,132
12.2301369863014,195
12.2383561643836,105
12.241095890411,85
12.2438356164384,73
12.2465753424658,139
12.2493150684931,147
12.2520547945205,1
12.2547945205479,2
12.2575342465753,151
12.2602739726027,121
12.2630136986301,117
12.2657534246575,71
12.2684931506849,113
12.2739726027397,1
12.2767123287671,127
12.2794520547945,98
12.2821917808219,77
12.2849315068493,97
12.2876712328767,224
12.2958904109589,107
12.2986301369863,109
12.3013698630137,61
12.3041095890411,78
12.3068493150685,158
12.3095890410959,10
12.3123287671233,1
12.3150684931507,130
12.3178082191781,104
12.3205479452055,243
12.3232876712329,96
12.3260273972603,191
12.3287671232877,5
12.3315068493151,28
12.3342465753425,111
12.3369863013699,160
12.3397260273973,132
12.3424657534247,119
12.3452054794521,142
12.3479452054795,3
12.3506849315068,6
12.3534246575342,145
12.3561643835616,92
12.358904109589,57
12.3616438356164,65
12.3643835616438,128
12.3671232876712,5
12.3698630136986,4
12.372602739726,103
12.3753424657534,91
12.3780821917808,80
12.3808219178082,115
12.3835616438356,139
12.386301369863,2
12.3890410958904,22
12.3917808219178,150
12.3945205479452,77
12.3972602739726,79
12.4,129
12.4027397260274,149
12.4054794520548,4
12.4082191780822,4
12.4109589041096,148
12.413698630137,113
12.4164383561644,107
12.4191780821918,96
12.4219178082192,166
12.4246575342466,1
12.427397260274,1
12.4301369863014,147
12.4328767123288,142
12.4356164383562,86
12.4383561643836,98
12.441095890411,170
12.4438356164384,1
12.4465753424658,4
12.4493150684932,128
12.4520547945205,103
12.4547945205479,98
12.4575342465753,126
12.4602739726027,33
12.4630136986301,1
12.4657534246575,3
12.4684931506849,93
12.4712328767123,107
12.4739726027397,123
12.4767123287671,105
12.4794520547945,104
12.4821917808219,2
12.4849315068493,4
12.4876712328767,77
12.4904109589041,122
12.4931506849315,15
12.4958904109589,47
12.4986301369863,138
12.5013698630137,8
12.5041095890411,5
12.5068493150685,132
12.5095890410959,133
12.5123287671233,132
12.5150684931507,116
12.5178082191781,198
12.5205479452055,3
12.5232876712329,305
12.5260273972603,117
12.5287671232877,98
12.5315068493151,78
12.5342465753425,161
12.5369863013699,20
12.5397260273973,4
12.5424657534247,1
12.5452054794521,128
12.5479452054795,115
12.5506849315068,87
12.5534246575342,94
12.5561643835616,134
12.558904109589,6
12.5616438356164,1
12.5643835616438,87
12.5671232876712,88
12.5698630136986,57
12.572602739726,61
12.5753424657534,141
12.5780821917808,2
12.5808219178082,1
12.5835616438356,89
12.586301369863,134
12.5890410958904,6
12.5917808219178,93
12.5945205479452,123
12.6027397260274,66
12.6054794520548,82
12.6109589041096,27
12.613698630137,155
12.6164383561644,1
12.6191780821918,3
12.6219178082192,98
12.6246575342466,81
12.627397260274,80
12.6301369863014,77
12.6328767123288,100
12.6383561643836,3
12.641095890411,91
12.6438356164384,82
12.6465753424658,68
12.6493150684932,68
12.6520547945205,101
12.6547945205479,1
12.6575342465753,2
12.6602739726027,86
12.6630136986301,90
12.6657534246575,105
12.6684931506849,67
12.6712328767123,135
12.6739726027397,2
12.6767123287671,1
12.6794520547945,5
12.6821917808219,2
12.6849315068493,84
12.6876712328767,82
12.6904109589041,119
12.6931506849315,1
12.6958904109589,1
12.6986301369863,164
12.7013698630137,89
12.7041095890411,96
12.7068493150685,104
12.7095890410959,143
12.7150684931507,4
12.7178082191781,106
12.7205479452055,120
12.7232876712329,61
12.7260273972603,143
12.7287671232877,16
12.7315068493151,2
12.7342465753425,3
12.7369863013699,98
12.7397260273973,94
12.7424657534247,77
12.7452054794521,95
12.7479452054795,134
12.7506849315069,1
12.7534246575342,2
12.7561643835616,94
12.758904109589,90
12.7616438356164,91
12.7643835616438,112
12.7671232876712,162
12.7698630136986,6
12.772602739726,5
12.7753424657534,152
12.7780821917808,162
12.7808219178082,97
12.7835616438356,125
12.786301369863,185
12.7890410958904,1
12.7917808219178,3
12.7945205479452,157
12.7972602739726,138
12.8,98
12.8027397260274,113
12.8054794520548,67
12.8082191780822,4
12.8109589041096,1
12.813698630137,103
12.8164383561644,104
12.8191780821918,105
12.8219178082192,96
12.8246575342466,114
12.827397260274,4
12.8301369863014,3
12.8328767123288,131
12.8356164383562,116
12.8383561643836,98
12.841095890411,104
12.8438356164384,134
12.8465753424658,8
12.8493150684932,6
12.8520547945205,163
12.8547945205479,121
12.8575342465753,109
12.8602739726027,93
12.8630136986301,140
12.8657534246575,7
12.8684931506849,5
12.8712328767123,115
12.8739726027397,108
12.8767123287671,74
12.8794520547945,107
12.8821917808219,147
12.8849315068493,6
12.8876712328767,11
12.8904109589041,131
12.8931506849315,107
12.8958904109589,106
12.8986301369863,130
12.9013698630137,174
12.9041095890411,6
12.9068493150685,8
12.9095890410959,128
12.9123287671233,111
12.9150684931507,118
12.9178082191781,139
12.9205479452055,1
12.9232876712329,9
12.9260273972603,7
12.9287671232877,111
12.9315068493151,123
12.9342465753425,108
12.9369863013699,153
12.9397260273973,194
12.9424657534247,5
12.9452054794521,8
12.9479452054795,179
12.9506849315068,116
12.9534246575342,93
12.9561643835616,130
12.958904109589,162
12.9616438356164,10
12.9643835616438,6
12.9671232876712,141
12.9698630136986,121
12.972602739726,110
12.9753424657534,107
12.9780821917808,124
12.9808219178082,6
12.9835616438356,11
12.986301369863,125
12.9890410958904,101
12.9917808219178,100
12.9945205479452,122
12.9972602739726,139
13,8
13.0027397260274,3
13.0054794520548,107
13.0082191780822,135
13.0109589041096,118
13.013698630137,111
13.0164383561644,117
13.0191780821918,5
13.0219178082192,9
13.0246575342466,151
13.027397260274,141
13.0301369863014,90
13.0328767123288,104
13.0356164383562,143
13.0383561643836,9
13.041095890411,2
13.0438356164384,149
13.0465753424658,143
13.0493150684932,104
13.0520547945205,140
13.0547945205479,115
13.0575342465753,4
13.0602739726027,6
13.0630136986301,138
13.0657534246575,113
13.0684931506849,99
13.0712328767123,93
13.0739726027397,108
13.0767123287671,12
13.0794520547945,5
13.0821917808219,120
13.0849315068493,3
13.0876712328767,97
13.0904109589041,123
13.0931506849315,141
13.0958904109589,4
13.0986301369863,5
13.1013698630137,118
13.1041095890411,96
13.1068493150685,108
13.1095890410959,78
13.1123287671233,81
13.1150684931507,7
13.1178082191781,12
13.1205479452055,98
13.1232876712329,126
13.1260273972603,81
13.1287671232877,109
13.1315068493151,112
13.1342465753425,14
13.1369863013699,8
13.1397260273973,108
13.1424657534247,108
13.1452054794521,77
13.1479452054795,107
13.1506849315068,114
13.1534246575342,12
13.1561643835616,16
13.158904109589,81
13.1616438356164,111
13.1643835616438,126
13.1671232876712,116
13.1698630136986,87
13.172602739726,14
13.1753424657534,17
13.1780821917808,124
13.1808219178082,109
13.1835616438356,89
13.186301369863,162
13.1890410958904,4
13.1917808219178,2
13.1945205479452,5
13.1972602739726,112
13.2,92
13.2027397260274,110
13.2054794520548,75
13.2082191780822,83
13.2109589041096,4
13.213698630137,8
13.2164383561644,87
13.2191780821918,93
13.2219178082192,94
13.2246575342466,130
13.227397260274,83
13.2328767123288,3
13.2356164383562,86
13.2383561643836,89
13.241095890411,80
13.2438356164384,65
13.2465753424658,73
13.2493150684931,6
13.2520547945205,5
13.2547945205479,123
13.2575342465753,82
13.2602739726027,62
13.2630136986301,83
13.2657534246575,69
13.2684931506849,7
13.2712328767123,5
13.2739726027397,120
13.2767123287671,93
13.2794520547945,81
13.2821917808219,104
13.2849315068493,113
13.2876712328767,5
13.2904109589041,8
13.2931506849315,146
13.2958904109589,116
13.2986301369863,85
13.3013698630137,70
13.3041095890411,98
13.3068493150685,5
13.3095890410959,3
13.3123287671233,177
13.3150684931507,170
13.3178082191781,144
13.3205479452055,146
13.3232876712329,100
13.3260273972603,4
13.3287671232877,1
13.3315068493151,97
13.3342465753425,116
13.3369863013699,481
13.3397260273973,110
13.3424657534247,14
13.3452054794521,2
13.3479452054795,3
13.3506849315068,78
13.3534246575342,49
13.3561643835616,47
13.358904109589,57
13.3616438356164,11
13.3643835616438,2
13.3671232876712,1
13.3698630136986,34
13.372602739726,36
13.3753424657534,53
13.3780821917808,61
13.3808219178082,19
13.3835616438356,3
13.386301369863,2
13.3890410958904,50
13.3917808219178,52
13.3945205479452,44
13.3972602739726,213
13.4,160
13.4027397260274,6
13.4054794520548,7
13.4082191780822,180
13.4109589041096,114
13.413698630137,88
13.4164383561644,128
13.4191780821918,95
13.4219178082192,3
13.4246575342466,8
13.427397260274,117
13.4301369863014,109
13.4328767123288,268
13.4356164383562,51
13.4383561643836,33
13.441095890411,4
13.4438356164384,5
13.4465753424658,96
13.4493150684932,10
13.4520547945205,65
13.4547945205479,110
13.4575342465753,19
13.4602739726027,3
13.4630136986301,4
13.4657534246575,94
13.4684931506849,90
13.4712328767123,79
13.4739726027397,80
13.4767123287671,73
13.4794520547945,6
13.4821917808219,2
13.4849315068493,91
13.4876712328767,84
13.4904109589041,85
13.4931506849315,133
13.4958904109589,69
13.4986301369863,5
13.5013698630137,5
13.5041095890411,103
13.5068493150685,80
13.5095890410959,79
13.5123287671233,102
13.5150684931507,57
13.5178082191781,4
13.5205479452055,5
13.5232876712329,125
13.5260273972603,109
13.5287671232877,99
13.5315068493151,121
13.5342465753425,14
13.5369863013699,6
13.5397260273973,6
13.5424657534247,129
13.5452054794521,104
13.5479452054795,84
13.5506849315068,105
13.5534246575342,94
13.5561643835616,4
13.558904109589,2
13.5616438356164,104
13.5643835616438,102
13.5671232876712,76
13.5698630136986,82
13.572602739726,88
13.5753424657534,7
13.5780821917808,5
13.5808219178082,73
13.5835616438356,84
13.586301369863,94
13.5890410958904,2
13.5917808219178,77
13.5945205479452,6
13.5972602739726,9
13.6,119
13.6027397260274,116
13.6054794520548,203
13.6082191780822,1
13.6109589041096,1
13.613698630137,3
13.6164383561644,5
13.6191780821918,167
13.6219178082192,125
13.6246575342466,84
13.627397260274,125
13.6301369863014,79
13.6328767123288,3
13.6356164383562,10
13.6383561643836,107
13.641095890411,103
13.6438356164384,161
13.6465753424658,156
13.6493150684932,154
13.6520547945205,4
13.6547945205479,7
13.6575342465753,186
13.6602739726027,103
13.6630136986301,115
13.6657534246575,116
13.6684931506849,164
13.6712328767123,6
13.6739726027397,4
13.6767123287671,243
13.6794520547945,235
13.6821917808219,269
13.6849315068493,291
13.6876712328767,224
13.6904109589041,4
13.6931506849315,1
13.6958904109589,3
13.6986301369863,3
13.7013698630137,244
13.7041095890411,176
13.7068493150685,204
13.7095890410959,7
13.7123287671233,69
13.7150684931507,440
13.7178082191781,205
13.7205479452055,165
13.7232876712329,233
13.7260273972603,12
13.7287671232877,5
13.7315068493151,11
13.7342465753425,198
13.7369863013699,264
13.7397260273973,2277
13.7424657534247,1626
13.7452054794521,193
13.7479452054795,43
13.7506849315069,23
13.7534246575342,106
13.7561643835616,93
13.758904109589,84
13.7616438356164,84
13.7643835616438,79
13.7671232876712,8
13.7698630136986,16
13.772602739726,118
13.7753424657534,100
13.7780821917808,90
13.7808219178082,121
13.7835616438356,131
13.786301369863,7
13.7890410958904,10
13.7917808219178,126
13.7945205479452,119
13.7972602739726,175
13.8,4601
13.8027397260274,1981
13.8054794520548,257
13.8082191780822,123
13.8109589041096,990
13.813698630137,940
13.8164383561644,918
13.8191780821918,912
13.8219178082192,596
13.8246575342466,81
13.827397260274,89
13.8301369863014,652
13.8328767123288,658
13.8356164383562,617
13.8383561643836,604
13.841095890411,754
13.8438356164384,65
13.8465753424658,74
13.8493150684932,497
13.8520547945205,445
13.8547945205479,551
13.8575342465753,515
13.8602739726027,499
13.8630136986301,37
13.8657534246575,49
13.8684931506849,384
13.8712328767123,346
13.8739726027397,334
13.8767123287671,399
13.8794520547945,381
13.8821917808219,32
13.8849315068493,43
13.8876712328767,345
13.8904109589041,378
13.8931506849315,390
13.8958904109589,394
13.8986301369863,422
13.9013698630137,26
13.9041095890411,23
13.9068493150685,417
13.9095890410959,415
13.9123287671233,331
13.9150684931507,450
13.9178082191781,25
13.9205479452055,20
13.9232876712329,28
13.9260273972603,263
13.9287671232877,368
13.9315068493151,325
13.9342465753425,238
13.9369863013699,309
13.9397260273973,8
13.9424657534247,13
13.9452054794521,296
13.9479452054795,314
13.9506849315068,407
13.9534246575342,480
13.9561643835616,403
13.958904109589,14
13.9616438356164,16
13.9643835616438,374
13.9671232876712,274
13.9698630136986,314
13.972602739726,331
13.9753424657534,176
13.9780821917808,14
13.9808219178082,19
13.9835616438356,286
13.986301369863,266
13.9890410958904,2048
13.9917808219178,479
13.9945205479452,120
13.9972602739726,7
14,7
14.0027397260274,109
14.0054794520548,109
14.0082191780822,112
14.0109589041096,172
14.013698630137,103
14.0164383561644,3
14.0191780821918,4
14.0219178082192,158
14.0246575342466,115
14.027397260274,121
14.0301369863014,136
14.0328767123288,117
14.0356164383562,1
14.0383561643836,7
14.041095890411,132
14.0438356164384,134
14.0465753424658,124
14.0493150684932,1407
14.0520547945205,741
14.0547945205479,76
14.0575342465753,44
14.0602739726027,326
14.0630136986301,381
14.0657534246575,259
14.0684931506849,401
14.0712328767123,266
14.0739726027397,33
14.0767123287671,43
14.0794520547945,200
14.0821917808219,269
14.0849315068493,10
14.0876712328767,214
14.0904109589041,176
14.0931506849315,24
14.0958904109589,15
14.0986301369863,228
14.1013698630137,195
14.1041095890411,199
14.1068493150685,225
14.1095890410959,218
14.1123287671233,31
14.1150684931507,26
14.1178082191781,154
14.1205479452055,161
14.1232876712329,119
14.1260273972603,140
14.1287671232877,170
14.1315068493151,12
14.1342465753425,28
14.1369863013699,191
14.1397260273973,159
14.1424657534247,117
14.1452054794521,143
14.1479452054795,174
14.1506849315068,8
14.1534246575342,13
14.1561643835616,163
14.158904109589,165
14.1616438356164,139
14.1643835616438,175
14.1671232876712,134
14.1698630136986,2
14.172602739726,7
14.1753424657534,260
14.1780821917808,195
14.1808219178082,155
14.1835616438356,153
14.186301369863,6
14.1890410958904,3
14.1917808219178,9
14.1945205479452,202
14.1972602739726,157
14.2,190
14.2027397260274,192
14.2054794520548,174
14.2082191780822,3
14.2109589041096,9
14.213698630137,180
14.2164383561644,150
14.2191780821918,163
14.2219178082192,305
14.2246575342466,126
14.227397260274,3
14.2301369863014,8
14.2328767123288,152
14.2356164383562,150
14.2383561643836,194
14.241095890411,203
14.2438356164384,80
14.2465753424658,4
14.2493150684931,7
14.2520547945205,21
14.2547945205479,24
14.2575342465753,46
14.2602739726027,82
14.2630136986301,186
14.2657534246575,11
14.2684931506849,15
14.2712328767123,249
14.2739726027397,165
14.2767123287671,193
14.2794520547945,161
14.2821917808219,158
14.2849315068493,1
14.2876712328767,8
14.2904109589041,139
14.2931506849315,117
14.2958904109589,123
14.2986301369863,146
14.3013698630137,117
14.3041095890411,11
14.3068493150685,14
14.3095890410959,153
14.3123287671233,117
14.3150684931507,112
14.3178082191781,181
14.3205479452055,174
14.3232876712329,5
14.3260273972603,8
14.3287671232877,130
14.3315068493151,147
14.3342465753425,143
14.3369863013699,86
14.3397260273973,112
14.3424657534247,4
14.3452054794521,9
14.3479452054795,132
14.3506849315068,146
14.3534246575342,114
14.3561643835616,147
14.358904109589,104
14.3616438356164,4
14.3643835616438,20
14.3671232876712,155
14.3698630136986,121
14.372602739726,118
14.3753424657534,115
14.3780821917808,85
14.3808219178082,9
14.3835616438356,7
14.386301369863,145
14.3890410958904,141
14.3917808219178,137
14.3945205479452,278
14.3972602739726,197
14.4,7
14.4027397260274,16
14.4054794520548,231
14.4082191780822,172
14.4109589041096,146
14.413698630137,129
14.4164383561644,175
14.4191780821918,11
14.4219178082192,9
14.4246575342466,187
14.427397260274,183
14.4301369863014,605
14.4328767123288,199
14.4356164383562,7
14.4383561643836,1
14.441095890411,246
14.4438356164384,259
14.4465753424658,125
14.4493150684932,176
14.4520547945205,73
14.4547945205479,7
14.4575342465753,6
14.4602739726027,198
14.4630136986301,186
14.4657534246575,139
14.4684931506849,121
14.4712328767123,118
14.4739726027397,8
14.4767123287671,8
14.4794520547945,115
14.4821917808219,102
14.4849315068493,134
14.4876712328767,181
14.4904109589041,160
14.4931506849315,7
14.4958904109589,6
14.4986301369863,156
14.5013698630137,199
14.5041095890411,154
14.5068493150685,166
14.5095890410959,140
14.5123287671233,5
14.5150684931507,12
14.5178082191781,234
14.5205479452055,201
14.5232876712329,136
14.5260273972603,150
14.5287671232877,119
14.5315068493151,9
14.5342465753425,8
14.5369863013699,173
14.5397260273973,160
14.5424657534247,166
14.5452054794521,211
14.5479452054795,30
14.5506849315068,3
14.5534246575342,6
14.5561643835616,178
14.558904109589,175
14.5616438356164,183
14.5643835616438,151
14.5671232876712,141
14.5698630136986,3
14.572602739726,4
14.5753424657534,145
14.5780821917808,192
14.5808219178082,195
14.5835616438356,204
14.586301369863,19
14.5890410958904,2
14.5917808219178,10
14.5945205479452,158
14.5972602739726,146
14.6,118
14.6027397260274,171
14.6054794520548,5
14.6082191780822,2
14.6109589041096,4
14.613698630137,81
14.6164383561644,100
14.6191780821918,103
14.6219178082192,103
14.6246575342466,70
14.627397260274,1
14.6301369863014,4
14.6328767123288,149
14.6356164383562,107
14.6383561643836,99
14.641095890411,110
14.6438356164384,100
14.6465753424658,2
14.6493150684932,6
14.6520547945205,108
14.6547945205479,130
14.6575342465753,78
14.6602739726027,100
14.6630136986301,122
14.6657534246575,6
14.6684931506849,7
14.6712328767123,162
14.6739726027397,97
14.6767123287671,104
14.6794520547945,131
14.6821917808219,189
14.6849315068493,4
14.6876712328767,4
14.6904109589041,5
14.6931506849315,11
14.6958904109589,127
14.6986301369863,141
14.7013698630137,85
14.7041095890411,3
14.7068493150685,5
14.7095890410959,175
14.7123287671233,124
14.7150684931507,123
14.7178082191781,144
14.7205479452055,106
14.7232876712329,8
14.7260273972603,9
14.7287671232877,10
14.7315068493151,146
14.7342465753425,108
14.7369863013699,102
14.7397260273973,128
14.7424657534247,8
14.7452054794521,7
14.7479452054795,124
14.7506849315069,85
14.7534246575342,89
14.7561643835616,137
14.758904109589,143
14.7616438356164,7
14.7643835616438,5
14.7671232876712,99
14.7698630136986,121
14.772602739726,102
14.7753424657534,114
14.7780821917808,144
14.7808219178082,17
14.7835616438356,5
14.786301369863,117
14.7890410958904,188
14.7917808219178,125
14.7945205479452,133
14.7972602739726,106
14.8,6
14.8027397260274,8
14.8054794520548,110
14.8082191780822,165
14.8109589041096,118
14.813698630137,137
14.8164383561644,76
14.8191780821918,14
14.8219178082192,10
14.8246575342466,106
14.827397260274,111
14.8301369863014,99
14.8328767123288,128
14.8356164383562,96
14.8383561643836,6
14.841095890411,11
14.8438356164384,173
14.8465753424658,109
14.8493150684932,97
14.8520547945205,130
14.8547945205479,187
14.8575342465753,6
14.8602739726027,7
14.8630136986301,135
14.8657534246575,86
14.8684931506849,107
14.8712328767123,98
14.8739726027397,104
14.8767123287671,4
14.8794520547945,4
14.8821917808219,104
14.8849315068493,107
14.8876712328767,115
14.8904109589041,112
14.8931506849315,99
14.8958904109589,5
14.8986301369863,3
14.9013698630137,134
14.9041095890411,130
14.9068493150685,90
14.9095890410959,164
14.9123287671233,1
14.9178082191781,5
14.9205479452055,114
14.9232876712329,139
14.9260273972603,113
14.9287671232877,123
14.9315068493151,120
14.9342465753425,5
14.9369863013699,7
14.9397260273973,159
14.9424657534247,134
14.9452054794521,131
14.9479452054795,127
14.9506849315068,89
14.9534246575342,8
14.9561643835616,9
14.958904109589,151
14.9616438356164,125
14.9643835616438,112
14.9671232876712,140
14.9698630136986,137
14.972602739726,3
14.9753424657534,10
14.9780821917808,115
14.9808219178082,135
14.9835616438356,125
14.986301369863,120
14.9890410958904,88
14.9917808219178,2
14.9945205479452,3
14.9972602739726,148
15,138
15.0027397260274,119
15.0054794520548,126
15.0082191780822,129
15.013698630137,6
15.0164383561644,149
15.0191780821918,142
15.0219178082192,111
15.0246575342466,120
15.027397260274,149
15.0301369863014,3
15.0328767123288,3
15.0356164383562,117
15.0383561643836,145
15.041095890411,103
15.0438356164384,98
15.0465753424658,142
15.0493150684932,5
15.0520547945205,7
15.0547945205479,130
15.0575342465753,126
15.0602739726027,129
15.0630136986301,131
15.0657534246575,129
15.0684931506849,4
15.0712328767123,12
15.0739726027397,115
15.0767123287671,156
15.0794520547945,120
15.0821917808219,121
15.0849315068493,4
15.0876712328767,2
15.0904109589041,8
15.0931506849315,126
15.0958904109589,120
15.0986301369863,109
15.1013698630137,93
15.1041095890411,91
15.1068493150685,3
15.1095890410959,5
15.1123287671233,140
15.1150684931507,109
15.1178082191781,119
15.1205479452055,108
15.1232876712329,99
15.1260273972603,3
15.1287671232877,6
15.1315068493151,136
15.1342465753425,157
15.1369863013699,91
15.1397260273973,117
15.1424657534247,85
15.1452054794521,7
15.1479452054795,15
15.1506849315068,130
15.1534246575342,131
15.1561643835616,92
15.158904109589,101
15.1616438356164,75
15.1643835616438,1
15.1671232876712,10
15.1698630136986,133
15.172602739726,119
15.1753424657534,85
15.1780821917808,128
15.1808219178082,3
15.1835616438356,1
15.186301369863,4
15.1890410958904,142
15.1917808219178,95
15.1945205479452,75
15.1972602739726,87
15.2,84
15.2027397260274,1
15.2054794520548,3
15.2082191780822,109
15.2109589041096,101
15.213698630137,95
15.2164383561644,100
15.2191780821918,127
15.2219178082192,2
15.2246575342466,6
15.227397260274,119
15.2301369863014,113
15.2328767123288,95
15.2356164383562,104
15.2383561643836,109
15.241095890411,1
15.2438356164384,3
15.2465753424658,102
15.2493150684931,81
15.2520547945205,89
15.2547945205479,78
15.2575342465753,101
15.2602739726027,5
15.2630136986301,6
15.2657534246575,108
15.2684931506849,106
15.2712328767123,64
15.2739726027397,112
15.2767123287671,103
15.2794520547945,2
15.2821917808219,5
15.2849315068493,149
15.2876712328767,165
15.2904109589041,102
15.2931506849315,147
15.2958904109589,112
15.2986301369863,5
15.3013698630137,2
15.3041095890411,160
15.3068493150685,136
15.3095890410959,151
15.3123287671233,81
15.3150684931507,72
15.3178082191781,1
15.3205479452055,7
15.3232876712329,125
15.3260273972603,149
15.3287671232877,413
15.3315068493151,185
15.3342465753425,18
15.3369863013699,1
15.3397260273973,6
15.3424657534247,52
15.3452054794521,60
15.3479452054795,31
15.3506849315068,60
15.3534246575342,16
15.358904109589,4
15.3616438356164,79
15.3643835616438,50
15.3671232876712,62
15.3698630136986,55
15.372602739726,308
15.3753424657534,9
15.3780821917808,9
15.3808219178082,181
15.3835616438356,161
15.386301369863,118
15.3890410958904,121
15.3917808219178,220
15.3945205479452,4
15.3972602739726,3
15.4,102
15.4027397260274,117
15.4054794520548,130
15.4082191780822,105
15.4109589041096,90
15.413698630137,4
15.4164383561644,8
15.4191780821918,113
15.4219178082192,126
15.4246575342466,377
15.427397260274,94
15.4301369863014,85
15.4328767123288,1
15.4356164383562,3
15.4383561643836,98
15.441095890411,75
15.4438356164384,119
15.4465753424658,90
15.4493150684932,15
15.4520547945205,5
15.4575342465753,87
15.4602739726027,115
15.4630136986301,124
15.4657534246575,77
15.4684931506849,122
15.4712328767123,2
15.4739726027397,4
15.4767123287671,105
15.4794520547945,120
15.4821917808219,84
15.4849315068493,145
15.4876712328767,124
15.4904109589041,3
15.4931506849315,4
15.4958904109589,76
15.4986301369863,84
15.5013698630137,40
15.5041095890411,41
15.5068493150685,41
15.5123287671233,2
15.5150684931507,84
15.5178082191781,101
15.5205479452055,95
15.5232876712329,117
15.5260273972603,39
15.5315068493151,1
15.5342465753425,109
15.5369863013699,54
15.5397260273973,97
15.5424657534247,146
15.5452054794521,28
15.5479452054795,2
15.5506849315068,12
15.5534246575342,109
15.5561643835616,112
15.558904109589,77
15.5616438356164,86
15.5643835616438,60
15.5671232876712,2
15.5698630136986,10
15.572602739726,105
15.5753424657534,69
15.5780821917808,89
15.5808219178082,105
15.5835616438356,89
15.586301369863,5
15.5890410958904,6
15.5917808219178,12
15.5945205479452,107
15.5972602739726,118
15.6,117
15.6027397260274,55
15.6054794520548,4
15.6082191780822,2
15.6109589041096,3
15.613698630137,88
15.6164383561644,78
15.6191780821918,97
15.6219178082192,96
15.6246575342466,5
15.627397260274,3
15.6301369863014,83
15.6328767123288,92
15.6356164383562,75
15.6383561643836,100
15.641095890411,103
15.6438356164384,7
15.6465753424658,5
15.6493150684932,142
15.6520547945205,134
15.6547945205479,87
15.6575342465753,117
15.6602739726027,164
15.6630136986301,5
15.6657534246575,4
15.6684931506849,149
15.6712328767123,162
15.6739726027397,114
15.6767123287671,131
15.6794520547945,90
15.6821917808219,3
15.6849315068493,5
15.6876712328767,2
15.6931506849315,78
15.6958904109589,95
15.6986301369863,74
15.7013698630137,2
15.7041095890411,3
15.7068493150685,212
15.7095890410959,165
15.7123287671233,218
15.7150684931507,249
15.7178082191781,116
15.7205479452055,3
15.7232876712329,7
15.7260273972603,180
15.7287671232877,4
15.7315068493151,135
15.7342465753425,131
15.7369863013699,58
15.7397260273973,3
15.7424657534247,7
15.7452054794521,109
15.7479452054795,143
15.7506849315069,652
15.7534246575342,990
15.7561643835616,49
15.758904109589,1
15.7616438356164,6
15.7643835616438,78
15.7671232876712,71
15.7698630136986,58
15.772602739726,87
15.7753424657534,42
15.7780821917808,2
15.7808219178082,3
15.7835616438356,69
15.786301369863,57
15.7890410958904,70
15.7917808219178,80
15.7945205479452,1254
15.7972602739726,100
15.8,83
15.8027397260274,361
15.8054794520548,388
15.8082191780822,342
15.8109589041096,311
15.813698630137,204
15.8164383561644,34
15.8191780821918,17
15.8219178082192,249
15.8246575342466,206
15.827397260274,226
15.8301369863014,282
15.8328767123288,268
15.8356164383562,25
15.8383561643836,27
15.841095890411,187
15.8438356164384,205
15.8465753424658,183
15.8493150684932,196
15.8520547945205,213
15.8547945205479,16
15.8575342465753,16
15.8602739726027,232
15.8630136986301,236
15.8657534246575,141
15.8684931506849,147
15.8712328767123,175
15.8739726027397,8
15.8767123287671,6
15.8794520547945,162
15.8821917808219,125
15.8849315068493,153
15.8876712328767,149
15.8904109589041,128
15.8931506849315,10
15.8958904109589,21
15.8986301369863,140
15.9013698630137,141
15.9041095890411,117
15.9068493150685,168
15.9095890410959,9
15.9123287671233,3
15.9150684931507,11
15.9178082191781,163
15.9205479452055,136
15.9232876712329,148
15.9260273972603,162
15.9287671232877,151
15.9315068493151,4
15.9342465753425,7
15.9369863013699,168
15.9397260273973,316
15.9424657534247,221
15.9452054794521,236
15.9479452054795,219
15.9506849315068,8
15.9534246575342,13
15.9561643835616,214
15.958904109589,193
15.9616438356164,278
15.9643835616438,198
15.9671232876712,166
15.9698630136986,9
15.972602739726,8
15.9753424657534,205
15.9780821917808,136
15.9808219178082,124
15.9835616438356,169
15.986301369863,61
15.9890410958904,9
15.9917808219178,7
15.9945205479452,153
15.9972602739726,149
16,679
16.0027397260274,1542
16.0054794520548,59
16.0082191780822,8
16.0109589041096,26
16.013698630137,107
16.0164383561644,85
16.0191780821918,70
16.0219178082192,70
16.0246575342466,54
16.027397260274,1
16.0301369863014,2
16.0328767123288,103
16.0356164383562,54
16.0383561643836,72
16.041095890411,72
16.0438356164384,1036
16.0465753424658,69
16.0493150684932,60
16.0520547945205,361
16.0547945205479,310
16.0575342465753,235
16.0602739726027,216
16.0630136986301,185
16.0657534246575,39
16.0684931506849,66
16.0712328767123,177
16.0739726027397,303
16.0767123287671,128
16.0794520547945,205
16.0821917808219,20
16.0849315068493,23
16.0876712328767,13
16.0904109589041,151
16.0931506849315,179
16.0958904109589,115
16.0986301369863,170
16.1013698630137,176
16.1041095890411,11
16.1068493150685,8
16.1095890410959,149
16.1123287671233,160
16.1150684931507,90
16.1178082191781,126
16.1205479452055,136
16.1232876712329,12
16.1260273972603,15
16.1287671232877,122
16.1315068493151,134
16.1342465753425,133
16.1369863013699,100
16.1397260273973,169
16.1424657534247,8
16.1452054794521,7
16.1479452054795,109
16.1506849315068,110
16.1534246575342,138
16.1561643835616,133
16.158904109589,178
16.1643835616438,10
16.1671232876712,144
16.1698630136986,127
16.172602739726,147
16.1753424657534,178
16.1780821917808,3
16.1808219178082,4
16.1835616438356,5
16.186301369863,187
16.1890410958904,105
16.1917808219178,122
16.1945205479452,134
16.1972602739726,168
16.2,2
16.2027397260274,12
16.2054794520548,130
16.2082191780822,137
16.2109589041096,96
16.213698630137,104
16.2164383561644,141
16.2191780821918,3
16.2219178082192,8
16.2246575342466,102
16.227397260274,112
16.2301369863014,90
16.2328767123288,97
16.2356164383562,118
16.2383561643836,6
16.241095890411,3
16.2438356164384,84
16.2465753424658,131
16.2493150684931,101
16.2520547945205,110
16.2547945205479,138
16.2575342465753,5
16.2602739726027,11
16.2630136986301,105
16.2657534246575,117
16.2684931506849,73
16.2712328767123,99
16.2739726027397,135
16.2767123287671,7
16.2794520547945,5
16.2821917808219,120
16.2849315068493,97
16.2876712328767,93
16.2904109589041,105
16.2931506849315,120
16.2958904109589,4
16.2986301369863,10
16.3013698630137,110
16.3041095890411,124
16.3068493150685,132
16.3095890410959,97
16.3123287671233,88
16.3150684931507,17
16.3178082191781,10
16.3205479452055,115
16.3232876712329,178
16.3260273972603,142
16.3287671232877,109
16.3315068493151,98
16.3342465753425,8
16.3369863013699,11
16.3397260273973,91
16.3424657534247,97
16.3452054794521,107
16.3479452054795,109
16.3506849315068,123
16.3534246575342,9
16.3561643835616,15
16.358904109589,99
16.3616438356164,97
16.3643835616438,102
16.3671232876712,107
16.3698630136986,179
16.372602739726,12
16.3753424657534,13
16.3780821917808,158
16.3808219178082,123
16.3835616438356,112
16.386301369863,82
16.3890410958904,166
16.3917808219178,6
16.3945205479452,8
16.3972602739726,141
16.4,139
16.4027397260274,110
16.4054794520548,107
16.4082191780822,142
16.4109589041096,2
16.413698630137,1
16.4164383561644,167
16.4191780821918,116
16.4219178082192,122
16.4246575342466,133
16.427397260274,97
16.4301369863014,2
16.4328767123288,2
16.4356164383562,105
16.4383561643836,135
16.441095890411,81
16.4438356164384,71
16.4465753424658,132
16.4493150684931,3
16.4520547945205,6
16.4547945205479,112
16.4575342465753,105
16.4602739726027,104
16.4630136986301,129
16.4657534246575,51
16.4684931506849,1
16.4712328767123,5
16.4739726027397,127
16.4767123287671,104
16.4794520547945,80
16.4821917808219,105
16.4849315068493,117
16.4876712328767,4
16.4931506849315,112
16.4958904109589,104
16.4986301369863,114
16.5013698630137,95
16.5041095890411,166
16.5068493150685,1
16.5095890410959,3
16.5123287671233,95
16.5150684931507,115
16.5178082191781,79
16.5205479452055,73
16.5232876712329,115
16.5260273972603,10
16.5287671232877,4
16.5315068493151,149
16.5342465753425,102
16.5369863013699,79
16.5397260273973,114
16.5424657534247,12
16.5452054794521,3
16.5479452054795,5
16.5506849315069,111
16.5534246575342,126
16.5561643835616,80
16.558904109589,116
16.5616438356164,83
16.5643835616438,4
16.5671232876712,9
16.5698630136986,95
16.572602739726,101
16.5753424657534,86
16.5780821917808,107
16.5808219178082,106
16.5835616438356,2
16.586301369863,2
16.5890410958904,2
16.5917808219178,65
16.5945205479452,86
16.5972602739726,86
16.6,70
16.6027397260274,1
16.6054794520548,3
16.6082191780822,1
16.6109589041096,23
16.613698630137,70
16.6164383561644,77
16.6191780821918,105
16.6219178082192,4
16.6246575342466,2
16.627397260274,98
16.6301369863014,96
16.6328767123288,79
16.6356164383562,88
16.6383561643836,105
16.641095890411,14
16.6438356164384,9
16.6465753424658,79
16.6493150684932,84
16.6520547945205,70
16.6547945205479,105
16.6575342465753,60
16.6602739726027,1
16.6657534246575,96
16.6684931506849,88
16.6712328767123,85
16.6739726027397,95
16.6767123287671,111
16.6794520547945,1
16.6821917808219,2
16.6849315068493,3
16.6876712328767,1
16.6904109589041,70
16.6931506849315,97
16.6958904109589,128
16.6986301369863,2
16.7013698630137,3
16.7041095890411,126
16.7068493150685,124
16.7095890410959,75
16.7123287671233,99
16.7150684931507,130
16.7178082191781,2
16.7205479452055,3
16.7232876712329,92
16.7260273972603,86
16.7287671232877,5
16.7315068493151,84
16.7342465753425,130
16.7369863013699,1
16.7397260273973,6
16.7424657534247,66
16.7452054794521,101
16.7479452054795,91
16.7506849315069,90
16.7534246575342,93
16.7561643835616,5
16.758904109589,3
16.7616438356164,81
16.7643835616438,85
16.7671232876712,113
16.7698630136986,81
16.772602739726,110
16.7753424657534,2
16.7780821917808,1
16.7808219178082,113
16.7835616438356,86
16.786301369863,66
16.7890410958904,86
16.7917808219178,100
16.7945205479452,3
16.7972602739726,9
16.8,117
16.8027397260274,100
16.8054794520548,73
16.8082191780822,101
16.8109589041096,55
16.813698630137,3
16.8164383561644,4
16.8191780821918,110
16.8219178082192,97
16.8246575342466,53
16.827397260274,88
16.8301369863014,73
16.8328767123288,7
16.8356164383562,4
16.8383561643836,94
16.841095890411,119
16.8438356164384,85
16.8465753424658,75
16.8493150684932,153
16.8520547945205,2
16.8547945205479,2
16.8575342465753,108
16.8602739726027,93
16.8630136986301,66
16.8657534246575,93
16.8684931506849,102
16.8712328767123,2
16.8739726027397,5
16.8767123287671,86
16.8794520547945,95
16.8821917808219,91
16.8849315068493,116
16.8876712328767,90
16.8904109589041,1
16.8931506849315,7
16.8958904109589,97
16.8986301369863,88
16.9013698630137,86
16.9041095890411,150
16.9068493150685,6
16.9095890410959,4
16.9123287671233,2
16.9150684931507,97
16.9178082191781,105
16.9205479452055,90
16.9232876712329,67
16.9260273972603,133
16.9315068493151,2
16.9342465753425,125
16.9369863013699,119
16.9397260273973,66
16.9424657534247,69
16.9452054794521,119
16.9479452054795,1
16.9506849315068,2
16.9534246575342,96
16.9561643835616,106
16.958904109589,79
16.9616438356164,87
16.9643835616438,84
16.9671232876712,3
16.9698630136986,1
16.972602739726,107
16.9753424657534,120
16.9780821917808,103
16.9808219178082,97
16.9835616438356,123
16.986301369863,2
16.9890410958904,2
16.9917808219178,127
16.9945205479452,98
16.9972602739726,82
17,133
17.0027397260274,108
17.0054794520548,3
17.0082191780822,2
17.0109589041096,131
17.013698630137,113
17.0164383561644,106
17.0191780821918,97
17.0219178082192,122
17.0246575342466,2
17.027397260274,4
17.0301369863014,109
17.0328767123288,132
17.0356164383562,80
17.0383561643836,107
17.041095890411,109
17.0438356164384,1
17.0465753424658,2
17.0493150684932,92
17.0520547945205,89
17.0547945205479,82
17.0575342465753,101
17.0602739726027,131
17.0630136986301,1
17.0657534246575,2
17.0684931506849,101
17.0712328767123,93
17.0739726027397,77
17.0767123287671,112
17.0794520547945,82
17.0821917808219,2
17.0849315068493,2
17.0876712328767,2
17.0904109589041,112
17.0931506849315,80
17.0958904109589,63
17.0986301369863,150
17.1013698630137,2
17.1041095890411,1
17.1068493150685,89
17.1095890410959,80
17.1123287671233,86
17.1150684931507,71
17.1178082191781,89
17.1205479452055,5
17.1232876712329,2
17.1260273972603,81
17.1287671232877,132
17.1315068493151,86
17.1342465753425,73
17.1369863013699,104
17.1397260273973,2
17.1424657534247,5
17.1452054794521,76
17.1479452054795,65
17.1506849315068,84
17.1534246575342,67
17.1561643835616,104
17.158904109589,12
17.1616438356164,12
17.1643835616438,91
17.1671232876712,115
17.1698630136986,87
17.172602739726,103
17.1753424657534,86
17.1780821917808,2
17.1808219178082,4
17.1835616438356,92
17.186301369863,83
17.1890410958904,120
17.1917808219178,136
17.1945205479452,3
17.1972602739726,1
17.2,6
17.2027397260274,105
17.2054794520548,73
17.2082191780822,82
17.2109589041096,78
17.213698630137,77
17.2164383561644,4
17.2191780821918,9
17.2219178082192,77
17.2246575342466,106
17.227397260274,74
17.2301369863014,65
17.2328767123288,119
17.2356164383562,2
17.2383561643836,5
17.241095890411,57
17.2438356164384,51
17.2465753424658,81
17.2493150684931,47
17.2520547945205,78
17.2547945205479,4
17.2602739726027,67
17.2630136986301,81
17.2657534246575,55
17.2684931506849,77
17.2712328767123,64
17.2739726027397,2
17.2767123287671,2
17.2794520547945,137
17.2821917808219,67
17.2849315068493,90
17.2876712328767,97
17.2904109589041,131
17.2931506849315,2
17.2958904109589,4
17.2986301369863,92
17.3013698630137,87
17.3041095890411,141
17.3068493150685,73
17.3095890410959,51
17.3123287671233,1
17.3150684931507,4
17.3178082191781,66
17.3205479452055,41
17.3232876712329,234
17.3260273972603,122
17.3287671232877,22
17.3342465753425,1
17.3369863013699,36
17.3397260273973,56
17.3424657534247,36
17.3452054794521,53
17.3479452054795,37
17.3561643835616,31
17.358904109589,48
17.3616438356164,23
17.3643835616438,46
17.3671232876712,260
17.3698630136986,5
17.372602739726,4
17.3753424657534,144
17.3780821917808,127
17.3808219178082,124
17.3835616438356,111
17.386301369863,107
17.3890410958904,2
17.3917808219178,3
17.3945205479452,105
17.3972602739726,100
17.4,82
17.4027397260274,91
17.4054794520548,96
17.4109589041096,2
17.413698630137,91
17.4164383561644,97
17.4191780821918,133
17.4219178082192,68
17.4246575342466,86
17.427397260274,5
17.4301369863014,2
17.4328767123288,74
17.4356164383562,78
17.4383561643836,68
17.441095890411,50
17.4438356164384,86
17.4465753424658,4
17.4493150684931,6
17.4520547945205,62
17.4547945205479,66
17.4575342465753,79
17.4602739726027,138
17.4630136986301,75
17.4657534246575,10
17.4684931506849,3
17.4712328767123,128
17.4739726027397,85
17.4767123287671,75
17.4794520547945,106
17.4821917808219,72
17.4849315068493,3
17.4876712328767,15
17.4904109589041,106
17.4931506849315,83
17.4958904109589,89
17.4986301369863,151
17.5013698630137,100
17.5041095890411,2
17.5068493150685,3
17.5095890410959,99
17.5123287671233,135
17.5150684931507,124
17.5178082191781,69
17.5205479452055,76
17.5232876712329,1
17.5260273972603,1
17.5287671232877,94
17.5315068493151,82
17.5342465753425,64
17.5369863013699,71
17.5397260273973,18
17.5424657534247,2
17.5452054794521,3
17.5479452054795,92
17.5506849315069,135
17.5534246575342,82
17.5561643835616,107
17.558904109589,127
17.5616438356164,2
17.5671232876712,85
17.5698630136986,89
17.572602739726,74
17.5753424657534,93
17.5780821917808,79
17.5808219178082,5
17.5835616438356,5
17.586301369863,117
17.5890410958904,2
17.5917808219178,65
17.5945205479452,72
17.5972602739726,97
17.6054794520548,2
17.6109589041096,28
17.613698630137,114
17.6164383561644,181
17.6191780821918,3
17.6219178082192,4
17.6246575342466,94
17.627397260274,58
17.6301369863014,59
17.6328767123288,46
17.6356164383562,106
17.6383561643836,2
17.6438356164384,85
17.6465753424658,124
17.6493150684932,82
17.6520547945205,102
17.6547945205479,100
17.6575342465753,4
17.6602739726027,1
17.6630136986301,62
17.6657534246575,65
17.6684931506849,50
17.6712328767123,87
17.6739726027397,152
17.6767123287671,3
17.6794520547945,2
17.6821917808219,1
17.6849315068493,1
17.6876712328767,83
17.6904109589041,95
17.6931506849315,92
17.6958904109589,3
17.6986301369863,3
17.7013698630137,134
17.7041095890411,147
17.7068493150685,178
17.7095890410959,165
17.7123287671233,81
17.7150684931507,1
17.7178082191781,1
17.7205479452055,202
17.7232876712329,130
17.7260273972603,95
17.7287671232877,12
17.7315068493151,65
17.7342465753425,3
17.7369863013699,28
17.7397260273973,126
17.7424657534247,175
17.7452054794521,606
17.7479452054795,2151
17.7506849315069,61
17.7534246575342,12
17.7561643835616,9
17.758904109589,47
17.7616438356164,38
17.7643835616438,37
17.7671232876712,24
17.7698630136986,28
17.772602739726,4
17.7753424657534,8
17.7780821917808,60
17.7808219178082,26
17.7835616438356,61
17.786301369863,72
17.7890410958904,8360
17.7917808219178,351
17.7945205479452,847
17.7972602739726,1960
17.8,1525
17.8027397260274,1459
17.8054794520548,1405
17.8082191780822,924
17.8109589041096,109
17.813698630137,339
17.8164383561644,1473
17.8191780821918,1296
17.8219178082192,1403
17.8246575342466,1236
17.827397260274,1447
17.8301369863014,147
17.8328767123288,377
17.8356164383562,962
17.8383561643836,957
17.841095890411,995
17.8438356164384,824
17.8465753424658,666
17.8493150684932,53
17.8520547945205,85
17.8547945205479,560
17.8575342465753,573
17.8602739726027,504
17.8630136986301,653
17.8657534246575,649
17.8684931506849,37
17.8712328767123,108
17.8739726027397,460
17.8767123287671,475
17.8794520547945,519
17.8821917808219,442
17.8849315068493,636
17.8876712328767,36
17.8904109589041,60
17.8931506849315,325
17.8958904109589,385
17.8986301369863,330
17.9013698630137,453
17.9041095890411,493
17.9068493150685,55
17.9095890410959,57
17.9123287671233,327
17.9150684931507,264
17.9178082191781,388
17.9205479452055,438
17.9232876712329,43
17.9260273972603,24
17.9287671232877,43
17.9315068493151,262
17.9342465753425,263
17.9369863013699,332
17.9397260273973,257
17.9424657534247,208
17.9452054794521,16
17.9479452054795,18
17.9506849315068,219
17.9534246575342,296
17.9561643835616,181
17.958904109589,200
17.9616438356164,257
17.9643835616438,19
17.9671232876712,27
17.9698630136986,143
17.972602739726,200
17.9753424657534,145
17.9780821917808,211
17.9808219178082,222
17.9835616438356,14
17.986301369863,17
17.9890410958904,225
17.9917808219178,163
17.9945205479452,692
17.9972602739726,467
18,57
18.0027397260274,3
18.0054794520548,10
18.0082191780822,187
18.0109589041096,148
18.013698630137,65
18.0164383561644,105
18.0191780821918,70
18.0219178082192,2
18.0246575342466,6
18.027397260274,95
18.0301369863014,92
18.0328767123288,83
18.0356164383562,30
18.0383561643836,1045
18.041095890411,79
18.0438356164384,85
18.0465753424658,415
18.0493150684932,298
18.0520547945205,241
18.0547945205479,227
18.0575342465753,176
18.0602739726027,20
18.0630136986301,35
18.0657534246575,194
18.0684931506849,186
18.0712328767123,217
18.0739726027397,142
18.0767123287671,188
18.0794520547945,10
18.0821917808219,10
18.0849315068493,14
18.0876712328767,107
18.0904109589041,145
18.0931506849315,223
18.0958904109589,144
18.0986301369863,3
18.1013698630137,11
18.1041095890411,150
18.1068493150685,125
18.1095890410959,152
18.1123287671233,122
18.1150684931507,142
18.1178082191781,9
18.1205479452055,14
18.1232876712329,96
18.1260273972603,108
18.1287671232877,129
18.1315068493151,167
18.1342465753425,191
18.1369863013699,22
18.1397260273973,20
18.1424657534247,92
18.1452054794521,107
18.1479452054795,135
18.1506849315068,141
18.1534246575342,167
18.1561643835616,14
18.158904109589,15
18.1616438356164,124
18.1643835616438,110
18.1671232876712,113
18.1698630136986,97
18.172602739726,149
18.1753424657534,12
18.1780821917808,9
18.1808219178082,93
18.1835616438356,83
18.186301369863,122
18.1890410958904,176
18.1917808219178,9
18.1945205479452,6
18.1972602739726,8
18.2,85
18.2027397260274,114
18.2054794520548,107
18.2082191780822,133
18.2109589041096,85
18.213698630137,2
18.2164383561644,4
18.2191780821918,126
18.2219178082192,86
18.2246575342466,80
18.227397260274,106
18.2301369863014,127
18.2328767123288,3
18.2356164383562,2
18.2383561643836,105
18.241095890411,77
18.2438356164384,102
18.2465753424658,129
18.2493150684931,95
18.2520547945205,6
18.2547945205479,12
18.2575342465753,105
18.2602739726027,114
18.2630136986301,93
18.2657534246575,90
18.2684931506849,123
18.2739726027397,11
18.2767123287671,102
18.2794520547945,62
18.2821917808219,76
18.2849315068493,112
18.2876712328767,114
18.2904109589041,4
18.2931506849315,1
18.2958904109589,85
18.2986301369863,95
18.3013698630137,111
18.3041095890411,89
18.3068493150685,98
18.3095890410959,5
18.3123287671233,13
18.3150684931507,90
18.3178082191781,67
18.3205479452055,93
18.3232876712329,107
18.3260273972603,115
18.3287671232877,5
18.3315068493151,11
18.3342465753425,91
18.3369863013699,80
18.3397260273973,112
18.3424657534247,120
18.3452054794521,105
18.3479452054795,7
18.3506849315068,4
18.3534246575342,89
18.3561643835616,73
18.358904109589,100
18.3616438356164,107
18.3643835616438,107
18.3671232876712,4
18.3698630136986,4
18.372602739726,101
18.3753424657534,76
18.3780821917808,93
18.3808219178082,87
18.3835616438356,204
18.386301369863,9
18.3890410958904,12
18.3917808219178,144
18.3945205479452,122
18.3972602739726,103
18.4,134
18.4027397260274,108
18.4054794520548,13
18.4082191780822,13
18.4109589041096,127
18.413698630137,112
18.4164383561644,171
18.4191780821918,128
18.4219178082192,135
18.4246575342466,12
18.427397260274,10
18.4301369863014,245
18.4328767123288,143
18.4356164383562,134
18.4383561643836,153
18.441095890411,10
18.4438356164384,16
18.4465753424658,174
18.4493150684931,126
18.4520547945205,304
18.4547945205479,166
18.4575342465753,53
18.4602739726027,17
18.4630136986301,9
18.4657534246575,190
18.4684931506849,96
18.4712328767123,580
18.4739726027397,187
18.4767123287671,273
18.4794520547945,8
18.4821917808219,22
18.4849315068493,173
18.4876712328767,204
18.4904109589041,196
18.4931506849315,914
18.4958904109589,285
18.4986301369863,13
18.5013698630137,24
18.5041095890411,246
18.5068493150685,229
18.5095890410959,197
18.5123287671233,281
18.5150684931507,258
18.5178082191781,14
18.5205479452055,8
18.5232876712329,304
18.5260273972603,253
18.5287671232877,265
18.5315068493151,275
18.5342465753425,28
18.5369863013699,22
18.5397260273973,11
18.5424657534247,169
18.5452054794521,105
18.5479452054795,153
18.5506849315069,161
18.5534246575342,291
18.5561643835616,8
18.558904109589,13
18.5616438356164,238
18.5643835616438,226
18.5671232876712,173
18.5698630136986,188
18.572602739726,146
18.5753424657534,10
18.5780821917808,7
18.5808219178082,125
18.5835616438356,95
18.586301369863,80
18.5890410958904,6
18.5917808219178,69
18.5945205479452,6
18.5972602739726,4
18.6,77
18.6027397260274,46
18.6054794520548,100
18.6109589041096,5
18.613698630137,2
18.6164383561644,6
18.6191780821918,74
18.6219178082192,97
18.6246575342466,90
18.627397260274,59
18.6301369863014,87
18.6328767123288,5
18.6356164383562,3
18.6383561643836,64
18.641095890411,63
18.6438356164384,79
18.6465753424658,31
18.6493150684932,53
18.6520547945205,4
18.6547945205479,5
18.6575342465753,68
18.6602739726027,56
18.6630136986301,68
18.6657534246575,82
18.6684931506849,79
18.6712328767123,3
18.6739726027397,6
18.6767123287671,119
18.6794520547945,138
18.6821917808219,81
18.6849315068493,67
18.6876712328767,59
18.6904109589041,2
18.6931506849315,2
18.6958904109589,3
18.7013698630137,62
18.7041095890411,85
18.7068493150685,115
18.7095890410959,1
18.7123287671233,1
18.7150684931507,64
18.7178082191781,71
18.7205479452055,93
18.7232876712329,91
18.7260273972603,3
18.7287671232877,2
18.7315068493151,5
18.7342465753425,100
18.7369863013699,111
18.7397260273973,111
18.7424657534247,117
18.7452054794521,65
18.7479452054795,4
18.7506849315069,10
18.7534246575342,104
18.7561643835616,76
18.758904109589,72
18.7616438356164,85
18.7643835616438,67
18.7671232876712,5
18.7698630136986,8
18.772602739726,105
18.7753424657534,90
18.7780821917808,85
18.7808219178082,84
18.7835616438356,139
18.786301369863,1
18.7890410958904,6
18.7917808219178,73
18.7945205479452,99
18.7972602739726,148
18.8,95
18.8027397260274,67
18.8054794520548,1
18.8082191780822,7
18.8109589041096,92
18.813698630137,89
18.8164383561644,85
18.8191780821918,116
18.8219178082192,49
18.8246575342466,7
18.827397260274,4
18.8301369863014,115
18.8328767123288,98
18.8356164383562,89
18.8383561643836,89
18.841095890411,114
18.8438356164384,1
18.8465753424658,5
18.8493150684932,73
18.8520547945205,60
18.8547945205479,86
18.8575342465753,114
18.8602739726027,57
18.8630136986301,7
18.8657534246575,1
18.8684931506849,111
18.8712328767123,63
18.8739726027397,71
18.8767123287671,118
18.8794520547945,76
18.8821917808219,2
18.8849315068493,5
18.8876712328767,117
18.8904109589041,59
18.8931506849315,78
18.8958904109589,52
18.8986301369863,55
18.9013698630137,8
18.9041095890411,17
18.9068493150685,68
18.9095890410959,73
18.9123287671233,70
18.9150684931507,141
18.9178082191781,3
18.9205479452055,6
18.9232876712329,10
18.9260273972603,76
18.9287671232877,67
18.9315068493151,83
18.9342465753425,142
18.9369863013699,65
18.9397260273973,3
18.9424657534247,2
18.9452054794521,90
18.9479452054795,77
18.9506849315068,80
18.9534246575342,146
18.9561643835616,104
18.958904109589,5
18.9616438356164,7
18.9643835616438,104
18.9671232876712,86
18.9698630136986,59
18.972602739726,81
18.9753424657534,72
18.9780821917808,5
18.9808219178082,1
18.9835616438356,119
18.986301369863,90
18.9890410958904,124
18.9917808219178,341
18.9945205479452,78
18.9972602739726,9
19,19
19.0027397260274,105
19.0054794520548,74
19.0082191780822,139
19.0109589041096,102
19.013698630137,60
19.0164383561644,6
19.0191780821918,5
19.0219178082192,93
19.0246575342466,72
19.027397260274,84
19.0301369863014,78
19.0328767123288,89
19.0356164383562,30
19.0383561643836,33
19.041095890411,179
19.0438356164384,81
19.0465753424658,115
19.0493150684932,120
19.0520547945205,70
19.0547945205479,28
19.0575342465753,12
19.0602739726027,108
19.0630136986301,67
19.0657534246575,97
19.0684931506849,68
19.0712328767123,61
19.0739726027397,28
19.0767123287671,12
19.0794520547945,80
19.0821917808219,86
19.0849315068493,2
19.0876712328767,76
19.0904109589041,64
19.0931506849315,35
19.0958904109589,27
19.0986301369863,119
19.1013698630137,74
19.1041095890411,129
19.1068493150685,72
19.1095890410959,50
19.1123287671233,4
19.1150684931507,4
19.1178082191781,68
19.1205479452055,48
19.1232876712329,66
19.1260273972603,70
19.1287671232877,34
19.1315068493151,6
19.1342465753425,9
19.1369863013699,70
19.1397260273973,64
19.1424657534247,76
19.1452054794521,82
19.1479452054795,82
19.1506849315068,9
19.1534246575342,7
19.1561643835616,97
19.158904109589,84
19.1616438356164,80
19.1643835616438,66
19.1671232876712,41
19.1698630136986,2
19.172602739726,6
19.1753424657534,77
19.1780821917808,80
19.1808219178082,143
19.1835616438356,114
19.186301369863,3
19.1890410958904,1
19.1917808219178,7
19.1945205479452,85
19.1972602739726,103
19.2,117
19.2027397260274,66
19.2054794520548,90
19.2082191780822,11
19.2109589041096,4
19.213698630137,97
19.2164383561644,65
19.2191780821918,98
19.2219178082192,110
19.2246575342466,54
19.227397260274,1
19.2301369863014,3
19.2328767123288,91
19.2356164383562,57
19.2383561643836,64
19.241095890411,67
19.2438356164384,45
19.2465753424658,1
19.2493150684931,3
19.2520547945205,70
19.2547945205479,48
19.2575342465753,42
19.2602739726027,88
19.2630136986301,57
19.2684931506849,5
19.2712328767123,103
19.2739726027397,64
19.2767123287671,70
19.2794520547945,62
19.2821917808219,54
19.2849315068493,6
19.2876712328767,2
19.2904109589041,71
19.2931506849315,52
19.2958904109589,52
19.2986301369863,62
19.3013698630137,51
19.3041095890411,3
19.3068493150685,2
19.3095890410959,122
19.3123287671233,65
19.3150684931507,87
19.3178082191781,91
19.3205479452055,69
19.3232876712329,1
19.3260273972603,1
19.3287671232877,96
19.3315068493151,73
19.3342465753425,113
19.3369863013699,282
19.3397260273973,55
19.3424657534247,2
19.3452054794521,15
19.3479452054795,41
19.3506849315068,36
19.3534246575342,42
19.3561643835616,45
19.358904109589,24
19.3643835616438,2
19.3671232876712,45
19.3698630136986,24
19.372602739726,39
19.3753424657534,37
19.3780821917808,383
19.3808219178082,12
19.3835616438356,29
19.386301369863,107
19.3890410958904,129
19.3917808219178,117
19.3945205479452,98
19.3972602739726,113
19.4,3
19.4027397260274,3
19.4054794520548,76
19.4082191780822,61
19.4109589041096,89
19.413698630137,85
19.4164383561644,89
19.4191780821918,4
19.4219178082192,7
19.4246575342466,124
19.427397260274,81
19.4301369863014,137
19.4328767123288,103
19.4356164383562,50
19.4383561643836,1
19.441095890411,5
19.4438356164384,93
19.4465753424658,45
19.4493150684931,51
19.4520547945205,62
19.4547945205479,22
19.4575342465753,5
19.4602739726027,5
19.4630136986301,49
19.4657534246575,38
19.4684931506849,47
19.4712328767123,41
19.4739726027397,278
19.4767123287671,3
19.4794520547945,12
19.4821917808219,111
19.4849315068493,81
19.4876712328767,54
19.4904109589041,92
19.4931506849315,35
19.4958904109589,4
19.4986301369863,9
19.5013698630137,91
19.5041095890411,64
19.5068493150685,82
19.5095890410959,90
19.5123287671233,106
19.5150684931507,3
19.5178082191781,9
19.5205479452055,81
19.5232876712329,42
19.5260273972603,80
19.5287671232877,104
19.5315068493151,55
19.5369863013699,6
19.5397260273973,86
19.5424657534247,51
19.5452054794521,49
19.5479452054795,54
19.5506849315069,7
19.5534246575342,2
19.5561643835616,3
19.558904109589,64
19.5616438356164,58
19.5643835616438,68
19.5671232876712,77
19.5698630136986,37
19.572602739726,3
19.5753424657534,5
19.5780821917808,74
19.5808219178082,59
19.5835616438356,66
19.586301369863,11
19.5890410958904,1
19.5917808219178,1
19.5945205479452,2
19.5972602739726,45
19.6,37
19.6027397260274,36
19.6054794520548,44
19.6109589041096,1
19.613698630137,1
19.6164383561644,55
19.6191780821918,39
19.6219178082192,60
19.6246575342466,47
19.627397260274,42
19.6301369863014,1
19.6328767123288,3
19.6356164383562,61
19.6383561643836,43
19.641095890411,46
19.6438356164384,66
19.6465753424658,33
19.6493150684932,3
19.6520547945205,3
19.6547945205479,68
19.6575342465753,39
19.6602739726027,70
19.6630136986301,86
19.6657534246575,96
19.6739726027397,64
19.6767123287671,58
19.6794520547945,60
19.6821917808219,65
19.6849315068493,49
19.6876712328767,5
19.6931506849315,5
19.6958904109589,1
19.6986301369863,75
19.7013698630137,76
19.7041095890411,98
19.7068493150685,4
19.7095890410959,3
19.7123287671233,155
19.7150684931507,137
19.7178082191781,105
19.7205479452055,93
19.7232876712329,48
19.7287671232877,3
19.7315068493151,31
19.7342465753425,108
19.7369863013699,336
19.7397260273973,1594
19.7424657534247,45
19.7452054794521,4
19.7479452054795,6
19.7506849315069,54
19.7534246575342,67
19.7561643835616,55
19.758904109589,53
19.7616438356164,42
19.7643835616438,3
19.7671232876712,9
19.7698630136986,55
19.772602739726,55
19.7753424657534,52
19.7780821917808,34
19.7808219178082,1770
19.7835616438356,77
19.786301369863,129
19.7890410958904,528
19.7917808219178,366
19.7945205479452,375
19.7972602739726,273
19.8,279
19.8027397260274,49
19.8054794520548,60
19.8082191780822,198
19.8109589041096,250
19.813698630137,210
19.8164383561644,224
19.8191780821918,136
19.8219178082192,36
19.8246575342466,29
19.827397260274,222
19.8301369863014,187
19.8328767123288,153
19.8356164383562,187
19.8383561643836,212
19.841095890411,32
19.8438356164384,29
19.8465753424658,134
19.8493150684932,167
19.8520547945205,141
19.8547945205479,121
19.8575342465753,131
19.8602739726027,22
19.8630136986301,33
19.8657534246575,162
19.8684931506849,149
19.8712328767123,122
19.8739726027397,132
19.8767123287671,151
19.8794520547945,34
19.8821917808219,61
19.8849315068493,171
19.8876712328767,167
19.8904109589041,206
19.8931506849315,207
19.8958904109589,117
19.8986301369863,32
19.9013698630137,52
19.9041095890411,134
19.9068493150685,78
19.9095890410959,133
19.9123287671233,178
19.9150684931507,17
19.9178082191781,14
19.9205479452055,8
19.9232876712329,129
19.9260273972603,135
19.9287671232877,135
19.9315068493151,111
19.9342465753425,124
19.9369863013699,6
19.9397260273973,18
19.9424657534247,134
19.9452054794521,155
19.9479452054795,143
19.9506849315068,132
19.9534246575342,119
19.9561643835616,5
19.958904109589,11
19.9616438356164,117
19.9643835616438,78
19.9671232876712,92
19.9698630136986,118
19.972602739726,108
19.9753424657534,5
19.9780821917808,14
19.9808219178082,126
19.9835616438356,84
19.986301369863,127
19.9890410958904,133
19.9917808219178,84
19.9945205479452,10
19.9972602739726,19
20,109
20.0027397260274,87
20.0054794520548,171
20.0082191780822,758
20.0109589041096,52
20.013698630137,10
20.0164383561644,23
20.0191780821918,82
20.0219178082192,65
20.0246575342466,67
20.027397260274,107
20.0301369863014,77
20.0328767123288,5
20.0356164383562,10
20.0383561643836,70
20.041095890411,87
20.0438356164384,78
20.0465753424658,164
20.0493150684932,553
20.0520547945205,45
20.0547945205479,52
20.0575342465753,235
20.0602739726027,180
20.0630136986301,151
20.0657534246575,157
20.0684931506849,210
20.0712328767123,20
20.0739726027397,16
20.0767123287671,132
20.0794520547945,120
20.0821917808219,122
20.0849315068493,5
20.0876712328767,63
20.0904109589041,5
20.0931506849315,16
20.0958904109589,116
20.0986301369863,117
20.1013698630137,82
20.1041095890411,77
20.1068493150685,47
20.1095890410959,11
20.1123287671233,7
20.1150684931507,64
20.1178082191781,78
20.1205479452055,81
20.1232876712329,94
20.1260273972603,87
20.1287671232877,6
20.1315068493151,16
20.1342465753425,88
20.1369863013699,73
20.1397260273973,88
20.1424657534247,63
20.1452054794521,73
20.1479452054795,2
20.1506849315068,18
20.1534246575342,73
20.1561643835616,78
20.158904109589,72
20.1616438356164,113
20.1643835616438,94
20.1671232876712,6
20.1698630136986,13
20.172602739726,92
20.1753424657534,57
20.1780821917808,77
20.1808219178082,66
20.1835616438356,11
20.186301369863,2
20.1890410958904,5
20.1917808219178,70
20.1945205479452,54
20.1972602739726,39
20.2,50
20.2027397260274,75
20.2054794520548,4
20.2082191780822,3
20.2109589041096,71
20.213698630137,49
20.2164383561644,59
20.2191780821918,60
20.2219178082192,99
20.2246575342466,5
20.227397260274,6
20.2301369863014,51
20.2328767123288,86
20.2356164383562,128
20.2383561643836,94
20.241095890411,73
20.2438356164384,2
20.2465753424658,6
20.2493150684931,80
20.2520547945205,48
20.2547945205479,62
20.2575342465753,82
20.2602739726027,58
20.2630136986301,2
20.2657534246575,5
20.2684931506849,59
20.2712328767123,53
20.2739726027397,33
20.2767123287671,64
20.2794520547945,29
20.2821917808219,2
20.2849315068493,2
20.2876712328767,79
20.2904109589041,44
20.2931506849315,61
20.2958904109589,65
20.2986301369863,52
20.3013698630137,3
20.3041095890411,7
20.3068493150685,53
20.3095890410959,41
20.3123287671233,56
20.3150684931507,61
20.3178082191781,41
20.3205479452055,2
20.3232876712329,7
20.3260273972603,70
20.3287671232877,58
20.3315068493151,71
20.3342465753425,84
20.3369863013699,58
20.3397260273973,2
20.3424657534247,12
20.3452054794521,57
20.3479452054795,40
20.3506849315068,63
20.3534246575342,87
20.3561643835616,35
20.358904109589,2
20.3616438356164,6
20.3643835616438,65
20.3671232876712,40
20.3698630136986,63
20.372602739726,70
20.3753424657534,114
20.3780821917808,9
20.3808219178082,6
20.3835616438356,92
20.386301369863,75
20.3890410958904,55
20.3917808219178,63
20.3945205479452,34
20.3972602739726,8
20.4,8
20.4027397260274,98
20.4054794520548,89
20.4082191780822,69
20.4109589041096,111
20.413698630137,62
20.4164383561644,15
20.4191780821918,18
20.4219178082192,149
20.4246575342466,78
20.427397260274,77
20.4301369863014,99
20.4328767123288,57
20.4356164383562,2
20.4383561643836,3
20.441095890411,99
20.4438356164384,82
20.4465753424658,58
20.4493150684931,73
20.4520547945205,7
20.4547945205479,6
20.4575342465753,4
20.4602739726027,66
20.4630136986301,47
20.4657534246575,57
20.4684931506849,72
20.4712328767123,81
20.4739726027397,4
20.4767123287671,7
20.4794520547945,91
20.4821917808219,76
20.4849315068493,55
20.4876712328767,76
20.4904109589041,59
20.4931506849315,7
20.4958904109589,17
20.4986301369863,77
20.5013698630137,55
20.5041095890411,81
20.5068493150685,71
20.5095890410959,69
20.5123287671233,4
20.5150684931507,5
20.5178082191781,65
20.5205479452055,71
20.5232876712329,54
20.5260273972603,92
20.5287671232877,109
20.5315068493151,1
20.5342465753425,3
20.5369863013699,69
20.5397260273973,61
20.5424657534247,69
20.5452054794521,54
20.5479452054795,8
20.5506849315069,7
20.5534246575342,10
20.5561643835616,58
20.558904109589,94
20.5616438356164,78
20.5643835616438,83
20.5671232876712,49
20.572602739726,13
20.5753424657534,64
20.5780821917808,111
20.5808219178082,74
20.5835616438356,71
20.586301369863,3
20.5890410958904,2
20.5917808219178,4
20.5945205479452,90
20.5972602739726,51
20.6,62
20.6027397260274,78
20.6054794520548,7
20.6082191780822,2
20.6109589041096,1
20.613698630137,45
20.6164383561644,59
20.6191780821918,64
20.6219178082192,64
20.6246575342466,38
20.627397260274,3
20.6301369863014,2
20.6328767123288,87
20.6356164383562,80
20.6383561643836,114
20.641095890411,92
20.6438356164384,53
20.6465753424658,1
20.6493150684932,2
20.6520547945205,52
20.6547945205479,46
20.6575342465753,42
20.6602739726027,86
20.6630136986301,47
20.6657534246575,4
20.6684931506849,11
20.6712328767123,88
20.6739726027397,49
20.6767123287671,114
20.6794520547945,89
20.6821917808219,40
20.6849315068493,1
20.6876712328767,14
20.6904109589041,2
20.6931506849315,1
20.6958904109589,52
20.6986301369863,69
20.7013698630137,46
20.7041095890411,1
20.7068493150685,3
20.7095890410959,89
20.7123287671233,69
20.7150684931507,86
20.7178082191781,112
20.7205479452055,70
20.7232876712329,2
20.7260273972603,2
20.7287671232877,4
20.7315068493151,87
20.7342465753425,49
20.7369863013699,82
20.7397260273973,48
20.7424657534247,2
20.7452054794521,8
20.7479452054795,70
20.7506849315069,58
20.7534246575342,56
20.7561643835616,81
20.758904109589,54
20.7616438356164,2
20.7643835616438,1
20.7671232876712,77
20.7698630136986,77
20.772602739726,68
20.7753424657534,90
20.7780821917808,33
20.7808219178082,2
20.7835616438356,3
20.786301369863,71
20.7890410958904,68
20.7917808219178,54
20.7945205479452,83
20.7972602739726,67
20.8,1
20.8027397260274,7
20.8054794520548,91
20.8082191780822,85
20.8109589041096,66
20.813698630137,67
20.8164383561644,20
20.8191780821918,10
20.8219178082192,8
20.8246575342466,82
20.827397260274,55
20.8301369863014,87
20.8328767123288,75
20.8356164383562,70
20.841095890411,5
20.8438356164384,68
20.8465753424658,70
20.8493150684932,62
20.8520547945205,89
20.8547945205479,77
20.8575342465753,3
20.8602739726027,15
20.8630136986301,89
20.8657534246575,69
20.8684931506849,64
20.8712328767123,47
20.8739726027397,68
20.8767123287671,2
20.8794520547945,11
20.8821917808219,60
20.8849315068493,47
20.8876712328767,64
20.8904109589041,37
20.8931506849315,65
20.8958904109589,3
20.8986301369863,12
20.9013698630137,90
20.9041095890411,55
20.9068493150685,89
20.9095890410959,113
20.9123287671233,4
20.9178082191781,3
20.9205479452055,64
20.9232876712329,160
20.9260273972603,104
20.9287671232877,93
20.9315068493151,85
20.9342465753425,2
20.9369863013699,8
20.9397260273973,99
20.9424657534247,69
20.9452054794521,70
20.9479452054795,88
20.9506849315068,90
20.9534246575342,4
20.9561643835616,7
20.958904109589,101
20.9616438356164,91
20.9643835616438,84
20.9671232876712,160
20.9698630136986,112
20.972602739726,1
20.9753424657534,6
20.9780821917808,135
20.9808219178082,169
20.9835616438356,188
20.986301369863,178
20.9890410958904,160
20.9917808219178,3
20.9945205479452,2
20.9972602739726,99
21,110
21.0027397260274,115
21.0054794520548,156
21.0082191780822,161
21.0109589041096,4
21.013698630137,1
21.0164383561644,91
21.0191780821918,217
21.0219178082192,183
21.0246575342466,124
21.027397260274,62
21.0301369863014,2
21.0356164383562,216
21.0383561643836,127
21.041095890411,120
21.0438356164384,98
21.0465753424658,244
21.0493150684932,1
21.0520547945205,2
21.0547945205479,252
21.0575342465753,65
21.0602739726027,90
21.0630136986301,113
21.0657534246575,45
21.0684931506849,3
21.0712328767123,2
21.0739726027397,78
21.0767123287671,88
21.0794520547945,111
21.0821917808219,97
21.0876712328767,1
21.0931506849315,71
21.0958904109589,103
21.0986301369863,47
21.1013698630137,70
21.1041095890411,43
21.1068493150685,1
21.1095890410959,3
21.1123287671233,74
21.1150684931507,61
21.1178082191781,49
21.1205479452055,64
21.1232876712329,31
21.1260273972603,1
21.1287671232877,6
21.1315068493151,42
21.1342465753425,76
21.1369863013699,115
21.1397260273973,96
21.1424657534247,56
21.1452054794521,2
21.1479452054795,4
21.1506849315068,43
21.1534246575342,56
21.1561643835616,57
21.158904109589,99
21.1616438356164,41
21.1643835616438,2
21.1671232876712,2
21.1698630136986,91
21.172602739726,64
21.1753424657534,44
21.1780821917808,53
21.1808219178082,1
21.186301369863,2
21.1890410958904,59
21.1917808219178,30
21.1945205479452,35
21.1972602739726,77
21.2,61
21.2027397260274,2
21.2054794520548,1
21.2082191780822,75
21.2109589041096,40
21.213698630137,89
21.2164383561644,58
21.2191780821918,30
21.2219178082192,1
21.2246575342466,1
21.227397260274,41
21.2301369863014,52
21.2328767123288,66
21.2356164383562,65
21.2383561643836,55
21.2465753424658,52
21.2493150684931,47
21.2520547945205,70
21.2547945205479,61
21.2575342465753,63
21.2602739726027,5
21.2630136986301,1
21.2657534246575,78
21.2684931506849,105
21.2712328767123,86
21.2739726027397,91
21.2767123287671,54
21.2794520547945,1
21.2821917808219,1
21.2849315068493,104
21.2876712328767,74
21.2904109589041,61
21.2931506849315,62
21.2958904109589,72
21.2986301369863,3
21.3013698630137,40
21.3041095890411,77
21.3068493150685,103
21.3095890410959,81
21.3123287671233,70
21.3150684931507,123
21.3178082191781,5
21.3205479452055,2
21.3232876712329,108
21.3260273972603,104
21.3287671232877,156
21.3315068493151,358
21.3342465753425,50
21.3369863013699,2
21.3397260273973,40
21.3424657534247,52
21.3452054794521,44
21.3479452054795,34
21.3506849315068,51
21.3534246575342,48
21.3561643835616,2
21.358904109589,3
21.3616438356164,38
21.3643835616438,51
21.3671232876712,63
21.3698630136986,129
21.372602739726,409
21.3753424657534,21
21.3780821917808,11
21.3808219178082,162
21.3835616438356,155
21.386301369863,110
21.3890410958904,105
21.3917808219178,111
21.3945205479452,13
21.3972602739726,13
21.4,94
21.4027397260274,111
21.4054794520548,120
21.4082191780822,320
21.4109589041096,108
21.413698630137,12
21.4164383561644,4
21.4191780821918,124
21.4219178082192,181
21.4246575342466,117
21.427397260274,137
21.4301369863014,34
21.4328767123288,2
21.4356164383562,3
21.4383561643836,63
21.441095890411,59
21.4438356164384,45
21.4465753424658,53
21.4493150684931,7
21.4520547945205,6
21.4547945205479,4
21.4575342465753,47
21.4602739726027,51
21.4630136986301,67
21.4657534246575,129
21.4684931506849,163
21.4712328767123,2
21.4739726027397,9
21.4767123287671,85
21.4794520547945,54
21.4821917808219,82
21.4849315068493,97
21.4876712328767,47
21.4904109589041,1
21.4931506849315,6
21.4958904109589,72
21.4986301369863,46
21.5013698630137,64
21.5041095890411,86
21.5068493150685,37
21.5095890410959,1
21.5123287671233,1
21.5150684931507,81
21.5178082191781,87
21.5205479452055,33
21.5232876712329,73
21.5260273972603,62
21.5287671232877,1
21.5315068493151,4
21.5342465753425,83
21.5369863013699,51
21.5397260273973,59
21.5424657534247,81
21.5452054794521,4
21.5479452054795,3
21.5506849315069,7
21.5534246575342,80
21.5561643835616,30
21.558904109589,85
21.5616438356164,50
21.5643835616438,57
21.5671232876712,1
21.5698630136986,3
21.572602739726,37
21.5753424657534,34
21.5780821917808,31
21.5808219178082,61
21.5835616438356,54
21.586301369863,1
21.5890410958904,1
21.5917808219178,11
21.5945205479452,65
21.5972602739726,48
21.6,73
21.6027397260274,31
21.6082191780822,1
21.6109589041096,1
21.613698630137,48
21.6164383561644,60
21.6191780821918,68
21.6219178082192,106
21.6246575342466,1
21.627397260274,2
21.6301369863014,33
21.6328767123288,45
21.6356164383562,56
21.6383561643836,59
21.641095890411,38
21.6438356164384,3
21.6465753424658,2
21.6493150684932,69
21.6520547945205,80
21.6547945205479,76
21.6575342465753,162
21.6602739726027,103
21.6630136986301,1
21.6657534246575,4
21.6684931506849,120
21.6712328767123,152
21.6739726027397,128
21.6767123287671,133
21.6794520547945,213
21.6849315068493,2
21.6876712328767,1
21.6904109589041,1
21.6931506849315,243
21.6958904109589,288
21.6986301369863,172
21.7013698630137,2
21.7041095890411,6
21.7068493150685,589
21.7095890410959,170
21.7123287671233,188
21.7150684931507,167
21.7178082191781,189
21.7205479452055,1
21.7232876712329,1
21.7260273972603,194
21.7287671232877,2
21.7315068493151,284
21.7342465753425,254
21.7369863013699,290
21.7424657534247,2
21.7452054794521,114
21.7479452054795,147
21.7506849315069,145
21.7534246575342,1921
21.7561643835616,47
21.758904109589,9
21.7616438356164,22
21.7643835616438,108
21.7671232876712,134
21.7698630136986,181
21.772602739726,208
21.7753424657534,250
21.7780821917808,114
21.7808219178082,79
21.7835616438356,249
21.786301369863,350
21.7890410958904,440
21.7917808219178,947
21.7945205479452,5831
21.7972602739726,328
21.8,461
21.8027397260274,1499
21.8054794520548,1542
21.8082191780822,1382
21.8109589041096,1147
21.813698630137,654
21.8164383561644,277
21.8191780821918,407
21.8219178082192,792
21.8246575342466,1050
21.827397260274,589
21.8301369863014,1034
21.8328767123288,693
21.8356164383562,101
21.8383561643836,147
21.841095890411,756
21.8438356164384,589
21.8465753424658,493
21.8493150684932,471
21.8520547945205,577
21.8547945205479,43
21.8575342465753,44
21.8602739726027,394
21.8630136986301,404
21.8657534246575,447
21.8684931506849,443
21.8712328767123,373
21.8739726027397,29
21.8767123287671,54
21.8794520547945,369
21.8821917808219,344
21.8849315068493,381
21.8876712328767,502
21.8904109589041,409
21.8931506849315,57
21.8958904109589,36
21.8986301369863,447
21.9013698630137,452
21.9041095890411,365
21.9068493150685,497
21.9095890410959,23
21.9123287671233,13
21.9150684931507,36
21.9178082191781,366
21.9205479452055,269
21.9232876712329,371
21.9260273972603,357
21.9287671232877,300
21.9315068493151,26
21.9342465753425,29
21.9369863013699,280
21.9397260273973,365
21.9424657534247,395
21.9452054794521,318
21.9479452054795,397
21.9506849315068,11
21.9534246575342,18
21.9561643835616,620
21.958904109589,391
21.9616438356164,375
21.9643835616438,426
21.9671232876712,354
21.9698630136986,15
21.972602739726,14
21.9753424657534,405
21.9780821917808,505
21.9808219178082,563
21.9835616438356,533
21.986301369863,396
21.9890410958904,33
21.9917808219178,30
21.9945205479452,450
21.9972602739726,417
22,376
22.0027397260274,956
22.0054794520548,172
22.0082191780822,26
22.0109589041096,72
22.013698630137,244
22.0164383561644,163
22.0191780821918,202
22.0219178082192,191
22.0246575342466,164
22.027397260274,16
22.0301369863014,27
22.0328767123288,146
22.0356164383562,318
22.0383561643836,279
22.041095890411,586
22.0438356164384,1992
22.0465753424658,157
22.0493150684932,125
22.0520547945205,749
22.0547945205479,607
22.0575342465753,530
22.0602739726027,585
22.0630136986301,654
22.0657534246575,86
22.0684931506849,61
22.0712328767123,336
22.0739726027397,340
22.0767123287671,367
22.0794520547945,368
22.0821917808219,30
22.0849315068493,62
22.0876712328767,14
22.0904109589041,235
22.0931506849315,239
22.0958904109589,294
22.0986301369863,197
22.1013698630137,242
22.1041095890411,28
22.1068493150685,17
22.1095890410959,196
22.1123287671233,212
22.1150684931507,241
22.1178082191781,316
22.1205479452055,201
22.1232876712329,12
22.1260273972603,21
22.1287671232877,180
22.1315068493151,211
22.1342465753425,179
22.1369863013699,176
22.1397260273973,167
22.1424657534247,5
22.1452054794521,13
22.1479452054795,75
22.1506849315068,204
22.1534246575342,157
22.1561643835616,204
22.158904109589,158
22.1616438356164,7
22.1643835616438,9
22.1671232876712,121
22.1698630136986,222
22.172602739726,159
22.1753424657534,166
22.1780821917808,9
22.1808219178082,8
22.1835616438356,15
22.186301369863,190
22.1890410958904,146
22.1917808219178,154
22.1945205479452,115
22.1972602739726,165
22.2,9
22.2027397260274,11
22.2054794520548,99
22.2082191780822,133
22.2109589041096,114
22.213698630137,122
22.2164383561644,120
22.2191780821918,6
22.2219178082192,40
22.2246575342466,109
22.227397260274,100
22.2301369863014,104
22.2328767123288,110
22.2356164383562,114
22.2383561643836,2
22.241095890411,13
22.2438356164384,118
22.2465753424658,109
22.2493150684931,150
22.2520547945205,158
22.2547945205479,128
22.2575342465753,7
22.2602739726027,17
22.2630136986301,156
22.2657534246575,138
22.2684931506849,151
22.2712328767123,139
22.2739726027397,172
22.2767123287671,5
22.2794520547945,23
22.2821917808219,160
22.2849315068493,72
22.2876712328767,125
22.2904109589041,118
22.2931506849315,128
22.2958904109589,7
22.2986301369863,7
22.3013698630137,113
22.3041095890411,219
22.3068493150685,137
22.3095890410959,167
22.3123287671233,88
22.3150684931507,7
22.3178082191781,13
22.3205479452055,85
22.3232876712329,202
22.3260273972603,166
22.3287671232877,122
22.3315068493151,85
22.3342465753425,5
22.3369863013699,4
22.3397260273973,202
22.3424657534247,111
22.3452054794521,111
22.3479452054795,108
22.3506849315068,110
22.3534246575342,1
22.3561643835616,5
22.358904109589,101
22.3616438356164,112
22.3643835616438,136
22.3671232876712,95
22.3698630136986,243
22.372602739726,9
22.3753424657534,6
22.3780821917808,145
22.3808219178082,126
22.3835616438356,147
22.386301369863,166
22.3890410958904,126
22.3917808219178,5
22.3945205479452,17
22.3972602739726,121
22.4,152
22.4027397260274,193
22.4054794520548,166
22.4082191780822,124
22.4109589041096,23
22.413698630137,17
22.4164383561644,128
22.4191780821918,101
22.4219178082192,127
22.4246575342466,172
22.427397260274,132
22.4301369863014,17
22.4328767123288,110
22.4356164383562,148
22.4383561643836,81
22.441095890411,106
22.4438356164384,214
22.4465753424658,12
22.4493150684931,7
22.4520547945205,92
22.4547945205479,92
22.4575342465753,168
22.4602739726027,123
22.4630136986301,69
22.4657534246575,7
22.4684931506849,24
22.4712328767123,129
22.4739726027397,128
22.4767123287671,109
22.4794520547945,134
22.4821917808219,67
22.4849315068493,4
22.4876712328767,14
22.4904109589041,107
22.4931506849315,127
22.4958904109589,103
22.4986301369863,124
22.5013698630137,87
22.5041095890411,4
22.5068493150685,7
22.5095890410959,98
22.5123287671233,148
22.5150684931507,100
22.5178082191781,104
22.5205479452055,78
22.5232876712329,7
22.5260273972603,8
22.5287671232877,151
22.5315068493151,120
22.5342465753425,158
22.5369863013699,109
22.5397260273973,10
22.5424657534247,7
22.5452054794521,4
22.5479452054795,107
22.5506849315069,97
22.5534246575342,95
22.5561643835616,143
22.558904109589,62
22.5616438356164,1
22.5643835616438,5
22.5671232876712,93
22.5698630136986,96
22.572602739726,129
22.5753424657534,126
22.5780821917808,79
22.5808219178082,5
22.5835616438356,2
22.586301369863,73
22.5890410958904,13
22.5917808219178,70
22.5945205479452,58
22.5972602739726,29
22.6027397260274,3
22.6054794520548,4
22.6109589041096,32
22.613698630137,65
22.6164383561644,42
22.6191780821918,1
22.6219178082192,1
22.6246575342466,66
22.627397260274,59
22.6301369863014,76
22.6328767123288,52
22.6356164383562,52
22.6383561643836,5
22.641095890411,3
22.6438356164384,91
22.6465753424658,46
22.6493150684932,36
22.6520547945205,63
22.6547945205479,47
22.6575342465753,1
22.6602739726027,4
22.6630136986301,88
22.6657534246575,66
22.6684931506849,66
22.6712328767123,91
22.6739726027397,46
22.6794520547945,6
22.6821917808219,4
22.6849315068493,2
22.6876712328767,61
22.6904109589041,84
22.6931506849315,82
22.6958904109589,4
22.6986301369863,3
22.7013698630137,67
22.7041095890411,89
22.7068493150685,47
22.7095890410959,80
22.7123287671233,40
22.7150684931507,7
22.7178082191781,9
22.7205479452055,92
22.7232876712329,118
22.7260273972603,138
22.7287671232877,3
22.7315068493151,49
22.7342465753425,7
22.7369863013699,6
22.7397260273973,67
22.7424657534247,79
22.7452054794521,62
22.7479452054795,138
22.7506849315069,69
22.7534246575342,7
22.7561643835616,1
22.758904109589,48
22.7616438356164,58
22.7643835616438,67
22.7671232876712,67
22.7698630136986,94
22.772602739726,3
22.7753424657534,4
22.7780821917808,57
22.7808219178082,63
22.7835616438356,65
22.786301369863,102
22.7890410958904,74
22.7917808219178,3
22.7945205479452,7
22.7972602739726,79
22.8,98
22.8027397260274,88
22.8054794520548,94
22.8082191780822,45
22.8109589041096,5
22.813698630137,3
22.8164383561644,83
22.8191780821918,79
22.8219178082192,75
22.8246575342466,131
22.827397260274,63
22.8301369863014,3
22.8328767123288,2
22.8356164383562,57
22.8383561643836,69
22.841095890411,60
22.8438356164384,73
22.8465753424658,59
22.8493150684932,2
22.8520547945205,6
22.8547945205479,79
22.8575342465753,69
22.8602739726027,60
22.8630136986301,83
22.8657534246575,61
22.8684931506849,4
22.8712328767123,2
22.8739726027397,115
22.8767123287671,113
22.8794520547945,60
22.8821917808219,122
22.8849315068493,83
22.8876712328767,2
22.8904109589041,3
22.8931506849315,130
22.8958904109589,110
22.8986301369863,77
22.9013698630137,73
22.9041095890411,56
22.9068493150685,4
22.9095890410959,2
22.9123287671233,63
22.9150684931507,90
22.9178082191781,69
22.9205479452055,111
22.9232876712329,7
22.9260273972603,2
22.9287671232877,2
22.9315068493151,39
22.9342465753425,75
22.9369863013699,53
22.9397260273973,69
22.9424657534247,72
22.9479452054795,5
22.9506849315068,79
22.9534246575342,67
22.9561643835616,68
22.958904109589,97
22.9616438356164,47
22.9643835616438,3
22.9671232876712,4
22.9698630136986,68
22.972602739726,58
22.9753424657534,87
22.9780821917808,100
22.9808219178082,68
22.9835616438356,5
22.986301369863,1
22.9890410958904,72
22.9917808219178,80
22.9945205479452,107
22.9972602739726,81
23,42
23.0027397260274,10
23.0054794520548,6
23.0082191780822,66
23.0109589041096,60
23.013698630137,67
23.0164383561644,79
23.0191780821918,81
23.0219178082192,3
23.0246575342466,2
23.027397260274,92
23.0301369863014,69
23.0328767123288,91
23.0356164383562,88
23.0383561643836,43
23.041095890411,7
23.0438356164384,5
23.0465753424658,55
23.0493150684932,85
23.0520547945205,88
23.0547945205479,128
23.0575342465753,77
23.0630136986301,3
23.0657534246575,66
23.0684931506849,89
23.0712328767123,77
23.0739726027397,95
23.0767123287671,79
23.0794520547945,3
23.0821917808219,5
23.0849315068493,3
23.0876712328767,96
23.0904109589041,58
23.0931506849315,85
23.0958904109589,70
23.0986301369863,6
23.1013698630137,3
23.1041095890411,78
23.1068493150685,71
23.1095890410959,91
23.1123287671233,84
23.1150684931507,48
23.1178082191781,5
23.1205479452055,7
23.1232876712329,66
23.1260273972603,54
23.1287671232877,76
23.1315068493151,134
23.1342465753425,55
23.1369863013699,13
23.1397260273973,19
23.1424657534247,60
23.1452054794521,67
23.1479452054795,65
23.1506849315068,88
23.1534246575342,49
23.1561643835616,6
23.158904109589,3
23.1616438356164,70
23.1643835616438,59
23.1671232876712,66
23.1698630136986,93
23.172602739726,62
23.1753424657534,1
23.1780821917808,3
23.1808219178082,43
23.1835616438356,63
23.186301369863,87
23.1890410958904,71
23.1917808219178,2
23.1945205479452,2
23.1972602739726,4
23.2,44
23.2027397260274,57
23.2054794520548,76
23.2082191780822,81
23.2109589041096,44
23.213698630137,2
23.2191780821918,52
23.2219178082192,49
23.2246575342466,65
23.227397260274,50
23.2301369863014,45
23.2328767123288,9
23.2356164383562,2
23.2383561643836,57
23.241095890411,65
23.2438356164384,55
23.2465753424658,62
23.2493150684931,36
23.2547945205479,3
23.2575342465753,55
23.2602739726027,49
23.2630136986301,54
23.2657534246575,63
23.2684931506849,43
23.2712328767123,1
23.2739726027397,1
23.2767123287671,87
23.2794520547945,59
23.2821917808219,56
23.2849315068493,86
23.2876712328767,65
23.2904109589041,2
23.2931506849315,2
23.2958904109589,70
23.2986301369863,58
23.3013698630137,77
23.3041095890411,91
23.3068493150685,37
23.3095890410959,2
23.3123287671233,2
23.3150684931507,61
23.3178082191781,87
23.3205479452055,95
23.3232876712329,80
23.3260273972603,68
23.3287671232877,1
23.3315068493151,2
23.3342465753425,80
23.3369863013699,68
23.3397260273973,85
23.3424657534247,180
23.3452054794521,19
23.3479452054795,2
23.3506849315068,8
23.3534246575342,67
23.3561643835616,49
23.358904109589,37
23.3616438356164,45
23.3643835616438,31
23.3671232876712,5
23.3698630136986,2
23.372602739726,47
23.3753424657534,48
23.3780821917808,49
23.3808219178082,96
23.3835616438356,541
23.386301369863,21
23.3890410958904,19
23.3917808219178,185
23.3945205479452,113
23.3972602739726,144
23.4,121
23.4027397260274,117
23.4054794520548,6
23.4082191780822,9
23.4109589041096,71
23.413698630137,78
23.4164383561644,69
23.4191780821918,89
23.4219178082192,129
23.4246575342466,2
23.427397260274,6
23.4301369863014,98
23.4328767123288,79
23.4356164383562,90
23.4383561643836,141
23.441095890411,22
23.4438356164384,3
23.4465753424658,11
23.4493150684931,131
23.4520547945205,83
23.4547945205479,101
23.4575342465753,85
23.4602739726027,14
23.4630136986301,6
23.4657534246575,5
23.4684931506849,53
23.4712328767123,43
23.4739726027397,58
23.4767123287671,107
23.4794520547945,248
23.4821917808219,9
23.4849315068493,11
23.4876712328767,77
23.4904109589041,91
23.4931506849315,64
23.4958904109589,79
23.4986301369863,82
23.5013698630137,3
23.5041095890411,10
23.5068493150685,75
23.5095890410959,57
23.5123287671233,71
23.5150684931507,99
23.5178082191781,56
23.5205479452055,7
23.5260273972603,62
23.5287671232877,71
23.5315068493151,69
23.5342465753425,90
23.5369863013699,21
23.5397260273973,2
23.5424657534247,6
23.5452054794521,76
23.5479452054795,39
23.5506849315069,66
23.5534246575342,80
23.5561643835616,59
23.558904109589,2
23.5616438356164,3
23.5643835616438,65
23.5671232876712,68
23.5698630136986,59
23.572602739726,80
23.5753424657534,71
23.5780821917808,9
23.5808219178082,6
23.5835616438356,87
23.586301369863,95
23.5890410958904,7
23.5917808219178,58
23.5945205479452,35
23.6027397260274,40
23.6054794520548,27
23.6109589041096,35
23.613698630137,33
23.6191780821918,1
23.6219178082192,43
23.6246575342466,76
23.627397260274,83
23.6301369863014,89
23.6328767123288,46
23.6356164383562,1
23.6383561643836,1
23.641095890411,81
23.6438356164384,99
23.6465753424658,58
23.6493150684932,55
23.6520547945205,25
23.6547945205479,2
23.6575342465753,2
23.6602739726027,47
23.6630136986301,54
23.6657534246575,66
23.6684931506849,91
23.6712328767123,81
23.6739726027397,7
23.6767123287671,1
23.6849315068493,140
23.6876712328767,130
23.6904109589041,114
23.6931506849315,2
23.6958904109589,3
23.6986301369863,75
23.7013698630137,131
23.7041095890411,104
23.7068493150685,88
23.7095890410959,102
23.7150684931507,1
23.7178082191781,73
23.7205479452055,91
23.7232876712329,123
23.7260273972603,147
23.7287671232877,6
23.7315068493151,3
23.7342465753425,11
23.7369863013699,145
23.7397260273973,137
23.7424657534247,164
23.7452054794521,848
23.7479452054795,30
23.7506849315069,3
23.7534246575342,19
23.7561643835616,68
23.758904109589,36
23.7616438356164,62
23.7643835616438,80
23.7671232876712,52
23.7698630136986,3
23.772602739726,65
23.7753424657534,67
23.7780821917808,70
23.7808219178082,120
23.7835616438356,219
23.786301369863,1155
23.7890410958904,136
23.7917808219178,169
23.7945205479452,453
23.7972602739726,402
23.8,337
23.8027397260274,274
23.8054794520548,198
23.8082191780822,39
23.8109589041096,65
23.813698630137,193
23.8164383561644,225
23.8191780821918,170
23.8219178082192,324
23.8246575342466,181
23.827397260274,24
23.8301369863014,21
23.8328767123288,166
23.8356164383562,105
23.8383561643836,173
23.841095890411,231
23.8438356164384,219
23.8465753424658,26
23.8493150684932,34
23.8520547945205,162
23.8547945205479,141
23.8575342465753,238
23.8602739726027,148
23.8630136986301,150
23.8657534246575,22
23.8684931506849,16
23.8712328767123,143
23.8739726027397,106
23.8767123287671,127
23.8794520547945,134
23.8821917808219,109
23.8849315068493,5
23.8876712328767,7
23.8904109589041,107
23.8931506849315,108
23.8958904109589,129
23.8986301369863,127
23.9013698630137,95
23.9041095890411,4
23.9068493150685,7
23.9095890410959,51
23.9123287671233,147
23.9150684931507,148
23.9178082191781,130
23.9205479452055,7
23.9232876712329,5
23.9260273972603,8
23.9287671232877,101
23.9315068493151,136
23.9342465753425,116
23.9369863013699,167
23.9397260273973,136
23.9424657534247,8
23.9452054794521,2
23.9479452054795,158
23.9506849315068,153
23.9534246575342,202
23.9561643835616,240
23.958904109589,131
23.9616438356164,4
23.9643835616438,7
23.9671232876712,206
23.9698630136986,116
23.972602739726,183
23.9753424657534,195
23.9780821917808,122
23.9808219178082,1
23.9835616438356,12
23.986301369863,180
23.9890410958904,169
23.9917808219178,542
23.9945205479452,517
23.9972602739726,21
24,5
24.0027397260274,12
24.0054794520548,56
24.0082191780822,46
24.0109589041096,38
24.013698630137,42
24.0164383561644,30
24.0191780821918,2
24.0219178082192,10
24.0246575342466,70
24.027397260274,111
24.0301369863014,79
24.0328767123288,279
24.0356164383562,697
24.0383561643836,72
24.041095890411,83
24.0438356164384,231
24.0465753424658,179
24.0493150684932,214
24.0520547945205,178
24.0547945205479,103
24.0575342465753,24
24.0602739726027,16
24.0630136986301,141
24.0657534246575,124
24.0684931506849,115
24.0712328767123,117
24.0739726027397,100
24.0767123287671,13
24.0794520547945,8
24.0821917808219,100
24.0849315068493,7
24.0876712328767,86
24.0904109589041,105
24.0931506849315,58
24.0958904109589,23
24.0986301369863,9
24.1013698630137,96
24.1041095890411,76
24.1068493150685,61
24.1095890410959,130
24.1123287671233,49
24.1150684931507,2
24.1178082191781,4
24.1205479452055,92
24.1232876712329,49
24.1260273972603,89
24.1287671232877,106
24.1315068493151,54
24.1342465753425,4
24.1369863013699,195
24.1397260273973,159
24.1424657534247,71
24.1452054794521,65
24.1479452054795,73
24.1506849315068,37
24.1534246575342,4
24.1561643835616,7
24.158904109589,67
24.1616438356164,77
24.1643835616438,82
24.1671232876712,66
24.1698630136986,45
24.172602739726,8
24.1753424657534,2
24.1780821917808,67
24.1808219178082,82
24.1835616438356,59
24.186301369863,101
24.1890410958904,5
24.1917808219178,1
24.1945205479452,4
24.1972602739726,66
24.2,58
24.2027397260274,47
24.2054794520548,78
24.2082191780822,39
24.2109589041096,8
24.213698630137,5
24.2164383561644,85
24.2191780821918,47
24.2219178082192,65
24.2246575342466,90
24.227397260274,29
24.2301369863014,3
24.2328767123288,3
24.2356164383562,76
24.2383561643836,63
24.241095890411,84
24.2438356164384,89
24.2465753424658,54
24.2493150684931,7
24.2520547945205,5
24.2547945205479,69
24.2575342465753,73
24.2602739726027,67
24.2630136986301,69
24.2657534246575,49
24.2684931506849,1
24.2712328767123,3
24.2739726027397,83
24.2767123287671,52
24.2794520547945,60
24.2821917808219,66
24.2849315068493,54
24.2876712328767,14
24.2904109589041,5
24.2931506849315,73
24.2958904109589,68
24.2986301369863,52
24.3013698630137,57
24.3041095890411,41
24.3068493150685,2
24.3095890410959,3
24.3123287671233,76
24.3150684931507,64
24.3178082191781,67
24.3205479452055,60
24.3232876712329,54
24.3260273972603,3
24.3287671232877,5
24.3315068493151,71
24.3342465753425,66
24.3369863013699,64
24.3397260273973,78
24.3424657534247,35
24.3452054794521,1
24.3479452054795,7
24.3506849315068,70
24.3534246575342,57
24.3561643835616,47
24.358904109589,78
24.3616438356164,19
24.3643835616438,2
24.3671232876712,1
24.3698630136986,67
24.372602739726,55
24.3753424657534,55
24.3780821917808,52
24.3808219178082,77
24.3835616438356,3
24.3890410958904,74
24.3917808219178,66
24.3945205479452,39
24.3972602739726,68
24.4,65
24.4054794520548,5
24.4082191780822,78
24.4109589041096,95
24.413698630137,43
24.4164383561644,71
24.4191780821918,39
24.4219178082192,1
24.4246575342466,3
24.427397260274,51
24.4301369863014,54
24.4328767123288,52
24.4356164383562,79
24.4383561643836,40
24.441095890411,5
24.4465753424658,61
24.4493150684931,45
24.4520547945205,63
24.4547945205479,57
24.4575342465753,13
24.4657534246575,61
24.4684931506849,38
24.4712328767123,56
24.4739726027397,72
24.4767123287671,37
24.4794520547945,2
24.4849315068493,64
24.4876712328767,53
24.4904109589041,69
24.4931506849315,71
24.4958904109589,19
24.4986301369863,1
24.5013698630137,2
24.5041095890411,42
24.5068493150685,15
24.5095890410959,28
24.5123287671233,55
24.5150684931507,22
24.5205479452055,5
24.5232876712329,51
24.5260273972603,43
24.5287671232877,49
24.5315068493151,80
24.5342465753425,2
24.5369863013699,3
24.5397260273973,3
24.5424657534247,58
24.5452054794521,48
24.5479452054795,52
24.5506849315069,94
24.5534246575342,37
24.5561643835616,4
24.558904109589,4
24.5616438356164,89
24.5643835616438,76
24.5671232876712,51
24.5698630136986,83
24.572602739726,20
24.5753424657534,4
24.5780821917808,7
24.5808219178082,57
24.5835616438356,79
24.586301369863,73
24.5890410958904,4
24.5917808219178,31
24.5972602739726,2
24.6,49
24.6027397260274,69
24.6054794520548,60
24.6109589041096,1
24.613698630137,1
24.6164383561644,2
24.6191780821918,55
24.6219178082192,41
24.6246575342466,52
24.627397260274,67
24.6301369863014,49
24.6328767123288,3
24.6356164383562,8
24.6383561643836,40
24.641095890411,40
24.6438356164384,79
24.6465753424658,48
24.6493150684932,21
24.6520547945205,1
24.6547945205479,2
24.6575342465753,112
24.6602739726027,62
24.6630136986301,59
24.6657534246575,46
24.6684931506849,64
24.6712328767123,2
24.6739726027397,3
24.6767123287671,53
24.6794520547945,51
24.6821917808219,57
24.6849315068493,82
24.6876712328767,38
24.6931506849315,5
24.6958904109589,3
24.6986301369863,2
24.7013698630137,63
24.7041095890411,92
24.7068493150685,42
24.7095890410959,5
24.7123287671233,3
24.7150684931507,61
24.7178082191781,67
24.7205479452055,59
24.7232876712329,85
24.7260273972603,9
24.7315068493151,3
24.7342465753425,48
24.7369863013699,46
24.7397260273973,68
24.7424657534247,86
24.7452054794521,35
24.7506849315069,3
24.7534246575342,72
24.7561643835616,52
24.758904109589,56
24.7616438356164,80
24.7643835616438,38
24.7671232876712,1
24.7698630136986,2
24.772602739726,45
24.7753424657534,56
24.7780821917808,81
24.7808219178082,91
24.7835616438356,63
24.786301369863,4
24.7890410958904,2
24.7917808219178,63
24.7945205479452,62
24.7972602739726,74
24.8,49
24.8027397260274,58
24.8054794520548,9
24.8082191780822,3
24.8109589041096,128
24.813698630137,57
24.8164383561644,57
24.8191780821918,99
24.8219178082192,46
24.8246575342466,1
24.827397260274,6
24.8301369863014,56
24.8328767123288,43
24.8356164383562,88
24.8383561643836,39
24.841095890411,57
24.8438356164384,2
24.8493150684932,93
24.8520547945205,29
24.8547945205479,54
24.8575342465753,56
24.8602739726027,77
24.8630136986301,4
24.8657534246575,8
24.8684931506849,30
24.8712328767123,64
24.8739726027397,62
24.8767123287671,57
24.8794520547945,45
24.8821917808219,8
24.8849315068493,5
24.8876712328767,30
24.8904109589041,57
24.8931506849315,62
24.8958904109589,51
24.8986301369863,47
24.9013698630137,2
24.9041095890411,5
24.9068493150685,42
24.9095890410959,47
24.9123287671233,120
24.9150684931507,182
24.9178082191781,6
24.9205479452055,2
24.9232876712329,7
24.9260273972603,50
24.9287671232877,52
24.9315068493151,99
24.9342465753425,68
24.9369863013699,71
24.9397260273973,7
24.9424657534247,3
24.9452054794521,62
24.9479452054795,32
24.9506849315068,174
24.9534246575342,112
24.9561643835616,54
24.958904109589,2
24.9616438356164,4
24.9643835616438,59
24.9671232876712,70
24.9698630136986,28
24.972602739726,73
24.9753424657534,88
24.9780821917808,2
24.9808219178082,4
24.9835616438356,58
24.986301369863,47
24.9890410958904,144
24.9917808219178,148
24.9945205479452,46
24.9972602739726,5
25,6
25.0027397260274,48
25.0054794520548,54
25.0082191780822,54
25.0109589041096,74
25.013698630137,39
25.0164383561644,3
25.0191780821918,4
25.0219178082192,34
25.0246575342466,30
25.027397260274,107
25.0301369863014,156
25.0328767123288,77
25.0356164383562,3
25.0383561643836,1
25.041095890411,59
25.0438356164384,34
25.0465753424658,32
25.0493150684932,57
25.0520547945205,39
25.0547945205479,2
25.0575342465753,2
25.0602739726027,60
25.0630136986301,19
25.0657534246575,38
25.0684931506849,107
25.0712328767123,28
25.0739726027397,1
25.0767123287671,7
25.0794520547945,103
25.0821917808219,60
25.0849315068493,6
25.0876712328767,41
25.0904109589041,69
25.0931506849315,4
25.0958904109589,6
25.0986301369863,44
25.1013698630137,91
25.1041095890411,50
25.1068493150685,47
25.1095890410959,17
25.1123287671233,5
25.1150684931507,4
25.1178082191781,61
25.1205479452055,132
25.1232876712329,56
25.1260273972603,53
25.1287671232877,24
25.1315068493151,1
25.1342465753425,6
25.1369863013699,51
25.1397260273973,51
25.1424657534247,34
25.1452054794521,17
25.1479452054795,12
25.1506849315068,6
25.1534246575342,3
25.1561643835616,42
25.158904109589,45
25.1616438356164,63
25.1643835616438,97
25.1671232876712,25
25.1698630136986,4
25.172602739726,2
25.1753424657534,23
25.1780821917808,97
25.1808219178082,34
25.1835616438356,81
25.186301369863,2
25.1890410958904,1
25.1917808219178,1
25.1945205479452,52
25.1972602739726,49
25.2,57
25.2027397260274,70
25.2054794520548,23
25.2082191780822,2
25.2109589041096,7
25.213698630137,33
25.2164383561644,35
25.2191780821918,49
25.2219178082192,46
25.2246575342466,62
25.227397260274,2
25.2301369863014,3
25.2328767123288,133
25.2356164383562,45
25.2383561643836,82
25.241095890411,102
25.2438356164384,57
25.2465753424658,8
25.2493150684931,2
25.2520547945205,45
25.2547945205479,44
25.2575342465753,31
25.2602739726027,43
25.2630136986301,29
25.2657534246575,5
25.2712328767123,55
25.2739726027397,105
25.2767123287671,87
25.2794520547945,99
25.2821917808219,39
25.2849315068493,1
25.2876712328767,3
25.2904109589041,76
25.2931506849315,29
25.2958904109589,43
25.2986301369863,35
25.3013698630137,33
25.3068493150685,2
25.3095890410959,31
25.3123287671233,47
25.3150684931507,29
25.3178082191781,53
25.3205479452055,41
25.3260273972603,3
25.3287671232877,33
25.3315068493151,20
25.3342465753425,46
25.3369863013699,121
25.3397260273973,13
25.3424657534247,2
25.3452054794521,2
25.3479452054795,26
25.3506849315068,21
25.3534246575342,14
25.3561643835616,28
25.358904109589,5
25.3643835616438,1
25.3671232876712,39
25.3698630136986,26
25.372602739726,43
25.3753424657534,58
25.3780821917808,180
25.3808219178082,19
25.3835616438356,12
25.386301369863,153
25.3890410958904,140
25.3917808219178,119
25.3945205479452,115
25.3972602739726,116
25.4,4
25.4027397260274,10
25.4054794520548,79
25.4082191780822,51
25.4109589041096,66
25.413698630137,42
25.4164383561644,40
25.4191780821918,1
25.4219178082192,6
25.4246575342466,38
25.427397260274,43
25.4301369863014,54
25.4328767123288,56
25.4356164383562,16
25.441095890411,1
25.4438356164384,14
25.4465753424658,25
25.4493150684931,33
25.4520547945205,29
25.4547945205479,6
25.4575342465753,33
25.4602739726027,4
25.4630136986301,65
25.4657534246575,40
25.4684931506849,38
25.4712328767123,46
25.4739726027397,84
25.4767123287671,7
25.4794520547945,8
25.4821917808219,33
25.4849315068493,57
25.4876712328767,83
25.4904109589041,84
25.4931506849315,27
25.4958904109589,3
25.4986301369863,7
25.5013698630137,64
25.5041095890411,28
25.5068493150685,38
25.5095890410959,25
25.5123287671233,18
25.5150684931507,2
25.5178082191781,4
25.5205479452055,52
25.5232876712329,53
25.5260273972603,52
25.5287671232877,71
25.5315068493151,57
25.5342465753425,3
25.5369863013699,7
25.5397260273973,48
25.5424657534247,115
25.5452054794521,215
25.5479452054795,269
25.5506849315069,43
25.5534246575342,2
25.5561643835616,13
25.558904109589,128
25.5616438356164,67
25.5643835616438,54
25.5671232876712,30
25.5698630136986,33
25.572602739726,3
25.5753424657534,3
25.5780821917808,60
25.5808219178082,47
25.5835616438356,34
25.586301369863,64
25.5890410958904,5
25.5945205479452,2
25.5972602739726,56
25.6,37
25.6027397260274,27
25.6054794520548,45
25.6082191780822,1
25.6109589041096,1
25.613698630137,1
25.6164383561644,14
25.6191780821918,29
25.6219178082192,48
25.6246575342466,46
25.627397260274,34
25.6301369863014,2
25.6328767123288,2
25.6356164383562,41
25.6383561643836,56
25.641095890411,36
25.6438356164384,55
25.6465753424658,26
25.6493150684932,2
25.6547945205479,72
25.6575342465753,96
25.6602739726027,114
25.6630136986301,132
25.6657534246575,214
25.6684931506849,2
25.6712328767123,4
25.6739726027397,132
25.6767123287671,67
25.6794520547945,59
25.6821917808219,122
25.6849315068493,45
25.6904109589041,1
25.6931506849315,1
25.6958904109589,5
25.6986301369863,49
25.7013698630137,65
25.7041095890411,81
25.7068493150685,2
25.7095890410959,4
25.7123287671233,29
25.7150684931507,42
25.7178082191781,78
25.7205479452055,43
25.7232876712329,19
25.7260273972603,2
25.7287671232877,1
25.7315068493151,5
25.7342465753425,57
25.7369863013699,145
25.7397260273973,1115
25.7424657534247,16
25.7452054794521,5
25.7479452054795,5
25.7506849315069,40
25.7534246575342,52
25.7561643835616,55
25.758904109589,104
25.7616438356164,333
25.7643835616438,436
25.7671232876712,421
25.7698630136986,311
25.772602739726,347
25.7753424657534,347
25.7780821917808,408
25.7808219178082,2590
25.7835616438356,339
25.786301369863,378
25.7890410958904,761
25.7917808219178,623
25.7945205479452,600
25.7972602739726,446
25.8,378
25.8027397260274,91
25.8054794520548,68
25.8082191780822,334
25.8109589041096,382
25.813698630137,448
25.8164383561644,363
25.8191780821918,236
25.8219178082192,47
25.8246575342466,51
25.827397260274,289
25.8301369863014,273
25.8328767123288,257
25.8356164383562,284
25.8383561643836,281
25.841095890411,27
25.8438356164384,27
25.8465753424658,317
25.8493150684932,240
25.8520547945205,223
25.8547945205479,262
25.8575342465753,265
25.8602739726027,26
25.8630136986301,34
25.8657534246575,287
25.8684931506849,165
25.8712328767123,154
25.8739726027397,132
25.8767123287671,131
25.8794520547945,10
25.8821917808219,18
25.8849315068493,154
25.8876712328767,124
25.8904109589041,99
25.8931506849315,125
25.8958904109589,150
25.8986301369863,21
25.9013698630137,13
25.9041095890411,235
25.9068493150685,303
25.9095890410959,254
25.9123287671233,214
25.9150684931507,9
25.9178082191781,4
25.9205479452055,9
25.9232876712329,166
25.9260273972603,157
25.9287671232877,188
25.9315068493151,82
25.9342465753425,132
25.9369863013699,11
25.9397260273973,8
25.9424657534247,239
25.9452054794521,244
25.9479452054795,138
25.9506849315068,220
25.9534246575342,166
25.9561643835616,8
25.958904109589,13
25.9616438356164,151
25.9643835616438,131
25.9671232876712,84
25.9698630136986,109
25.972602739726,115
25.9753424657534,10
25.9780821917808,13
25.9808219178082,98
25.9835616438356,111
25.986301369863,126
25.9890410958904,132
25.9917808219178,108
25.9945205479452,9
25.9972602739726,10
26,246
26.0027397260274,95
26.0054794520548,189
26.0082191780822,642
26.0109589041096,35
26.013698630137,5
26.0164383561644,10
26.0191780821918,41
26.0219178082192,39
26.0246575342466,49
26.027397260274,59
26.0301369863014,27
26.0328767123288,1
26.0356164383562,7
26.0383561643836,80
26.041095890411,53
26.0438356164384,88
26.0465753424658,209
26.0493150684932,680
26.0520547945205,59
26.0547945205479,113
26.0575342465753,342
26.0602739726027,261
26.0630136986301,236
26.0657534246575,282
26.0684931506849,131
26.0712328767123,24
26.0739726027397,22
26.0767123287671,110
26.0794520547945,100
26.0821917808219,140
26.0849315068493,35
26.0876712328767,106
26.0904109589041,9
26.0931506849315,19
26.0958904109589,119
26.0986301369863,84
26.1013698630137,119
26.1041095890411,119
26.1068493150685,95
26.1095890410959,11
26.1123287671233,6
26.1150684931507,65
26.1178082191781,90
26.1205479452055,101
26.1232876712329,109
26.1260273972603,111
26.1287671232877,12
26.1315068493151,4
26.1342465753425,128
26.1369863013699,138
26.1397260273973,106
26.1424657534247,180
26.1452054794521,172
26.1479452054795,4
26.1506849315068,30
26.1534246575342,140
26.1561643835616,93
26.158904109589,64
26.1616438356164,112
26.1643835616438,103
26.1671232876712,13
26.1698630136986,23
26.172602739726,110
26.1753424657534,66
26.1780821917808,72
26.1808219178082,95
26.1835616438356,6
26.186301369863,4
26.1890410958904,7
26.1917808219178,53
26.1945205479452,52
26.1972602739726,47
26.2,46
26.2027397260274,33
26.2054794520548,6
26.2082191780822,11
26.2109589041096,94
26.213698630137,34
26.2164383561644,75
26.2191780821918,88
26.2219178082192,51
26.2246575342466,1
26.227397260274,12
26.2301369863014,51
26.2328767123288,52
26.2356164383562,97
26.2383561643836,80
26.241095890411,92
26.2438356164384,4
26.2465753424658,17
26.2493150684931,74
26.2520547945205,74
26.2547945205479,72
26.2575342465753,102
26.2602739726027,67
26.2630136986301,6
26.2657534246575,7
26.2684931506849,88
26.2712328767123,59
26.2739726027397,64
26.2767123287671,99
26.2794520547945,54
26.2821917808219,4
26.2849315068493,3
26.2876712328767,57
26.2904109589041,50
26.2931506849315,74
26.2958904109589,129
26.2986301369863,133
26.3013698630137,5
26.3041095890411,7
26.3068493150685,106
26.3095890410959,63
26.3123287671233,67
26.3150684931507,183
26.3178082191781,100
26.3205479452055,5
26.3232876712329,8
26.3260273972603,114
26.3287671232877,98
26.3315068493151,110
26.3342465753425,168
26.3369863013699,51
26.3397260273973,7
26.3424657534247,4
26.3452054794521,51
26.3479452054795,71
26.3506849315068,55
26.3534246575342,104
26.3561643835616,49
26.358904109589,5
26.3616438356164,2
26.3643835616438,62
26.3671232876712,147
26.3698630136986,66
26.372602739726,117
26.3753424657534,327
26.3780821917808,18
26.3808219178082,26
26.3835616438356,173
26.386301369863,119
26.3890410958904,154
26.3917808219178,168
26.3945205479452,104
26.3972602739726,24
26.4,12
26.4027397260274,136
26.4054794520548,125
26.4082191780822,160
26.4109589041096,176
26.413698630137,90
26.4164383561644,18
26.4191780821918,15
26.4219178082192,112
26.4246575342466,114
26.427397260274,158
26.4301369863014,214
26.4328767123288,5
26.4356164383562,11
26.4383561643836,86
26.441095890411,68
26.4438356164384,77
26.4465753424658,103
26.4493150684931,19
26.4520547945205,14
26.4547945205479,9
26.4575342465753,69
26.4602739726027,131
26.4630136986301,131
26.4657534246575,118
26.4684931506849,87
26.4712328767123,9
26.4739726027397,13
26.4767123287671,85
26.4794520547945,67
26.4821917808219,62
26.4849315068493,123
26.4876712328767,59
26.4904109589041,3
26.4931506849315,16
26.4958904109589,137
26.4986301369863,127
26.5013698630137,85
26.5041095890411,107
26.5068493150685,127
26.5095890410959,7
26.5123287671233,18
26.5150684931507,90
26.5178082191781,43
26.5205479452055,62
26.5232876712329,128
26.5260273972603,89
26.5287671232877,8
26.5315068493151,14
26.5342465753425,102
26.5369863013699,98
26.5397260273973,83
26.5424657534247,97
26.5452054794521,22
26.5479452054795,6
26.5506849315069,16
26.5534246575342,71
26.5561643835616,79
26.558904109589,143
26.5616438356164,88
26.5643835616438,73
26.5671232876712,8
26.5698630136986,9
26.572602739726,61
26.5753424657534,84
26.5780821917808,136
26.5808219178082,90
26.5835616438356,32
26.586301369863,3
26.5890410958904,4
26.5917808219178,6
26.5945205479452,34
26.5972602739726,75
26.6,71
26.6027397260274,31
26.6054794520548,3
26.6082191780822,1
26.6109589041096,2
26.613698630137,54
26.6164383561644,119
26.6191780821918,90
26.6219178082192,45
26.6246575342466,3
26.627397260274,2
26.6301369863014,65
26.6328767123288,99
26.6356164383562,90
26.6383561643836,135
26.641095890411,142
26.6438356164384,3
26.6465753424658,5
26.6493150684932,118
26.6520547945205,165
26.6547945205479,62
26.6575342465753,41
26.6602739726027,24
26.6630136986301,2
26.6657534246575,6
26.6684931506849,62
26.6712328767123,27
26.6739726027397,58
26.6767123287671,56
26.6794520547945,32
26.6821917808219,3
26.6849315068493,3
26.6876712328767,7
26.6904109589041,5
26.6931506849315,53
26.6958904109589,96
26.6986301369863,81
26.7013698630137,7
26.7041095890411,10
26.7068493150685,84
26.7095890410959,52
26.7123287671233,45
26.7150684931507,86
26.7178082191781,67
26.7205479452055,19
26.7232876712329,11
26.7260273972603,43
26.7287671232877,24
26.7315068493151,47
26.7342465753425,77
26.7369863013699,202
26.7397260273973,5
26.7424657534247,5
26.7452054794521,165
26.7479452054795,200
26.7506849315069,58
26.7534246575342,62
26.7561643835616,33
26.758904109589,8
26.7616438356164,9
26.7643835616438,59
26.7671232876712,64
26.7698630136986,46
26.772602739726,82
26.7753424657534,49
26.7780821917808,6
26.7808219178082,15
26.7835616438356,69
26.786301369863,62
26.7890410958904,104
26.7917808219178,115
26.7945205479452,78
26.7972602739726,6
26.8,9
26.8027397260274,79
26.8054794520548,46
26.8082191780822,41
26.8109589041096,55
26.813698630137,16
26.8164383561644,3
26.8191780821918,16
26.8219178082192,84
26.8246575342466,67
26.827397260274,192
26.8301369863014,169
26.8328767123288,94
26.8356164383562,16
26.8383561643836,12
26.841095890411,74
26.8438356164384,46
26.8465753424658,89
26.8493150684932,73
26.8520547945205,62
26.8547945205479,15
26.8575342465753,7
26.8602739726027,84
26.8630136986301,64
26.8657534246575,46
26.8684931506849,88
26.8712328767123,119
26.8739726027397,5
26.8767123287671,6
26.8794520547945,194
26.8821917808219,145
26.8849315068493,96
26.8876712328767,163
26.8904109589041,130
26.8931506849315,11
26.8958904109589,14
26.8986301369863,116
26.9013698630137,141
26.9041095890411,76
26.9068493150685,45
26.9095890410959,7
26.9123287671233,5
26.9150684931507,5
26.9178082191781,54
26.9205479452055,44
26.9232876712329,54
26.9260273972603,54
26.9287671232877,44
26.9315068493151,2
26.9342465753425,5
26.9369863013699,69
26.9397260273973,39
26.9424657534247,70
26.9452054794521,57
26.9479452054795,55
26.9506849315068,7
26.9561643835616,71
26.958904109589,37
26.9616438356164,72
26.9643835616438,99
26.9671232876712,62
26.9698630136986,3
26.972602739726,6
26.9753424657534,76
26.9780821917808,49
26.9808219178082,55
26.9835616438356,97
26.986301369863,38
26.9890410958904,5
26.9917808219178,7
26.9945205479452,86
26.9972602739726,72
27,132
27.0027397260274,165
27.0054794520548,58
27.0082191780822,9
27.0109589041096,9
27.013698630137,76
27.0164383561644,67
27.0191780821918,61
27.0219178082192,93
27.0246575342466,59
27.027397260274,5
27.0301369863014,3
27.0328767123288,79
27.0356164383562,75
27.0383561643836,54
27.041095890411,97
27.0438356164384,44
27.0465753424658,8
27.0493150684932,2
27.0520547945205,115
27.0547945205479,82
27.0575342465753,112
27.0602739726027,113
27.0630136986301,83
27.0657534246575,5
27.0684931506849,14
27.0712328767123,124
27.0739726027397,60
27.0767123287671,47
27.0794520547945,68
27.0821917808219,10
27.0849315068493,1
27.0876712328767,10
27.0904109589041,82
27.0931506849315,94
27.0958904109589,62
27.0986301369863,74
27.1013698630137,50
27.1068493150685,5
27.1095890410959,53
27.1123287671233,85
27.1150684931507,181
27.1178082191781,117
27.1205479452055,30
27.1232876712329,10
27.1260273972603,6
27.1287671232877,76
27.1315068493151,48
27.1342465753425,66
27.1369863013699,58
27.1397260273973,34
27.1424657534247,1
27.1452054794521,5
27.1479452054795,59
27.1506849315068,81
27.1534246575342,37
27.1561643835616,38
27.158904109589,46
27.1616438356164,6
27.1643835616438,1
27.1671232876712,32
27.1698630136986,29
27.172602739726,121
27.1753424657534,77
27.1780821917808,1
27.1808219178082,2
27.1835616438356,3
27.186301369863,56
27.1890410958904,27
27.1917808219178,35
27.1945205479452,68
27.1972602739726,59
27.2,3
27.2027397260274,5
27.2054794520548,130
27.2082191780822,69
27.2109589041096,33
27.213698630137,60
27.2164383561644,50
27.2219178082192,12
27.2246575342466,142
27.227397260274,108
27.2301369863014,184
27.2328767123288,229
27.2356164383562,71
27.2383561643836,1
27.241095890411,3
27.2438356164384,62
27.2465753424658,69
27.2493150684931,70
27.2520547945205,58
27.2547945205479,49
27.2575342465753,9
27.2602739726027,3
27.2630136986301,62
27.2657534246575,56
27.2684931506849,39
27.2712328767123,50
27.2739726027397,20
27.2767123287671,5
27.2794520547945,1
27.2821917808219,63
27.2849315068493,44
27.2876712328767,26
27.2904109589041,30
27.2931506849315,22
27.2958904109589,4
27.2986301369863,3
27.3013698630137,32
27.3041095890411,49
27.3068493150685,73
27.3095890410959,62
27.3123287671233,74
27.3150684931507,6
27.3178082191781,3
27.3205479452055,53
27.3232876712329,86
27.3260273972603,91
27.3287671232877,100
27.3315068493151,12
27.3342465753425,1
27.3369863013699,1
27.3397260273973,21
27.3424657534247,45
27.3452054794521,20
27.3479452054795,27
27.3506849315068,9
27.3534246575342,5
27.3561643835616,1
27.358904109589,81
27.3616438356164,50
27.3643835616438,92
27.3671232876712,160
27.3698630136986,259
27.372602739726,12
27.3753424657534,29
27.3780821917808,203
27.3808219178082,123
27.3835616438356,101
27.386301369863,105
27.3890410958904,69
27.3917808219178,8
27.3945205479452,9
27.3972602739726,98
27.4,89
27.4027397260274,81
27.4054794520548,59
27.4082191780822,55
27.4109589041096,4
27.413698630137,11
27.4164383561644,71
27.4191780821918,95
27.4219178082192,159
27.4246575342466,61
27.427397260274,14
27.4301369863014,7
27.4328767123288,3
27.4356164383562,38
27.4383561643836,213
27.441095890411,176
27.4438356164384,146
27.4465753424658,61
27.4493150684931,1
27.4520547945205,2
27.4547945205479,31
27.4575342465753,40
27.4602739726027,32
27.4630136986301,118
27.4657534246575,49
27.4684931506849,2
27.4712328767123,5
27.4739726027397,89
27.4767123287671,76
27.4794520547945,86
27.4821917808219,106
27.4849315068493,36
27.4876712328767,14
27.4904109589041,12
27.4931506849315,115
27.4958904109589,88
27.4986301369863,111
27.5013698630137,90
27.5041095890411,39
27.5068493150685,5
27.5095890410959,6
27.5123287671233,140
27.5150684931507,150
27.5178082191781,157
27.5205479452055,117
27.5232876712329,105
27.5260273972603,3
27.5287671232877,10
27.5315068493151,96
27.5342465753425,83
27.5369863013699,90
27.5397260273973,103
27.5424657534247,46
27.5452054794521,7
27.5479452054795,5
27.5506849315069,131
27.5534246575342,75
27.5561643835616,82
27.558904109589,91
27.5616438356164,44
27.5643835616438,5
27.5671232876712,5
27.5698630136986,82
27.572602739726,52
27.5753424657534,82
27.5780821917808,109
27.5808219178082,15
27.5835616438356,7
27.586301369863,7
27.5890410958904,12
27.5917808219178,68
27.5945205479452,84
27.5972602739726,93
27.6,33
27.6027397260274,2
27.6054794520548,3
27.6082191780822,1
27.6109589041096,15
27.613698630137,56
27.6164383561644,42
27.6191780821918,30
27.6219178082192,4
27.6246575342466,5
27.627397260274,58
27.6301369863014,63
27.6328767123288,55
27.6356164383562,86
27.6383561643836,47
27.6438356164384,4
27.6465753424658,63
27.6493150684932,61
27.6520547945205,56
27.6547945205479,58
27.6575342465753,28
27.6602739726027,5
27.6630136986301,6
27.6657534246575,108
27.6684931506849,98
27.6712328767123,73
27.6739726027397,120
27.6767123287671,43
27.6794520547945,2
27.6821917808219,7
27.6849315068493,10
27.6876712328767,7
27.6904109589041,136
27.6931506849315,106
27.6958904109589,50
27.6986301369863,6
27.7013698630137,11
27.7041095890411,113
27.7068493150685,108
27.7095890410959,75
27.7123287671233,103
27.7150684931507,40
27.7178082191781,3
27.7205479452055,8
27.7232876712329,135
27.7260273972603,126
27.7287671232877,27
27.7315068493151,120
27.7342465753425,61
27.7369863013699,10
27.7397260273973,11
27.7424657534247,90
27.7452054794521,171
27.7479452054795,320
27.7506849315069,1090
27.7534246575342,39
27.7561643835616,12
27.758904109589,27
27.7616438356164,85
27.7643835616438,75
27.7671232876712,86
27.7698630136986,92
27.772602739726,39
27.7753424657534,6
27.7780821917808,23
27.7808219178082,74
27.7835616438356,83
27.786301369863,101
27.7890410958904,205
27.7917808219178,714
27.7945205479452,59
27.7972602739726,81
27.8,341
27.8027397260274,276
27.8054794520548,275
27.8082191780822,276
27.8109589041096,158
27.813698630137,45
27.8164383561644,43
27.8191780821918,207
27.8219178082192,169
27.8246575342466,177
27.827397260274,174
27.8301369863014,109
27.8328767123288,32
27.8356164383562,49
27.8383561643836,150
27.841095890411,132
27.8438356164384,170
27.8465753424658,152
27.8493150684932,108
27.8520547945205,24
27.8547945205479,16
27.8575342465753,168
27.8602739726027,186
27.8630136986301,114
27.8657534246575,177
27.8684931506849,78
27.8712328767123,15
27.8739726027397,32
27.8767123287671,149
27.8794520547945,119
27.8821917808219,115
27.8849315068493,128
27.8876712328767,73
27.8904109589041,24
27.8931506849315,55
27.8958904109589,153
27.8986301369863,113
27.9013698630137,134
27.9041095890411,122
27.9068493150685,25
27.9095890410959,5
27.9123287671233,14
27.9150684931507,161
27.9178082191781,103
27.9205479452055,135
27.9232876712329,163
27.9260273972603,53
27.9287671232877,14
27.9315068493151,18
27.9342465753425,127
27.9369863013699,106
27.9397260273973,151
27.9424657534247,144
27.9452054794521,111
27.9479452054795,10
27.9506849315068,17
27.9534246575342,153
27.9561643835616,110
27.958904109589,127
27.9616438356164,140
27.9643835616438,65
27.9671232876712,17
27.9698630136986,23
27.972602739726,210
27.9753424657534,139
27.9780821917808,107
27.9808219178082,225
27.9835616438356,69
27.986301369863,17
27.9890410958904,23
27.9917808219178,163
27.9945205479452,142
27.9972602739726,353
28,2642
28.0027397260274,63
28.0054794520548,25
28.0082191780822,59
28.0109589041096,152
28.013698630137,173
28.0164383561644,160
28.0191780821918,117
28.0219178082192,43
28.0246575342466,24
28.027397260274,32
28.0301369863014,181
28.0328767123288,118
28.0356164383562,131
28.0383561643836,147
28.041095890411,656
28.0438356164384,112
28.0465753424658,110
28.0493150684932,301
28.0520547945205,283
28.0547945205479,239
28.0575342465753,225
28.0602739726027,137
28.0630136986301,85
28.0657534246575,38
28.0684931506849,188
28.0712328767123,206
28.0739726027397,166
28.0767123287671,179
28.0794520547945,62
28.0821917808219,32
28.0849315068493,8
28.0876712328767,28
28.0904109589041,153
28.0931506849315,131
28.0958904109589,128
28.0986301369863,66
28.1013698630137,38
28.1041095890411,18
28.1068493150685,106
28.1095890410959,91
28.1123287671233,109
28.1150684931507,140
28.1178082191781,41
28.1205479452055,11
28.1232876712329,16
28.1260273972603,123
28.1287671232877,105
28.1315068493151,118
28.1342465753425,133
28.1369863013699,45
28.1397260273973,9
28.1424657534247,16
28.1452054794521,111
28.1479452054795,101
28.1506849315068,86
28.1534246575342,107
28.1561643835616,28
28.158904109589,24
28.1616438356164,21
28.1643835616438,116
28.1671232876712,107
28.1698630136986,87
28.172602739726,122
28.1753424657534,29
28.1780821917808,9
28.1808219178082,8
28.1835616438356,97
28.186301369863,87
28.1890410958904,98
28.1917808219178,79
28.1945205479452,8
28.1972602739726,6
28.2,8
28.2027397260274,153
28.2054794520548,84
28.2082191780822,78
28.2109589041096,83
28.213698630137,26
28.2164383561644,6
28.2191780821918,5
28.2219178082192,142
28.2246575342466,66
28.227397260274,113
28.2301369863014,86
28.2328767123288,48
28.2356164383562,8
28.2383561643836,4
28.241095890411,207
28.2438356164384,98
28.2465753424658,76
28.2493150684931,86
28.2520547945205,44
28.2547945205479,8
28.2575342465753,5
28.2602739726027,88
28.2630136986301,93
28.2657534246575,73
28.2684931506849,94
28.2712328767123,28
28.2739726027397,4
28.2767123287671,2
28.2794520547945,62
28.2821917808219,64
28.2849315068493,101
28.2876712328767,124
28.2904109589041,41
28.2931506849315,1
28.2958904109589,3
28.2986301369863,128
28.3013698630137,94
28.3041095890411,72
28.3068493150685,87
28.3095890410959,34
28.3123287671233,4
28.3150684931507,3
28.3178082191781,139
28.3205479452055,75
28.3232876712329,112
28.3260273972603,111
28.3287671232877,18
28.3315068493151,9
28.3342465753425,11
28.3369863013699,85
28.3397260273973,69
28.3424657534247,67
28.3452054794521,99
28.3479452054795,41
28.3506849315068,4
28.3534246575342,9
28.3561643835616,77
28.358904109589,64
28.3616438356164,65
28.3643835616438,68
28.3671232876712,59
28.3698630136986,6
28.372602739726,20
28.3753424657534,124
28.3780821917808,87
28.3808219178082,104
28.3835616438356,113
28.386301369863,37
28.3890410958904,10
28.3917808219178,10
28.3945205479452,75
28.3972602739726,81
28.4,71
28.4027397260274,113
28.4054794520548,12
28.4082191780822,6
28.4109589041096,5
28.413698630137,82
28.4164383561644,75
28.4191780821918,67
28.4219178082192,111
28.4246575342466,34
28.427397260274,9
28.4301369863014,13
28.4328767123288,107
28.4356164383562,61
28.4383561643836,85
28.441095890411,93
28.4438356164384,27
28.4465753424658,6
28.4493150684931,8
28.4520547945205,87
28.4547945205479,61
28.4575342465753,71
28.4602739726027,88
28.4630136986301,31
28.4657534246575,9
28.4684931506849,6
28.4712328767123,92
28.4739726027397,62
28.4767123287671,64
28.4794520547945,107
28.4821917808219,23
28.4849315068493,4
28.4876712328767,6
28.4904109589041,87
28.4931506849315,93
28.4958904109589,68
28.4986301369863,93
28.5013698630137,41
28.5041095890411,8
28.5068493150685,10
28.5095890410959,94
28.5123287671233,86
28.5150684931507,83
28.5178082191781,100
28.5205479452055,31
28.5232876712329,9
28.5260273972603,8
28.5287671232877,91
28.5315068493151,76
28.5342465753425,100
28.5369863013699,98
28.5397260273973,20
28.5424657534247,10
28.5452054794521,8
28.5479452054795,92
28.5506849315069,125
28.5534246575342,57
28.5561643835616,239
28.558904109589,273
28.5616438356164,10
28.5643835616438,19
28.5671232876712,103
28.5698630136986,75
28.572602739726,88
28.5753424657534,121
28.5780821917808,61
28.5808219178082,13
28.5835616438356,8
28.586301369863,121
28.5890410958904,11
28.5917808219178,117
28.5945205479452,118
28.5972602739726,30
28.6,7
28.6027397260274,5
28.6054794520548,11
28.6109589041096,36
28.613698630137,93
28.6164383561644,33
28.6191780821918,4
28.6219178082192,9
28.6246575342466,60
28.627397260274,84
28.6301369863014,53
28.6328767123288,131
28.6356164383562,40
28.6383561643836,8
28.641095890411,7
28.6438356164384,110
28.6465753424658,60
28.6493150684932,65
28.6520547945205,92
28.6547945205479,18
28.6575342465753,9
28.6602739726027,6
28.6630136986301,109
28.6657534246575,52
28.6684931506849,96
28.6712328767123,99
28.6739726027397,25
28.6767123287671,13
28.6794520547945,15
28.6821917808219,13
28.6849315068493,2
28.6876712328767,94
28.6904109589041,106
28.6931506849315,46
28.6958904109589,12
28.6986301369863,19
28.7013698630137,91
28.7041095890411,193
28.7068493150685,75
28.7095890410959,126
28.7123287671233,44
28.7150684931507,7
28.7178082191781,8
28.7205479452055,101
28.7232876712329,71
28.7260273972603,138
28.7287671232877,27
28.7315068493151,30
28.7342465753425,15
28.7369863013699,9
28.7397260273973,113
28.7424657534247,81
28.7452054794521,105
28.7479452054795,119
28.7506849315069,39
28.7534246575342,5
28.7561643835616,15
28.758904109589,103
28.7616438356164,100
28.7643835616438,114
28.7671232876712,95
28.7698630136986,31
28.772602739726,10
28.7753424657534,14
28.7780821917808,118
28.7808219178082,91
28.7835616438356,103
28.786301369863,154
28.7890410958904,113
28.7917808219178,13
28.7945205479452,12
28.7972602739726,137
28.8,111
28.8027397260274,190
28.8054794520548,183
28.8082191780822,33
28.8109589041096,18
28.813698630137,9
28.8164383561644,123
28.8191780821918,62
28.8219178082192,109
28.8246575342466,108
28.827397260274,52
28.8301369863014,36
28.8328767123288,53
28.8356164383562,138
28.8383561643836,103
28.841095890411,104
28.8438356164384,189
28.8465753424658,184
28.8493150684932,32
28.8520547945205,23
28.8547945205479,243
28.8575342465753,99
28.8602739726027,116
28.8630136986301,171
28.8657534246575,100
28.8684931506849,47
28.8712328767123,81
28.8739726027397,146
28.8767123287671,131
28.8794520547945,157
28.8821917808219,257
28.8849315068493,297
28.8876712328767,165
28.8904109589041,258
28.8931506849315,376
28.8958904109589,141
28.8986301369863,96
28.9013698630137,129
28.9041095890411,31
28.9068493150685,7
28.9095890410959,22
28.9123287671233,96
28.9150684931507,81
28.9178082191781,103
28.9205479452055,75
28.9232876712329,10
28.9260273972603,5
28.9287671232877,27
28.9315068493151,109
28.9342465753425,68
28.9369863013699,78
28.9397260273973,92
28.9424657534247,74
28.9452054794521,6
28.9479452054795,5
28.9506849315068,133
28.9534246575342,92
28.9561643835616,82
28.958904109589,103
28.9616438356164,31
28.9643835616438,6
28.9671232876712,11
28.9698630136986,79
28.972602739726,87
28.9753424657534,143
28.9780821917808,167
28.9808219178082,56
28.9835616438356,10
28.986301369863,9
28.9890410958904,141
28.9917808219178,90
28.9945205479452,81
28.9972602739726,127
29,31
29.0027397260274,15
29.0054794520548,16
29.0082191780822,134
29.0109589041096,122
29.013698630137,100
29.0164383561644,95
29.0191780821918,53
29.0219178082192,21
29.0246575342466,20
29.027397260274,108
29.0301369863014,84
29.0328767123288,98
29.0356164383562,123
29.0383561643836,42
29.041095890411,8
29.0438356164384,9
29.0465753424658,122
29.0493150684932,100
29.0520547945205,73
29.0547945205479,91
29.0575342465753,48
29.0602739726027,10
29.0630136986301,21
29.0657534246575,108
29.0684931506849,76
29.0712328767123,94
29.0739726027397,77
29.0767123287671,19
29.0794520547945,4
29.0821917808219,10
29.0849315068493,6
29.0876712328767,90
29.0904109589041,105
29.0931506849315,78
29.0958904109589,34
29.0986301369863,7
29.1013698630137,6
29.1041095890411,103
29.1068493150685,92
29.1095890410959,69
29.1123287671233,96
29.1150684931507,27
29.1178082191781,13
29.1205479452055,8
29.1232876712329,90
29.1260273972603,43
29.1287671232877,57
29.1315068493151,96
29.1342465753425,11
29.1369863013699,5
29.1397260273973,6
29.1424657534247,73
29.1452054794521,65
29.1479452054795,53
29.1506849315068,72
29.1534246575342,20
29.1561643835616,5
29.158904109589,5
29.1616438356164,80
29.1643835616438,68
29.1671232876712,59
29.1698630136986,79
29.172602739726,30
29.1753424657534,11
29.1780821917808,6
29.1808219178082,79
29.1835616438356,67
29.186301369863,63
29.1890410958904,71
29.1917808219178,8
29.1945205479452,23
29.1972602739726,6
29.2,54
29.2027397260274,64
29.2054794520548,58
29.2082191780822,67
29.2109589041096,16
29.213698630137,7
29.2164383561644,4
29.2191780821918,74
29.2219178082192,50
29.2246575342466,58
29.227397260274,52
29.2301369863014,14
29.2328767123288,3
29.2356164383562,1
29.2383561643836,68
29.241095890411,52
29.2438356164384,32
29.2465753424658,74
29.2493150684931,21
29.2520547945205,3
29.2547945205479,4
29.2575342465753,96
29.2602739726027,49
29.2630136986301,55
29.2657534246575,68
29.2684931506849,16
29.2712328767123,4
29.2739726027397,6
29.2767123287671,51
29.2794520547945,53
29.2821917808219,44
29.2849315068493,78
29.2876712328767,23
29.2904109589041,3
29.2931506849315,5
29.2958904109589,72
29.2986301369863,49
29.3013698630137,53
29.3041095890411,81
29.3068493150685,43
29.3095890410959,4
29.3123287671233,13
29.3150684931507,66
29.3178082191781,43
29.3205479452055,73
29.3232876712329,64
29.3260273972603,25
29.3287671232877,5
29.3315068493151,9
29.3342465753425,76
29.3369863013699,75
29.3397260273973,123
29.3424657534247,182
29.3452054794521,18
29.3479452054795,4
29.3506849315068,12
29.3534246575342,64
29.3561643835616,54
29.358904109589,54
29.3616438356164,66
29.3643835616438,9
29.3671232876712,4
29.3698630136986,3
29.372602739726,67
29.3753424657534,48
29.3780821917808,66
29.3808219178082,57
29.3835616438356,167
29.386301369863,20
29.3890410958904,15
29.3917808219178,117
29.3945205479452,105
29.3972602739726,79
29.4,99
29.4027397260274,53
29.4054794520548,6
29.4082191780822,16
29.4109589041096,92
29.413698630137,85
29.4164383561644,74
29.4191780821918,102
29.4219178082192,40
29.4246575342466,9
29.427397260274,21
29.4301369863014,115
29.4328767123288,56
29.4356164383562,158
29.4383561643836,107
29.441095890411,17
29.4438356164384,8
29.4465753424658,4
29.4493150684931,46
29.4520547945205,38
29.4547945205479,59
29.4575342465753,52
29.4602739726027,8
29.4630136986301,2
29.4657534246575,6
29.4684931506849,50
29.4712328767123,52
29.4739726027397,62
29.4767123287671,62
29.4794520547945,110
29.4821917808219,8
29.4849315068493,16
29.4876712328767,99
29.4904109589041,72
29.4931506849315,72
29.4958904109589,85
29.4986301369863,33
29.5013698630137,25
29.5041095890411,26
29.5068493150685,96
29.5095890410959,69
29.5123287671233,66
29.5150684931507,55
29.5178082191781,38
29.5205479452055,10
29.5232876712329,16
29.5260273972603,91
29.5287671232877,82
29.5315068493151,78
29.5342465753425,82
29.5369863013699,42
29.5397260273973,27
29.5424657534247,41
29.5452054794521,99
29.5479452054795,88
29.5506849315069,89
29.5534246575342,96
29.5561643835616,35
29.558904109589,14
29.5616438356164,19
29.5643835616438,106
29.5671232876712,66
29.5698630136986,97
29.572602739726,105
29.5753424657534,93
29.5780821917808,2
29.5808219178082,5
29.5835616438356,98
29.586301369863,70
29.5890410958904,15
29.5917808219178,64
29.5945205479452,21
29.5972602739726,3
29.6,5
29.6027397260274,105
29.6054794520548,58
29.6082191780822,2
29.6109589041096,15
29.613698630137,16
29.6164383561644,3
29.6191780821918,1
29.6219178082192,56
29.6246575342466,45
29.627397260274,56
29.6301369863014,72
29.6328767123288,46
29.6356164383562,5
29.6383561643836,2
29.641095890411,66
29.6438356164384,32
29.6465753424658,46
29.6493150684932,63
29.6520547945205,34
29.6547945205479,1
29.6575342465753,3
29.6602739726027,38
29.6630136986301,44
29.6657534246575,44
29.6684931506849,55
29.6712328767123,80
29.6739726027397,3
29.6767123287671,4
29.6794520547945,2
29.6821917808219,4
29.6849315068493,58
29.6876712328767,56
29.6904109589041,28
29.6931506849315,5
29.6958904109589,5
29.6986301369863,41
29.7013698630137,48
29.7041095890411,28
29.7068493150685,48
29.7095890410959,47
29.7123287671233,4
29.7150684931507,11
29.7178082191781,105
29.7205479452055,62
29.7232876712329,94
29.7260273972603,218
29.7287671232877,19
29.7315068493151,9
29.7342465753425,13
29.7369863013699,48
29.7397260273973,117
29.7424657534247,378
29.7452054794521,1223
29.7479452054795,74
29.7506849315069,24
29.7534246575342,81
29.7561643835616,125
29.758904109589,89
29.7616438356164,113
29.7643835616438,150
29.7671232876712,93
29.7698630136986,31
29.772602739726,33
29.7753424657534,128
29.7780821917808,210
29.7808219178082,94
29.7835616438356,173
29.786301369863,2825
29.7890410958904,428
29.7917808219178,496
29.7945205479452,832
29.7972602739726,643
29.8,554
29.8027397260274,524
29.8054794520548,344
29.8082191780822,134
29.8109589041096,206
29.813698630137,339
29.8164383561644,407
29.8191780821918,427
29.8219178082192,401
29.8246575342466,327
29.827397260274,107
29.8301369863014,154
29.8328767123288,245
29.8356164383562,265
29.8383561643836,243
29.841095890411,292
29.8438356164384,181
29.8465753424658,59
29.8493150684932,86
29.8520547945205,273
29.8547945205479,248
29.8575342465753,250
29.8602739726027,260
29.8630136986301,210
29.8657534246575,63
29.8684931506849,128
29.8712328767123,235
29.8739726027397,250
29.8767123287671,251
29.8794520547945,217
29.8821917808219,181
29.8849315068493,44
29.8876712328767,83
29.8904109589041,193
29.8931506849315,191
29.8958904109589,211
29.8986301369863,227
29.9013698630137,126
29.9041095890411,84
29.9068493150685,131
29.9095890410959,193
29.9123287671233,193
29.9150684931507,204
29.9178082191781,220
29.9205479452055,32
29.9232876712329,30
29.9260273972603,43
29.9287671232877,213
29.9315068493151,197
29.9342465753425,172
29.9369863013699,176
29.9397260273973,130
29.9424657534247,71
29.9452054794521,51
29.9479452054795,209
29.9506849315068,209
29.9534246575342,205
29.9561643835616,193
29.958904109589,141
29.9616438356164,24
29.9643835616438,43
29.9671232876712,171
29.9698630136986,203
29.972602739726,211
29.9753424657534,176
29.9780821917808,145
29.9808219178082,33
29.9835616438356,48
29.986301369863,151
29.9890410958904,202
29.9917808219178,506
29.9945205479452,3210
29.9972602739726,78
30,18
30.0027397260274,41
30.0054794520548,90
30.0082191780822,122
30.0109589041096,101
30.013698630137,76
30.0164383561644,41
30.0191780821918,14
30.0219178082192,23
30.0246575342466,104
30.027397260274,113
30.0301369863014,55
30.0328767123288,104
30.0356164383562,1135
30.0383561643836,167
30.041095890411,157
30.0438356164384,462
30.0465753424658,311
30.0493150684932,275
30.0520547945205,255
30.0547945205479,181
30.0575342465753,69
30.0602739726027,78
30.0630136986301,205
30.0657534246575,245
30.0684931506849,222
30.0712328767123,169
30.0739726027397,171
30.0767123287671,35
30.0794520547945,32
30.0821917808219,216
30.0849315068493,24
30.0876712328767,153
30.0904109589041,159
30.0931506849315,79
30.0958904109589,58
30.0986301369863,75
30.1013698630137,120
30.1041095890411,144
30.1068493150685,137
30.1095890410959,146
30.1123287671233,67
30.1150684931507,30
30.1178082191781,37
30.1205479452055,111
30.1232876712329,106
30.1260273972603,137
30.1287671232877,137
30.1315068493151,70
30.1342465753425,24
30.1369863013699,23
30.1397260273973,137
30.1424657534247,93
30.1452054794521,121
30.1479452054795,110
30.1506849315068,88
30.1534246575342,30
30.1561643835616,18
30.158904109589,127
30.1616438356164,117
30.1643835616438,136
30.1671232876712,117
30.1698630136986,71
30.172602739726,43
30.1753424657534,42
30.1780821917808,110
30.1808219178082,119
30.1835616438356,109
30.186301369863,141
30.1890410958904,11
30.1917808219178,10
30.1945205479452,11
30.1972602739726,113
30.2,114
30.2027397260274,86
30.2054794520548,122
30.2082191780822,44
30.2109589041096,42
30.213698630137,14
30.2164383561644,87
30.2191780821918,78
30.2219178082192,116
30.2246575342466,113
30.227397260274,70
30.2301369863014,22
30.2328767123288,4
30.2356164383562,80
30.2383561643836,88
30.241095890411,124
30.2438356164384,108
30.2465753424658,59
30.2493150684931,56
30.2520547945205,24
30.2547945205479,107
30.2575342465753,102
30.2602739726027,107
30.2630136986301,142
30.2657534246575,60
30.2684931506849,52
30.2712328767123,15
30.2739726027397,97
30.2767123287671,76
30.2794520547945,104
30.2821917808219,119
30.2849315068493,41
30.2876712328767,57
30.2904109589041,17
30.2931506849315,90
30.2958904109589,76
30.2986301369863,70
30.3013698630137,87
30.3041095890411,58
30.3068493150685,24
30.3095890410959,18
30.3123287671233,114
30.3150684931507,104
30.3178082191781,84
30.3205479452055,124
30.3232876712329,66
30.3260273972603,3
30.3287671232877,11
30.3315068493151,106
30.3342465753425,106
30.3369863013699,241
30.3397260273973,115
30.3424657534247,59
30.3452054794521,32
30.3479452054795,24
30.3506849315068,90
30.3534246575342,82
30.3561643835616,85
30.358904109589,126
30.3616438356164,29
30.3643835616438,9
30.3671232876712,9
30.3698630136986,112
30.372602739726,101
30.3753424657534,115
30.3780821917808,88
30.3808219178082,158
30.3835616438356,12
30.386301369863,34
30.3890410958904,177
30.3917808219178,132
30.3945205479452,133
30.3972602739726,186
30.4,113
30.4027397260274,27
30.4054794520548,23
30.4082191780822,133
30.4109589041096,120
30.413698630137,119
30.4164383561644,135
30.4191780821918,91
30.4219178082192,16
30.4246575342466,14
30.427397260274,134
30.4301369863014,297
30.4328767123288,141
30.4356164383562,81
30.4383561643836,6
30.441095890411,55
30.4438356164384,112
30.4465753424658,184
30.4493150684931,111
30.4520547945205,106
30.4547945205479,15
30.4575342465753,13
30.4602739726027,43
30.4630136986301,102
30.4657534246575,108
30.4684931506849,86
30.4712328767123,122
30.4739726027397,88
30.4767123287671,17
30.4794520547945,24
30.4821917808219,160
30.4849315068493,139
30.4876712328767,101
30.4904109589041,125
30.4931506849315,58
30.4958904109589,16
30.4986301369863,37
30.5013698630137,88
30.5041095890411,96
30.5068493150685,120
30.5095890410959,121
30.5123287671233,53
30.5150684931507,5
30.5178082191781,16
30.5205479452055,106
30.5232876712329,98
30.5260273972603,65
30.5287671232877,92
30.5315068493151,72
30.5342465753425,10
30.5369863013699,19
30.5397260273973,66
30.5424657534247,42
30.5452054794521,92
30.5479452054795,122
30.5506849315069,19
30.5534246575342,7
30.5561643835616,43
30.558904109589,89
30.5616438356164,86
30.5643835616438,80
30.5671232876712,113
30.5698630136986,46
30.572602739726,7
30.5753424657534,30
30.5780821917808,76
30.5808219178082,74
30.5835616438356,97
30.586301369863,96
30.5890410958904,41
30.5917808219178,3
30.5945205479452,3
30.5972602739726,92
30.6,103
30.6027397260274,95
30.6054794520548,68
30.613698630137,5
30.6164383561644,55
30.6191780821918,66
30.6219178082192,75
30.6246575342466,103
30.627397260274,36
30.6301369863014,2
30.6328767123288,2
30.6356164383562,91
30.6383561643836,78
30.641095890411,54
30.6438356164384,99
30.6465753424658,28
30.6493150684932,5
30.6520547945205,18
30.6547945205479,64
30.6575342465753,64
30.6602739726027,55
30.6630136986301,116
30.6657534246575,41
30.6684931506849,1
30.6712328767123,21
30.6739726027397,108
30.6767123287671,77
30.6794520547945,90
30.6821917808219,129
30.6849315068493,58
30.6876712328767,2
30.6904109589041,4
30.6931506849315,2
30.6958904109589,2
30.6986301369863,91
30.7013698630137,114
30.7041095890411,42
30.7068493150685,5
30.7095890410959,31
30.7123287671233,78
30.7150684931507,78
30.7178082191781,98
30.7205479452055,113
30.7232876712329,29
30.7260273972603,3
30.7287671232877,4
30.7315068493151,17
30.7342465753425,72
30.7369863013699,75
30.7397260273973,98
30.7424657534247,37
30.7452054794521,3
30.7479452054795,2
30.7506849315069,100
30.7534246575342,79
30.7561643835616,77
30.758904109589,91
30.7616438356164,51
30.7643835616438,2
30.7671232876712,8
30.7698630136986,61
30.772602739726,54
30.7753424657534,73
30.7780821917808,95
30.7808219178082,30
30.7835616438356,1
30.786301369863,6
30.7890410958904,79
30.7917808219178,71
30.7945205479452,75
30.7972602739726,94
30.8,52
30.8027397260274,4
30.8054794520548,4
30.8082191780822,72
30.8109589041096,49
30.813698630137,62
30.8164383561644,189
30.8191780821918,32
30.8219178082192,8
30.8246575342466,4
30.827397260274,69
30.8301369863014,68
30.8328767123288,70
30.8356164383562,83
30.8383561643836,75
30.841095890411,13
30.8438356164384,9
30.8465753424658,79
30.8493150684932,83
30.8520547945205,77
30.8547945205479,116
30.8575342465753,41
30.8602739726027,8
30.8630136986301,13
30.8657534246575,55
30.8684931506849,56
30.8712328767123,97
30.8739726027397,116
30.8767123287671,51
30.8794520547945,14
30.8821917808219,8
30.8849315068493,93
30.8876712328767,59
30.8904109589041,60
30.8931506849315,82
30.8958904109589,77
30.8986301369863,6
30.9013698630137,8
30.9041095890411,83
30.9068493150685,68
30.9095890410959,83
30.9123287671233,75
30.9150684931507,3
30.9178082191781,1
30.9205479452055,3
30.9232876712329,79
30.9260273972603,79
30.9287671232877,63
30.9315068493151,80
30.9342465753425,28
30.9369863013699,7
30.9397260273973,7
30.9424657534247,70
30.9452054794521,48
30.9479452054795,59
30.9506849315068,98
30.9534246575342,19
30.9561643835616,5
30.958904109589,2
30.9616438356164,110
30.9643835616438,72
30.9671232876712,74
30.9698630136986,75
30.972602739726,32
30.9753424657534,2
30.9780821917808,10
30.9808219178082,67
30.9835616438356,91
30.986301369863,98
30.9890410958904,95
30.9917808219178,30
30.9945205479452,9
30.9972602739726,3
31,81
31.0027397260274,78
31.0054794520548,91
31.0082191780822,105
31.0109589041096,45
31.0164383561644,2
31.0191780821918,58
31.0219178082192,65
31.0246575342466,56
31.027397260274,110
31.0301369863014,29
31.0328767123288,1
31.0356164383562,4
31.0383561643836,79
31.041095890411,55
31.0438356164384,93
31.0465753424658,62
31.0493150684932,21
31.0520547945205,3
31.0547945205479,8
31.0575342465753,72
31.0602739726027,57
31.0630136986301,86
31.0657534246575,65
31.0684931506849,24
31.0712328767123,1
31.0739726027397,6
31.0767123287671,64
31.0794520547945,77
31.0821917808219,84
31.0849315068493,2
31.0876712328767,22
31.0904109589041,11
31.0931506849315,25
31.0958904109589,69
31.0986301369863,69
31.1013698630137,48
31.1041095890411,83
31.1068493150685,37
31.1123287671233,4
31.1150684931507,68
31.1178082191781,53
31.1205479452055,62
31.1232876712329,96
31.1260273972603,47
31.1287671232877,1
31.1315068493151,7
31.1342465753425,46
31.1369863013699,57
31.1397260273973,60
31.1424657534247,61
31.1452054794521,27
31.1479452054795,3
31.1506849315068,3
31.1534246575342,63
31.1561643835616,46
31.158904109589,88
31.1616438356164,55
31.1643835616438,45
31.1671232876712,2
31.172602739726,54
31.1753424657534,52
31.1780821917808,61
31.1808219178082,53
31.1835616438356,5
31.186301369863,3
31.1890410958904,1
31.1917808219178,53
31.1945205479452,41
31.1972602739726,34
31.2,53
31.2027397260274,40
31.2054794520548,1
31.2082191780822,2
31.2109589041096,48
31.213698630137,36
31.2164383561644,44
31.2191780821918,43
31.2219178082192,48
31.2246575342466,2
31.227397260274,2
31.2301369863014,55
31.2328767123288,49
31.2356164383562,54
31.2383561643836,98
31.241095890411,26
31.2438356164384,2
31.2465753424658,3
31.2493150684931,53
31.2520547945205,64
31.2547945205479,78
31.2575342465753,78
31.2602739726027,34
31.2630136986301,3
31.2657534246575,6
31.2684931506849,57
31.2712328767123,47
31.2739726027397,85
31.2767123287671,111
31.2794520547945,30
31.2821917808219,1
31.2849315068493,6
31.2876712328767,79
31.2904109589041,52
31.2931506849315,64
31.2958904109589,79
31.2986301369863,28
31.3013698630137,3
31.3041095890411,21
31.3068493150685,52
31.3095890410959,49
31.3123287671233,59
31.3150684931507,94
31.3178082191781,57
31.3205479452055,4
31.3232876712329,5
31.3260273972603,82
31.3287671232877,80
31.3315068493151,552
31.3342465753425,83
31.3369863013699,9
31.3397260273973,1
31.3424657534247,9
31.3452054794521,15
31.3479452054795,20
31.3506849315068,19
31.3534246575342,23
31.3561643835616,11
31.358904109589,3
31.3616438356164,4
31.3643835616438,35
31.3671232876712,28
31.3698630136986,15
31.372602739726,35
31.3753424657534,271
31.3780821917808,13
31.3808219178082,56
31.3835616438356,132
31.386301369863,133
31.3890410958904,135
31.3917808219178,146
31.3945205479452,54
31.3972602739726,7
31.4,22
31.4027397260274,124
31.4054794520548,117
31.4082191780822,74
31.4109589041096,112
31.413698630137,96
31.4164383561644,7
31.4191780821918,12
31.4219178082192,99
31.4246575342466,103
31.427397260274,566
31.4301369863014,60
31.4328767123288,11
31.4356164383562,2
31.4383561643836,5
31.441095890411,38
31.4438356164384,25
31.4465753424658,36
31.4493150684931,27
31.4520547945205,41
31.4547945205479,2
31.4575342465753,1
31.4602739726027,32
31.4630136986301,39
31.4657534246575,35
31.4684931506849,54
31.4712328767123,231
31.4739726027397,19
31.4767123287671,18
31.4794520547945,131
31.4821917808219,98
31.4849315068493,129
31.4876712328767,124
31.4904109589041,79
31.4931506849315,7
31.4958904109589,17
31.4986301369863,97
31.5013698630137,107
31.5041095890411,121
31.5068493150685,136
31.5095890410959,87
31.5123287671233,9
31.5150684931507,3
31.5178082191781,86
31.5205479452055,100
31.5232876712329,107
31.5260273972603,124
31.5287671232877,103
31.5315068493151,3
31.5342465753425,13
31.5369863013699,105
31.5397260273973,133
31.5424657534247,170
31.5452054794521,188
31.5479452054795,30
31.5506849315069,8
31.5534246575342,14
31.5561643835616,131
31.558904109589,116
31.5616438356164,148
31.5643835616438,170
31.5671232876712,83
31.5698630136986,13
31.572602739726,16
31.5753424657534,104
31.5780821917808,128
31.5808219178082,111
31.5835616438356,152
31.586301369863,19
31.5890410958904,31
31.5917808219178,21
31.5945205479452,118
31.5972602739726,98
31.6,96
31.6027397260274,110
31.6054794520548,10
31.6082191780822,3
31.6109589041096,8
31.613698630137,15
31.6164383561644,84
31.6191780821918,73
31.6219178082192,105
31.6246575342466,115
31.627397260274,9
31.6301369863014,8
31.6328767123288,82
31.6356164383562,88
31.6383561643836,79
31.641095890411,90
31.6438356164384,75
31.6465753424658,4
31.6493150684932,4
31.6520547945205,66
31.6547945205479,40
31.6575342465753,61
31.6602739726027,64
31.6630136986301,28
31.6657534246575,7
31.6684931506849,12
31.6712328767123,58
31.6739726027397,52
31.6767123287671,88
31.6794520547945,57
31.6821917808219,62
31.6849315068493,4
31.6876712328767,5
31.6904109589041,3
31.6931506849315,2
31.6958904109589,78
31.6986301369863,66
31.7013698630137,30
31.7041095890411,3
31.7068493150685,6
31.7095890410959,102
31.7123287671233,87
31.7150684931507,59
31.7178082191781,92
31.7205479452055,39
31.7232876712329,6
31.7260273972603,4
31.7287671232877,9
31.7315068493151,63
31.7342465753425,503
31.7369863013699,146
31.7397260273973,5
31.7424657534247,2
31.7452054794521,2
31.7479452054795,21
31.7506849315069,9
31.7534246575342,7
31.7561643835616,38
31.758904109589,7
31.7643835616438,6
31.7671232876712,46
31.7698630136986,312
31.772602739726,51
31.7753424657534,244
31.7780821917808,1868
31.7808219178082,152
31.7835616438356,397
31.786301369863,574
31.7890410958904,470
31.7917808219178,332
31.7945205479452,337
31.7972602739726,235
31.8,102
31.8027397260274,121
31.8054794520548,235
31.8082191780822,228
31.8109589041096,178
31.813698630137,213
31.8164383561644,95
31.8191780821918,27
31.8219178082192,73
31.8246575342466,157
31.827397260274,135
31.8301369863014,157
31.8328767123288,212
31.8356164383562,110
31.8383561643836,22
31.841095890411,49
31.8438356164384,125
31.8465753424658,100
31.8493150684932,133
31.8520547945205,124
31.8547945205479,72
31.8575342465753,22
31.8602739726027,86
31.8630136986301,107
31.8657534246575,93
31.8684931506849,88
31.8712328767123,138
31.8739726027397,76
31.8767123287671,3
31.8794520547945,23
31.8821917808219,115
31.8849315068493,78
31.8876712328767,101
31.8904109589041,90
31.8931506849315,66
31.8958904109589,14
31.8986301369863,19
31.9013698630137,69
31.9041095890411,77
31.9068493150685,73
31.9095890410959,82
31.9123287671233,3
31.9150684931507,4
31.9178082191781,9
31.9205479452055,74
31.9232876712329,80
31.9260273972603,63
31.9287671232877,95
31.9315068493151,76
31.9342465753425,4
31.9369863013699,7
31.9397260273973,87
31.9424657534247,81
31.9452054794521,89
31.9479452054795,72
31.9506849315068,127
31.9534246575342,7
31.9561643835616,13
31.958904109589,85
31.9616438356164,84
31.9643835616438,68
31.9671232876712,108
31.9698630136986,46
31.972602739726,8
31.9753424657534,25
31.9780821917808,126
31.9808219178082,116
31.9835616438356,132
31.986301369863,134
31.9890410958904,60
31.9917808219178,9
31.9945205479452,19
31.9972602739726,96
32,129
32.0027397260274,656
32.0054794520548,236
32.0082191780822,12
32.013698630137,2
32.0164383561644,23
32.0191780821918,16
32.0219178082192,19
32.0246575342466,30
32.027397260274,19
32.0301369863014,6
32.0328767123288,1
32.0356164383562,73
32.0383561643836,34
32.041095890411,55
32.0438356164384,94
32.0465753424658,1511
32.0493150684932,138
32.0520547945206,254
32.0547945205479,615
32.0575342465753,384
32.0602739726027,324
32.0630136986301,218
32.0657534246575,144
32.0684931506849,23
32.0712328767123,33
32.0739726027397,176
32.0767123287671,170
32.0794520547945,155
32.0821917808219,167
32.0849315068493,36
32.0876712328767,35
32.0904109589041,17
32.0931506849315,130
32.0958904109589,71
32.0986301369863,60
32.1013698630137,45
32.1041095890411,64
32.1068493150685,16
32.1095890410959,11
32.1123287671233,36
32.1150684931507,35
32.1178082191781,58
32.1205479452055,34
32.1232876712329,57
32.1260273972603,4
32.1287671232877,17
32.1315068493151,47
32.1342465753425,39
32.1369863013699,32
32.1397260273973,56
32.1424657534247,43
32.1452054794521,6
32.1479452054795,6
32.1506849315069,48
32.1534246575342,53
32.1561643835616,43
32.158904109589,43
32.1616438356164,37
32.1643835616438,4
32.1671232876712,13
32.1698630136986,36
32.172602739726,24
32.1753424657534,48
32.1780821917808,46
32.1808219178082,3
32.1835616438356,4
32.186301369863,1
32.1890410958904,22
32.1917808219178,25
32.1945205479452,42
32.1972602739726,55
32.2,31
32.2027397260274,1
32.2054794520548,2
32.2082191780822,38
32.2109589041096,37
32.213698630137,11
32.2164383561644,28
32.2191780821918,52
32.2246575342466,3
32.227397260274,27
32.2301369863014,31
32.2328767123288,23
32.2356164383562,37
32.2383561643836,32
32.241095890411,4
32.2438356164384,4
32.2465753424658,42
32.2493150684932,29
32.2520547945205,25
32.2547945205479,42
32.2575342465753,38
32.2602739726027,1
32.2630136986301,26
32.2657534246575,37
32.2684931506849,30
32.2712328767123,14
32.2739726027397,28
32.2767123287671,28
32.2794520547945,3
32.2821917808219,14
32.2849315068493,23
32.2876712328767,28
32.2904109589041,31
32.2931506849315,33
32.2958904109589,32
32.2986301369863,2
32.3013698630137,8
32.3041095890411,56
32.3068493150685,26
32.3095890410959,31
32.3123287671233,38
32.3150684931507,31
32.3178082191781,9
32.3205479452055,11
32.3232876712329,42
32.3260273972603,37
32.3287671232877,153
32.3315068493151,38
32.3342465753425,45
32.3369863013699,6
32.3397260273973,4
32.3424657534247,24
32.3452054794521,18
32.3479452054795,22
32.3506849315068,14
32.3534246575342,23
32.3561643835616,6
32.358904109589,5
32.3616438356164,17
32.3643835616438,21
32.3671232876712,21
32.3698630136986,34
32.372602739726,144
32.3753424657534,32
32.3780821917808,39
32.3808219178082,77
32.3835616438356,55
32.386301369863,64
32.3890410958904,71
32.3917808219178,73
32.3945205479452,4
32.3972602739726,31
32.4,43
32.4027397260274,54
32.4054794520548,64
32.4082191780822,83
32.4109589041096,152
32.413698630137,43
32.4164383561644,77
32.4191780821918,29
32.4219178082192,45
32.4246575342466,38
32.427397260274,33
32.4301369863014,36
32.4328767123288,1
32.4356164383562,6
32.4383561643836,28
32.441095890411,40
32.4438356164384,29
32.4465753424658,34
32.4493150684931,15
32.4520547945205,3
32.4547945205479,4
32.4575342465753,28
32.4602739726027,33
32.4630136986301,48
32.4657534246575,49
32.4684931506849,56
32.4712328767123,17
32.4739726027397,28
32.4767123287671,41
32.4794520547945,49
32.4821917808219,41
32.4849315068493,42
32.4876712328767,60
32.4904109589041,8
32.4931506849315,36
32.4958904109589,36
32.4986301369863,23
32.5013698630137,25
32.5041095890411,33
32.5068493150685,28
32.5123287671233,8
32.5150684931507,20
32.5178082191781,23
32.5205479452055,60
32.5232876712329,20
32.5260273972603,31
32.5287671232877,4
32.5315068493151,6
32.5342465753425,27
32.5369863013699,19
32.5397260273973,19
32.5424657534247,20
32.5452054794521,11
32.5479452054795,5
32.5506849315069,3
32.5534246575342,20
32.5561643835616,24
32.558904109589,31
32.5616438356164,28
32.5643835616438,28
32.5671232876712,5
32.5698630136986,8
32.572602739726,20
32.5753424657534,15
32.5780821917808,30
32.5808219178082,16
32.5835616438356,20
32.5890410958904,10
32.5917808219178,5
32.5945205479452,20
32.5972602739726,13
32.6,7
32.6027397260274,18
32.6054794520548,1
32.6082191780822,1
32.613698630137,15
32.6164383561644,25
32.6191780821918,19
32.6219178082192,20
32.627397260274,4
32.6301369863014,16
32.6328767123288,23
32.6356164383562,10
32.6383561643836,9
32.641095890411,17
32.6438356164384,2
32.6465753424658,3
32.6493150684932,11
32.6520547945205,10
32.6547945205479,18
32.6575342465753,16
32.6602739726027,16
32.6630136986301,2
32.6657534246575,1
32.6684931506849,9
32.6712328767123,16
32.6739726027397,10
32.6767123287671,20
32.6794520547945,27
32.6821917808219,2
32.6849315068493,2
32.6904109589041,1
32.6931506849315,28
32.6958904109589,17
32.6986301369863,27
32.7041095890411,3
32.7068493150685,16
32.7095890410959,20
32.7123287671233,29
32.7150684931507,34
32.7178082191781,36
32.7205479452055,1
32.7232876712329,5
32.7260273972603,31
32.7287671232877,1
32.7315068493151,20
32.7342465753425,41
32.7369863013699,36
32.7397260273973,2
32.7424657534247,4
32.7452054794521,18
32.7479452054795,18
32.7506849315068,37
32.7534246575342,24
32.7561643835616,23
32.7616438356164,2
32.7643835616438,16
32.7671232876712,15
32.7698630136986,21
32.772602739726,14
32.7753424657534,26
32.7780821917808,3
32.7808219178082,1
32.7835616438356,27
32.786301369863,18
32.7890410958904,11
32.7917808219178,16
32.7945205479452,24
32.8,3
32.8027397260274,19
32.8054794520548,8
32.8082191780822,16
32.8109589041096,21
32.813698630137,11
32.8164383561644,1
32.8191780821918,1
32.8219178082192,23
32.8246575342466,19
32.827397260274,62
32.8301369863014,18
32.8328767123288,34
32.8356164383562,4
32.841095890411,23
32.8438356164384,17
32.8465753424658,13
32.8493150684931,24
32.8520547945205,55
32.8547945205479,2
32.8575342465753,6
32.8602739726027,10
32.8630136986301,23
32.8657534246575,18
32.8684931506849,65
32.8712328767123,105
32.8739726027397,16
32.8767123287671,20
32.8794520547945,15
32.8821917808219,20
32.8849315068493,20
32.8876712328767,19
32.8904109589041,22
32.8931506849315,3
32.8958904109589,2
32.8986301369863,11
32.9013698630137,26
32.9041095890411,5
32.9068493150685,24
32.9095890410959,3
32.9123287671233,1
32.9150684931507,9
32.9178082191781,15
32.9205479452055,11
32.9232876712329,15
32.9260273972603,16
32.9287671232877,29
32.9315068493151,3
32.9342465753425,2
32.9369863013699,14
32.9397260273973,8
32.9424657534247,4
32.9452054794521,9
32.9479452054794,13
32.9506849315068,1
32.9534246575342,2
32.9561643835616,18
32.958904109589,22
32.9616438356164,14
32.9643835616438,24
32.9671232876712,25
32.9698630136986,2
32.972602739726,2
32.9753424657534,13
32.9780821917808,8
32.9808219178082,16
32.9835616438356,17
32.986301369863,30
32.9890410958904,2
32.9917808219178,9
32.9945205479452,24
32.9972602739726,21
33,16
33.0027397260274,15
33.0054794520548,33
33.013698630137,6
33.0164383561644,9
33.0191780821918,19
33.0219178082192,6
33.0246575342466,15
33.0301369863014,1
33.0328767123288,28
33.0356164383562,7
33.0383561643836,19
33.041095890411,39
33.0438356164384,42
33.0493150684932,6
33.0520547945206,19
33.0547945205479,12
33.0575342465753,11
33.0602739726027,33
33.0630136986301,16
33.0657534246575,3
33.0684931506849,15
33.0712328767123,17
33.0739726027397,13
33.0767123287671,22
33.0794520547945,10
33.0876712328767,1
33.0904109589041,49
33.0931506849315,32
33.0958904109589,10
33.0986301369863,24
33.1013698630137,10
33.1068493150685,2
33.1095890410959,10
33.1123287671233,7
33.1150684931507,14
33.1178082191781,10
33.1205479452055,13
33.1232876712329,2
33.1287671232877,4
33.1315068493151,3
33.1342465753425,9
33.1369863013699,5
33.1397260273973,10
33.1479452054795,15
33.1506849315069,7
33.1534246575342,16
33.1561643835616,7
33.158904109589,10
33.1643835616438,1
33.1671232876712,3
33.1698630136986,10
33.172602739726,6
33.1753424657534,21
33.1835616438356,2
33.186301369863,14
33.1890410958904,11
33.1917808219178,4
33.1945205479452,15
33.1972602739726,13
33.2,1
33.2027397260274,13
33.2054794520548,13
33.2082191780822,12
33.2109589041096,14
33.213698630137,17
33.2164383561644,18
33.2191780821918,1
33.2219178082192,17
33.2246575342466,12
33.227397260274,12
33.2301369863014,27
33.2328767123288,10
33.2356164383562,16
33.241095890411,4
33.2438356164384,21
33.2465753424658,22
33.2493150684932,17
33.2520547945205,20
33.2547945205479,5
33.2575342465753,6
33.2602739726027,7
33.2630136986301,8
33.2657534246575,8
33.2684931506849,12
33.2712328767123,19
33.2739726027397,23
33.2767123287671,1
33.2794520547945,1
33.2821917808219,10
33.2849315068493,13
33.2876712328767,12
33.2904109589041,15
33.2931506849315,22
33.2986301369863,3
33.3013698630137,9
33.3041095890411,13
33.3068493150685,13
33.3095890410959,17
33.3123287671233,29
33.3150684931507,5
33.3178082191781,3
33.3205479452055,12
33.3232876712329,21
33.3260273972603,126
33.3287671232877,30
33.3315068493151,3
33.3342465753425,2
33.3369863013699,1
33.3397260273973,2
33.3424657534247,10
33.3452054794521,2
33.3479452054795,1
33.3506849315068,1
33.358904109589,58
33.3616438356164,52
33.3643835616438,4
33.3671232876712,115
33.3698630136986,227
33.372602739726,29
33.3753424657534,46
33.3780821917808,83
33.3808219178082,47
33.3835616438356,41
33.386301369863,49
33.3890410958904,81
33.3917808219178,9
33.3945205479452,3
33.3972602739726,27
33.4,33
33.4027397260274,39
33.4054794520548,38
33.4082191780822,61
33.4109589041096,6
33.413698630137,7
33.4164383561644,40
33.4191780821918,47
33.4219178082192,172
33.4246575342466,15
33.427397260274,16
33.4301369863014,3
33.4328767123288,4
33.4356164383562,3
33.4383561643836,6
33.441095890411,5
33.4438356164384,1
33.4465753424658,8
33.4493150684931,1
33.4520547945205,4
33.4547945205479,5
33.4575342465753,11
33.4602739726027,15
33.4630136986301,98
33.4657534246575,23
33.4684931506849,5
33.4712328767123,6
33.4739726027397,57
33.4767123287671,45
33.4794520547945,47
33.4821917808219,59
33.4849315068493,54
33.4876712328767,6
33.4904109589041,13
33.4931506849315,39
33.4958904109589,34
33.4986301369863,36
33.5013698630137,29
33.5041095890411,42
33.5068493150685,6
33.5095890410959,8
33.5123287671233,29
33.5150684931507,28
33.5178082191781,29
33.5205479452055,44
33.5232876712329,38
33.5260273972603,2
33.5287671232877,5
33.5315068493151,15
33.5342465753425,20
33.5369863013699,29
33.5397260273973,28
33.5424657534247,19
33.5452054794521,3
33.5479452054795,4
33.5506849315069,32
33.5534246575342,30
33.5561643835616,28
33.558904109589,23
33.5616438356164,35
33.5643835616438,7
33.5671232876712,7
33.5698630136986,29
33.572602739726,29
33.5753424657534,29
33.5780821917808,21
33.5808219178082,21
33.5835616438356,4
33.586301369863,6
33.5890410958904,7
33.5917808219178,14
33.5945205479452,12
33.5972602739726,15
33.6,44
33.6027397260274,4
33.6054794520548,7
33.6109589041096,2
33.613698630137,14
33.6164383561644,16
33.6191780821918,24
33.6219178082192,3
33.6246575342466,3
33.627397260274,9
33.6301369863014,25
33.6328767123288,28
33.6356164383562,21
33.6383561643836,25
33.6438356164384,6
33.6465753424658,13
33.6493150684932,10
33.6520547945205,7
33.6547945205479,25
33.6575342465753,25
33.6602739726027,4
33.6630136986301,5
33.6657534246575,24
33.6684931506849,23
33.6712328767123,20
33.6739726027397,50
33.6767123287671,48
33.6821917808219,3
33.6904109589041,7
33.6931506849315,30
33.6958904109589,6
33.6986301369863,2
33.7013698630137,3
33.7041095890411,12
33.7068493150685,20
33.7095890410959,12
33.7123287671233,11
33.7150684931507,21
33.7178082191781,2
33.7205479452055,1
33.7232876712329,12
33.7260273972603,9
33.7287671232877,9
33.7315068493151,8
33.7342465753425,18
33.7397260273973,4
33.7424657534247,14
33.7452054794521,10
33.7479452054795,110
33.7506849315068,42
33.7534246575342,4
33.7561643835616,1
33.758904109589,2
33.7616438356164,2
33.7643835616438,2
33.7671232876712,13
33.7698630136986,1
33.772602739726,82
33.7753424657534,26
33.7780821917808,37
33.7808219178082,79
33.7835616438356,59
33.786301369863,23
33.7890410958904,32
33.7917808219178,5706
33.7945205479452,552
33.7972602739726,1100
33.8,1811
33.8027397260274,1173
33.8054794520548,1018
33.8082191780822,831
33.8109589041096,627
33.813698630137,148
33.8164383561644,516
33.8191780821918,454
33.8219178082192,488
33.8246575342466,385
33.827397260274,345
33.8301369863014,435
33.8328767123288,68
33.8356164383562,368
33.8383561643836,340
33.841095890411,296
33.8438356164384,304
33.8465753424658,241
33.8493150684931,296
33.8520547945205,89
33.8547945205479,207
33.8575342465753,221
33.8602739726027,253
33.8630136986301,279
33.8657534246575,217
33.8684931506849,169
33.8712328767123,53
33.8739726027397,165
33.8767123287671,246
33.8794520547945,190
33.8821917808219,209
33.8849315068493,159
33.8876712328767,176
33.8904109589041,18
33.8931506849315,84
33.8958904109589,125
33.8986301369863,124
33.9013698630137,119
33.9041095890411,152
33.9068493150685,21
33.9095890410959,24
33.9123287671233,101
33.9150684931507,77
33.9178082191781,76
33.9205479452055,138
33.9232876712329,119
33.9260273972603,141
33.9287671232877,11
33.9315068493151,29
33.9342465753425,117
33.9369863013699,103
33.9397260273973,106
33.9424657534247,185
33.9452054794521,196
33.9479452054794,3
33.9506849315068,38
33.9534246575342,178
33.9561643835616,107
33.958904109589,80
33.9616438356164,115
33.9643835616438,103
33.9671232876712,7
33.9698630136986,33
33.972602739726,94
33.9753424657534,124
33.9780821917808,70
33.9808219178082,82
33.9835616438356,128
33.986301369863,9
33.9890410958904,29
33.9917808219178,71
33.9945205479452,89
33.9972602739726,767
34,146
34.0027397260274,10
34.0082191780822,4
34.0109589041096,7
34.013698630137,12
34.0164383561644,12
34.0191780821918,3
34.0219178082192,17
34.0246575342466,2
34.027397260274,4
34.0301369863014,15
34.0328767123288,31
34.0356164383562,54
34.0383561643836,84
34.041095890411,2247
34.0438356164384,178
34.0465753424658,377
34.0493150684932,855
34.0520547945206,570
34.0547945205479,334
34.0575342465753,331
34.0602739726027,233
34.0630136986301,77
34.0657534246575,65
34.0684931506849,188
34.0712328767123,128
34.0739726027397,117
34.0767123287671,135
34.0794520547945,155
34.0821917808219,6
34.0849315068493,48
34.0876712328767,76
34.0904109589041,85
34.0931506849315,116
34.0958904109589,82
34.0986301369863,80
34.1013698630137,12
34.1041095890411,83
34.1068493150685,81
34.1095890410959,67
34.1123287671233,59
34.1150684931507,47
34.1178082191781,59
34.1205479452055,5
34.1232876712329,22
34.1260273972603,59
34.1287671232877,53
34.1315068493151,54
34.1342465753425,64
34.1369863013699,125
34.1397260273973,11
34.1424657534247,17
34.1452054794521,55
34.1479452054795,73
34.1506849315069,90
34.1534246575342,93
34.1561643835616,102
34.158904109589,9
34.1616438356164,20
34.1643835616438,74
34.1671232876712,69
34.1698630136986,75
34.172602739726,81
34.1753424657534,100
34.1780821917808,9
34.1808219178082,12
34.1835616438356,66
34.186301369863,65
34.1890410958904,52
34.1917808219178,58
34.1945205479452,7
34.1972602739726,1
34.2,21
34.2027397260274,53
34.2054794520548,56
34.2082191780822,68
34.2109589041096,38
34.213698630137,77
34.2164383561644,17
34.2191780821918,30
34.2219178082192,106
34.2246575342466,98
34.227397260274,36
34.2301369863014,72
34.2328767123288,54
34.2356164383562,2
34.2383561643836,9
34.241095890411,24
34.2438356164384,33
34.2465753424658,39
34.2493150684932,43
34.2520547945205,62
34.2547945205479,6
34.2575342465753,10
34.2602739726027,58
34.2630136986301,48
34.2657534246575,65
34.2684931506849,61
34.2712328767123,68
34.2739726027397,6
34.2767123287671,20
34.2794520547945,49
34.2821917808219,60
34.2849315068493,57
34.2876712328767,45
34.2904109589041,111
34.2931506849315,3
34.2958904109589,2
34.2986301369863,46
34.3013698630137,32
34.3041095890411,47
34.3068493150685,47
34.3095890410959,67
34.3123287671233,6
34.3150684931507,14
34.3178082191781,65
34.3205479452055,78
34.3232876712329,527
34.3260273972603,24
34.3287671232877,7
34.3315068493151,1
34.3342465753425,4
34.3369863013699,8
34.3397260273973,5
34.3424657534247,7
34.3452054794521,9
34.3479452054795,14
34.3506849315068,4
34.3534246575342,2
34.3561643835616,8
34.358904109589,7
34.3616438356164,40
34.3643835616438,46
34.3671232876712,1196
34.3698630136986,145
34.372602739726,203
34.3753424657534,381
34.3780821917808,219
34.3808219178082,159
34.3835616438356,138
34.386301369863,178
34.3890410958904,31
34.3917808219178,25
34.3945205479452,157
34.3972602739726,116
34.4,114
34.4027397260274,146
34.4054794520548,102
34.4082191780822,13
34.4109589041096,76
34.413698630137,104
34.4164383561644,127
34.4191780821918,124
34.4219178082192,104
34.4246575342466,112
34.427397260274,19
34.4301369863014,126
34.4328767123288,69
34.4356164383562,78
34.4383561643836,90
34.441095890411,97
34.4438356164384,15
34.4465753424658,23
34.4493150684931,79
34.4520547945205,103
34.4547945205479,94
34.4575342465753,116
34.4602739726027,23
34.4630136986301,8
34.4657534246575,8
34.4684931506849,35
34.4712328767123,37
34.4739726027397,55
34.4767123287671,65
34.4794520547945,71
34.4821917808219,6
34.4849315068493,6
34.4876712328767,28
34.4904109589041,44
34.4931506849315,28
34.4958904109589,49
34.4986301369863,35
34.5013698630137,20
34.5041095890411,25
34.5068493150685,42
34.5095890410959,45
34.5123287671233,40
34.5150684931507,34
34.5178082191781,43
34.5205479452055,3
34.5232876712329,7
34.5260273972603,42
34.5287671232877,28
34.5315068493151,32
34.5342465753425,40
34.5369863013699,16
34.5397260273973,7
34.5424657534247,3
34.5452054794521,31
34.5479452054795,23
34.5506849315069,33
34.5534246575342,22
34.5561643835616,25
34.558904109589,5
34.5616438356164,8
34.5643835616438,23
34.5671232876712,20
34.5698630136986,23
34.572602739726,29
34.5753424657534,22
34.5780821917808,1
34.5808219178082,10
34.5835616438356,30
34.586301369863,21
34.5890410958904,7
34.5917808219178,31
34.5945205479452,23
34.6,8
34.6027397260274,17
34.6054794520548,9
34.6082191780822,3
34.613698630137,17
34.6191780821918,5
34.6219178082192,18
34.6246575342466,16
34.627397260274,15
34.6301369863014,20
34.6328767123288,27
34.6356164383562,5
34.6383561643836,5
34.641095890411,15
34.6438356164384,11
34.6465753424658,10
34.6493150684932,19
34.6520547945205,18
34.6547945205479,5
34.6575342465753,5
34.6602739726027,13
34.6630136986301,13
34.6657534246575,10
34.6684931506849,17
34.6712328767123,24
34.6739726027397,4
34.6767123287671,3
34.6794520547945,3
34.6821917808219,3
34.6849315068493,17
34.6876712328767,18
34.6904109589041,22
34.6931506849315,3
34.6958904109589,7
34.6986301369863,25
34.7013698630137,21
34.7041095890411,24
34.7068493150685,18
34.7095890410959,17
34.7123287671233,4
34.7150684931507,5
34.7178082191781,11
34.7205479452055,20
34.7232876712329,27
34.7260273972603,19
34.7287671232877,8
34.7315068493151,2
34.7342465753425,7
34.7369863013699,15
34.7397260273973,11
34.7424657534247,37
34.7452054794521,26
34.7479452054795,17
34.7506849315068,3
34.7534246575342,4
34.7561643835616,15
34.758904109589,9
34.7616438356164,21
34.7643835616438,23
34.7671232876712,31
34.7698630136986,6
34.772602739726,1
34.7753424657534,10
34.7780821917808,21
34.7808219178082,23
34.7835616438356,9
34.786301369863,74
34.7890410958904,4
34.7917808219178,6
34.7945205479452,28
34.7972602739726,37
34.8,24
34.8027397260274,34
34.8054794520548,17
34.8082191780822,4
34.8109589041096,15
34.813698630137,16
34.8164383561644,22
34.8191780821918,20
34.8219178082192,14
34.8246575342466,14
34.827397260274,2
34.8301369863014,7
34.8328767123288,17
34.8356164383562,15
34.8383561643836,23
34.841095890411,27
34.8438356164384,58
34.8465753424658,7
34.8493150684931,19
34.8520547945205,13
34.8547945205479,19
34.8575342465753,10
34.8602739726027,22
34.8630136986301,27
34.8684931506849,15
34.8712328767123,18
34.8739726027397,16
34.8767123287671,18
34.8794520547945,27
34.8821917808219,21
34.8849315068493,5
34.8876712328767,6
34.8904109589041,15
34.8931506849315,20
34.8958904109589,17
34.8986301369863,21
34.9013698630137,27
34.9041095890411,9
34.9068493150685,10
34.9095890410959,21
34.9123287671233,24
34.9150684931507,23
34.9178082191781,20
34.9205479452055,4
34.9232876712329,1
34.9260273972603,7
34.9287671232877,19
34.9315068493151,14
34.9342465753425,14
34.9369863013699,20
34.9397260273973,30
34.9452054794521,5
34.9479452054794,20
34.9506849315068,9
34.9534246575342,13
34.9561643835616,21
34.958904109589,14
34.9616438356164,4
34.9643835616438,2
34.9671232876712,18
34.9698630136986,19
34.972602739726,26
34.9753424657534,11
34.9780821917808,15
34.9808219178082,2
34.9835616438356,5
34.986301369863,8
34.9890410958904,26
34.9917808219178,16
34.9945205479452,17
34.9972602739726,16
35,2
35.0027397260274,4
35.0054794520548,12
35.0082191780822,14
35.0109589041096,20
35.013698630137,13
35.0164383561644,8
35.0219178082192,1
35.0246575342466,12
35.027397260274,11
35.0301369863014,11
35.0328767123288,12
35.0356164383562,13
35.0383561643836,2
35.041095890411,3
35.0438356164384,20
35.0465753424658,9
35.0493150684932,10
35.0520547945206,9
35.0547945205479,23
35.0575342465753,3
35.0602739726027,1
35.0630136986301,9
35.0657534246575,15
35.0684931506849,19
35.0712328767123,15
35.0739726027397,21
35.0767123287671,1
35.0794520547945,1
35.0821917808219,5
35.0849315068493,1
35.0876712328767,8
35.0904109589041,18
35.0931506849315,33
35.0958904109589,3
35.0986301369863,3
35.1013698630137,29
35.1041095890411,25
35.1068493150685,13
35.1095890410959,9
35.1123287671233,13
35.1150684931507,1
35.1178082191781,4
35.1205479452055,9
35.1232876712329,7
35.1260273972603,11
35.1287671232877,12
35.1315068493151,20
35.1397260273973,7
35.1424657534247,6
35.1452054794521,15
35.1479452054795,12
35.1506849315069,10
35.1561643835616,1
35.158904109589,6
35.1616438356164,5
35.1643835616438,11
35.1671232876712,17
35.1698630136986,16
35.1753424657534,5
35.1780821917808,19
35.1808219178082,7
35.1835616438356,11
35.186301369863,13
35.1890410958904,1
35.1945205479452,2
35.1972602739726,10
35.2,10
35.2027397260274,3
35.2054794520548,7
35.2082191780822,12
35.213698630137,2
35.2164383561644,11
35.2191780821918,7
35.2219178082192,11
35.2246575342466,2
35.227397260274,13
35.2301369863014,2
35.2356164383562,8
35.2383561643836,11
35.241095890411,10
35.2438356164384,17
35.2465753424658,16
35.2493150684932,1
35.2520547945205,1
35.2547945205479,8
35.2575342465753,16
35.2602739726027,11
35.2630136986301,14
35.2657534246575,19
35.2684931506849,1
35.2712328767123,1
35.2739726027397,11
35.2767123287671,20
35.2794520547945,13
35.2821917808219,28
35.2849315068493,19
35.2876712328767,4
35.2904109589041,4
35.2931506849315,11
35.2958904109589,25
35.2986301369863,8
35.3013698630137,25
35.3041095890411,19
35.3095890410959,1
35.3123287671233,13
35.3150684931507,5
35.3178082191781,21
35.3205479452055,29
35.3232876712329,21
35.3260273972603,6
35.3287671232877,3
35.3315068493151,13
35.3342465753425,20
35.3369863013699,193
35.3397260273973,20
35.3424657534247,8
35.3479452054795,2
35.3506849315068,6
35.3534246575342,2
35.3561643835616,3
35.3616438356164,4
35.3671232876712,2
35.3698630136986,3
35.372602739726,4
35.3753424657534,3
35.3780821917808,3
35.3808219178082,28
35.3835616438356,57
35.386301369863,86
35.3890410958904,175
35.3917808219178,115
35.3945205479452,91
35.3972602739726,56
35.4,59
35.4027397260274,4
35.4054794520548,22
35.4082191780822,59
35.4109589041096,46
35.413698630137,32
35.4164383561644,35
35.4191780821918,48
35.4219178082192,1
35.4246575342466,8
35.427397260274,35
35.4301369863014,54
35.4328767123288,331
35.4356164383562,20
35.4383561643836,12
35.441095890411,3
35.4438356164384,3
35.4465753424658,9
35.4493150684931,11
35.4520547945205,13
35.4547945205479,5
35.4575342465753,2
35.4602739726027,2
35.4630136986301,3
35.4657534246575,14
35.4684931506849,7
35.4712328767123,5
35.4739726027397,13
35.4767123287671,27
35.4794520547945,27
35.4821917808219,49
35.4849315068493,116
35.4876712328767,94
35.4904109589041,43
35.4931506849315,81
35.4958904109589,78
35.4986301369863,11
35.5013698630137,21
35.5041095890411,63
35.5068493150685,64
35.5095890410959,34
35.5123287671233,49
35.5150684931507,64
35.5178082191781,8
35.5205479452055,15
35.5232876712329,49
35.5260273972603,86
35.5287671232877,83
35.5315068493151,98
35.5342465753425,20
35.5369863013699,6
35.5397260273973,7
35.5424657534247,54
35.5452054794521,47
35.5479452054795,48
35.5506849315069,52
35.5534246575342,60
35.5561643835616,8
35.558904109589,9
35.5616438356164,31
35.5643835616438,41
35.5671232876712,40
35.5698630136986,51
35.572602739726,63
35.5753424657534,8
35.5780821917808,10
35.5808219178082,31
35.5835616438356,47
35.586301369863,36
35.5890410958904,11
35.5917808219178,47
35.5945205479452,5
35.5972602739726,12
35.6,30
35.6027397260274,18
35.6054794520548,48
35.6109589041096,2
35.613698630137,2
35.6164383561644,3
35.6191780821918,45
35.6219178082192,5
35.6246575342466,36
35.627397260274,56
35.6301369863014,61
35.6328767123288,3
35.6356164383562,3
35.6383561643836,51
35.641095890411,19
35.6438356164384,15
35.6465753424658,29
35.6493150684932,31
35.6520547945205,1
35.6547945205479,2
35.6575342465753,33
35.6602739726027,17
35.6630136986301,12
35.6657534246575,35
35.6684931506849,23
35.6739726027397,1
35.6767123287671,27
35.6794520547945,15
35.6821917808219,17
35.6849315068493,19
35.6876712328767,26
35.6904109589041,1
35.6958904109589,3
35.7013698630137,23
35.7041095890411,27
35.7068493150685,28
35.7095890410959,1
35.7123287671233,2
35.7150684931507,18
35.7178082191781,8
35.7205479452055,23
35.7232876712329,32
35.7260273972603,4
35.7287671232877,1
35.7315068493151,6
35.7342465753425,37
35.7369863013699,24
35.7397260273973,207
35.7424657534247,6
35.7452054794521,2
35.7506849315068,1
35.7561643835616,4
35.7616438356164,2
35.7643835616438,5
35.772602739726,1
35.7753424657534,1
35.7780821917808,23
35.7808219178082,14
35.7835616438356,122
35.786301369863,324
35.7890410958904,381
35.7917808219178,659
35.7945205479452,443
35.7972602739726,318
35.8,194
35.8027397260274,167
35.8054794520548,37
35.8082191780822,128
35.8109589041096,151
35.813698630137,126
35.8164383561644,128
35.8191780821918,121
35.8219178082192,75
35.8246575342466,11
35.827397260274,62
35.8301369863014,93
35.8328767123288,81
35.8356164383562,96
35.8383561643836,88
35.841095890411,87
35.8438356164384,16
35.8465753424658,116
35.8493150684931,87
35.8520547945205,72
35.8547945205479,92
35.8575342465753,83
35.8602739726027,77
35.8630136986301,26
35.8657534246575,132
35.8684931506849,125
35.8712328767123,54
35.8739726027397,44
35.8767123287671,53
35.8794520547945,43
35.8821917808219,6
35.8849315068493,18
35.8876712328767,48
35.8904109589041,38
35.8931506849315,34
35.8958904109589,56
35.8986301369863,55
35.9013698630137,8
35.9041095890411,22
35.9068493150685,41
35.9095890410959,44
35.9123287671233,44
35.9150684931507,30
35.9178082191781,7
35.9205479452055,2
35.9232876712329,2
35.9260273972603,38
35.9287671232877,40
35.9315068493151,24
35.9342465753425,29
35.9369863013699,51
35.9397260273973,4
35.9424657534247,8
35.9452054794521,37
35.9479452054794,32
35.9506849315068,37
35.9534246575342,51
35.9561643835616,53
35.958904109589,5
35.9616438356164,5
35.9643835616438,47
35.9671232876712,43
35.9698630136986,74
35.972602739726,82
35.9753424657534,77
35.9780821917808,1
35.9808219178082,16
35.9835616438356,53
35.986301369863,76
35.9890410958904,355
35.9917808219178,72
35.9945205479452,7
36,1
36.0027397260274,9
36.0054794520548,5
36.0082191780822,6
36.0109589041096,6
36.013698630137,5
36.0191780821918,2
36.0219178082192,4
36.0246575342466,4
36.027397260274,6
36.0301369863014,14
36.0328767123288,44
36.0356164383562,212
36.0383561643836,212
36.041095890411,599
36.0438356164384,390
36.0465753424658,311
36.0493150684932,159
36.0520547945206,138
36.0547945205479,23
36.0575342465753,30
36.0602739726027,81
36.0630136986301,75
36.0657534246575,55
36.0684931506849,80
36.0712328767123,57
36.0739726027397,23
36.0767123287671,33
36.0794520547945,54
36.0821917808219,29
36.0849315068493,3
36.0876712328767,33
36.0904109589041,41
36.0931506849315,14
36.0958904109589,46
36.0986301369863,48
36.1013698630137,24
36.1041095890411,25
36.1068493150685,19
36.1095890410959,21
36.1123287671233,6
36.1150684931507,10
36.1178082191781,25
36.1205479452055,41
36.1232876712329,58
36.1260273972603,33
36.1287671232877,50
36.1315068493151,11
36.1342465753425,50
36.1369863013699,41
36.1397260273973,16
36.1424657534247,18
36.1452054794521,45
36.1479452054795,34
36.1506849315069,2
36.1534246575342,7
36.1561643835616,29
36.158904109589,20
36.1616438356164,18
36.1643835616438,10
36.1671232876712,26
36.172602739726,2
36.1753424657534,21
36.1780821917808,18
36.1808219178082,19
36.1835616438356,24
36.1917808219178,2
36.1945205479452,19
36.1972602739726,22
36.2,7
36.2027397260274,15
36.2054794520548,22
36.2082191780822,7
36.2109589041096,10
36.213698630137,22
36.2164383561644,9
36.2191780821918,12
36.2219178082192,23
36.2246575342466,13
36.2301369863014,2
36.2328767123288,12
36.2356164383562,17
36.2383561643836,24
36.241095890411,20
36.2438356164384,23
36.2465753424658,1
36.2493150684932,9
36.2520547945205,19
36.2547945205479,15
36.2575342465753,19
36.2602739726027,21
36.2630136986301,16
36.2657534246575,2
36.2684931506849,3
36.2712328767123,28
36.2739726027397,19
36.2767123287671,25
36.2794520547945,24
36.2821917808219,26
36.2849315068493,8
36.2876712328767,2
36.2904109589041,26
36.2931506849315,19
36.2958904109589,22
36.2986301369863,20
36.3013698630137,21
36.3041095890411,2
36.3068493150685,6
36.3095890410959,22
36.3123287671233,12
36.3150684931507,34
36.3178082191781,22
36.3205479452055,23
36.3232876712329,2
36.3260273972603,2
36.3287671232877,9
36.3315068493151,12
36.3342465753425,74
36.3369863013699,21
36.3397260273973,28
36.3452054794521,2
36.3479452054795,30
36.3506849315068,18
36.3534246575342,17
36.3561643835616,24
36.358904109589,20
36.3616438356164,1
36.3643835616438,7
36.3671232876712,17
36.3698630136986,13
36.372602739726,22
36.3753424657534,28
36.3780821917808,33
36.3808219178082,15
36.3835616438356,16
36.386301369863,25
36.3890410958904,14
36.3917808219178,15
36.3945205479452,46
36.3972602739726,37
36.4,1
36.4027397260274,6
36.4054794520548,36
36.4082191780822,28
36.4109589041096,28
36.413698630137,37
36.4164383561644,29
36.4191780821918,2
36.4219178082192,8
36.4246575342466,31
36.427397260274,22
36.4301369863014,43
36.4328767123288,34
36.4356164383562,42
36.4383561643836,4
36.441095890411,5
36.4438356164384,41
36.4465753424658,28
36.4493150684931,70
36.4520547945205,94
36.4547945205479,9
36.4575342465753,1
36.4630136986301,19
36.4657534246575,19
36.4684931506849,29
36.4712328767123,51
36.4739726027397,50
36.4767123287671,1
36.4794520547945,4
36.4821917808219,33
36.4849315068493,23
36.4876712328767,44
36.4904109589041,79
36.4931506849315,64
36.4958904109589,9
36.4986301369863,20
36.5013698630137,55
36.5041095890411,63
36.5068493150685,24
36.5095890410959,43
36.5123287671233,14
36.5150684931507,1
36.5178082191781,1
36.5205479452055,15
36.5232876712329,10
36.5260273972603,25
36.5287671232877,14
36.5315068493151,17
36.5342465753425,4
36.5369863013699,4
36.5397260273973,9
36.5424657534247,18
36.5452054794521,17
36.5479452054795,22
36.5506849315069,12
36.5534246575342,1
36.5561643835616,3
36.558904109589,16
36.5616438356164,17
36.5643835616438,18
36.5671232876712,24
36.5698630136986,13
36.572602739726,4
36.5753424657534,2
36.5780821917808,8
36.5808219178082,12
36.5835616438356,16
36.586301369863,17
36.5890410958904,7
36.5917808219178,1
36.5945205479452,4
36.5972602739726,13
36.6,9
36.6027397260274,6
36.6054794520548,14
36.6164383561644,4
36.6191780821918,7
36.6219178082192,6
36.6246575342466,9
36.627397260274,4
36.6301369863014,2
36.6328767123288,1
36.6356164383562,5
36.6383561643836,6
36.641095890411,4
36.6438356164384,9
36.6465753424658,13
36.6493150684932,4
36.6520547945205,8
36.6547945205479,8
36.6575342465753,8
36.6602739726027,15
36.6630136986301,22
36.6657534246575,14
36.6712328767123,6
36.6739726027397,7
36.6767123287671,10
36.6794520547945,6
36.6821917808219,11
36.6849315068493,12
36.6876712328767,1
36.6904109589041,1
36.6931506849315,5
36.6986301369863,10
36.7013698630137,16
36.7041095890411,13
36.7068493150685,2
36.7095890410959,5
36.7123287671233,9
36.7150684931507,7
36.7178082191781,6
36.7205479452055,13
36.7232876712329,6
36.7260273972603,2
36.7287671232877,1
36.7315068493151,7
36.7342465753425,18
36.7369863013699,17
36.7397260273973,13
36.7424657534247,16
36.7452054794521,2
36.7479452054795,3
36.7506849315068,11
36.7534246575342,9
36.7561643835616,15
36.758904109589,12
36.7616438356164,10
36.7671232876712,1
36.7698630136986,14
36.772602739726,5
36.7753424657534,12
36.7780821917808,7
36.7808219178082,13
36.7835616438356,1
36.786301369863,1
36.7890410958904,5
36.7917808219178,8
36.7945205479452,11
36.7972602739726,9
36.8,18
36.8054794520548,4
36.8082191780822,5
36.8109589041096,9
36.813698630137,8
36.8164383561644,13
36.8191780821918,9
36.8246575342466,3
36.827397260274,11
36.8301369863014,12
36.8328767123288,15
36.8356164383562,8
36.8383561643836,13
36.8438356164384,3
36.8465753424658,11
36.8493150684931,8
36.8520547945205,7
36.8547945205479,11
36.8575342465753,17
36.8602739726027,7
36.8630136986301,2
36.8657534246575,9
36.8684931506849,7
36.8712328767123,7
36.8739726027397,12
36.8767123287671,18
36.8794520547945,1
36.8849315068493,13
36.8876712328767,16
36.8904109589041,10
36.8931506849315,12
36.8958904109589,14
36.8986301369863,1
36.9013698630137,3
36.9041095890411,9
36.9068493150685,18
36.9095890410959,13
36.9123287671233,10
36.9150684931507,3
36.9178082191781,3
36.9205479452055,4
36.9232876712329,21
36.9260273972603,12
36.9287671232877,12
36.9315068493151,19
36.9342465753425,21
36.9397260273973,3
36.9424657534247,16
36.9452054794521,12
36.9479452054794,10
36.9506849315068,18
36.9534246575342,16
36.9561643835616,2
36.958904109589,3
36.9616438356164,16
36.9643835616438,6
36.9671232876712,10
36.9698630136986,13
36.972602739726,8
36.9780821917808,1
36.9808219178082,6
36.9835616438356,10
36.986301369863,11
36.9890410958904,13
36.9917808219178,12
36.9945205479452,1
37,11
37.0027397260274,8
37.0054794520548,9
37.0082191780822,11
37.0109589041096,5
37.0164383561644,2
37.0191780821918,5
37.0219178082192,7
37.0246575342466,12
37.027397260274,17
37.0301369863014,7
37.0328767123288,3
37.0383561643836,10
37.041095890411,11
37.0438356164384,10
37.0465753424658,12
37.0493150684932,10
37.0520547945206,4
37.0575342465753,4
37.0602739726027,12
37.0630136986301,11
37.0657534246575,10
37.0684931506849,14
37.0739726027397,2
37.0767123287671,11
37.0794520547945,7
37.0821917808219,16
37.0876712328767,15
37.0904109589041,13
37.0931506849315,10
37.0958904109589,14
37.0986301369863,16
37.1013698630137,23
37.1041095890411,8
37.1068493150685,19
37.1123287671233,1
37.1150684931507,3
37.1178082191781,4
37.1205479452055,9
37.1232876712329,11
37.1260273972603,13
37.1287671232877,1
37.1315068493151,1
37.1342465753425,9
37.1369863013699,9
37.1397260273973,7
37.1424657534247,8
37.1452054794521,6
37.1479452054795,2
37.1534246575342,7
37.1561643835616,4
37.158904109589,26
37.1616438356164,5
37.1643835616438,10
37.1671232876712,1
37.1698630136986,1
37.172602739726,12
37.1753424657534,10
37.1780821917808,11
37.1808219178082,14
37.186301369863,1
37.1890410958904,2
37.1917808219178,4
37.1945205479452,11
37.1972602739726,8
37.2,4
37.2027397260274,11
37.2082191780822,1
37.2109589041096,7
37.213698630137,10
37.2164383561644,8
37.2191780821918,18
37.2219178082192,9
37.2246575342466,2
37.227397260274,1
37.2301369863014,8
37.2328767123288,10
37.2356164383562,5
37.2383561643836,6
37.241095890411,10
37.2465753424658,4
37.2493150684932,6
37.2520547945205,7
37.2547945205479,14
37.2575342465753,7
37.2602739726027,17
37.2657534246575,2
37.2684931506849,11
37.2712328767123,12
37.2739726027397,7
37.2767123287671,7
37.2794520547945,14
37.2876712328767,9
37.2904109589041,13
37.2931506849315,8
37.2958904109589,18
37.2986301369863,14
37.3013698630137,2
37.3041095890411,3
37.3068493150685,7
37.3095890410959,14
37.3123287671233,15
37.3150684931507,16
37.3178082191781,15
37.3232876712329,1
37.3260273972603,13
37.3287671232877,18
37.3315068493151,120
37.3342465753425,7
37.3369863013699,7
37.3424657534247,3
37.3452054794521,5
37.3506849315068,2
37.3534246575342,2
37.3561643835616,7
37.3671232876712,1
37.3698630136986,4
37.372602739726,1
37.3780821917808,1
37.3835616438356,2
37.386301369863,1
37.3890410958904,10
37.3917808219178,138
37.3945205479452,71
37.3972602739726,5
37.4,36
37.4027397260274,32
37.4054794520548,39
37.4082191780822,23
37.4109589041096,43
37.413698630137,34
37.4164383561644,3
37.4191780821918,9
37.4219178082192,40
37.4246575342466,20
37.427397260274,111
37.4301369863014,12
37.4328767123288,13
37.4356164383562,3
37.4383561643836,1
37.441095890411,6
37.4438356164384,7
37.4465753424658,11
37.4493150684931,9
37.4520547945205,4
37.4547945205479,1
37.4575342465753,4
37.4602739726027,9
37.4630136986301,2
37.4657534246575,3
37.4684931506849,7
37.4712328767123,6
37.4739726027397,1
37.4767123287671,1
37.4794520547945,6
37.4821917808219,2
37.4849315068493,6
37.4876712328767,78
37.4904109589041,43
37.4931506849315,6
37.4958904109589,13
37.4986301369863,16
37.5013698630137,23
37.5041095890411,20
37.5068493150685,21
37.5095890410959,26
37.5123287671233,2
37.5150684931507,6
37.5178082191781,24
37.5205479452055,37
37.5232876712329,25
37.5260273972603,23
37.5287671232877,41
37.5315068493151,2
37.5342465753425,6
37.5369863013699,17
37.5397260273973,15
37.5424657534247,19
37.5452054794521,36
37.5479452054795,19
37.5506849315069,11
37.5534246575342,14
37.5561643835616,24
37.558904109589,21
37.5616438356164,16
37.5643835616438,29
37.5671232876712,34
37.5698630136986,5
37.572602739726,1
37.5753424657534,24
37.5780821917808,19
37.5808219178082,22
37.5835616438356,33
37.586301369863,14
37.5890410958904,9
37.5917808219178,7
37.5945205479452,22
37.5972602739726,24
37.6,37
37.6027397260274,33
37.6054794520548,1
37.6109589041096,1
37.613698630137,10
37.6164383561644,8
37.6191780821918,18
37.6219178082192,26
37.6246575342466,14
37.6301369863014,3
37.6328767123288,4
37.6356164383562,9
37.6383561643836,15
37.641095890411,17
37.6438356164384,17
37.6520547945205,11
37.6547945205479,8
37.6575342465753,20
37.6602739726027,10
37.6630136986301,15
37.6712328767123,6
37.6739726027397,21
37.6767123287671,11
37.6794520547945,8
37.6821917808219,13
37.6876712328767,2
37.6904109589041,3
37.6958904109589,13
37.6986301369863,8
37.7013698630137,11
37.7041095890411,1
37.7095890410959,10
37.7123287671233,7
37.7150684931507,13
37.7178082191781,13
37.7205479452055,12
37.7232876712329,1
37.7260273972603,2
37.7287671232877,3
37.7315068493151,10
37.7342465753425,111
37.7369863013699,5
37.7397260273973,2
37.7424657534247,1
37.7479452054795,3
37.7506849315068,2
37.7534246575342,3
37.7561643835616,3
37.758904109589,3
37.7698630136986,1
37.772602739726,3
37.7753424657534,11
37.7780821917808,9
37.7835616438356,1
37.786301369863,12
37.7890410958904,10
37.7917808219178,26
37.7945205479452,1729
37.7972602739726,1163
37.8,86
37.8027397260274,296
37.8054794520548,627
37.8082191780822,364
37.8109589041096,363
37.813698630137,305
37.8164383561644,245
37.8191780821918,23
37.8219178082192,127
37.8246575342466,208
37.827397260274,214
37.8301369863014,190
37.8328767123288,173
37.8356164383562,192
37.8383561643836,22
37.841095890411,85
37.8438356164384,142
37.8465753424658,142
37.8493150684931,142
37.8520547945205,138
37.8547945205479,154
37.8575342465753,25
37.8602739726027,96
37.8630136986301,123
37.8657534246575,91
37.8684931506849,93
37.8712328767123,114
37.8739726027397,107
37.8767123287671,22
37.8794520547945,86
37.8821917808219,98
37.8849315068493,118
37.8876712328767,109
37.8904109589041,68
37.8931506849315,100
37.8958904109589,8
37.8986301369863,99
37.9013698630137,178
37.9041095890411,74
37.9068493150685,85
37.9095890410959,76
37.9123287671233,15
37.9150684931507,8
37.9178082191781,14
37.9205479452055,68
37.9232876712329,58
37.9260273972603,98
37.9287671232877,64
37.9315068493151,68
37.9342465753425,2
37.9369863013699,24
37.9397260273973,66
37.9424657534247,73
37.9452054794521,78
37.9479452054794,53
37.9506849315068,72
37.9534246575342,7
37.9561643835616,15
37.958904109589,81
37.9616438356164,62
37.9643835616438,86
37.9671232876712,66
37.9698630136986,81
37.972602739726,6
37.9753424657534,6
37.9780821917808,48
37.9808219178082,53
37.9835616438356,42
37.986301369863,66
37.9890410958904,80
37.9945205479452,18
37.9972602739726,83
38,64
38.0027397260274,419
38.0054794520548,76
38.0082191780822,8
38.0109589041096,4
38.013698630137,1
38.0164383561644,5
38.0191780821918,7
38.0219178082192,8
38.0246575342466,2
38.027397260274,7
38.0301369863014,2
38.0328767123288,1
38.0356164383562,1
38.0383561643836,7
38.041095890411,2
38.0438356164384,2
38.0465753424658,31
38.0520547945206,2
38.0547945205479,15
38.0575342465753,13
38.0602739726027,7
38.0630136986301,665
38.0657534246575,400
38.0684931506849,38
38.0712328767123,119
38.0739726027397,242
38.0767123287671,131
38.0794520547945,96
38.0821917808219,112
38.0849315068493,11
38.0876712328767,46
38.0904109589041,82
38.0931506849315,91
38.0958904109589,84
38.0986301369863,81
38.1013698630137,61
38.1041095890411,65
38.1068493150685,20
38.1095890410959,89
38.1123287671233,73
38.1150684931507,42
38.1178082191781,65
38.1205479452055,71
38.1232876712329,71
38.1260273972603,10
38.1287671232877,47
38.1315068493151,62
38.1342465753425,39
38.1369863013699,49
38.1397260273973,28
38.1424657534247,37
38.1452054794521,1
38.1479452054795,2
38.1506849315069,36
38.1534246575342,33
38.1561643835616,30
38.158904109589,30
38.1616438356164,28
38.1643835616438,4
38.1671232876712,8
38.1698630136986,25
38.172602739726,29
38.1753424657534,31
38.1780821917808,43
38.1808219178082,2
38.186301369863,14
38.1890410958904,20
38.1917808219178,31
38.1945205479452,18
38.1972602739726,28
38.2,27
38.2054794520548,5
38.2082191780822,17
38.2109589041096,31
38.213698630137,16
38.2164383561644,25
38.2191780821918,31
38.2219178082192,3
38.2246575342466,2
38.227397260274,33
38.2301369863014,29
38.2328767123288,23
38.2356164383562,36
38.2383561643836,15
38.241095890411,1
38.2438356164384,9
38.2465753424658,19
38.2493150684932,22
38.2520547945205,17
38.2547945205479,37
38.2575342465753,28
38.2602739726027,7
38.2630136986301,3
38.2657534246575,31
38.2684931506849,58
38.2712328767123,26
38.2739726027397,27
38.2767123287671,37
38.2794520547945,3
38.2821917808219,5
38.2849315068493,26
38.2876712328767,17
38.2904109589041,22
38.2931506849315,17
38.2958904109589,21
38.3013698630137,3
38.3041095890411,22
38.3068493150685,32
38.3095890410959,16
38.3123287671233,18
38.3150684931507,17
38.3178082191781,1
38.3205479452055,3
38.3232876712329,22
38.3260273972603,27
38.3287671232877,60
38.3315068493151,21
38.3342465753425,17
38.3369863013699,2
38.3397260273973,3
38.3424657534247,27
38.3452054794521,24
38.3479452054795,36
38.3506849315068,51
38.3534246575342,32
38.3561643835616,2
38.358904109589,24
38.3616438356164,34
38.3643835616438,18
38.3671232876712,31
38.3698630136986,32
38.372602739726,37
38.3753424657534,6
38.3780821917808,10
38.3808219178082,41
38.3835616438356,21
38.386301369863,34
38.3890410958904,73
38.3917808219178,87
38.3945205479452,7
38.3972602739726,19
38.4,66
38.4027397260274,40
38.4054794520548,60
38.4082191780822,74
38.4109589041096,44
38.413698630137,12
38.4164383561644,15
38.4191780821918,28
38.4219178082192,44
38.4246575342466,45
38.427397260274,59
38.4301369863014,60
38.4328767123288,5
38.4356164383562,43
38.4383561643836,38
38.441095890411,47
38.4438356164384,45
38.4465753424658,46
38.4493150684931,6
38.4520547945205,7
38.4547945205479,50
38.4575342465753,47
38.4602739726027,74
38.4630136986301,67
38.4657534246575,12
38.4684931506849,2
38.4712328767123,7
38.4739726027397,46
38.4767123287671,35
38.4794520547945,34
38.4821917808219,79
38.4849315068493,58
38.4876712328767,8
38.4904109589041,35
38.4931506849315,56
38.4958904109589,34
38.4986301369863,108
38.5013698630137,48
38.5041095890411,62
38.5095890410959,8
38.5123287671233,52
38.5150684931507,36
38.5178082191781,33
38.5205479452055,33
38.5232876712329,27
38.5260273972603,2
38.5287671232877,14
38.5315068493151,27
38.5342465753425,35
38.5369863013699,28
38.5397260273973,36
38.5424657534247,13
38.5452054794521,3
38.5479452054795,2
38.5506849315069,27
38.5534246575342,31
38.5561643835616,22
38.558904109589,54
38.5616438356164,39
38.5643835616438,1
38.5671232876712,6
38.5698630136986,29
38.572602739726,14
38.5753424657534,33
38.5780821917808,19
38.5808219178082,17
38.5835616438356,1
38.586301369863,2
38.5890410958904,5
38.5917808219178,25
38.5945205479452,15
38.5972602739726,26
38.6,19
38.6054794520548,3
38.6109589041096,2
38.613698630137,11
38.6164383561644,10
38.6191780821918,10
38.6246575342466,1
38.627397260274,6
38.6301369863014,15
38.6328767123288,6
38.6356164383562,6
38.6383561643836,10
38.6438356164384,1
38.6465753424658,8
38.6493150684932,17
38.6520547945205,8
38.6547945205479,7
38.6575342465753,21
38.6630136986301,5
38.6657534246575,4
38.6684931506849,9
38.6712328767123,11
38.6739726027397,23
38.6767123287671,26
38.6876712328767,2
38.6904109589041,14
38.6931506849315,13
38.6958904109589,18
38.6986301369863,1
38.7013698630137,3
38.7041095890411,5
38.7068493150685,10
38.7095890410959,17
38.7123287671233,34
38.7150684931507,34
38.7205479452055,1
38.7232876712329,14
38.7260273972603,23
38.7287671232877,91
38.7315068493151,16
38.7342465753425,14
38.7397260273973,2
38.7424657534247,9
38.7452054794521,13
38.7479452054795,14
38.7506849315068,15
38.7534246575342,13
38.7561643835616,6
38.7616438356164,13
38.7643835616438,3
38.7671232876712,12
38.7698630136986,9
38.772602739726,16
38.7780821917808,1
38.7808219178082,19
38.7835616438356,14
38.786301369863,18
38.7890410958904,67
38.7917808219178,36
38.7945205479452,1
38.7972602739726,6
38.8,18
38.8027397260274,21
38.8054794520548,30
38.8082191780822,46
38.8109589041096,12
38.813698630137,1
38.8164383561644,6
38.8191780821918,27
38.8219178082192,25
38.8246575342466,24
38.827397260274,13
38.8301369863014,22
38.8356164383562,1
38.8383561643836,25
38.841095890411,8
38.8438356164384,28
38.8465753424658,36
38.8493150684931,31
38.8547945205479,2
38.8575342465753,35
38.8602739726027,23
38.8630136986301,15
38.8657534246575,24
38.8684931506849,28
38.8712328767123,3
38.8739726027397,3
38.8767123287671,20
38.8794520547945,24
38.8821917808219,11
38.8849315068493,23
38.8876712328767,25
38.8904109589041,4
38.8931506849315,7
38.8958904109589,15
38.8986301369863,25
38.9013698630137,25
38.9041095890411,25
38.9123287671233,1
38.9150684931507,7
38.9178082191781,11
38.9205479452055,73
38.9232876712329,9
38.9260273972603,9
38.9287671232877,1
38.9315068493151,5
38.9342465753425,3
38.9369863013699,6
38.9397260273973,5
38.9424657534247,4
38.9452054794521,18
38.9479452054794,3
38.9506849315068,3
38.9534246575342,9
38.9561643835616,3
38.958904109589,9
38.9616438356164,7
38.9643835616438,8
38.9671232876712,1
38.9698630136986,3
38.972602739726,2
38.9753424657534,8
38.9780821917808,4
38.9808219178082,14
38.9835616438356,13
38.986301369863,1
38.9890410958904,3
38.9917808219178,8
38.9945205479452,5
38.9972602739726,14
39,8
39.0027397260274,8
39.0054794520548,1
39.0109589041096,14
39.013698630137,13
39.0164383561644,3
39.0191780821918,15
39.0219178082192,9
39.027397260274,2
39.0301369863014,13
39.0328767123288,9
39.0356164383562,5
39.0383561643836,16
39.041095890411,8
39.0465753424658,2
39.0493150684932,18
39.0520547945206,11
39.0547945205479,9
39.0575342465753,3
39.0602739726027,12
39.0630136986301,1
39.0657534246575,1
39.0684931506849,2
39.0712328767123,5
39.0739726027397,4
39.0767123287671,17
39.0794520547945,12
39.0849315068493,19
39.0876712328767,14
39.0904109589041,7
39.0931506849315,11
39.0958904109589,11
39.0986301369863,5
39.1013698630137,2
39.1041095890411,1
39.1068493150685,6
39.1095890410959,3
39.1123287671233,18
39.1150684931507,5
39.1178082191781,6
39.1205479452055,3
39.1232876712329,1
39.1260273972603,5
39.1287671232877,7
39.1315068493151,5
39.1342465753425,9
39.1369863013699,7
39.1424657534247,3
39.1452054794521,6
39.1479452054795,7
39.1506849315069,8
39.1534246575342,11
39.1561643835616,9
39.158904109589,1
39.1616438356164,2
39.1643835616438,5
39.1671232876712,12
39.1698630136986,3
39.172602739726,4
39.1753424657534,12
39.1780821917808,2
39.1808219178082,2
39.1835616438356,15
39.186301369863,5
39.1890410958904,11
39.1917808219178,7
39.1945205479452,2
39.1972602739726,1
39.2,1
39.2027397260274,5
39.2054794520548,5
39.2082191780822,6
39.2109589041096,10
39.213698630137,13
39.2191780821918,1
39.2219178082192,5
39.2246575342466,6
39.227397260274,4
39.2301369863014,11
39.2328767123288,8
39.2383561643836,2
39.241095890411,4
39.2438356164384,7
39.2465753424658,5
39.2493150684932,6
39.2520547945205,7
39.2547945205479,2
39.2602739726027,10
39.2630136986301,16
39.2657534246575,7
39.2684931506849,10
39.2712328767123,14
39.2794520547945,6
39.2821917808219,15
39.2849315068493,4
39.2876712328767,10
39.2904109589041,6
39.2931506849315,1
39.2958904109589,1
39.2986301369863,12
39.3013698630137,17
39.3041095890411,15
39.3068493150685,14
39.3095890410959,17
39.3123287671233,3
39.3178082191781,23
39.3205479452055,19
39.3232876712329,111
39.3260273972603,5
39.3287671232877,4
39.3342465753425,1
39.3369863013699,1
39.3397260273973,3
39.3424657534247,2
39.3452054794521,5
39.3479452054795,8
39.3561643835616,2
39.358904109589,4
39.3616438356164,4
39.3643835616438,3
39.3671232876712,4
39.372602739726,2
39.3753424657534,1
39.3780821917808,2
39.3808219178082,5
39.3835616438356,136
39.386301369863,108
39.3890410958904,5
39.3917808219178,13
39.3945205479452,51
39.3972602739726,32
39.4,36
39.4027397260274,29
39.4054794520548,46
39.4082191780822,8
39.4109589041096,11
39.413698630137,41
39.4164383561644,44
39.4191780821918,144
39.4219178082192,17
39.4246575342466,7
39.427397260274,1
39.4328767123288,8
39.4356164383562,7
39.4383561643836,4
39.441095890411,7
39.4438356164384,9
39.4465753424658,3
39.4493150684931,1
39.4520547945205,9
39.4547945205479,3
39.4575342465753,9
39.4602739726027,9
39.4630136986301,2
39.4657534246575,8
39.4684931506849,2
39.4712328767123,3
39.4739726027397,11
39.4767123287671,3
39.4794520547945,167
39.4821917808219,134
39.4849315068493,5
39.4876712328767,34
39.4904109589041,63
39.4931506849315,31
39.4958904109589,50
39.4986301369863,45
39.5013698630137,47
39.5041095890411,1
39.5068493150685,6
39.5095890410959,27
39.5123287671233,22
39.5150684931507,20
39.5178082191781,29
39.5205479452055,31
39.5232876712329,2
39.5260273972603,3
39.5287671232877,25
39.5315068493151,14
39.5342465753425,18
39.5369863013699,18
39.5397260273973,11
39.5424657534247,1
39.5452054794521,2
39.5479452054795,12
39.5506849315069,23
39.5534246575342,11
39.5561643835616,20
39.558904109589,27
39.5643835616438,3
39.5671232876712,7
39.5698630136986,15
39.572602739726,9
39.5753424657534,21
39.5780821917808,22
39.5808219178082,2
39.5835616438356,7
39.586301369863,10
39.5890410958904,2
39.5917808219178,8
39.5945205479452,11
39.5972602739726,16
39.6,3
39.6027397260274,3
39.6054794520548,7
39.6109589041096,1
39.613698630137,14
39.6164383561644,8
39.6191780821918,1
39.6219178082192,3
39.6246575342466,9
39.627397260274,4
39.6301369863014,6
39.6328767123288,8
39.6356164383562,11
39.6438356164384,9
39.6465753424658,9
39.6493150684932,5
39.6520547945205,12
39.6547945205479,11
39.6575342465753,3
39.6602739726027,2
39.6630136986301,4
39.6657534246575,8
39.6684931506849,15
39.6712328767123,11
39.6739726027397,18
39.6794520547945,1
39.6876712328767,4
39.6904109589041,12
39.6931506849315,14
39.7013698630137,11
39.7041095890411,18
39.7068493150685,9
39.7095890410959,21
39.7123287671233,13
39.7150684931507,1
39.7178082191781,1
39.7205479452055,17
39.7232876712329,10
39.7260273972603,13
39.7287671232877,11
39.7315068493151,15
39.7342465753425,1
39.7369863013699,3
39.7397260273973,13
39.7424657534247,15
39.7452054794521,87
39.7479452054795,20
39.7506849315068,2
39.7534246575342,3
39.7561643835616,1
39.758904109589,5
39.7616438356164,4
39.7643835616438,1
39.7671232876712,4
39.7698630136986,1
39.7780821917808,4
39.7808219178082,1
39.7835616438356,1
39.786301369863,15
39.7890410958904,17
39.7917808219178,3
39.7945205479452,11
39.7972602739726,43
39.8,19
39.8027397260274,6
39.8054794520548,1206
39.8082191780822,404
39.8109589041096,63
39.813698630137,134
39.8164383561644,280
39.8191780821918,161
39.8219178082192,159
39.8246575342466,120
39.827397260274,122
39.8301369863014,11
39.8328767123288,107
39.8356164383562,86
39.8383561643836,52
39.841095890411,86
39.8438356164384,65
39.8465753424658,54
39.8493150684931,18
39.8520547945205,87
39.8547945205479,69
39.8575342465753,57
39.8602739726027,57
39.8630136986301,60
39.8657534246575,51
39.8684931506849,12
39.8712328767123,51
39.8739726027397,32
39.8767123287671,26
39.8794520547945,44
39.8821917808219,33
39.8849315068493,44
39.8876712328767,5
39.8904109589041,9
39.8931506849315,46
39.8958904109589,26
39.8986301369863,31
39.9013698630137,49
39.9041095890411,25
39.9068493150685,1
39.9095890410959,5
39.9123287671233,25
39.9150684931507,17
39.9178082191781,24
39.9205479452055,28
39.9232876712329,4
39.9260273972603,2
39.9287671232877,1
39.9315068493151,23
39.9342465753425,23
39.9369863013699,15
39.9397260273973,26
39.9424657534247,27
39.9479452054794,5
39.9506849315068,23
39.9534246575342,41
39.9561643835616,43
39.958904109589,35
39.9616438356164,34
39.9643835616438,2
39.9671232876712,3
39.9698630136986,17
39.972602739726,36
39.9753424657534,31
39.9780821917808,39
39.9808219178082,32
39.9835616438356,2
39.986301369863,11
39.9890410958904,37
39.9917808219178,34
39.9945205479452,147
39.9972602739726,31
40,6
40.0082191780822,9
40.0109589041096,2
40.013698630137,3
40.0164383561644,4
40.0191780821918,3
40.0219178082192,1
40.027397260274,4
40.0301369863014,4
40.0328767123288,11
40.0356164383562,17
40.0383561643836,6
40.041095890411,9
40.0465753424658,23
40.0493150684932,8
40.0520547945206,8
40.0547945205479,728
40.0575342465753,387
40.0602739726027,46
40.0630136986301,58
40.0657534246575,224
40.0684931506849,128
40.0712328767123,108
40.0739726027397,60
40.0767123287671,76
40.0794520547945,8
40.0821917808219,28
40.0849315068493,18
40.0876712328767,40
40.0904109589041,34
40.0931506849315,45
40.0958904109589,41
40.0986301369863,18
40.1013698630137,28
40.1041095890411,45
40.1068493150685,34
40.1095890410959,31
40.1123287671233,34
40.1150684931507,29
40.1178082191781,11
40.1205479452055,20
40.1232876712329,30
40.1260273972603,16
40.1287671232877,31
40.1315068493151,16
40.1342465753425,18
40.1369863013699,2
40.1397260273973,1
40.1424657534247,16
40.1452054794521,19
40.1479452054795,18
40.1506849315069,27
40.1534246575342,42
40.1561643835616,2
40.158904109589,3
40.1616438356164,18
40.1643835616438,18
40.1671232876712,39
40.1698630136986,27
40.172602739726,19
40.1780821917808,1
40.1808219178082,15
40.1835616438356,21
40.186301369863,19
40.1890410958904,19
40.1972602739726,3
40.2,12
40.2027397260274,15
40.2054794520548,11
40.2082191780822,9
40.2109589041096,17
40.2164383561644,4
40.2191780821918,8
40.2219178082192,8
40.2246575342466,10
40.227397260274,13
40.2301369863014,12
40.2328767123288,2
40.2383561643836,8
40.241095890411,6
40.2438356164384,7
40.2465753424658,13
40.2493150684932,8
40.2547945205479,2
40.2575342465753,14
40.2602739726027,16
40.2630136986301,12
40.2657534246575,24
40.2684931506849,38
40.2739726027397,2
40.2767123287671,10
40.2794520547945,20
40.2821917808219,16
40.2849315068493,8
40.2876712328767,20
40.2904109589041,2
40.2931506849315,2
40.2958904109589,18
40.2986301369863,15
40.3013698630137,12
40.3041095890411,12
40.3068493150685,11
40.3123287671233,9
40.3150684931507,18
40.3178082191781,4
40.3205479452055,14
40.3232876712329,8
40.3260273972603,14
40.3287671232877,1
40.3315068493151,1
40.3342465753425,13
40.3369863013699,12
40.3397260273973,11
40.3424657534247,23
40.3452054794521,9
40.3534246575342,7
40.3561643835616,6
40.358904109589,13
40.3616438356164,11
40.3643835616438,16
40.3698630136986,4
40.372602739726,5
40.3753424657534,9
40.3780821917808,12
40.3808219178082,8
40.3835616438356,14
40.3890410958904,5
40.3917808219178,14
40.3945205479452,8
40.3972602739726,3
40.4,21
40.4027397260274,34
40.4054794520548,1
40.4082191780822,8
40.4109589041096,15
40.413698630137,21
40.4164383561644,11
40.4191780821918,13
40.4219178082192,11
40.4246575342466,1
40.427397260274,1
40.4301369863014,16
40.4328767123288,12
40.4356164383562,23
40.4383561643836,8
40.441095890411,9
40.4438356164384,1
40.4465753424658,4
40.4493150684931,8
40.4520547945205,7
40.4547945205479,12
40.4575342465753,20
40.4602739726027,2
40.4657534246575,2
40.4684931506849,14
40.4712328767123,11
40.4739726027397,8
40.4767123287671,16
40.4794520547945,11
40.4821917808219,8
40.4849315068493,13
40.4876712328767,20
40.4904109589041,14
40.4931506849315,10
40.4958904109589,23
40.4986301369863,10
40.5013698630137,3
40.5041095890411,2
40.5068493150685,17
40.5095890410959,4
40.5123287671233,5
40.5150684931507,11
40.5178082191781,6
40.5205479452055,1
40.5232876712329,1
40.5260273972603,5
40.5287671232877,20
40.5315068493151,12
40.5342465753425,10
40.5369863013699,16
40.5424657534247,7
40.5452054794521,31
40.5479452054795,12
40.5506849315069,6
40.5534246575342,3
40.5561643835616,8
40.558904109589,2
40.5616438356164,3
40.5643835616438,8
40.5671232876712,10
40.5698630136986,8
40.572602739726,6
40.5753424657534,5
40.5808219178082,1
40.5835616438356,4
40.586301369863,3
40.5890410958904,2
40.5917808219178,3
40.5945205479452,7
40.6027397260274,4
40.6054794520548,5
40.6109589041096,1
40.613698630137,4
40.6219178082192,3
40.6246575342466,4
40.627397260274,5
40.6328767123288,4
40.641095890411,3
40.6438356164384,6
40.6465753424658,7
40.6493150684932,4
40.6520547945205,10
40.6602739726027,6
40.6630136986301,3
40.6657534246575,5
40.6684931506849,2
40.6712328767123,5
40.6739726027397,1
40.6849315068493,1
40.6876712328767,5
40.6904109589041,4
40.6958904109589,3
40.6986301369863,6
40.7013698630137,5
40.7041095890411,4
40.7068493150685,2
40.7095890410959,11
40.7178082191781,3
40.7205479452055,6
40.7232876712329,1
40.7260273972603,4
40.7287671232877,2
40.7369863013699,5
40.7397260273973,8
40.7424657534247,8
40.7452054794521,5
40.7479452054795,9
40.7506849315068,5
40.7561643835616,12
40.758904109589,10
40.7616438356164,8
40.7643835616438,11
40.7671232876712,9
40.7698630136986,1
40.7753424657534,9
40.7780821917808,4
40.7808219178082,10
40.7835616438356,2
40.786301369863,12
40.7917808219178,1
40.7945205479452,2
40.7972602739726,3
40.8,2
40.8027397260274,5
40.8054794520548,1
40.8109589041096,1
40.813698630137,8
40.8164383561644,6
40.8191780821918,2
40.8219178082192,5
40.8246575342466,8
40.827397260274,1
40.8328767123288,9
40.8356164383562,8
40.8383561643836,10
40.841095890411,8
40.8438356164384,8
40.8520547945205,10
40.8547945205479,3
40.8575342465753,4
40.8602739726027,14
40.8630136986301,10
40.8684931506849,1
40.8712328767123,4
40.8739726027397,8
40.8767123287671,6
40.8794520547945,6
40.8821917808219,3
40.8876712328767,5
40.8904109589041,7
40.8931506849315,3
40.8958904109589,3
40.8986301369863,7
40.9013698630137,4
40.9068493150685,2
40.9095890410959,7
40.9123287671233,4
40.9150684931507,3
40.9178082191781,3
40.9260273972603,3
40.9287671232877,7
40.9315068493151,7
40.9342465753425,7
40.9369863013699,11
40.9397260273973,6
40.9479452054794,4
40.9506849315068,2
40.9534246575342,2
40.9561643835616,4
40.958904109589,6
40.9616438356164,3
40.9671232876712,3
40.9698630136986,10
40.972602739726,13
40.9753424657534,3
40.9780821917808,7
40.9808219178082,1
40.9835616438356,1
40.986301369863,3
40.9890410958904,6
40.9917808219178,2
40.9945205479452,7
40.9972602739726,3
41.0054794520548,4
41.0082191780822,2
41.0109589041096,5
41.013698630137,8
41.0164383561644,5
41.0191780821918,1
41.0219178082192,1
41.0246575342466,7
41.027397260274,8
41.0301369863014,7
41.0328767123288,4
41.0356164383562,2
41.041095890411,2
41.0438356164384,3
41.0465753424658,2
41.0493150684932,4
41.0520547945206,1
41.0547945205479,9
41.0575342465753,3
41.0630136986301,4
41.0657534246575,1
41.0684931506849,7
41.0712328767123,7
41.0739726027397,10
41.0767123287671,2
41.0794520547945,7
41.0821917808219,1
41.0876712328767,4
41.0904109589041,3
41.0931506849315,4
41.0958904109589,8
41.0986301369863,5
41.1013698630137,13
41.1041095890411,10
41.1068493150685,4
41.1095890410959,9
41.1123287671233,3
41.1150684931507,1
41.1205479452055,8
41.1232876712329,3
41.1260273972603,3
41.1287671232877,3
41.1315068493151,3
41.1342465753425,1
41.1369863013699,1
41.1397260273973,4
41.1424657534247,1
41.1479452054795,3
41.1506849315069,5
41.158904109589,8
41.1643835616438,4
41.1671232876712,3
41.1698630136986,3
41.172602739726,1
41.1753424657534,3
41.1780821917808,7
41.1808219178082,5
41.1835616438356,5
41.186301369863,1
41.1890410958904,1
41.1972602739726,2
41.2,3
41.2027397260274,3
41.2054794520548,3
41.2082191780822,3
41.2164383561644,1
41.2191780821918,4
41.2219178082192,3
41.2246575342466,10
41.227397260274,6
41.2356164383562,3
41.2383561643836,3
41.241095890411,2
41.2438356164384,3
41.2465753424658,4
41.2493150684932,1
41.2547945205479,4
41.2575342465753,1
41.2602739726027,2
41.2630136986301,3
41.2657534246575,6
41.2739726027397,4
41.2767123287671,6
41.2794520547945,5
41.2821917808219,5
41.2849315068493,6
41.2931506849315,10
41.2958904109589,1
41.2986301369863,2
41.3013698630137,3
41.3041095890411,10
41.3095890410959,6
41.3123287671233,4
41.3150684931507,11
41.3178082191781,10
41.3205479452055,6
41.3232876712329,11
41.3260273972603,2
41.3287671232877,2
41.3315068493151,10
41.3342465753425,10
41.3369863013699,44
41.3397260273973,4
41.3424657534247,3
41.3506849315068,1
41.3534246575342,1
41.358904109589,1
41.3671232876712,1
41.372602739726,1
41.3753424657534,2
41.3780821917808,5
41.3808219178082,5
41.3890410958904,1
41.3917808219178,4
41.3945205479452,5
41.3972602739726,66
41.4,55
41.4027397260274,4
41.4082191780822,32
41.4109589041096,15
41.413698630137,17
41.4164383561644,9
41.4191780821918,27
41.4219178082192,3
41.4246575342466,1
41.427397260274,21
41.4301369863014,15
41.4328767123288,62
41.4356164383562,28
41.4383561643836,13
41.4465753424658,11
41.4493150684931,3
41.4520547945205,8
41.4547945205479,10
41.4575342465753,1
41.4602739726027,1
41.4630136986301,1
41.4657534246575,9
41.4684931506849,3
41.4712328767123,4
41.4739726027397,5
41.4767123287671,10
41.4794520547945,2
41.4821917808219,1
41.4849315068493,8
41.4876712328767,5
41.4904109589041,8
41.4931506849315,33
41.4958904109589,27
41.4986301369863,1
41.5013698630137,12
41.5041095890411,25
41.5068493150685,19
41.5095890410959,17
41.5123287671233,13
41.5150684931507,34
41.5178082191781,3
41.5205479452055,8
41.5232876712329,23
41.5260273972603,10
41.5287671232877,19
41.5315068493151,29
41.5342465753425,19
41.5369863013699,4
41.5397260273973,2
41.5424657534247,19
41.5452054794521,20
41.5479452054795,13
41.5506849315069,24
41.5534246575342,16
41.5561643835616,1
41.558904109589,9
41.5616438356164,15
41.5643835616438,10
41.5671232876712,18
41.5698630136986,26
41.572602739726,30
41.5753424657534,4
41.5780821917808,12
41.5808219178082,18
41.5835616438356,7
41.586301369863,8
41.5890410958904,5
41.5917808219178,4
41.5972602739726,1
41.6,6
41.6027397260274,4
41.6054794520548,5
41.6191780821918,1
41.6219178082192,4
41.6246575342466,6
41.627397260274,6
41.6301369863014,7
41.6328767123288,1
41.6356164383562,1
41.6383561643836,4
41.641095890411,3
41.6438356164384,6
41.6465753424658,5
41.6493150684932,5
41.6575342465753,1
41.6602739726027,4
41.6630136986301,2
41.6657534246575,5
41.6684931506849,6
41.6739726027397,3
41.6767123287671,3
41.6794520547945,6
41.6821917808219,6
41.6849315068493,5
41.6876712328767,8
41.6904109589041,1
41.6958904109589,1
41.7013698630137,4
41.7041095890411,4
41.7068493150685,6
41.7095890410959,1
41.7150684931507,2
41.7178082191781,5
41.7205479452055,6
41.7232876712329,7
41.7260273972603,6
41.7315068493151,3
41.7342465753425,6
41.7369863013699,4
41.7397260273973,20
41.7424657534247,4
41.7479452054795,1
41.7534246575342,1
41.7561643835616,1
41.7698630136986,2
41.7753424657534,3
41.7808219178082,12
41.7835616438356,21
41.786301369863,10
41.7890410958904,2
41.7917808219178,12
41.7945205479452,27
41.7972602739726,36
41.8,1280
41.8027397260274,865
41.8054794520548,52
41.8082191780822,114
41.8109589041096,413
41.813698630137,251
41.8164383561644,290
41.8191780821918,215
41.8219178082192,174
41.8246575342466,31
41.827397260274,133
41.8301369863014,165
41.8328767123288,138
41.8356164383562,98
41.8383561643836,119
41.841095890411,118
41.8438356164384,12
41.8465753424658,73
41.8493150684931,131
41.8520547945205,70
41.8547945205479,58
41.8575342465753,67
41.8602739726027,88
41.8630136986301,5
41.8657534246575,20
41.8684931506849,61
41.8712328767123,47
41.8739726027397,63
41.8767123287671,71
41.8794520547945,55
41.8821917808219,4
41.8849315068493,37
41.8876712328767,72
41.8904109589041,60
41.8931506849315,56
41.8958904109589,49
41.8986301369863,61
41.9013698630137,1
41.9041095890411,9
41.9068493150685,50
41.9095890410959,45
41.9123287671233,46
41.9150684931507,39
41.9178082191781,4
41.9205479452055,5
41.9232876712329,35
41.9260273972603,55
41.9287671232877,34
41.9315068493151,29
41.9342465753425,47
41.9369863013699,30
41.9397260273973,3
41.9424657534247,9
41.9452054794521,43
41.9479452054794,44
41.9506849315068,48
41.9534246575342,41
41.9561643835616,27
41.958904109589,2
41.9616438356164,4
41.9643835616438,34
41.9671232876712,29
41.9698630136986,28
41.972602739726,33
41.9753424657534,43
41.9780821917808,4
41.9808219178082,10
41.9835616438356,52
41.986301369863,37
41.9890410958904,204
41.9917808219178,35
41.9945205479452,2
41.9972602739726,1
42,1
42.0027397260274,3
42.0082191780822,1
42.0109589041096,3
42.013698630137,1
42.0191780821918,1
42.0219178082192,4
42.0246575342466,3
42.0301369863014,9
42.0328767123288,3
42.041095890411,3
42.0438356164384,2
42.0465753424658,2
42.0493150684932,838
42.0520547945206,437
42.0547945205479,22
42.0575342465753,66
42.0602739726027,240
42.0630136986301,139
42.0657534246575,151
42.0684931506849,103
42.0712328767123,109
42.0739726027397,18
42.0767123287671,35
42.0794520547945,85
42.0821917808219,47
42.0849315068493,2
42.0876712328767,54
42.0904109589041,56
42.0931506849315,39
42.0958904109589,58
42.0986301369863,87
42.1013698630137,35
42.1041095890411,39
42.1068493150685,31
42.1095890410959,39
42.1123287671233,12
42.1150684931507,44
42.1178082191781,66
42.1205479452055,39
42.1232876712329,30
42.1260273972603,33
42.1287671232877,33
42.1315068493151,4
42.1342465753425,7
42.1369863013699,33
42.1397260273973,26
42.1424657534247,19
42.1452054794521,25
42.1479452054795,46
42.1506849315069,1
42.1534246575342,5
42.1561643835616,18
42.158904109589,25
42.1616438356164,23
42.1643835616438,22
42.1671232876712,32
42.1698630136986,4
42.172602739726,3
42.1753424657534,22
42.1780821917808,20
42.1808219178082,14
42.1835616438356,27
42.186301369863,4
42.1917808219178,9
42.1945205479452,18
42.1972602739726,10
42.2,17
42.2027397260274,16
42.2054794520548,20
42.2082191780822,2
42.2109589041096,3
42.213698630137,19
42.2164383561644,11
42.2191780821918,8
42.2219178082192,14
42.2246575342466,16
42.227397260274,3
42.2301369863014,6
42.2328767123288,17
42.2356164383562,11
42.2383561643836,13
42.241095890411,17
42.2438356164384,25
42.2465753424658,3
42.2493150684932,9
42.2520547945205,8
42.2547945205479,26
42.2575342465753,19
42.2602739726027,33
42.2630136986301,25
42.2657534246575,1
42.2684931506849,7
42.2712328767123,14
42.2739726027397,18
42.2767123287671,12
42.2794520547945,17
42.2821917808219,25
42.2849315068493,2
42.2876712328767,4
42.2904109589041,19
42.2931506849315,22
42.2958904109589,12
42.2986301369863,22
42.3013698630137,24
42.3041095890411,3
42.3068493150685,10
42.3095890410959,19
42.3123287671233,21
42.3150684931507,23
42.3178082191781,28
42.3205479452055,33
42.3232876712329,1
42.3260273972603,5
42.3287671232877,21
42.3315068493151,13
42.3342465753425,62
42.3369863013699,21
42.3397260273973,23
42.3424657534247,4
42.3452054794521,2
42.3479452054795,25
42.3506849315068,27
42.3534246575342,16
42.3561643835616,16
42.358904109589,28
42.3616438356164,1
42.3643835616438,4
42.3671232876712,50
42.3698630136986,30
42.372602739726,26
42.3753424657534,32
42.3780821917808,28
42.3808219178082,1
42.3835616438356,2
42.386301369863,30
42.3890410958904,26
42.3917808219178,34
42.3945205479452,66
42.3972602739726,58
42.4,3
42.4027397260274,5
42.4054794520548,35
42.4082191780822,29
42.4109589041096,31
42.413698630137,42
42.4164383561644,32
42.4191780821918,1
42.4219178082192,16
42.4246575342466,24
42.427397260274,24
42.4301369863014,66
42.4328767123288,31
42.4356164383562,1
42.4383561643836,5
42.441095890411,22
42.4438356164384,29
42.4465753424658,37
42.4493150684931,37
42.4520547945205,9
42.4547945205479,3
42.4602739726027,14
42.4630136986301,16
42.4657534246575,16
42.4684931506849,22
42.4712328767123,26
42.4739726027397,2
42.4767123287671,1
42.4794520547945,9
42.4821917808219,16
42.4849315068493,14
42.4876712328767,14
42.4904109589041,13
42.4931506849315,9
42.4958904109589,19
42.4986301369863,29
42.5013698630137,22
42.5041095890411,19
42.5068493150685,16
42.5095890410959,27
42.5123287671233,4
42.5150684931507,1
42.5178082191781,21
42.5205479452055,10
42.5232876712329,8
42.5260273972603,23
42.5287671232877,15
42.5342465753425,1
42.5369863013699,8
42.5397260273973,10
42.5424657534247,17
42.5452054794521,8
42.5479452054795,16
42.5506849315069,2
42.5534246575342,4
42.5561643835616,11
42.558904109589,10
42.5616438356164,10
42.5643835616438,8
42.5671232876712,13
42.572602739726,1
42.5753424657534,10
42.5780821917808,5
42.5808219178082,9
42.5835616438356,17
42.586301369863,3
42.5890410958904,5
42.5917808219178,2
42.5945205479452,7
42.5972602739726,12
42.6,4
42.6027397260274,5
42.613698630137,7
42.6164383561644,2
42.6191780821918,3
42.6219178082192,6
42.6246575342466,8
42.627397260274,1
42.6328767123288,11
42.6356164383562,5
42.6383561643836,4
42.641095890411,3
42.6438356164384,12
42.6520547945205,8
42.6547945205479,11
42.6575342465753,20
42.6602739726027,4
42.6630136986301,4
42.6684931506849,11
42.6712328767123,9
42.6739726027397,11
42.6767123287671,5
42.6794520547945,6
42.6821917808219,5
42.6876712328767,1
42.6904109589041,2
42.6958904109589,3
42.6986301369863,9
42.7013698630137,7
42.7041095890411,3
42.7068493150685,1
42.7095890410959,13
42.7123287671233,8
42.7150684931507,6
42.7178082191781,13
42.7205479452055,28
42.7232876712329,1
42.7260273972603,3
42.7315068493151,12
42.7342465753425,35
42.7369863013699,10
42.7397260273973,6
42.7424657534247,2
42.7452054794521,3
42.7479452054795,2
42.7506849315068,6
42.7534246575342,2
42.7561643835616,11
42.758904109589,11
42.7616438356164,2
42.7643835616438,2
42.7671232876712,6
42.7698630136986,10
42.772602739726,8
42.7753424657534,10
42.7780821917808,15
42.7808219178082,2
42.786301369863,10
42.7890410958904,9
42.7945205479452,13
42.7972602739726,18
42.8,1
42.8027397260274,2
42.8054794520548,5
42.8082191780822,7
42.8109589041096,10
42.813698630137,10
42.8164383561644,4
42.8219178082192,4
42.8246575342466,10
42.827397260274,2
42.8301369863014,11
42.8328767123288,10
42.8356164383562,10
42.841095890411,1
42.8438356164384,5
42.8465753424658,13
42.8493150684931,8
42.8520547945205,14
42.8547945205479,9
42.8630136986301,8
42.8657534246575,7
42.8684931506849,8
42.8712328767123,9
42.8739726027397,8
42.8767123287671,2
42.8794520547945,5
42.8821917808219,4
42.8849315068493,2
42.8876712328767,5
42.8904109589041,14
42.8931506849315,5
42.9013698630137,15
42.9041095890411,11
42.9068493150685,9
42.9095890410959,10
42.9123287671233,5
42.9178082191781,1
42.9205479452055,14
42.9232876712329,15
42.9260273972603,10
42.9287671232877,15
42.9315068493151,19
42.9369863013699,1
42.9397260273973,13
42.9424657534247,8
42.9452054794521,10
42.9479452054794,14
42.9506849315068,31
42.9561643835616,2
42.958904109589,15
42.9616438356164,6
42.9643835616438,13
42.9671232876712,7
42.9698630136986,6
42.9780821917808,6
42.9808219178082,3
42.9835616438356,7
42.986301369863,4
42.9890410958904,4
42.9917808219178,3
42.9972602739726,7
43,5
43.0027397260274,9
43.0054794520548,7
43.0082191780822,11
43.0164383561644,7
43.0191780821918,5
43.0219178082192,2
43.0246575342466,1
43.027397260274,2
43.0328767123288,1
43.0356164383562,3
43.0383561643836,6
43.041095890411,4
43.0438356164384,6
43.0465753424658,6
43.0520547945206,5
43.0547945205479,6
43.0575342465753,4
43.0602739726027,2
43.0630136986301,5
43.0657534246575,8
43.0739726027397,4
43.0767123287671,1
43.0794520547945,6
43.0821917808219,3
43.0876712328767,1
43.0904109589041,1
43.0931506849315,8
43.0958904109589,3
43.0986301369863,2
43.1013698630137,3
43.1041095890411,3
43.1095890410959,2
43.1123287671233,4
43.1150684931507,4
43.1178082191781,1
43.1205479452055,1
43.1232876712329,7
43.1315068493151,6
43.1342465753425,7
43.1369863013699,5
43.1397260273973,3
43.1424657534247,1
43.1479452054795,1
43.1534246575342,8
43.1561643835616,9
43.158904109589,13
43.1616438356164,3
43.1671232876712,1
43.1698630136986,4
43.172602739726,3
43.1753424657534,7
43.1780821917808,9
43.1890410958904,7
43.1917808219178,3
43.1945205479452,4
43.1972602739726,6
43.2,8
43.2054794520548,5
43.2082191780822,5
43.2109589041096,2
43.213698630137,1
43.2164383561644,5
43.2191780821918,3
43.2219178082192,1
43.2246575342466,2
43.227397260274,2
43.2301369863014,8
43.2328767123288,7
43.2356164383562,4
43.2383561643836,8
43.241095890411,1
43.2465753424658,3
43.2493150684932,2
43.2520547945205,5
43.2547945205479,2
43.2575342465753,12
43.2602739726027,1
43.2657534246575,8
43.2684931506849,7
43.2712328767123,6
43.2739726027397,6
43.2767123287671,4
43.2821917808219,1
43.2849315068493,5
43.2876712328767,4
43.2904109589041,4
43.2931506849315,3
43.2958904109589,9
43.3041095890411,6
43.3068493150685,11
43.3095890410959,9
43.3123287671233,8
43.3150684931507,5
43.3205479452055,1
43.3232876712329,12
43.3260273972603,13
43.3287671232877,36
43.3315068493151,2
43.3424657534247,1
43.3452054794521,3
43.3479452054795,2
43.3506849315068,1
43.358904109589,2
43.3671232876712,3
43.372602739726,1
43.3780821917808,1
43.3808219178082,2
43.3835616438356,2
43.386301369863,2
43.3890410958904,111
43.3917808219178,88
43.3945205479452,4
43.3972602739726,8
43.4,41
43.4027397260274,27
43.4054794520548,25
43.4082191780822,28
43.4109589041096,26
43.4164383561644,2
43.4191780821918,12
43.4219178082192,22
43.4246575342466,62
43.427397260274,11
43.4301369863014,4
43.4356164383562,2
43.4383561643836,4
43.441095890411,6
43.4438356164384,2
43.4465753424658,6
43.4493150684931,1
43.4547945205479,1
43.4575342465753,1
43.4602739726027,9
43.4630136986301,6
43.4657534246575,7
43.4684931506849,2
43.4739726027397,4
43.4767123287671,2
43.4794520547945,1
43.4821917808219,8
43.4849315068493,94
43.4876712328767,80
43.4904109589041,6
43.4931506849315,18
43.4958904109589,53
43.4986301369863,25
43.5013698630137,19
43.5041095890411,18
43.5068493150685,47
43.5095890410959,1
43.5123287671233,7
43.5150684931507,23
43.5178082191781,17
43.5205479452055,18
43.5232876712329,37
43.5260273972603,29
43.5287671232877,2
43.5315068493151,6
43.5342465753425,18
43.5369863013699,13
43.5397260273973,11
43.5424657534247,11
43.5452054794521,22
43.5506849315069,1
43.5534246575342,12
43.5561643835616,14
43.558904109589,17
43.5616438356164,8
43.5643835616438,13
43.5671232876712,1
43.5698630136986,5
43.572602739726,9
43.5753424657534,11
43.5780821917808,10
43.5808219178082,8
43.5835616438356,13
43.586301369863,1
43.5890410958904,4
43.5917808219178,3
43.5945205479452,7
43.5972602739726,21
43.6,4
43.6027397260274,4
43.6054794520548,1
43.6109589041096,1
43.613698630137,7
43.6164383561644,5
43.6191780821918,5
43.6219178082192,4
43.627397260274,2
43.6301369863014,9
43.6328767123288,5
43.6356164383562,3
43.6383561643836,2
43.641095890411,1
43.6493150684932,3
43.6520547945205,3
43.6547945205479,3
43.6575342465753,1
43.6602739726027,4
43.6657534246575,1
43.6684931506849,10
43.6712328767123,13
43.6739726027397,2
43.6767123287671,5
43.6794520547945,12
43.6821917808219,1
43.6876712328767,2
43.6931506849315,2
43.6958904109589,8
43.6986301369863,4
43.7041095890411,2
43.7068493150685,4
43.7095890410959,6
43.7123287671233,6
43.7150684931507,4
43.7178082191781,12
43.7205479452055,1
43.7260273972603,6
43.7287671232877,1
43.7315068493151,7
43.7342465753425,5
43.7369863013699,4
43.7397260273973,1
43.7424657534247,2
43.7452054794521,7
43.7479452054795,8
43.7506849315068,61
43.7534246575342,5
43.7561643835616,3
43.7643835616438,2
43.7671232876712,1
43.7698630136986,2
43.7835616438356,2
43.786301369863,4
43.7890410958904,6
43.7917808219178,7
43.7945205479452,4
43.8027397260274,2
43.8054794520548,1
43.8082191780822,3
43.8109589041096,624
43.813698630137,217
43.8164383561644,11
43.8191780821918,40
43.8219178082192,162
43.8246575342466,103
43.827397260274,99
43.8301369863014,80
43.8328767123288,73
43.8356164383562,10
43.8383561643836,27
43.841095890411,94
43.8438356164384,55
43.8465753424658,60
43.8493150684931,57
43.8520547945205,51
43.8547945205479,8
43.8575342465753,17
43.8602739726027,46
43.8630136986301,24
43.8657534246575,16
43.8684931506849,24
43.8712328767123,26
43.8767123287671,5
43.8794520547945,20
43.8821917808219,24
43.8849315068493,21
43.8876712328767,12
43.8904109589041,24
43.8931506849315,2
43.8958904109589,2
43.8986301369863,16
43.9013698630137,16
43.9041095890411,18
43.9068493150685,10
43.9150684931507,2
43.9178082191781,24
43.9205479452055,9
43.9232876712329,22
43.9260273972603,7
43.9287671232877,18
43.9342465753425,5
43.9369863013699,14
43.9397260273973,19
43.9424657534247,17
43.9452054794521,18
43.9479452054794,16
43.9506849315068,1
43.9534246575342,1
43.9561643835616,16
43.958904109589,8
43.9616438356164,13
43.9643835616438,20
43.9671232876712,12
43.9698630136986,2
43.972602739726,2
43.9753424657534,16
43.9780821917808,15
43.9808219178082,8
43.9835616438356,19
43.986301369863,16
43.9890410958904,1
43.9917808219178,5
43.9945205479452,17
43.9972602739726,16
44,57
44.0027397260274,17
44.0054794520548,3
44.0082191780822,3
44.0109589041096,1
44.0191780821918,2
44.0219178082192,1
44.0328767123288,4
44.0356164383562,3
44.0383561643836,4
44.041095890411,2
44.0438356164384,4
44.0493150684932,1
44.0520547945206,1
44.0575342465753,3
44.0602739726027,348
44.0630136986301,126
44.0657534246575,14
44.0684931506849,36
44.0712328767123,71
44.0739726027397,37
44.0767123287671,36
44.0794520547945,24
44.0821917808219,4
44.0849315068493,1
44.0876712328767,11
44.0904109589041,36
44.0931506849315,33
44.0958904109589,23
44.0986301369863,17
44.1013698630137,28
44.1041095890411,7
44.1068493150685,16
44.1095890410959,26
44.1123287671233,5
44.1150684931507,15
44.1178082191781,9
44.1205479452055,11
44.1260273972603,4
44.1287671232877,5
44.1315068493151,10
44.1342465753425,17
44.1369863013699,10
44.1397260273973,17
44.1424657534247,1
44.1452054794521,6
44.1479452054795,6
44.1506849315069,7
44.1534246575342,10
44.1561643835616,6
44.158904109589,9
44.1616438356164,1
44.1643835616438,4
44.1671232876712,8
44.1698630136986,9
44.172602739726,13
44.1753424657534,8
44.1835616438356,1
44.186301369863,6
44.1890410958904,9
44.1917808219178,4
44.1945205479452,2
44.1972602739726,11
44.2054794520548,7
44.2082191780822,6
44.2109589041096,6
44.213698630137,9
44.2164383561644,5
44.2246575342466,3
44.227397260274,4
44.2301369863014,5
44.2328767123288,5
44.2356164383562,2
44.241095890411,1
44.2438356164384,13
44.2465753424658,4
44.2493150684932,3
44.2520547945205,6
44.2547945205479,4
44.2630136986301,7
44.2657534246575,1
44.2684931506849,6
44.2712328767123,3
44.2739726027397,7
44.2821917808219,8
44.2876712328767,5
44.2904109589041,7
44.2931506849315,10
44.2958904109589,1
44.3013698630137,8
44.3041095890411,4
44.3068493150685,7
44.3095890410959,5
44.3123287671233,3
44.3150684931507,1
44.3178082191781,1
44.3205479452055,4
44.3232876712329,8
44.3260273972603,16
44.3287671232877,5
44.3315068493151,1
44.3369863013699,2
44.3424657534247,1
44.3452054794521,5
44.3479452054795,4
44.3506849315068,3
44.358904109589,8
44.3616438356164,2
44.3643835616438,2
44.3671232876712,3
44.3698630136986,3
44.372602739726,1
44.3780821917808,4
44.3808219178082,8
44.3835616438356,5
44.386301369863,42
44.3890410958904,33
44.3917808219178,2
44.3945205479452,7
44.3972602739726,16
44.4,12
44.4027397260274,10
44.4054794520548,11
44.4082191780822,17
44.4164383561644,13
44.4191780821918,7
44.4219178082192,4
44.4246575342466,8
44.427397260274,11
44.4356164383562,5
44.4383561643836,4
44.441095890411,3
44.4438356164384,5
44.4465753424658,6
44.4547945205479,7
44.4575342465753,2
44.4602739726027,6
44.4630136986301,12
44.4657534246575,2
44.4739726027397,7
44.4767123287671,12
44.4794520547945,8
44.4821917808219,10
44.4849315068493,11
44.4876712328767,4
44.4904109589041,10
44.4931506849315,5
44.4958904109589,6
44.4986301369863,3
44.5013698630137,4
44.5041095890411,7
44.5123287671233,5
44.5150684931507,2
44.5178082191781,4
44.5205479452055,3
44.5232876712329,7
44.5315068493151,1
44.5342465753425,4
44.5369863013699,3
44.5397260273973,4
44.5424657534247,2
44.5506849315069,1
44.5534246575342,3
44.5561643835616,2
44.558904109589,10
44.5616438356164,3
44.5643835616438,1
44.5671232876712,2
44.5698630136986,4
44.572602739726,1
44.5753424657534,6
44.5780821917808,3
44.5808219178082,5
44.5890410958904,2
44.5917808219178,1
44.5945205479452,4
44.5972602739726,6
44.6,3
44.6054794520548,2
44.613698630137,2
44.6164383561644,1
44.6191780821918,6
44.6219178082192,1
44.627397260274,6
44.6301369863014,6
44.6328767123288,2
44.6356164383562,6
44.6383561643836,5
44.6438356164384,2
44.6465753424658,3
44.6493150684932,6
44.6547945205479,3
44.6602739726027,1
44.6657534246575,3
44.6684931506849,2
44.6712328767123,4
44.6739726027397,2
44.6767123287671,5
44.6904109589041,4
44.6931506849315,3
44.7041095890411,3
44.7068493150685,3
44.7095890410959,2
44.7123287671233,1
44.7150684931507,4
44.7205479452055,1
44.7232876712329,2
44.7260273972603,1
44.7287671232877,3
44.7315068493151,8
44.7342465753425,5
44.7424657534247,2
44.7452054794521,3
44.7479452054795,7
44.7506849315068,6
44.7534246575342,3
44.758904109589,1
44.7616438356164,3
44.7643835616438,4
44.7671232876712,4
44.7698630136986,4
44.772602739726,3
44.7808219178082,1
44.7835616438356,1
44.786301369863,2
44.7890410958904,3
44.7917808219178,2
44.7945205479452,1
44.8027397260274,3
44.8054794520548,5
44.8082191780822,7
44.8109589041096,1
44.8191780821918,6
44.8219178082192,3
44.8246575342466,1
44.827397260274,6
44.8301369863014,5
44.8383561643836,6
44.841095890411,4
44.8438356164384,4
44.8465753424658,6
44.8493150684931,6
44.8547945205479,1
44.8575342465753,6
44.8602739726027,6
44.8630136986301,4
44.8657534246575,8
44.8684931506849,2
44.8767123287671,4
44.8794520547945,9
44.8821917808219,2
44.8849315068493,7
44.8876712328767,3
44.8958904109589,7
44.8986301369863,7
44.9013698630137,4
44.9150684931507,3
44.9178082191781,3
44.9205479452055,9
44.9232876712329,3
44.9260273972603,4
44.9342465753425,4
44.9369863013699,2
44.9397260273973,4
44.9424657534247,3
44.9452054794521,3
44.9506849315068,1
44.9534246575342,2
44.9561643835616,7
44.958904109589,4
44.9616438356164,3
44.972602739726,4
44.9780821917808,2
44.9808219178082,2
44.9835616438356,3
44.9917808219178,1
44.9945205479452,5
44.9972602739726,5
45,2
45.0027397260274,2
45.0082191780822,2
45.0109589041096,6
45.013698630137,1
45.0164383561644,3
45.0191780821918,5
45.0219178082192,3
45.027397260274,1
45.0301369863014,1
45.0383561643836,3
45.041095890411,8
45.0465753424658,1
45.0493150684932,1
45.0520547945206,1
45.0547945205479,2
45.0575342465753,1
45.0602739726027,1
45.0684931506849,3
45.0712328767123,1
45.0739726027397,1
45.0767123287671,19
45.0794520547945,5
45.0876712328767,1
45.0904109589041,4
45.0931506849315,4
45.0958904109589,6
45.0986301369863,2
45.1068493150685,3
45.1095890410959,2
45.1123287671233,6
45.1150684931507,1
45.1178082191781,2
45.1287671232877,2
45.1315068493151,3
45.1342465753425,1
45.1369863013699,2
45.1424657534247,1
45.1452054794521,2
45.1479452054795,1
45.1506849315069,1
45.1561643835616,1
45.1643835616438,3
45.1671232876712,4
45.1698630136986,1
45.172602739726,6
45.1753424657534,3
45.1835616438356,1
45.186301369863,1
45.1890410958904,2
45.1917808219178,2
45.2027397260274,3
45.2054794520548,1
45.2082191780822,2
45.2109589041096,1
45.213698630137,4
45.2191780821918,1
45.2219178082192,2
45.2246575342466,3
45.227397260274,1
45.2301369863014,4
45.241095890411,1
45.2438356164384,6
45.2465753424658,5
45.2493150684932,2
45.2520547945205,2
45.2602739726027,4
45.2630136986301,2
45.2657534246575,3
45.2684931506849,6
45.2712328767123,4
45.2794520547945,3
45.2821917808219,1
45.2849315068493,6
45.2876712328767,2
45.2904109589041,3
45.2986301369863,3
45.3013698630137,1
45.3041095890411,9
45.3095890410959,3
45.3178082191781,5
45.3205479452055,3
45.3232876712329,29
45.3260273972603,1
45.3287671232877,1
45.3424657534247,1
45.3534246575342,1
45.358904109589,1
45.3643835616438,1
45.3698630136986,1
45.3753424657534,4
45.3808219178082,3
45.3835616438356,67
45.386301369863,42
45.3945205479452,24
45.3972602739726,18
45.4,39
45.4027397260274,5
45.4054794520548,7
45.4082191780822,1
45.413698630137,4
45.4164383561644,2
45.4191780821918,3
45.4219178082192,2
45.4246575342466,3
45.4328767123288,1
45.4356164383562,2
45.4383561643836,3
45.441095890411,2
45.4438356164384,4
45.4520547945205,2
45.4547945205479,5
45.4575342465753,1
45.4602739726027,42
45.4630136986301,8
45.4684931506849,2
45.4712328767123,20
45.4739726027397,9
45.4767123287671,15
45.4794520547945,3
45.4821917808219,5
45.4849315068493,1
45.4876712328767,3
45.4904109589041,6
45.4931506849315,9
45.4958904109589,4
45.4986301369863,8
45.5013698630137,8
45.5095890410959,6
45.5123287671233,3
45.5150684931507,4
45.5178082191781,5
45.5205479452055,3
45.5287671232877,4
45.5315068493151,4
45.5342465753425,1
45.5369863013699,2
45.5397260273973,5
45.5479452054795,3
45.5506849315069,4
45.5534246575342,1
45.5561643835616,2
45.558904109589,1
45.5643835616438,2
45.5671232876712,1
45.5698630136986,4
45.572602739726,1
45.5753424657534,3
45.5780821917808,1
45.586301369863,4
45.5917808219178,3
45.5945205479452,1
45.5972602739726,2
45.6164383561644,2
45.6219178082192,2
45.6246575342466,5
45.627397260274,4
45.6328767123288,3
45.6356164383562,5
45.6383561643836,1
45.641095890411,1
45.6438356164384,6
45.6465753424658,4
45.6493150684932,7
45.6520547945205,1
45.6547945205479,5
45.6657534246575,3
45.6684931506849,3
45.6712328767123,2
45.6739726027397,4
45.6821917808219,1
45.6876712328767,3
45.6904109589041,2
45.6931506849315,1
45.7013698630137,2
45.7041095890411,2
45.7068493150685,5
45.7095890410959,6
45.7123287671233,2
45.7150684931507,1
45.7205479452055,3
45.7232876712329,6
45.7260273972603,1
45.7315068493151,2
45.7369863013699,2
45.7397260273973,2
45.7424657534247,8
45.7452054794521,21
45.7479452054795,1
45.7506849315068,1
45.7561643835616,1
45.7780821917808,1
45.7808219178082,1
45.7835616438356,4
45.786301369863,2
45.7890410958904,1
45.7945205479452,2
45.7972602739726,7
45.8,20
45.8027397260274,8
45.8054794520548,1056
45.8082191780822,403
45.8109589041096,7
45.813698630137,55
45.8164383561644,246
45.8191780821918,179
45.8219178082192,203
45.8246575342466,142
45.827397260274,153
45.8301369863014,15
45.8328767123288,28
45.8356164383562,115
45.8383561643836,81
45.841095890411,68
45.8438356164384,75
45.8465753424658,65
45.8493150684931,1
45.8520547945205,24
45.8547945205479,54
45.8575342465753,67
45.8602739726027,48
45.8630136986301,51
45.8657534246575,62
45.8684931506849,3
45.8712328767123,19
45.8739726027397,44
45.8767123287671,36
45.8794520547945,45
45.8821917808219,31
45.8849315068493,17
45.8876712328767,2
45.8904109589041,4
45.8931506849315,16
45.8958904109589,18
45.8986301369863,21
45.9013698630137,14
45.9041095890411,29
45.9095890410959,3
45.9123287671233,26
45.9150684931507,22
45.9178082191781,28
45.9205479452055,30
45.9232876712329,2
45.9287671232877,1
45.9315068493151,28
45.9342465753425,15
45.9369863013699,19
45.9397260273973,17
45.9424657534247,14
45.9479452054794,2
45.9506849315068,18
45.9534246575342,17
45.9561643835616,15
45.958904109589,17
45.9616438356164,32
45.9643835616438,1
45.9671232876712,1
45.9698630136986,26
45.972602739726,16
45.9753424657534,19
45.9780821917808,31
45.9808219178082,14
45.986301369863,1
45.9890410958904,26
45.9917808219178,20
45.9945205479452,96
45.9972602739726,10
46.0109589041096,1
46.013698630137,2
46.0164383561644,1
46.0191780821918,2
46.027397260274,1
46.0301369863014,4
46.0356164383562,1
46.0438356164384,1
46.0465753424658,1
46.0493150684932,6
46.0520547945206,4
46.0547945205479,546
46.0575342465753,343
46.0602739726027,5
46.0630136986301,22
46.0657534246575,126
46.0684931506849,83
46.0712328767123,62
46.0739726027397,63
46.0767123287671,59
46.0794520547945,3
46.0821917808219,7
46.0876712328767,28
46.0904109589041,26
46.0931506849315,24
46.0958904109589,17
46.0986301369863,2
46.1013698630137,25
46.1041095890411,32
46.1068493150685,19
46.1095890410959,29
46.1123287671233,22
46.1150684931507,36
46.1178082191781,1
46.1205479452055,7
46.1232876712329,43
46.1260273972603,24
46.1287671232877,37
46.1315068493151,19
46.1342465753425,18
46.1369863013699,1
46.1424657534247,11
46.1452054794521,8
46.1479452054795,17
46.1506849315069,10
46.1534246575342,16
46.1561643835616,2
46.158904109589,2
46.1616438356164,12
46.1643835616438,10
46.1671232876712,15
46.1698630136986,15
46.172602739726,15
46.1753424657534,1
46.1808219178082,9
46.1835616438356,7
46.186301369863,10
46.1890410958904,4
46.1945205479452,1
46.1972602739726,2
46.2,21
46.2027397260274,7
46.2054794520548,6
46.2082191780822,10
46.2109589041096,11
46.2191780821918,9
46.2219178082192,8
46.2246575342466,8
46.227397260274,10
46.2301369863014,14
46.2383561643836,8
46.241095890411,14
46.2438356164384,17
46.2465753424658,12
46.2493150684932,15
46.2575342465753,13
46.2602739726027,9
46.2630136986301,12
46.2657534246575,10
46.2684931506849,10
46.2712328767123,1
46.2739726027397,3
46.2767123287671,7
46.2794520547945,7
46.2821917808219,11
46.2849315068493,12
46.2876712328767,7
46.2904109589041,1
46.2931506849315,6
46.2958904109589,12
46.2986301369863,17
46.3013698630137,4
46.3041095890411,22
46.3068493150685,14
46.3095890410959,4
46.3150684931507,11
46.3178082191781,14
46.3205479452055,11
46.3232876712329,13
46.3260273972603,29
46.3342465753425,15
46.3369863013699,19
46.3397260273973,78
46.3424657534247,30
46.3452054794521,4
46.3506849315068,1
46.358904109589,1
46.3643835616438,1
46.3698630136986,1
46.372602739726,1
46.3780821917808,2
46.3808219178082,1
46.3835616438356,2
46.386301369863,1
46.3972602739726,3
46.4,738
46.4027397260274,474
46.4054794520548,5
46.4082191780822,45
46.4109589041096,223
46.413698630137,160
46.4164383561644,149
46.4191780821918,67
46.4219178082192,73
46.4246575342466,2
46.427397260274,31
46.4301369863014,125
46.4328767123288,70
46.4356164383562,52
46.4383561643836,40
46.441095890411,2
46.4438356164384,3
46.4465753424658,26
46.4493150684931,21
46.4520547945205,31
46.4547945205479,41
46.4575342465753,8
46.4630136986301,3
46.4657534246575,16
46.4684931506849,21
46.4712328767123,26
46.4739726027397,27
46.4767123287671,57
46.4794520547945,1
46.4821917808219,4
46.4849315068493,10
46.4876712328767,14
46.4904109589041,26
46.4931506849315,18
46.4958904109589,23
46.5013698630137,3
46.5041095890411,24
46.5068493150685,18
46.5095890410959,15
46.5123287671233,24
46.5150684931507,16
46.5232876712329,20
46.5260273972603,15
46.5287671232877,16
46.5315068493151,13
46.5342465753425,21
46.5424657534247,4
46.5452054794521,9
46.5479452054795,8
46.5506849315069,17
46.5534246575342,17
46.5616438356164,18
46.5643835616438,22
46.5671232876712,7
46.5698630136986,7
46.572602739726,12
46.5780821917808,3
46.5808219178082,10
46.5835616438356,9
46.586301369863,10
46.5890410958904,3
46.5917808219178,1
46.6,9
46.6027397260274,6
46.6054794520548,5
46.6109589041096,2
46.6164383561644,1
46.6191780821918,2
46.6219178082192,11
46.6246575342466,7
46.627397260274,6
46.6301369863014,3
46.6383561643836,6
46.641095890411,6
46.6438356164384,8
46.6465753424658,5
46.6493150684932,5
46.6547945205479,2
46.6575342465753,12
46.6602739726027,6
46.6630136986301,1
46.6657534246575,8
46.6684931506849,5
46.6739726027397,1
46.6767123287671,13
46.6794520547945,7
46.6821917808219,4
46.6849315068493,12
46.6876712328767,11
46.7013698630137,7
46.7041095890411,7
46.7068493150685,9
46.7123287671233,1
46.7150684931507,6
46.7178082191781,8
46.7205479452055,5
46.7232876712329,6
46.7260273972603,4
46.7342465753425,6
46.7369863013699,3
46.7397260273973,10
46.7424657534247,19
46.7452054794521,2
46.7506849315068,2
46.7534246575342,11
46.7561643835616,7
46.758904109589,2
46.7616438356164,4
46.7643835616438,7
46.772602739726,4
46.7753424657534,6
46.7780821917808,2
46.7808219178082,4
46.7835616438356,5
46.7917808219178,8
46.7945205479452,3
46.7972602739726,2
46.8,19
46.8027397260274,12
46.8082191780822,1
46.8109589041096,7
46.813698630137,6
46.8164383561644,7
46.8191780821918,8
46.8219178082192,7
46.8301369863014,4
46.8328767123288,4
46.8356164383562,6
46.8383561643836,3
46.841095890411,5
46.8465753424658,2
46.8493150684931,11
46.8520547945205,6
46.8547945205479,5
46.8575342465753,10
46.8602739726027,13
46.8657534246575,1
46.8684931506849,5
46.8712328767123,9
46.8739726027397,32
46.8767123287671,7
46.8794520547945,5
46.8876712328767,6
46.8904109589041,2
46.8931506849315,5
46.8958904109589,7
46.8986301369863,4
46.9013698630137,1
46.9068493150685,5
46.9095890410959,2
46.9150684931507,6
46.9260273972603,5
46.9287671232877,3
46.9315068493151,1
46.9342465753425,4
46.9369863013699,5
46.9452054794521,8
46.9479452054794,3
46.9506849315068,5
46.9534246575342,4
46.9561643835616,4
46.9616438356164,2
46.9643835616438,2
46.9671232876712,5
46.9698630136986,2
46.972602739726,6
46.9753424657534,5
46.9835616438356,5
46.986301369863,7
46.9890410958904,2
46.9917808219178,3
46.9945205479452,4
46.9972602739726,1
47.0027397260274,7
47.0054794520548,4
47.0082191780822,2
47.0109589041096,8
47.013698630137,5
47.0219178082192,3
47.0246575342466,4
47.027397260274,1
47.0301369863014,8
47.0328767123288,5
47.041095890411,2
47.0438356164384,4
47.0465753424658,1
47.0493150684932,4
47.0520547945206,8
47.0547945205479,1
47.0602739726027,4
47.0630136986301,5
47.0657534246575,5
47.0684931506849,6
47.0712328767123,2
47.0739726027397,1
47.0794520547945,7
47.0821917808219,2
47.0849315068493,1
47.0876712328767,3
47.0904109589041,1
47.0931506849315,1
47.0986301369863,3
47.1013698630137,4
47.1041095890411,3
47.1068493150685,5
47.1095890410959,3
47.1150684931507,1
47.1178082191781,5
47.1205479452055,3
47.1232876712329,5
47.1260273972603,5
47.1287671232877,4
47.1369863013699,1
47.1397260273973,2
47.1424657534247,5
47.1452054794521,5
47.1561643835616,1
47.1616438356164,4
47.1643835616438,1
47.1671232876712,3
47.1780821917808,2
47.1808219178082,3
47.1835616438356,7
47.1917808219178,1
47.1945205479452,5
47.1972602739726,5
47.2,1
47.2027397260274,2
47.2054794520548,3
47.213698630137,5
47.2164383561644,3
47.2191780821918,2
47.2219178082192,1
47.2246575342466,2
47.2328767123288,2
47.2383561643836,1
47.241095890411,5
47.2438356164384,3
47.2520547945205,2
47.2575342465753,3
47.2602739726027,4
47.2630136986301,2
47.2712328767123,4
47.2739726027397,4
47.2767123287671,1
47.2794520547945,2
47.2821917808219,1
47.2904109589041,6
47.2931506849315,2
47.2958904109589,8
47.2986301369863,2
47.3013698630137,6
47.3095890410959,7
47.3123287671233,5
47.3150684931507,6
47.3178082191781,7
47.3205479452055,2
47.3287671232877,3
47.3315068493151,8
47.3342465753425,37
47.3369863013699,2
47.3397260273973,1
47.3479452054795,2
47.3561643835616,1
47.358904109589,1
47.3753424657534,1
47.3835616438356,1
47.3890410958904,1
47.3917808219178,4
47.3945205479452,198
47.3972602739726,97
47.4,2
47.4027397260274,5
47.4054794520548,40
47.4082191780822,40
47.4109589041096,42
47.413698630137,4
47.4164383561644,4
47.4219178082192,1
47.4246575342466,2
47.427397260274,9
47.4301369863014,1
47.4328767123288,8
47.4356164383562,1
47.4438356164384,2
47.4465753424658,4
47.4493150684931,1
47.4520547945205,7
47.4547945205479,2
47.4630136986301,3
47.4657534246575,4
47.4684931506849,2
47.4712328767123,97
47.4739726027397,39
47.4794520547945,3
47.4821917808219,35
47.4849315068493,20
47.4876712328767,23
47.4904109589041,17
47.4931506849315,18
47.4986301369863,8
47.5013698630137,16
47.5041095890411,5
47.5068493150685,16
47.5095890410959,17
47.5123287671233,15
47.5150684931507,1
47.5178082191781,1
47.5205479452055,10
47.5232876712329,6
47.5260273972603,4
47.5287671232877,7
47.5315068493151,10
47.5369863013699,1
47.5397260273973,5
47.5424657534247,5
47.5452054794521,8
47.5479452054795,4
47.5506849315069,8
47.5561643835616,1
47.558904109589,10
47.5616438356164,1
47.5643835616438,3
47.5671232876712,6
47.5698630136986,7
47.5808219178082,1
47.5835616438356,5
47.586301369863,2
47.5890410958904,1
47.5917808219178,1
47.5972602739726,2
47.6,6
47.6027397260274,1
47.6054794520548,6
47.6164383561644,2
47.6191780821918,3
47.6219178082192,3
47.6246575342466,1
47.627397260274,6
47.6356164383562,5
47.6383561643836,5
47.641095890411,2
47.6438356164384,2
47.6465753424658,6
47.6547945205479,5
47.6575342465753,3
47.6602739726027,3
47.6630136986301,4
47.6657534246575,3
47.6712328767123,1
47.6739726027397,2
47.6767123287671,2
47.6794520547945,2
47.6821917808219,4
47.6849315068493,4
47.6931506849315,3
47.6986301369863,4
47.7013698630137,3
47.7041095890411,2
47.7068493150685,1
47.7123287671233,6
47.7150684931507,8
47.7178082191781,5
47.7205479452055,6
47.7232876712329,4
47.7260273972603,2
47.7315068493151,5
47.7342465753425,3
47.7369863013699,30
47.7397260273973,4
47.7424657534247,1
47.7452054794521,1
47.7506849315068,1
47.7808219178082,1
47.7890410958904,1
47.7945205479452,15
47.7972602739726,614
47.8,384
47.8027397260274,10
47.8054794520548,53
47.8082191780822,180
47.8109589041096,117
47.813698630137,146
47.8164383561644,145
47.8191780821918,67
47.8219178082192,5
47.8246575342466,21
47.827397260274,71
47.8301369863014,43
47.8328767123288,92
47.8356164383562,53
47.8383561643836,39
47.841095890411,3
47.8438356164384,33
47.8465753424658,27
47.8493150684931,43
47.8520547945205,39
47.8547945205479,28
47.8575342465753,37
47.8630136986301,32
47.8657534246575,33
47.8684931506849,34
47.8712328767123,33
47.8739726027397,15
47.8767123287671,14
47.8794520547945,4
47.8821917808219,2
47.8849315068493,16
47.8876712328767,13
47.8904109589041,12
47.8931506849315,17
47.8958904109589,24
47.8986301369863,1
47.9013698630137,4
47.9041095890411,13
47.9068493150685,9
47.9095890410959,4
47.9123287671233,19
47.9150684931507,1
47.9232876712329,20
47.9260273972603,11
47.9287671232877,14
47.9315068493151,7
47.9342465753425,15
47.9369863013699,2
47.9397260273973,1
47.9424657534247,15
47.9452054794521,14
47.9479452054794,19
47.9506849315068,13
47.9534246575342,15
47.9561643835616,1
47.958904109589,1
47.9616438356164,13
47.9643835616438,8
47.9671232876712,23
47.9698630136986,15
47.972602739726,15
47.9753424657534,2
47.9780821917808,4
47.9808219178082,9
47.9835616438356,12
47.986301369863,12
47.9890410958904,24
47.9917808219178,17
47.9972602739726,2
48,9
48.0027397260274,13
48.0054794520548,37
48.0082191780822,17
48.0246575342466,1
48.0465753424658,1
48.0493150684932,1
48.0602739726027,5
48.0630136986301,2
48.0657534246575,486
48.0684931506849,252
48.0739726027397,34
48.0767123287671,107
48.0794520547945,71
48.0821917808219,43
48.0849315068493,1
48.0876712328767,28
48.0931506849315,22
48.0958904109589,35
48.0986301369863,27
48.1013698630137,28
48.1041095890411,15
48.1068493150685,21
48.1095890410959,2
48.1123287671233,32
48.1150684931507,34
48.1178082191781,30
48.1205479452055,39
48.1232876712329,41
48.1260273972603,37
48.1287671232877,2
48.1315068493151,24
48.1342465753425,19
48.1369863013699,22
48.1397260273973,19
48.1424657534247,11
48.1452054794521,8
48.1479452054795,4
48.1506849315069,1
48.1534246575342,6
48.1561643835616,9
48.158904109589,10
48.1616438356164,10
48.1643835616438,13
48.1698630136986,8
48.172602739726,8
48.1753424657534,10
48.1780821917808,4
48.1808219178082,9
48.1917808219178,6
48.1945205479452,12
48.1972602739726,7
48.2,7
48.2027397260274,14
48.2109589041096,5
48.213698630137,2
48.2164383561644,5
48.2191780821918,7
48.2219178082192,13
48.2301369863014,4
48.2328767123288,3
48.2356164383562,5
48.2383561643836,1
48.241095890411,2
48.2493150684932,2
48.2520547945205,9
48.2547945205479,3
48.2575342465753,3
48.2602739726027,9
48.2657534246575,1
48.2684931506849,12
48.2712328767123,10
48.2739726027397,5
48.2767123287671,8
48.2794520547945,3
48.2821917808219,1
48.2876712328767,5
48.2904109589041,4
48.2931506849315,2
48.2958904109589,25
48.2986301369863,15
48.3041095890411,2
48.3068493150685,15
48.3095890410959,7
48.3123287671233,6
48.3150684931507,4
48.3178082191781,7
48.3260273972603,3
48.3287671232877,5
48.3315068493151,15
48.3342465753425,7
48.3369863013699,3
48.3452054794521,1
48.3479452054795,3
48.3506849315068,6
48.3534246575342,9
48.3561643835616,1
48.3643835616438,2
48.3671232876712,1
48.3698630136986,3
48.372602739726,2
48.3753424657534,4
48.3808219178082,1
48.3835616438356,1
48.386301369863,3
48.3890410958904,3
48.3917808219178,23
48.3945205479452,20
48.4,2
48.4027397260274,12
48.4054794520548,11
48.4082191780822,8
48.4109589041096,30
48.413698630137,14
48.4191780821918,6
48.4219178082192,7
48.4246575342466,4
48.427397260274,9
48.4301369863014,7
48.4328767123288,10
48.441095890411,3
48.4438356164384,6
48.4465753424658,2
48.4493150684931,4
48.4575342465753,2
48.4602739726027,2
48.4630136986301,5
48.4657534246575,8
48.4684931506849,5
48.4712328767123,4
48.4767123287671,1
48.4794520547945,7
48.4821917808219,7
48.4849315068493,1
48.4876712328767,2
48.4904109589041,6
48.4958904109589,2
48.4986301369863,8
48.5013698630137,6
48.5041095890411,3
48.5068493150685,6
48.5095890410959,10
48.5178082191781,5
48.5205479452055,4
48.5232876712329,2
48.5260273972603,12
48.5287671232877,8
48.5315068493151,1
48.5342465753425,1
48.5369863013699,3
48.5397260273973,4
48.5424657534247,5
48.5452054794521,8
48.5561643835616,3
48.558904109589,3
48.5616438356164,2
48.5643835616438,4
48.5671232876712,4
48.5753424657534,5
48.5780821917808,8
48.5808219178082,3
48.5835616438356,3
48.586301369863,1
48.5890410958904,1
48.5945205479452,3
48.5972602739726,6
48.6,3
48.6027397260274,1
48.6164383561644,2
48.6191780821918,1
48.6219178082192,2
48.6246575342466,6
48.6328767123288,3
48.6383561643836,3
48.641095890411,1
48.6520547945205,2
48.6547945205479,1
48.6602739726027,2
48.6684931506849,2
48.6712328767123,4
48.6767123287671,1
48.6794520547945,2
48.6821917808219,3
48.6904109589041,1
48.6958904109589,3
48.7013698630137,3
48.7095890410959,2
48.7123287671233,1
48.7150684931507,2
48.7178082191781,3
48.7205479452055,4
48.7315068493151,3
48.7342465753425,3
48.7369863013699,7
48.7397260273973,1
48.7452054794521,1
48.7479452054795,2
48.7506849315068,4
48.7534246575342,2
48.7561643835616,1
48.7671232876712,3
48.7698630136986,4
48.772602739726,4
48.7753424657534,1
48.7780821917808,5
48.786301369863,1
48.7890410958904,2
48.7917808219178,1
48.7945205479452,10
48.7972602739726,8
48.8027397260274,1
48.8054794520548,3
48.8082191780822,1
48.8109589041096,1
48.813698630137,2
48.8191780821918,1
48.8246575342466,4
48.8356164383562,2
48.841095890411,2
48.8438356164384,1
48.8465753424658,2
48.8493150684931,3
48.8520547945205,3
48.8575342465753,2
48.8630136986301,2
48.8657534246575,5
48.8684931506849,4
48.8712328767123,16
48.8739726027397,4
48.8794520547945,1
48.8821917808219,7
48.8849315068493,4
48.8876712328767,5
48.8904109589041,4
48.8931506849315,2
48.8986301369863,1
48.9013698630137,3
48.9041095890411,1
48.9068493150685,2
48.9095890410959,5
48.9205479452055,4
48.9232876712329,2
48.9260273972603,2
48.9287671232877,1
48.9315068493151,4
48.9397260273973,1
48.9424657534247,3
48.9452054794521,2
48.9479452054794,25
48.9506849315068,4
48.958904109589,7
48.9616438356164,2
48.9643835616438,3
48.9671232876712,5
48.9780821917808,1
48.9808219178082,2
48.9835616438356,1
48.986301369863,1
48.9890410958904,1
48.9972602739726,1
49.0082191780822,3
49.0164383561644,5
49.0191780821918,2
49.0219178082192,2
49.0246575342466,1
49.027397260274,2
49.0383561643836,3
49.0438356164384,1
49.0465753424658,2
49.0547945205479,2
49.0575342465753,1
49.0602739726027,1
49.0630136986301,3
49.0739726027397,3
49.0767123287671,2
49.0794520547945,1
49.0821917808219,1
49.0904109589041,1
49.0958904109589,1
49.0986301369863,1
49.1013698630137,2
49.1178082191781,1
49.1205479452055,1
49.1232876712329,4
49.1315068493151,6
49.1342465753425,2
49.1369863013699,8
49.1424657534247,4
49.1534246575342,5
49.158904109589,1
49.1616438356164,2
49.172602739726,1
49.1753424657534,2
49.1780821917808,4
49.1890410958904,3
49.1917808219178,5
49.1945205479452,1
49.2082191780822,7
49.2109589041096,1
49.213698630137,2
49.2164383561644,3
49.2191780821918,8
49.2328767123288,1
49.2356164383562,3
49.2383561643836,2
49.2438356164384,3
49.2465753424658,2
49.2493150684932,2
49.2520547945205,1
49.2547945205479,2
49.2575342465753,1
49.2630136986301,2
49.2657534246575,4
49.2684931506849,5
49.2712328767123,3
49.2739726027397,4
49.2767123287671,3
49.2821917808219,2
49.2849315068493,3
49.2876712328767,1
49.2904109589041,1
49.2931506849315,3
49.2958904109589,3
49.3041095890411,1
49.3068493150685,7
49.3123287671233,4
49.3150684931507,4
49.3232876712329,2
49.3260273972603,5
49.3287671232877,14
49.3315068493151,1
49.3342465753425,1
49.3698630136986,2
49.372602739726,2
49.3808219178082,1
49.386301369863,1
49.3890410958904,84
49.3917808219178,44
49.3972602739726,2
49.4,16
49.4027397260274,20
49.4054794520548,24
49.4082191780822,3
49.4109589041096,4
49.4191780821918,2
49.4219178082192,2
49.4246575342466,1
49.427397260274,1
49.4301369863014,1
49.4383561643836,1
49.4438356164384,3
49.4465753424658,3
49.4602739726027,3
49.4630136986301,1
49.4657534246575,40
49.4684931506849,30
49.4739726027397,2
49.4767123287671,22
49.4794520547945,8
49.4821917808219,7
49.4849315068493,7
49.4876712328767,7
49.4958904109589,5
49.4986301369863,7
49.5013698630137,16
49.5041095890411,3
49.5068493150685,3
49.5123287671233,4
49.5150684931507,5
49.5178082191781,10
49.5205479452055,3
49.5232876712329,2
49.5260273972603,5
49.5315068493151,1
49.5342465753425,2
49.5369863013699,2
49.5424657534247,5
49.5452054794521,5
49.5506849315069,1
49.5534246575342,2
49.558904109589,1
49.5616438356164,3
49.5643835616438,2
49.572602739726,4
49.5808219178082,1
49.5890410958904,3
49.5917808219178,1
49.5945205479452,1
49.5972602739726,2
49.6,1
49.6027397260274,2
49.6109589041096,2
49.6219178082192,1
49.6328767123288,2
49.6356164383562,1
49.641095890411,2
49.6493150684932,2
49.6547945205479,1
49.6602739726027,1
49.6684931506849,1
49.6712328767123,1
49.6739726027397,6
49.6767123287671,1
49.6794520547945,4
49.6958904109589,1
49.6986301369863,1
49.7068493150685,3
49.7095890410959,2
49.7123287671233,1
49.7150684931507,2
49.7178082191781,1
49.7260273972603,2
49.7287671232877,1
49.7315068493151,3
49.7342465753425,2
49.7369863013699,2
49.7452054794521,1
49.7479452054795,1
49.7506849315068,7
49.7534246575342,3
49.7643835616438,1
49.7698630136986,1
49.7890410958904,1
49.7917808219178,1
49.7945205479452,2
49.7972602739726,4
49.8,1
49.8027397260274,5
49.8054794520548,1
49.8082191780822,3
49.8109589041096,879
49.813698630137,292
49.8164383561644,12
49.8191780821918,52
49.8219178082192,246
49.8246575342466,182
49.827397260274,149
49.8301369863014,132
49.8328767123288,118
49.8356164383562,4
49.8383561643836,42
49.841095890411,76
49.8438356164384,86
49.8465753424658,67
49.8493150684931,60
49.8520547945205,69
49.8547945205479,3
49.8575342465753,29
49.8602739726027,69
49.8630136986301,59
49.8657534246575,54
49.8684931506849,30
49.8712328767123,34
49.8767123287671,2
49.8794520547945,38
49.8821917808219,22
49.8849315068493,29
49.8876712328767,28
49.8904109589041,30
49.8931506849315,4
49.8958904109589,3
49.8986301369863,18
49.9013698630137,25
49.9041095890411,31
49.9068493150685,24
49.9150684931507,4
49.9178082191781,21
49.9205479452055,25
49.9232876712329,22
49.9260273972603,15
49.9287671232877,38
49.9315068493151,1
49.9369863013699,14
49.9397260273973,16
49.9424657534247,20
49.9452054794521,14
49.9479452054794,13
49.9534246575342,3
49.9561643835616,23
49.958904109589,24
49.9616438356164,26
49.9643835616438,12
49.9671232876712,24
49.972602739726,3
49.9753424657534,10
49.9780821917808,13
49.9808219178082,26
49.9835616438356,19
49.986301369863,16
49.9890410958904,1
49.9917808219178,3
49.9945205479452,17
49.9972602739726,18
50,42
50.0027397260274,6
50.013698630137,1
50.0191780821918,3
50.0328767123288,2
50.0465753424658,1
50.0520547945206,4
50.0547945205479,1
50.0575342465753,1
50.0602739726027,464
50.0630136986301,297
50.0657534246575,3
50.0684931506849,26
50.0712328767123,126
50.0739726027397,80
50.0767123287671,81
50.0794520547945,52
50.0821917808219,4
50.0876712328767,23
50.0904109589041,51
50.0931506849315,35
50.0958904109589,48
50.0986301369863,28
50.1013698630137,37
50.1041095890411,3
50.1068493150685,28
50.1095890410959,28
50.1123287671233,32
50.1150684931507,39
50.1178082191781,21
50.1205479452055,41
50.1260273972603,3
50.1287671232877,36
50.1315068493151,21
50.1342465753425,17
50.1369863013699,28
50.1397260273973,23
50.1424657534247,5
50.1479452054795,11
50.1506849315069,14
50.1534246575342,17
50.1561643835616,15
50.158904109589,21
50.1616438356164,1
50.1671232876712,11
50.1698630136986,14
50.172602739726,9
50.1753424657534,15
50.186301369863,4
50.1890410958904,12
50.1917808219178,11
50.1945205479452,8
50.1972602739726,9
50.2027397260274,2
50.2054794520548,9
50.2082191780822,11
50.2109589041096,10
50.213698630137,11
50.2164383561644,9
50.2219178082192,3
50.2246575342466,9
50.227397260274,11
50.2301369863014,12
50.2328767123288,8
50.2356164383562,12
50.241095890411,2
50.2438356164384,7
50.2465753424658,12
50.2493150684932,3
50.2520547945205,11
50.2547945205479,14
50.2575342465753,1
50.2602739726027,2
50.2630136986301,9
50.2657534246575,12
50.2684931506849,10
50.2712328767123,5
50.2739726027397,9
50.2767123287671,3
50.2794520547945,7
50.2821917808219,9
50.2849315068493,7
50.2876712328767,5
50.2904109589041,6
50.2931506849315,29
50.2958904109589,1
50.3013698630137,6
50.3041095890411,4
50.3068493150685,9
50.3095890410959,6
50.3123287671233,8
50.3178082191781,1
50.3205479452055,10
50.3232876712329,11
50.3260273972603,13
50.3287671232877,4
50.3315068493151,6
50.3369863013699,3
50.3397260273973,12
50.3424657534247,9
50.3452054794521,7
50.3479452054795,12
50.3506849315068,7
50.3561643835616,3
50.358904109589,9
50.3616438356164,8
50.3643835616438,3
50.3671232876712,12
50.3698630136986,6
50.3753424657534,1
50.3780821917808,8
50.3808219178082,6
50.3835616438356,12
50.386301369863,39
50.3890410958904,29
50.3945205479452,9
50.3972602739726,18
50.4,16
50.4027397260274,15
50.4054794520548,9
50.4082191780822,14
50.4109589041096,1
50.4164383561644,6
50.4191780821918,7
50.4219178082192,13
50.4246575342466,8
50.427397260274,11
50.4301369863014,2
50.4328767123288,12
50.4356164383562,13
50.4383561643836,12
50.441095890411,12
50.4438356164384,3
50.4465753424658,1
50.4520547945205,5
50.4547945205479,8
50.4575342465753,9
50.4602739726027,27
50.4630136986301,2
50.4684931506849,1
50.4712328767123,16
50.4739726027397,8
50.4767123287671,13
50.4794520547945,13
50.4821917808219,13
50.4876712328767,2
50.4904109589041,6
50.4931506849315,3
50.4958904109589,5
50.4986301369863,9
50.5013698630137,10
50.5068493150685,2
50.5095890410959,6
50.5123287671233,9
50.5150684931507,4
50.5178082191781,5
50.5205479452055,6
50.5315068493151,4
50.5342465753425,2
50.5369863013699,9
50.5397260273973,3
50.5479452054795,5
50.5506849315069,4
50.5534246575342,5
50.5561643835616,2
50.558904109589,3
50.5643835616438,2
50.5671232876712,2
50.5698630136986,1
50.572602739726,3
50.5753424657534,7
50.5780821917808,6
50.586301369863,4
50.5890410958904,3
50.5917808219178,6
50.5945205479452,1
50.5972602739726,3
50.6054794520548,1
50.613698630137,1
50.6164383561644,2
50.6246575342466,2
50.627397260274,1
50.6301369863014,3
50.6328767123288,4
50.6356164383562,3
50.6438356164384,5
50.6465753424658,2
50.6493150684932,8
50.6520547945205,3
50.6630136986301,1
50.6657534246575,1
50.6684931506849,1
50.6712328767123,2
50.6739726027397,1
50.6821917808219,3
50.6876712328767,3
50.6931506849315,3
50.7013698630137,3
50.7041095890411,3
50.7068493150685,3
50.7095890410959,1
50.7123287671233,2
50.7205479452055,2
50.7232876712329,4
50.7260273972603,2
50.7287671232877,3
50.7315068493151,2
50.7397260273973,2
50.7424657534247,4
50.7452054794521,3
50.7479452054795,2
50.7506849315068,5
50.758904109589,4
50.7616438356164,1
50.7643835616438,1
50.7671232876712,2
50.7780821917808,2
50.7835616438356,3
50.786301369863,2
50.7890410958904,8
50.7972602739726,1
50.8027397260274,4
50.8054794520548,4
50.8082191780822,3
50.8109589041096,1
50.8164383561644,4
50.8191780821918,3
50.8219178082192,1
50.8246575342466,8
50.827397260274,7
50.8356164383562,4
50.8383561643836,3
50.841095890411,7
50.8438356164384,1
50.8465753424658,2
50.8493150684931,1
50.8547945205479,2
50.8575342465753,2
50.8630136986301,2
50.8657534246575,2
50.8739726027397,1
50.8767123287671,2
50.8794520547945,4
50.8821917808219,2
50.8849315068493,1
50.8904109589041,1
50.8931506849315,2
50.8958904109589,2
50.8986301369863,2
50.9013698630137,4
50.9041095890411,8
50.9095890410959,6
50.9123287671233,8
50.9150684931507,1
50.9178082191781,6
50.9205479452055,1
50.9315068493151,2
50.9342465753425,3
50.9369863013699,3
50.9397260273973,2
50.9424657534247,2
50.9561643835616,1
50.958904109589,4
50.9616438356164,4
50.9643835616438,1
50.9671232876712,1
50.9698630136986,3
50.972602739726,2
50.9780821917808,1
50.9890410958904,1
50.9917808219178,3
50.9945205479452,1
50.9972602739726,3
51,1
51.0082191780822,4
51.0109589041096,2
51.013698630137,6
51.027397260274,2
51.0301369863014,2
51.0328767123288,4
51.0356164383562,1
51.0383561643836,2
51.0438356164384,1
51.0465753424658,1
51.0493150684932,6
51.0520547945206,3
51.0547945205479,1
51.0575342465753,2
51.0602739726027,1
51.0657534246575,1
51.0712328767123,1
51.0767123287671,1
51.0849315068493,3
51.0876712328767,1
51.0904109589041,1
51.0931506849315,1
51.0958904109589,2
51.1041095890411,1
51.1095890410959,1
51.1123287671233,22
51.1150684931507,8
51.1232876712329,8
51.1260273972603,4
51.1287671232877,2
51.1315068493151,4
51.1342465753425,1
51.1397260273973,1
51.1424657534247,1
51.1479452054795,3
51.1534246575342,3
51.1616438356164,1
51.1643835616438,3
51.1671232876712,2
51.1698630136986,1
51.172602739726,2
51.1808219178082,4
51.1835616438356,2
51.186301369863,2
51.2,2
51.2027397260274,1
51.2082191780822,3
51.2109589041096,4
51.213698630137,2
51.2191780821918,1
51.2246575342466,3
51.2301369863014,1
51.2383561643836,4
51.241095890411,1
51.2438356164384,1
51.2465753424658,1
51.2630136986301,3
51.2657534246575,1
51.2684931506849,4
51.2767123287671,1
51.2821917808219,1
51.2849315068493,1
51.2876712328767,2
51.2958904109589,4
51.2986301369863,2
51.3013698630137,1
51.3041095890411,1
51.3068493150685,3
51.3150684931507,2
51.3178082191781,1
51.3232876712329,1
51.3260273972603,2
51.3315068493151,2
51.3342465753425,3
51.3369863013699,9
51.3397260273973,5
51.3917808219178,1
51.3972602739726,2
51.4,91
51.4027397260274,29
51.4054794520548,1
51.4082191780822,4
51.4109589041096,23
51.413698630137,26
51.4164383561644,22
51.4191780821918,1
51.4219178082192,2
51.427397260274,5
51.4301369863014,1
51.441095890411,1
51.4465753424658,2
51.4493150684931,1
51.4547945205479,3
51.4575342465753,2
51.4657534246575,1
51.4684931506849,5
51.4712328767123,2
51.4739726027397,1
51.4767123287671,54
51.4794520547945,32
51.4821917808219,1
51.4849315068493,6
51.4876712328767,20
51.4904109589041,12
51.4931506849315,13
51.4958904109589,9
51.4986301369863,17
51.5013698630137,2
51.5041095890411,1
51.5068493150685,8
51.5095890410959,10
51.5123287671233,9
51.5150684931507,7
51.5178082191781,12
51.5205479452055,1
51.5232876712329,1
51.5260273972603,10
51.5287671232877,1
51.5315068493151,2
51.5342465753425,6
51.5369863013699,6
51.5424657534247,2
51.5452054794521,7
51.5479452054795,1
51.5506849315069,1
51.5534246575342,2
51.5561643835616,3
51.5643835616438,1
51.5671232876712,3
51.5698630136986,4
51.572602739726,3
51.5753424657534,3
51.5835616438356,1
51.586301369863,1
51.5917808219178,1
51.5945205479452,1
51.6027397260274,2
51.613698630137,1
51.6219178082192,1
51.6246575342466,3
51.6301369863014,3
51.6328767123288,1
51.641095890411,4
51.6438356164384,1
51.6465753424658,3
51.6493150684932,2
51.6520547945205,2
51.6602739726027,1
51.6657534246575,2
51.6712328767123,2
51.6739726027397,1
51.6794520547945,4
51.6904109589041,1
51.6986301369863,1
51.7013698630137,2
51.7068493150685,1
51.7178082191781,1
51.7232876712329,1
51.7260273972603,2
51.7287671232877,4
51.7397260273973,3
51.7424657534247,9
51.7452054794521,2
51.7835616438356,1
51.786301369863,1
51.7945205479452,1
51.7972602739726,1
51.8,1
51.8027397260274,605
51.8054794520548,240
51.8082191780822,5
51.8109589041096,48
51.813698630137,159
51.8164383561644,116
51.8191780821918,96
51.8219178082192,58
51.8246575342466,82
51.827397260274,4
51.8301369863014,23
51.8328767123288,49
51.8356164383562,41
51.8383561643836,43
51.841095890411,24
51.8438356164384,20
51.8493150684931,8
51.8520547945205,21
51.8547945205479,24
51.8575342465753,14
51.8602739726027,14
51.8630136986301,14
51.8684931506849,7
51.8712328767123,15
51.8739726027397,16
51.8767123287671,11
51.8794520547945,13
51.8821917808219,3
51.8849315068493,2
51.8904109589041,7
51.8931506849315,12
51.8958904109589,9
51.8986301369863,15
51.9013698630137,14
51.9068493150685,4
51.9095890410959,8
51.9123287671233,5
51.9150684931507,8
51.9178082191781,10
51.9205479452055,1
51.9260273972603,1
51.9287671232877,7
51.9315068493151,8
51.9342465753425,4
51.9369863013699,7
51.9397260273973,11
51.9479452054794,12
51.9506849315068,9
51.9534246575342,6
51.9561643835616,9
51.958904109589,4
51.9671232876712,10
51.9698630136986,5
51.972602739726,14
51.9753424657534,16
51.9780821917808,9
51.9808219178082,1
51.9835616438356,1
51.986301369863,11
51.9890410958904,14
51.9917808219178,20
51.9945205479452,11
52,1
52.027397260274,1
52.0465753424658,2
52.0520547945206,329
52.0547945205479,177
52.0602739726027,37
52.0630136986301,83
52.0657534246575,52
52.0684931506849,42
52.0712328767123,27
52.0739726027397,33
52.0794520547945,20
52.0821917808219,39
52.0876712328767,13
52.0904109589041,23
52.0931506849315,20
52.0958904109589,1
52.0986301369863,2
52.1013698630137,11
52.1041095890411,6
52.1068493150685,7
52.1095890410959,6
52.1123287671233,7
52.1178082191781,1
52.1205479452055,11
52.1232876712329,20
52.1260273972603,13
52.1287671232877,6
52.1315068493151,6
52.1397260273973,10
52.1424657534247,6
52.1452054794521,8
52.1479452054795,8
52.1506849315069,8
52.1561643835616,2
52.158904109589,9
52.1616438356164,10
52.1643835616438,7
52.1671232876712,6
52.1698630136986,11
52.1753424657534,4
52.1780821917808,8
52.1808219178082,6
52.1835616438356,5
52.186301369863,4
52.1972602739726,3
52.2,3
52.2027397260274,5
52.2054794520548,3
52.2082191780822,8
52.2109589041096,1
52.2164383561644,13
52.2191780821918,5
52.2219178082192,7
52.2246575342466,9
52.227397260274,10
52.2328767123288,1
52.2356164383562,2
52.2383561643836,8
52.241095890411,4
52.2438356164384,5
52.2465753424658,3
52.2547945205479,2
52.2575342465753,3
52.2602739726027,1
52.2630136986301,5
52.2657534246575,5
52.2739726027397,3
52.2767123287671,3
52.2794520547945,5
52.2821917808219,5
52.2849315068493,3
52.2876712328767,3
52.2904109589041,1
52.2931506849315,7
52.2958904109589,3
52.2986301369863,2
52.3013698630137,3
52.3041095890411,2
52.3095890410959,1
52.3123287671233,1
52.3150684931507,3
52.3178082191781,1
52.3205479452055,3
52.3232876712329,1
52.3315068493151,5
52.3342465753425,3
52.3369863013699,2
52.3397260273973,2
52.3424657534247,2
52.3479452054795,4
52.3506849315068,2
52.3534246575342,2
52.3561643835616,2
52.358904109589,3
52.3616438356164,3
52.3698630136986,2
52.372602739726,3
52.3753424657534,2
52.3780821917808,2
52.3808219178082,1
52.3917808219178,8
52.3945205479452,2
52.3972602739726,19
52.4,12
52.4082191780822,5
52.4109589041096,2
52.413698630137,5
52.4164383561644,6
52.4191780821918,2
52.427397260274,4
52.4301369863014,3
52.4328767123288,2
52.4356164383562,4
52.4383561643836,5
52.4465753424658,1
52.4493150684931,3
52.4547945205479,3
52.4575342465753,1
52.4657534246575,8
52.4684931506849,2
52.4712328767123,2
52.4739726027397,11
52.4767123287671,13
52.4794520547945,1
52.4821917808219,1
52.4849315068493,9
52.4876712328767,8
52.4904109589041,4
52.4931506849315,4
52.5041095890411,4
52.5068493150685,6
52.5095890410959,4
52.5123287671233,11
52.5150684931507,3
52.5178082191781,1
52.5232876712329,2
52.5260273972603,3
52.5287671232877,3
52.5315068493151,1
52.5342465753425,4
52.5424657534247,1
52.5452054794521,1
52.5479452054795,3
52.5506849315069,7
52.5534246575342,1
52.5561643835616,1
52.5643835616438,2
52.5698630136986,4
52.572602739726,2
52.5808219178082,2
52.5835616438356,5
52.586301369863,3
52.5890410958904,84
52.6,3
52.6054794520548,1
52.6219178082192,3
52.6246575342466,2
52.627397260274,2
52.6301369863014,1
52.6383561643836,1
52.641095890411,2
52.6465753424658,4
52.6493150684932,2
52.6575342465753,3
52.6602739726027,4
52.6630136986301,2
52.6657534246575,3
52.6684931506849,2
52.6794520547945,1
52.6821917808219,3
52.6849315068493,5
52.6876712328767,1
52.7041095890411,5
52.7123287671233,1
52.7150684931507,2
52.7178082191781,4
52.7205479452055,3
52.7232876712329,4
52.7260273972603,3
52.7287671232877,2
52.7342465753425,3
52.7397260273973,1
52.7424657534247,1
52.7452054794521,1
52.7479452054795,1
52.7561643835616,4
52.758904109589,4
52.772602739726,2
52.7753424657534,1
52.7780821917808,2
52.7808219178082,2
52.7917808219178,1
52.7972602739726,2
52.8109589041096,1
52.8164383561644,5
52.8191780821918,1
52.8219178082192,2
52.8301369863014,1
52.8383561643836,2
52.841095890411,1
52.8547945205479,1
52.8575342465753,1
52.8684931506849,1
52.8712328767123,1
52.8739726027397,2
52.8904109589041,2
52.8958904109589,4
52.8986301369863,5
52.9068493150685,1
52.9095890410959,1
52.9123287671233,1
52.9150684931507,2
52.9260273972603,1
52.9315068493151,1
52.9452054794521,1
52.9506849315068,1
52.9534246575342,1
52.9561643835616,3
52.9643835616438,1
52.9753424657534,3
52.9835616438356,1
52.9890410958904,1
52.9917808219178,1
52.9945205479452,2
53.0054794520548,1
53.0082191780822,2
53.0219178082192,1
53.0246575342466,1
53.0328767123288,1
53.041095890411,1
53.0493150684932,2
53.0520547945206,1
53.0712328767123,2
53.0739726027397,1
53.0767123287671,1
53.0794520547945,3
53.0821917808219,1
53.0986301369863,1
53.1013698630137,1
53.1041095890411,1
53.1232876712329,1
53.1260273972603,1
53.1287671232877,1
53.1397260273973,1
53.1424657534247,2
53.1452054794521,1
53.158904109589,3
53.1616438356164,1
53.1643835616438,1
53.1671232876712,3
53.1780821917808,1
53.1808219178082,1
53.1945205479452,1
53.1972602739726,1
53.2027397260274,1
53.2191780821918,2
53.2246575342466,2
53.2383561643836,2
53.2547945205479,1
53.2630136986301,1
53.2794520547945,1
53.2904109589041,1
53.2931506849315,2
53.2986301369863,1
53.3095890410959,2
53.3178082191781,3
53.3205479452055,1
53.3287671232877,3
53.3315068493151,2
53.3342465753425,3
53.3369863013699,1
53.3397260273973,1
53.386301369863,1
53.3945205479452,32
53.3972602739726,24
53.4027397260274,2
53.4054794520548,16
53.4082191780822,9
53.4109589041096,9
53.413698630137,2
53.427397260274,1
53.4301369863014,1
53.4520547945205,2
53.4657534246575,1
53.4684931506849,5
53.4712328767123,10
53.4739726027397,6
53.4794520547945,1
53.4821917808219,6
53.4849315068493,5
53.4876712328767,1
53.4904109589041,2
53.4931506849315,3
53.5013698630137,1
53.5095890410959,2
53.5123287671233,1
53.5260273972603,2
53.5315068493151,1
53.5369863013699,1
53.5424657534247,3
53.5452054794521,4
53.5506849315069,1
53.5616438356164,2
53.5643835616438,1
53.5671232876712,1
53.5753424657534,1
53.5808219178082,1
53.5890410958904,25
53.6027397260274,1
53.627397260274,1
53.6465753424658,1
53.6493150684932,1
53.6575342465753,2
53.6602739726027,3
53.6630136986301,2
53.6657534246575,4
53.6739726027397,1
53.6767123287671,2
53.6821917808219,3
53.6849315068493,3
53.6986301369863,3
53.7013698630137,6
53.7041095890411,5
53.7150684931507,2
53.7178082191781,1
53.7205479452055,7
53.7232876712329,7
53.7260273972603,1
53.7287671232877,1
53.7315068493151,1
53.7342465753425,13
53.7369863013699,9
53.7397260273973,1106
53.7424657534247,1
53.7452054794521,1
53.7479452054795,1
53.7534246575342,3
53.7561643835616,47
53.7753424657534,1
53.7780821917808,1
53.7917808219178,1
53.7972602739726,308
53.8,224
53.8027397260274,7
53.8054794520548,57
53.8082191780822,121
53.8109589041096,96
53.813698630137,69
53.8164383561644,66
53.8191780821918,43
53.8219178082192,3
53.8246575342466,29
53.827397260274,57
53.8301369863014,32
53.8328767123288,29
53.8356164383562,27
53.8383561643836,28
53.841095890411,1
53.8438356164384,11
53.8465753424658,24
53.8493150684931,30
53.8520547945205,10
53.8547945205479,16
53.8575342465753,12
53.8602739726027,1
53.8630136986301,6
53.8657534246575,9
53.8684931506849,13
53.8712328767123,13
53.8739726027397,11
53.8767123287671,8
53.8794520547945,1
53.8821917808219,8
53.8849315068493,13
53.8876712328767,13
53.8904109589041,16
53.8931506849315,7
53.8958904109589,4
53.9041095890411,6
53.9068493150685,7
53.9095890410959,7
53.9123287671233,6
53.9205479452055,1
53.9232876712329,13
53.9260273972603,4
53.9287671232877,9
53.9315068493151,13
53.9342465753425,12
53.9397260273973,1
53.9424657534247,11
53.9452054794521,15
53.9479452054794,16
53.9506849315068,34
53.9534246575342,21
53.9616438356164,11
53.9643835616438,20
53.9671232876712,9
53.9698630136986,21
53.972602739726,18
53.9780821917808,1
53.9808219178082,6
53.9835616438356,13
53.986301369863,13
53.9890410958904,20
53.9917808219178,9
54,10
54.0027397260274,5
54.0054794520548,18
54.0082191780822,1287
54.0191780821918,7
54.0219178082192,8
54.0246575342466,8
54.027397260274,9
54.0383561643836,10
54.041095890411,15
54.0438356164384,7
54.0465753424658,2
54.0493150684932,7
54.0547945205479,1
54.0575342465753,9
54.0602739726027,11
54.0630136986301,3
54.0657534246575,370
54.0684931506849,223
54.0712328767123,12
54.0739726027397,20
54.0767123287671,115
54.0794520547945,97
54.0821917808219,51
54.0849315068493,1
54.0876712328767,57
54.0904109589041,3
54.0931506849315,37
54.0958904109589,40
54.0986301369863,54
54.1013698630137,45
54.1041095890411,49
54.1068493150685,29
54.1123287671233,13
54.1150684931507,38
54.1178082191781,26
54.1205479452055,58
54.1232876712329,58
54.1260273972603,67
54.1315068493151,66
54.1342465753425,55
54.1369863013699,44
54.1397260273973,36
54.1424657534247,33
54.1452054794521,28
54.1479452054795,2
54.1506849315069,6
54.1534246575342,36
54.1561643835616,21
54.158904109589,27
54.1616438356164,31
54.1643835616438,28
54.1671232876712,6
54.1698630136986,13
54.172602739726,27
54.1753424657534,25
54.1780821917808,17
54.1808219178082,27
54.1890410958904,1
54.1917808219178,34
54.1945205479452,19
54.1972602739726,17
54.2,36
54.2027397260274,22
54.2082191780822,20
54.2109589041096,30
54.213698630137,22
54.2164383561644,25
54.2191780821918,27
54.2219178082192,27
54.227397260274,9
54.2301369863014,42
54.2328767123288,39
54.2356164383562,34
54.2383561643836,53
54.241095890411,31
54.2438356164384,1
54.2465753424658,5
54.2493150684932,29
54.2520547945205,19
54.2547945205479,13
54.2575342465753,50
54.2602739726027,17
54.2657534246575,2
54.2684931506849,29
54.2712328767123,25
54.2739726027397,22
54.2767123287671,19
54.2794520547945,16
54.2849315068493,1
54.2876712328767,15
54.2904109589041,16
54.2931506849315,8
54.2958904109589,18
54.2986301369863,19
54.3013698630137,1
54.3041095890411,14
54.3068493150685,19
54.3095890410959,20
54.3123287671233,20
54.3150684931507,34
54.3178082191781,16
54.3232876712329,13
54.3260273972603,64
54.3287671232877,52
54.3315068493151,55
54.3342465753425,44
54.3369863013699,21
54.3424657534247,2
54.3452054794521,14
54.3479452054795,30
54.3506849315068,21
54.3534246575342,11
54.3561643835616,16
54.358904109589,2
54.3616438356164,1
54.3643835616438,29
54.3671232876712,15
54.3698630136986,34
54.372602739726,23
54.3753424657534,15
54.3808219178082,1
54.3835616438356,24
54.386301369863,10
54.3890410958904,31
54.3917808219178,55
54.3945205479452,31
54.4,5
54.4027397260274,48
54.4054794520548,43
54.4082191780822,30
54.4109589041096,32
54.413698630137,26
54.4191780821918,10
54.4219178082192,17
54.4246575342466,24
54.427397260274,31
54.4301369863014,92
54.4328767123288,1
54.4356164383562,5
54.4383561643836,39
54.441095890411,26
54.4438356164384,35
54.4465753424658,28
54.4493150684931,19
54.4547945205479,11
54.4575342465753,42
54.4602739726027,32
54.4630136986301,36
54.4657534246575,97
54.4684931506849,107
54.4712328767123,1
54.4739726027397,10
54.4767123287671,57
54.4794520547945,67
54.4821917808219,46
54.4849315068493,62
54.4876712328767,47
54.4931506849315,13
54.4958904109589,73
54.4986301369863,59
54.5013698630137,43
54.5041095890411,48
54.5068493150685,54
54.5095890410959,2
54.5123287671233,13
54.5150684931507,55
54.5178082191781,23
54.5205479452055,48
54.5232876712329,51
54.5260273972603,51
54.5287671232877,1
54.5315068493151,8
54.5342465753425,53
54.5369863013699,56
54.5397260273973,58
54.5424657534247,38
54.5452054794521,43
54.5506849315069,11
54.5534246575342,39
54.5561643835616,58
54.558904109589,48
54.5616438356164,38
54.5643835616438,43
54.5671232876712,1
54.5698630136986,11
54.572602739726,60
54.5753424657534,47
54.5780821917808,31
54.5808219178082,36
54.5835616438356,31
54.5890410958904,137
54.5972602739726,3
54.6,3
54.6164383561644,1
54.6191780821918,1
54.6219178082192,3
54.6301369863014,1
54.6356164383562,2
54.6383561643836,1
54.6493150684932,1
54.6547945205479,2
54.6575342465753,3
54.6602739726027,1
54.6684931506849,1
54.6739726027397,2
54.6794520547945,1
54.6931506849315,1
54.6958904109589,1
54.6986301369863,1
54.7095890410959,1
54.7123287671233,1
54.7150684931507,1
54.7178082191781,2
54.7260273972603,2
54.7342465753425,1
54.7369863013699,1
54.7506849315068,2
54.7643835616438,2
54.772602739726,3
54.7835616438356,2
54.7890410958904,2
54.7945205479452,1
54.8027397260274,1
54.8082191780822,1
54.8109589041096,1
54.8191780821918,1
54.8246575342466,1
54.827397260274,1
54.8301369863014,1
54.8438356164384,1
54.8493150684931,1
54.8547945205479,1
54.8602739726027,1
54.8630136986301,1
54.8684931506849,1
54.8849315068493,2
54.8876712328767,2
54.9041095890411,1
54.9068493150685,1
54.9150684931507,1
54.9205479452055,1
54.9232876712329,1
54.9260273972603,2
54.9287671232877,2
54.9369863013699,1
54.9397260273973,1
54.9452054794521,2
54.9561643835616,1
54.958904109589,1
54.9808219178082,1
54.9835616438356,1
54.986301369863,1
54.9945205479452,2
54.9972602739726,1
55.0027397260274,3
55.013698630137,1
55.0164383561644,2
55.0219178082192,1
55.0246575342466,2
55.0328767123288,2
55.0356164383562,1
55.041095890411,1
55.0438356164384,2
55.0520547945206,1
55.0630136986301,2
55.0712328767123,1
55.0986301369863,1
55.1095890410959,1
55.1315068493151,1
55.1397260273973,2
55.1561643835616,2
55.158904109589,1
55.1671232876712,2
55.2109589041096,1
55.2328767123288,1
55.2356164383562,1
55.2630136986301,1
55.2657534246575,1
55.2739726027397,1
55.2821917808219,1
55.2849315068493,2
55.2904109589041,2
55.2931506849315,1
55.3068493150685,1
55.3123287671233,1
55.3205479452055,1
55.3260273972603,1
55.386301369863,35
55.3890410958904,16
55.3945205479452,3
55.3972602739726,6
55.4,14
55.4027397260274,9
55.4054794520548,2
55.4465753424658,1
55.4493150684931,4
55.4630136986301,36
55.4657534246575,6
55.4739726027397,8
55.4767123287671,4
55.4794520547945,7
55.4821917808219,7
55.4849315068493,8
55.4931506849315,1
55.4958904109589,2
55.5013698630137,5
55.5041095890411,3
55.5068493150685,1
55.5095890410959,2
55.5123287671233,5
55.5150684931507,5
55.5178082191781,1
55.5205479452055,2
55.5232876712329,2
55.5260273972603,1
55.5315068493151,1
55.5342465753425,2
55.5424657534247,1
55.5506849315069,1
55.558904109589,2
55.5643835616438,2
55.5698630136986,2
55.572602739726,1
55.5780821917808,1
55.5808219178082,1
55.5835616438356,1
55.5917808219178,1
55.6301369863014,1
55.6328767123288,1
55.6356164383562,2
55.6383561643836,1
55.6767123287671,1
55.6849315068493,1
55.6958904109589,1
55.7068493150685,1
55.7095890410959,1
55.7123287671233,1
55.7150684931507,1
55.7479452054795,1
55.8082191780822,122
55.8109589041096,72
55.813698630137,2
55.8164383561644,24
55.8191780821918,26
55.8219178082192,24
55.8246575342466,20
55.827397260274,12
55.8301369863014,9
55.8356164383562,6
55.8383561643836,8
55.841095890411,15
55.8438356164384,6
55.8465753424658,6
55.8493150684931,3
55.8547945205479,5
55.8575342465753,3
55.8602739726027,1
55.8630136986301,5
55.8657534246575,1
55.8684931506849,4
55.8739726027397,2
55.8767123287671,2
55.8794520547945,7
55.8821917808219,2
55.8876712328767,1
55.8931506849315,1
55.8958904109589,6
55.8986301369863,7
55.9041095890411,2
55.9123287671233,3
55.9150684931507,3
55.9178082191781,3
55.9205479452055,1
55.9232876712329,1
55.9369863013699,2
55.9452054794521,1
55.9534246575342,3
55.972602739726,1
55.9780821917808,1
55.9835616438356,1
55.9890410958904,1
55.9945205479452,1
55.9972602739726,3
56,3
56.0027397260274,1
56.0520547945206,1
56.0575342465753,75
56.0602739726027,38
56.0657534246575,8
56.0684931506849,14
56.0712328767123,14
56.0739726027397,21
56.0767123287671,5
56.0794520547945,14
56.0849315068493,1
56.0876712328767,5
56.0904109589041,17
56.0931506849315,12
56.0958904109589,7
56.0986301369863,3
56.1041095890411,1
56.1068493150685,6
56.1095890410959,3
56.1123287671233,4
56.1150684931507,4
56.1178082191781,4
56.1205479452055,1
56.1232876712329,2
56.1260273972603,5
56.1287671232877,2
56.1342465753425,4
56.1369863013699,4
56.1424657534247,2
56.1452054794521,4
56.1479452054795,2
56.1506849315069,2
56.1534246575342,2
56.1616438356164,3
56.1643835616438,3
56.1671232876712,3
56.1753424657534,2
56.1808219178082,1
56.186301369863,1
56.1917808219178,1
56.1945205479452,1
56.2054794520548,1
56.2082191780822,2
56.213698630137,2
56.227397260274,1
56.2383561643836,1
56.241095890411,1
56.2438356164384,1
56.2493150684932,1
56.2520547945205,3
56.2630136986301,1
56.2657534246575,1
56.2684931506849,1
56.2767123287671,1
56.2821917808219,1
56.2876712328767,1
56.2904109589041,2
56.2986301369863,1
56.3013698630137,1
56.3041095890411,1
56.3068493150685,2
56.3232876712329,3
56.3287671232877,1
56.3369863013699,1
56.3452054794521,1
56.3479452054795,1
56.358904109589,1
56.3671232876712,1
56.3835616438356,1
56.386301369863,5
56.3945205479452,2
56.3972602739726,1
56.4,3
56.4027397260274,2
56.413698630137,2
56.4164383561644,1
56.4191780821918,1
56.4219178082192,4
56.4301369863014,1
56.4356164383562,2
56.4383561643836,1
56.441095890411,1
56.4520547945205,1
56.4602739726027,1
56.4630136986301,4
56.4712328767123,2
56.4767123287671,2
56.4794520547945,1
56.4821917808219,2
56.4931506849315,2
56.5095890410959,1
56.5123287671233,1
56.5150684931507,2
56.5178082191781,2
56.5205479452055,2
56.5287671232877,1
56.5397260273973,2
56.5479452054795,2
56.5506849315069,1
56.5561643835616,2
56.558904109589,1
56.5753424657534,2
56.5890410958904,1
56.5917808219178,1
56.5972602739726,1
56.6438356164384,2
56.6520547945205,1
56.6547945205479,1
56.6657534246575,2
56.7068493150685,1
56.7095890410959,4
56.7123287671233,1
56.7178082191781,1
56.7205479452055,2
56.7232876712329,1
56.7397260273973,2
56.7424657534247,3
56.7452054794521,1
56.7780821917808,2
56.7835616438356,2
56.813698630137,3
56.8164383561644,2
56.8246575342466,1
56.8328767123288,2
56.8630136986301,1
56.8657534246575,1
56.9013698630137,1
56.9123287671233,1
56.9424657534247,1
56.9561643835616,1
56.9698630136986,1
56.986301369863,1
57.0767123287671,2
57.0931506849315,1
57.1123287671233,1
57.1150684931507,1
57.1424657534247,2
57.1452054794521,1
57.1506849315069,1
57.1643835616438,1
57.2109589041096,1
57.2246575342466,1
57.241095890411,1
57.2438356164384,1
57.2602739726027,1
57.2657534246575,1
57.3068493150685,1
57.3369863013699,1
57.4,11
57.4027397260274,6
57.4109589041096,2
57.413698630137,3
57.4575342465753,1
57.4767123287671,7
57.4794520547945,4
57.4849315068493,1
57.4876712328767,2
57.4904109589041,1
57.4931506849315,2
57.4986301369863,1
57.5123287671233,1
57.5232876712329,1
57.5342465753425,1
57.5616438356164,1
57.5808219178082,1
57.5890410958904,1
57.6,1
57.6328767123288,1
57.6739726027397,1
57.7260273972603,1
57.7452054794521,1
57.8,1
57.8027397260274,97
57.8054794520548,70
57.8082191780822,4
57.8109589041096,21
57.813698630137,24
57.8164383561644,26
57.8191780821918,29
57.8219178082192,26
57.8246575342466,19
57.8301369863014,12
57.8328767123288,19
57.8356164383562,9
57.8383561643836,19
57.841095890411,6
57.8438356164384,9
57.8493150684931,8
57.8520547945205,4
57.8547945205479,3
57.8575342465753,5
57.8602739726027,6
57.8630136986301,4
57.8684931506849,2
57.8712328767123,3
57.8739726027397,1
57.8767123287671,2
57.8794520547945,3
57.8821917808219,1
57.8876712328767,3
57.8904109589041,1
57.8931506849315,4
57.8958904109589,4
57.8986301369863,9
57.9095890410959,2
57.9123287671233,7
57.9150684931507,2
57.9178082191781,3
57.9287671232877,1
57.9315068493151,2
57.9342465753425,5
57.9369863013699,1
57.9397260273973,1
57.9452054794521,1
57.9479452054794,1
57.9506849315068,1
57.9561643835616,1
57.958904109589,2
57.9698630136986,3
57.972602739726,6
57.9753424657534,2
57.9780821917808,1
57.986301369863,4
57.9890410958904,2
57.9917808219178,1
58.0520547945206,72
58.0547945205479,51
58.0575342465753,1
58.0602739726027,12
58.0630136986301,36
58.0657534246575,21
58.0684931506849,29
58.0712328767123,13
58.0739726027397,10
58.0794520547945,1
58.0821917808219,6
58.0876712328767,4
58.0904109589041,12
58.0931506849315,3
58.0986301369863,3
58.1013698630137,4
58.1041095890411,4
58.1068493150685,4
58.1095890410959,5
58.1123287671233,1
58.1178082191781,2
58.1205479452055,2
58.1232876712329,4
58.1260273972603,8
58.1287671232877,4
58.1315068493151,1
58.1369863013699,7
58.1397260273973,4
58.1424657534247,11
58.1452054794521,1
58.1479452054795,1
58.1506849315069,1
58.1561643835616,10
58.158904109589,14
58.1616438356164,6
58.1643835616438,5
58.1671232876712,4
58.1698630136986,4
58.1780821917808,1
58.1835616438356,3
58.186301369863,1
58.1972602739726,2
58.2027397260274,2
58.2054794520548,1
58.2082191780822,1
58.213698630137,2
58.2164383561644,4
58.2191780821918,2
58.2246575342466,1
58.2356164383562,1
58.241095890411,2
58.2465753424658,1
58.2547945205479,1
58.2575342465753,1
58.2630136986301,5
58.2657534246575,4
58.2739726027397,6
58.2767123287671,4
58.2794520547945,1
58.2821917808219,3
58.2849315068493,2
58.2958904109589,2
58.3013698630137,5
58.3041095890411,6
58.3095890410959,1
58.3150684931507,1
58.3178082191781,3
58.3205479452055,1
58.3232876712329,4
58.3287671232877,3
58.3369863013699,4
58.3424657534247,1
58.3479452054795,2
58.3534246575342,1
58.3561643835616,1
58.3616438356164,1
58.3698630136986,8
58.372602739726,4
58.3753424657534,4
58.3780821917808,6
58.3808219178082,2
58.3890410958904,1
58.3972602739726,4
58.4,6
58.4054794520548,1
58.4082191780822,2
58.4109589041096,4
58.413698630137,2
58.4164383561644,1
58.4246575342466,2
58.4301369863014,1
58.4356164383562,2
58.4438356164384,1
58.4465753424658,2
58.4493150684931,1
58.4520547945205,1
58.4547945205479,1
58.4630136986301,1
58.4712328767123,4
58.4739726027397,2
58.4821917808219,1
58.4849315068493,1
58.4876712328767,4
58.4904109589041,3
58.4931506849315,2
58.5013698630137,1
58.5041095890411,1
58.5095890410959,1
58.5315068493151,1
58.5424657534247,2
58.5452054794521,2
58.5506849315069,3
58.5534246575342,1
58.5561643835616,1
58.558904109589,1
58.5616438356164,2
58.5643835616438,1
58.5671232876712,1
58.5972602739726,1
58.6164383561644,1
58.6328767123288,1
58.6465753424658,2
58.6547945205479,2
58.6767123287671,1
58.6821917808219,1
58.7041095890411,2
58.7397260273973,6
58.7424657534247,2
58.7506849315068,2
58.7945205479452,2
58.8082191780822,4
58.8109589041096,1
58.813698630137,1
58.8164383561644,6
58.8191780821918,6
58.8246575342466,2
58.827397260274,3
58.8301369863014,2
58.8356164383562,1
58.8438356164384,2
58.8465753424658,2
58.8493150684931,1
58.8520547945205,4
58.8547945205479,3
58.8657534246575,1
58.8684931506849,1
58.8931506849315,1
58.9068493150685,1
58.9095890410959,1
58.9397260273973,1
58.9506849315068,8
58.9616438356164,1
58.9890410958904,1
59.0164383561644,1
59.0301369863014,1
59.0465753424658,2
59.0493150684932,1
59.0657534246575,3
59.0684931506849,1
59.0794520547945,1
59.0821917808219,1
59.0876712328767,1
59.1260273972603,1
59.1342465753425,1
59.158904109589,1
59.172602739726,1
59.1890410958904,1
59.1917808219178,3
59.1972602739726,1
59.2191780821918,1
59.241095890411,3
59.2575342465753,1
59.2904109589041,1
59.2958904109589,1
59.3095890410959,1
59.3315068493151,1
59.3369863013699,1
59.3561643835616,1
59.3643835616438,9
59.3671232876712,4
59.3698630136986,4
59.372602739726,3
59.386301369863,1
59.3890410958904,1
59.3917808219178,2
59.3945205479452,3
59.4,1
59.4027397260274,10
59.4082191780822,2
59.413698630137,1
59.4191780821918,1
59.427397260274,1
59.4301369863014,5
59.4328767123288,2
59.441095890411,1
59.4465753424658,1
59.4493150684931,5
59.4520547945205,6
59.4602739726027,5
59.4630136986301,2
59.4767123287671,4
59.4794520547945,5
59.4821917808219,2
59.4849315068493,1
59.4876712328767,4
59.4986301369863,1
59.5013698630137,1
59.5178082191781,3
59.5287671232877,1
59.5397260273973,1
59.5452054794521,1
59.5479452054795,2
59.558904109589,1
59.5671232876712,1
59.5753424657534,1
59.5780821917808,2
59.5835616438356,1
59.6904109589041,1
59.6986301369863,1
59.7013698630137,1
59.7232876712329,1
59.7369863013699,13
59.7945205479452,65
59.7972602739726,46
59.8027397260274,18
59.8054794520548,18
59.8082191780822,10
59.8109589041096,5
59.813698630137,7
59.8164383561644,6
59.8219178082192,6
59.8246575342466,6
59.827397260274,1
59.8301369863014,3
59.8328767123288,3
59.8356164383562,1
59.841095890411,8
59.8438356164384,3
59.8493150684931,2
59.8547945205479,2
59.8630136986301,3
59.8657534246575,1
59.8684931506849,2
59.8712328767123,1
59.8794520547945,6
59.8821917808219,5
59.8931506849315,2
59.8986301369863,2
59.9013698630137,3
59.9041095890411,2
59.9095890410959,1
59.9178082191781,3
59.9205479452055,8
59.9260273972603,1
59.9287671232877,1
59.9315068493151,1
59.9397260273973,1
59.9424657534247,1
59.9534246575342,1
59.9616438356164,1
59.9671232876712,1
59.9835616438356,1
59.986301369863,1
59.9972602739726,1
60.0054794520548,1
60.0602739726027,1
60.0630136986301,40
60.0657534246575,21
60.0739726027397,10
60.0767123287671,8
60.0794520547945,8
60.0821917808219,1
60.0904109589041,1
60.0931506849315,5
60.0958904109589,2
60.0986301369863,1
60.1041095890411,2
60.1123287671233,3
60.1150684931507,1
60.1178082191781,1
60.1205479452055,2
60.1232876712329,4
60.1287671232877,1
60.1342465753425,1
60.1369863013699,2
60.1506849315069,2
60.1561643835616,2
60.158904109589,1
60.1616438356164,2
60.1698630136986,1
60.172602739726,1
60.1753424657534,1
60.2082191780822,2
60.2109589041096,1
60.2191780821918,2
60.227397260274,1
60.2301369863014,3
60.2328767123288,1
60.2465753424658,1
60.2547945205479,4
60.2575342465753,1
60.2821917808219,2
60.2876712328767,1
60.2958904109589,1
60.3013698630137,1
60.3260273972603,1
60.3424657534247,2
60.3452054794521,1
60.3479452054795,1
60.3616438356164,3
60.3643835616438,1
60.3671232876712,1
60.3698630136986,3
60.372602739726,2
60.3890410958904,3
60.3972602739726,3
60.4,2
60.4301369863014,2
60.4602739726027,2
60.4849315068493,1
60.4876712328767,1
60.4931506849315,2
60.4958904109589,1
60.5013698630137,1
60.5342465753425,1
60.5397260273973,1
60.5452054794521,1
60.558904109589,1
60.572602739726,2
60.5753424657534,1
60.5808219178082,1
60.5835616438356,1
60.6602739726027,2
60.6657534246575,1
60.6739726027397,1
60.7068493150685,2
60.7424657534247,1
60.7534246575342,2
60.7835616438356,2
60.8246575342466,1
60.841095890411,1
60.8520547945205,1
60.8821917808219,2
60.8849315068493,1
60.9068493150685,1
61.0794520547945,1
61.1479452054795,2
61.227397260274,1
61.3013698630137,1
61.3424657534247,1
61.358904109589,3
61.3616438356164,3
61.3698630136986,1
61.3972602739726,3
61.4,1
61.4054794520548,1
61.4082191780822,1
61.427397260274,1
61.4438356164384,1
61.4630136986301,1
61.5178082191781,1
61.5534246575342,2
61.5890410958904,1
61.6191780821918,1
61.7506849315068,17
61.7616438356164,1
61.7780821917808,1
61.7808219178082,11
61.7835616438356,12
61.786301369863,9
61.7890410958904,3
61.7917808219178,11
61.8,3
61.8027397260274,1
61.8054794520548,3
61.8082191780822,26
61.8109589041096,16
61.8164383561644,7
61.8191780821918,17
61.8219178082192,12
61.8246575342466,5
61.827397260274,13
61.8301369863014,12
61.8328767123288,1
61.8356164383562,2
61.8383561643836,2
61.841095890411,6
61.8438356164384,5
61.8465753424658,1
61.8547945205479,2
61.8575342465753,3
61.8602739726027,2
61.8630136986301,2
61.8657534246575,1
61.8684931506849,3
61.8739726027397,9
61.8767123287671,1
61.8821917808219,1
61.8849315068493,1
61.8876712328767,2
61.8931506849315,1
61.8958904109589,1
61.8986301369863,1
61.9013698630137,3
61.9123287671233,1
61.9178082191781,3
61.9205479452055,3
61.9260273972603,1
61.9315068493151,1
61.9369863013699,1
61.9397260273973,2
61.9561643835616,1
61.9917808219178,1
61.9945205479452,1
61.9972602739726,3
62.0301369863014,30
62.0328767123288,8
62.0356164383562,7
62.0383561643836,3
62.041095890411,8
62.0465753424658,2
62.0493150684932,2
62.0547945205479,4
62.0575342465753,24
62.0602739726027,21
62.0657534246575,3
62.0684931506849,4
62.0712328767123,9
62.0739726027397,6
62.0767123287671,4
62.0794520547945,3
62.0876712328767,2
62.0904109589041,2
62.1068493150685,1
62.1095890410959,2
62.1123287671233,1
62.1150684931507,1
62.1178082191781,1
62.1232876712329,1
62.1287671232877,1
62.1424657534247,2
62.1452054794521,3
62.1479452054795,1
62.1506849315069,1
62.1534246575342,1
62.1561643835616,1
62.1698630136986,3
62.172602739726,4
62.1753424657534,3
62.1835616438356,3
62.1890410958904,1
62.2,1
62.2082191780822,1
62.2109589041096,1
62.2191780821918,1
62.2219178082192,2
62.227397260274,2
62.2438356164384,2
62.2520547945205,1
62.2575342465753,1
62.2602739726027,2
62.2630136986301,3
62.2712328767123,3
62.2767123287671,1
62.3013698630137,1
62.3232876712329,2
62.3369863013699,2
62.3561643835616,7
62.358904109589,2
62.3616438356164,2
62.3643835616438,1
62.3671232876712,1
62.3753424657534,1
62.3835616438356,1
62.386301369863,2
62.3917808219178,1
62.3945205479452,3
62.3972602739726,1
62.4027397260274,1
62.4191780821918,1
62.4219178082192,1
62.4493150684931,1
62.4602739726027,1
62.4712328767123,2
62.4767123287671,1
62.4794520547945,1
62.4876712328767,1
62.4904109589041,2
62.4986301369863,2
62.5068493150685,1
62.5123287671233,1
62.5178082191781,1
62.5232876712329,1
62.5342465753425,1
62.5369863013699,2
62.5753424657534,1
62.641095890411,1
62.7013698630137,1
62.7095890410959,1
62.7260273972603,1
62.7753424657534,1
62.8191780821918,1
62.8712328767123,7
62.8958904109589,1
62.9369863013699,1
62.9534246575342,1
62.9945205479452,1
63.0520547945206,2
63.1205479452055,1
63.158904109589,1
63.2547945205479,1
63.2657534246575,1
63.2931506849315,1
63.3315068493151,1
63.3616438356164,1
63.3698630136986,5
63.372602739726,2
63.3780821917808,4
63.3808219178082,1
63.3890410958904,1
63.3917808219178,1
63.3972602739726,2
63.4054794520548,1
63.4082191780822,1
63.4109589041096,3
63.413698630137,2
63.4246575342466,1
63.427397260274,2
63.4301369863014,1
63.4383561643836,2
63.4438356164384,1
63.4520547945205,1
63.4547945205479,1
63.4575342465753,2
63.4739726027397,1
63.4767123287671,1
63.4849315068493,1
63.5013698630137,1
63.5041095890411,1
63.586301369863,1
63.7068493150685,1
63.772602739726,8
63.7753424657534,4
63.7780821917808,2
63.7808219178082,5
63.7835616438356,2
63.786301369863,1
63.7917808219178,3
63.7945205479452,1
63.8,10
63.8027397260274,5
63.8082191780822,2
63.8109589041096,4
63.813698630137,2
63.8164383561644,2
63.8219178082192,1
63.827397260274,1
63.8301369863014,2
63.8328767123288,1
63.8383561643836,1
63.8602739726027,1
63.8739726027397,1
63.9342465753425,1
63.9753424657534,1
64.013698630137,1
64.0219178082192,6
64.0246575342466,2
64.0301369863014,2
64.0465753424658,1
64.0493150684931,7
64.0520547945205,3
64.0602739726027,1
64.0630136986301,3
64.0657534246575,2
64.0767123287671,1
64.0794520547945,2
64.0904109589041,1
64.1013698630137,1
64.1041095890411,2
64.1232876712329,1
64.1260273972603,1
64.1287671232877,1
64.1342465753425,1
64.1369863013699,1
64.172602739726,1
64.1835616438356,1
64.2520547945205,1
64.2630136986301,1
64.2712328767123,1
64.3506849315068,1
64.3561643835616,1
64.3671232876712,2
64.3945205479452,1
64.3972602739726,1
64.4054794520548,5
64.4438356164383,1
64.4904109589041,1
64.5205479452055,1
64.558904109589,1
64.5643835616438,1
64.6712328767123,1
64.7698630136986,1
64.8191780821918,1
64.972602739726,1
65.0356164383562,1
65.0876712328767,1
65.1643835616438,1
65.1780821917808,1
65.2602739726027,1
65.3671232876712,2
65.3698630136986,1
65.4301369863014,1
65.6904109589041,3
65.7671232876712,6
65.7698630136986,6
65.772602739726,3
65.7753424657534,5
65.7780821917808,2
65.7835616438356,2
65.7917808219178,3
65.7945205479452,7
65.7972602739726,3
65.8027397260274,3
65.8054794520548,3
65.8082191780822,4
65.8109589041096,4
65.813698630137,2
65.8164383561644,2
65.8219178082192,2
65.8246575342466,2
65.827397260274,4
65.8301369863014,2
65.8328767123288,2
65.8356164383562,2
65.841095890411,1
65.8438356164384,3
65.8493150684932,2
65.8520547945206,2
65.8547945205479,1
65.8602739726027,1
65.8630136986301,3
65.8657534246575,2
65.8684931506849,1
65.8739726027397,2
65.8794520547945,1
65.8821917808219,1
65.8849315068493,1
65.8904109589041,1
65.9260273972603,1
65.9315068493151,1
65.9479452054795,1
65.9506849315069,1
65.9643835616438,1
65.9753424657534,1
65.9808219178082,1
65.9890410958904,1
65.9945205479452,2
66,1
66.0027397260274,1
66.0356164383562,9
66.0383561643836,7
66.041095890411,2
66.0465753424658,2
66.0520547945205,1
66.0547945205479,4
66.0575342465753,1
66.0602739726027,1
66.0630136986301,7
66.0657534246575,7
66.0712328767123,2
66.0739726027397,1
66.0767123287671,5
66.0794520547945,2
66.0958904109589,1
66.0986301369863,1
66.1369863013699,1
66.1424657534247,2
66.1479452054794,2
66.1506849315068,2
66.1534246575342,2
66.158904109589,1
66.172602739726,1
66.1753424657534,1
66.1780821917808,1
66.186301369863,1
66.2,3
66.2191780821918,2
66.2246575342466,1
66.2301369863014,1
66.2328767123288,1
66.2547945205479,1
66.2684931506849,1
66.2821917808219,2
66.2849315068493,1
66.3342465753425,1
66.3424657534247,1
66.3616438356164,8
66.3643835616438,2
66.3671232876712,2
66.3698630136986,6
66.372602739726,2
66.3780821917808,1
66.3808219178082,1
66.4,6
66.4054794520548,1
66.427397260274,1
66.4301369863014,1
66.4602739726027,1
66.4821917808219,1
66.4931506849315,1
66.4986301369863,1
66.5315068493151,1
66.5890410958904,50
66.6,1
66.6684931506849,1
66.7205479452055,2
66.7561643835616,1
66.7671232876712,1
66.8575342465753,1
66.9315068493151,1
67.3561643835616,1
67.3753424657534,1
67.3917808219178,1
67.4027397260274,1
67.4082191780822,1
67.413698630137,1
67.4219178082192,1
67.4301369863014,1
67.4328767123288,2
67.4547945205479,1
67.4958904109589,1
67.5369863013699,2
67.5561643835617,1
67.7753424657534,1
67.7780821917808,5
67.7808219178082,4
67.7835616438356,3
67.786301369863,2
67.7890410958904,1
67.7972602739726,1
67.8,1
67.8054794520548,5
67.8082191780822,2
67.813698630137,1
67.8164383561644,5
67.8191780821918,2
67.8246575342466,1
67.827397260274,2
67.8328767123288,2
67.8356164383562,2
67.8465753424658,1
67.8767123287671,1
67.8794520547945,1
67.8849315068493,1
67.8958904109589,1
67.9041095890411,1
67.9095890410959,1
67.9534246575342,1
67.9671232876712,1
68.027397260274,4
68.0547945205479,2
68.0575342465753,3
68.0739726027397,1
68.1150684931507,1
68.1342465753425,1
68.1534246575342,1
68.1890410958904,1
68.3013698630137,1
68.3150684931507,1
68.345205479452,1
68.3780821917808,1
68.3890410958904,1
68.9315068493151,1
69.3205479452055,1
69.4082191780822,1
69.4191780821918,1
69.6931506849315,1
69.7178082191781,1
69.772602739726,1
69.7780821917808,1
69.8027397260274,3
69.813698630137,3
69.8164383561644,1
69.8191780821918,1
69.8219178082192,1
69.8383561643836,1
69.8465753424658,1
69.8684931506849,1
69.8849315068493,1
69.8876712328767,3
69.8931506849315,1
69.8958904109589,1
69.9260273972603,1
69.9287671232877,1
69.9369863013699,1
69.9643835616438,1
70.0219178082192,4
70.027397260274,2
70.0301369863014,1
70.0328767123288,1
70.0438356164384,1
70.0493150684931,7
70.0520547945205,1
70.0547945205479,1
70.0575342465753,1
70.0602739726027,1
70.0630136986301,1
70.0684931506849,1
70.0821917808219,1
70.1068493150685,1
70.1205479452055,2
70.1342465753425,1
70.1424657534247,1
70.1534246575342,1
70.1917808219178,1
70.2931506849315,1
70.3095890410959,1
70.3342465753425,1
70.3369863013699,1
70.345205479452,1
70.3671232876712,1
70.3698630136986,1
70.372602739726,1
70.386301369863,1
70.4082191780822,1
70.4246575342466,1
70.4301369863014,1
70.4438356164383,1
70.4958904109589,1
70.5397260273973,1
70.5808219178082,1
71.0794520547945,1
71.3616438356164,1
71.3698630136986,1
71.3835616438356,1
71.4164383561644,1
71.4383561643836,1
71.5890410958904,1
71.613698630137,1
71.7260273972603,1
71.7342465753425,1
71.7835616438356,2
71.8082191780822,1
71.813698630137,1
71.8191780821918,2
71.9013698630137,1
71.9068493150685,1
72.0328767123288,1
72.0356164383562,1
72.0547945205479,1
72.0602739726027,1
72.0684931506849,1
72.1452054794521,1
72.2054794520548,1
72.2219178082192,1
72.3616438356164,1
72.9369863013699,1
73.2575342465753,1
73.7808219178082,1
73.7835616438356,1
73.8,1
73.8054794520548,1
73.8904109589041,1
73.8958904109589,1
73.9945205479452,1
74.3753424657534,1
75.7753424657534,1
76.0493150684931,1
76.8821917808219,1
78.0328767123288,1
78.0739726027397,1
79.8219178082192,1
80.2547945205479,1
80.5150684931507,1
81.7698630136986,1
81.7835616438356,1
81.8849315068493,1
84.958904109589,1
90.7287671232877,1
93.4739726027397,1
117.997260273973,1
118.756164383562,1
123.58904109589,1
123.668493150685,1
123.895890410959,1
125.58904109589,188
125.704109589041,1
125.808219178082,1
125.92602739726,1
125.950684931507,1
125.969863013699,1
126.008219178082,2
126.065753424658,1
126.068493150685,1
126.123287671233,1
225.58904109589,7
226.58904109589,9
823.808219178082,1
1501.07671232877,1
1765.61643835616,1
1785.69863013699,1
1785.89315068493,1
1795.86575342466,1
1803.89315068493,1
1805.87123287671,1
1816.47397260274,1
1820.6904109589,1
1823.90136986301,1
1824.16164383562,1
1826.00001948155,1
2000.47945205479,1
2002.05205479452,1
2005.98630136986,1
